{
    "info": {
        "위기단계": "학대의심"
    },
    "kids_ment": [
        {
            "Q": "아픈 곳 있어요?",
            "A": "네. 일주일 전에 머리를 많이 맞았는데 계속 아파요."
        },
        {
            "Q": "누구에게 맞았어요?",
            "A": "아빠한테요."
        },
        {
            "Q": "다친 적이 있어요?",
            "A": "이마가 찢어져서 꿰맸어요."
        },
        {
            "Q": "언제 다쳤어요?",
            "A": "일주일 전에 아빠한테 맞았을 때요."
        },
        {
            "Q": "뭘 할 때 즐거워요?",
            "A": "즐거운 게 없어요."
        },
        {
            "Q": "언제부터 그랬어요?",
            "A": "모르겠어요. 몇 년 된 거 같아요."
        },
        {
            "Q": "최근 일주일 동안 짜증이나 화가 날 때가 있었어요?",
            "A": "매일매일 짜증이 나요."
        },
        {
            "Q": "왜 짜증이 나요?",
            "A": "집에 있기 싫은데 계속 있어야 해서요."
        },
        {
            "Q": "그렇게 짜증 날 때는 어떻게 하면 기분이 풀려요?",
            "A": "그냥 놀이터에 앉아 있어요."
        },
        {
            "Q": "몇 시에 자고 몇 시에 일어나요?",
            "A": "열두 시에 자서 일곱 시에 일어나요."
        },
        {
            "Q": "자고 일어나면 몸 상태가 좀 어때요?",
            "A": "그냥 그래요."
        },
        {
            "Q": "평소에 잠이 들기 힘들거나 잠자는 중간에 자주 깨요?",
            "A": "새벽에 자주 깨요."
        },
        {
            "Q": "평상시에 부모님은 어떤 표정을 자주 지어요?",
            "A": "엄마는 잘 모르겠어요. 저한테 별로 관심이 없어요."
        },
        {
            "Q": "관심이 없는 이유가 뭔 거 같아요?",
            "A": "모르겠어요. 집에 늦게 들어오세요."
        },
        {
            "Q": "그럼, 아버님은 어떤 표정을 자주 지어요?",
            "A": "새아빠는 항상 화난 표정이고 무서워요. 그래서 피해 다녀요."
        },
        {
            "Q": "왜 화난 표정을 짓는 것 같아요?",
            "A": "제가 공부를 못해서 싫어해요."
        },
        {
            "Q": "그럴 때 기분이 좀 어때요?",
            "A": "숨고 싶어요."
        },
        {
            "Q": "형제자매가 있어요?",
            "A": "없어요."
        },
        {
            "Q": "친구들이랑 주로 뭐 하고 놀아요?",
            "A": "같이 모바일 게임해요."
        },
        {
            "Q": "주로 몇 명이서 놀아요?",
            "A": "친한 친구 두 명 있어요."
        },
        {
            "Q": "담임선생님을 좋아해요, 싫어해요?",
            "A": "좋아요."
        },
        {
            "Q": "어떤 부분에서 좋아요?",
            "A": "착하고 예뻐요."
        },
        {
            "Q": "요즘 가장 큰 걱정거리가 뭐예요?",
            "A": "새아빠요. 성적이 잘 나오지 않았다고 저를 때리고 발로 차서 공부도 하기 싫고 무서워요. 매일매일 너무 힘들어요."
        },
        {
            "Q": "요즘 행복하다고 느껴요?",
            "A": "아니요."
        },
        {
            "Q": "불행하다고 느끼는 이유가 뭘까요?",
            "A": "새아빠가 사라졌으면 좋겠는데 그러지 않을 것 같아서요."
        },
        {
            "Q": "커서 어떤 사람이 되고 싶어요?",
            "A": "모르겠어요. 어른이 되면 그냥 집에서 빨리 나가고 싶어요."
        },
        {
            "Q": "집에서 주로 나를 돌봐주는 어른은 누구예요?",
            "A": "엄마요."
        },
        {
            "Q": "배가 고픈데 먹을 게 없어서 굶은 적 있어요?",
            "A": "아니요."
        },
        {
            "Q": "빨래가 안 돼서 더럽고 냄새나는 옷을 입어야 한 적이 있거나 사이즈가 작은 옷이나 신발을 입고 다닌 적 있어요?",
            "A": "대부분 그래요."
        },
        {
            "Q": "어른들이 운동회나 참관수업이나 아니면 학부모 상담 같은 학교 행사에 잘 오세요?",
            "A": "거의 안 와요."
        },
        {
            "Q": "부모님이나 선생님 때문에 슬프거나 화가 난 적이 있어요?",
            "A": "새아빠가 성적이 낮다고 시험을 볼 때마다 화내고 소리 지르면서 혼낼 때 화가 많이 나요."
        },
        {
            "Q": "주위 어른들 중에 나를 때린 적이 있는 사람이 있나요?",
            "A": "새아빠가 성적표가 나오면 저를 자주 때려요."
        },
        {
            "Q": "어느 부위를 무엇으로 때려요?",
            "A": "일주일 전에는 커다란 플라스틱 칼로 머리랑 발을 때려서 이마가 찢어졌어요."
        },
        {
            "Q": "내가 원하지 않는데 누가 내 몸을 만지거나 보여달라고 한 적이 있어요?",
            "A": "아니요."
        },
        {
            "Q": "집에서 어른들끼리 소리 지르면서 싸우는 걸 듣거나 본 적이 있어요?",
            "A": "없어요. 엄마랑 새아빠가 대화하는 걸 본 적이 없어요."
        },
        {
            "Q": "친구들이 나를 자주 놀리거나 괴롭힌다고 느낀 적이 있어요?",
            "A": "아니요."
        },
        {
            "Q": "어떨 때 마음이 복잡하거나 힘들어요?",
            "A": "집에 있으면 늘 그래요."
        },
        {
            "Q": "안 좋은 기억 때문에 괴로워서 죽고 싶다는 생각을 한 적이 있어요?",
            "A": "그런 적은 없고 너무 스트레스받을 때 벽에 머리를 박는 것 같아요."
        },
        {
            "Q": "잠잘 때 주로 어떤 꿈을 꿔요?",
            "A": "꿈을 안 꿔요."
        },
        {
            "Q": "아까 자다가 자주 깬다고 했는데 이유가 뭐예요?",
            "A": "잘 모르겠어요. 새벽에 여러 번 깨서 다시 잘 때도 있고 그대로 밤샐 때도 있어요."
        },
        {
            "Q": "부모님의 허락 없이 아니면 말 안 하고 집에 오랫동안 나와 있었던 적이 있어요?",
            "A": "없어요."
        }
    ]
}