{
    "info": {
        "위기단계": "학대의심"
    },
    "kids_ment": [
        {
            "Q": "우리 친구 몸 상태는 어때? 건강해 아니면 아픈 곳이 있어?",
            "A": "허벅지랑 입이 아파요."
        },
        {
            "Q": "왜 아픈 거야?",
            "A": "새엄마가 거짓말한다고 때렸어요."
        },
        {
            "Q": "얼마나 다쳤어?",
            "A": "허벅지는 피랑 멍이 들고 뼈에 금이 갔다고 했고 입술은 피가 났어요."
        },
        {
            "Q": "우리 친구는 뭘 할 때가 가장 즐거워?",
            "A": "애니메이션 볼 때요."
        },
        {
            "Q": "어떤 점에서 애니메이션 보는 게 즐거운 거야?",
            "A": "재밌고 제가 좋아하는 캐릭터도 잘생기고 멋있어서요."
        },
        {
            "Q": "우리 친구가 좋아하는 캐릭터는 어떤 점에서 멋있어?",
            "A": "막 어려운 사건도 쉽게 풀고 인기도 많고 아는 것도 많아요."
        },
        {
            "Q": "우리 친구 최근 일주일 동안 짜증이나 화난 적 있어?",
            "A": "새엄마가 막 거짓말했다고 때려서 화가 났어요."
        },
        {
            "Q": "그런 일이 자주 일어나?",
            "A": "가끔 기분 안 좋으시면 그래요."
        },
        {
            "Q": "평소에 짜증이나 화가 났을 때 어떻게 하면 마음이 풀려?",
            "A": "그냥 애니메이션 보거나 친구들이랑 놀거나 그래요."
        },
        {
            "Q": "우리 친구 보통 몇 시에 자고, 몇 시에 일어나?",
            "A": "한 열한 시에 자서 여섯 시 반에 일어나요."
        },
        {
            "Q": "아침에 일어났을 때 몸 상태는 어때?",
            "A": "그냥 잠 와서 매일 피곤해요."
        },
        {
            "Q": "평소에 잠들기 힘들다던가 잠자는 중간에 자주 깨는 편이야?",
            "A": "가끔 중간에 깨는 것 같아요."
        },
        {
            "Q": "평상시에 어머니 아버지는 어떤 표정을 자주 짓는 것 같아?",
            "A": "새엄마는 화난 표정이고 아빠는 피곤한 표정이에요."
        },
        {
            "Q": "왜 그런 표정을 지으시는 것 같아?",
            "A": "새엄마는 제가 싫어서 그런 것 같고 아빠는 일이 늦게 마치셔서 피곤한 것 같아요. 그래서 절 봐도 그냥 방에 들어가서 잠자요."
        },
        {
            "Q": "평상시에 어머니, 아버지는 어떤 표정을 자주 짓는 것 같아?",
            "A": "새엄마는 화난 표정이고 아빠는 피곤한 표정이에요."
        },
        {
            "Q": "왜 그런 표정을 지으시는 것 같아?",
            "A": "새엄마는 제가 싫어서 그런 것 같고 아빠는 일이 늦게 마치셔서 피곤한 것 같아요. 그래서 절 봐도 그냥 방에 들어가서 잠자요."
        },
        {
            "Q": "우리 친구는 형제자매는 몇 명이야?",
            "A": "저밖에 없어요."
        },
        {
            "Q": "친구들이랑은 주로 뭐 하고 놀아?",
            "A": "그냥 게임하거나 수다 떨거나 아이돌 얘기하는 것 같아요."
        },
        {
            "Q": "주로 몇 명이서 노는 편이야?",
            "A": "저 포함해서 네 명이요."
        },
        {
            "Q": "자주 밖에서도 만나서 놀아?",
            "A": "학교에서는 같은 반이라서 잘 놀고 밖에서도 학원 가기 전에는 만나서 노는 것 같아요."
        },
        {
            "Q": "우리 친구 담임선생님은 어때? 좋아해 아니면 싫어해?",
            "A": "별로 안 좋아해요."
        },
        {
            "Q": "담임선생님이 어떤 부분에서 안 좋은 거야?",
            "A": "별로 저희들한테 관심도 없고 표정도 무표정이에요."
        },
        {
            "Q": "우리 친구는 요즘 어떤 게 가장 큰 걱정거리야?",
            "A": "새엄마한테 혼나기 싫은데 자꾸 혼나게 돼요."
        },
        {
            "Q": "그 걱정거리 때문에 생활이 불편하거나 힘든 적 있어?",
            "A": "혼나면 자꾸 때려서 아파요."
        },
        {
            "Q": "그런 일이 일주일에 몇 번 일어나?",
            "A": "일주일에 한두 번은 혼나는 것 같아요."
        },
        {
            "Q": "그럼, 우리 친구 요즈음 행복하다고 느껴?",
            "A": "아니요."
        },
        {
            "Q": "왜 행복을 느끼지 못하는 것 같아?",
            "A": "새엄마한테 혼나니까 불행한 것 같아요."
        },
        {
            "Q": "그럼 어떻게 하면 행복을 느낄 수 있을 것 같아?",
            "A": "혼나지 않고 아빠도 저에게 관심을 가져주면 좋을 것 같아요."
        },
        {
            "Q": "우리 친구는 커서 어떤 사람이 되고 싶어? 꿈이 뭘까?",
            "A": "아이돌이요."
        },
        {
            "Q": "왜 아이돌이 되고 싶어?",
            "A": "그러면 인기도 많고 멋있고 돈도 많이 벌 수 있을 것 같아서요."
        },
        {
            "Q": "아이돌이 되기 위해서 준비한 건 있을까?",
            "A": "아이돌 영상도 찾아보고 소속사도 알아봤어요."
        },
        {
            "Q": "집에서 주로 나를 돌봐주는 어른은 누구야?",
            "A": "새엄마요."
        },
        {
            "Q": "배가 고픈데 집에 먹을 게 없어서 굶은 적 있어?",
            "A": "아니요. 그런 적은 없어요."
        },
        {
            "Q": "저녁에 나를 집에 혼자 두고 어른들이 나갔던 적 있어?",
            "A": "그런 적도 없어요."
        },
        {
            "Q": "가족 중에 친구를 항상 돌봐주는 사람이 갑자기 말도 없이 집을 나가서 안 들어온 적 있어?",
            "A": "아니요."
        },
        {
            "Q": "우리 친구가 어디 아픈 곳이 있는데 어른들이 병원에 데려가지 않은 적이 있어?",
            "A": "전에 배 아프다고 했는데 안 데려가 줬어요."
        },
        {
            "Q": "그 이후에는 괜찮아졌어?",
            "A": "집에 있는 약 먹고 며칠 지나니까 괜찮아졌어요."
        },
        {
            "Q": "그런 경우가 최근 다섯 번 중의 몇 번 정도 있어?",
            "A": "그냥 두세 번 정도 그런 것 같아요."
        },
        {
            "Q": "빨래가 안 되어 있어서 더럽고 냄새나는 옷을 입어야 한 적이 있어?",
            "A": "없어요."
        },
        {
            "Q": "옷이나 신발 사이즈가 작은 걸 입거나 신고 다닌 적이 있어?",
            "A": "그런 적 없어요."
        },
        {
            "Q": "하루에 인터넷이나 휴대폰을 가지고 노는 시간은 하루에 몇 시간 정도야?",
            "A": "한두 시간 하는 것 같아요."
        },
        {
            "Q": "그러면 어른들이 많이 한다고 뭐라고 하지는 않아?",
            "A": "새엄마는 뭐라고 하는데 아빠는 아무 말도 안 해요."
        },
        {
            "Q": "피시방도 가?",
            "A": "아니요."
        },
        {
            "Q": "어른들이 운동회나 참관 수업 같은 학교에 오는 행사에 잘 오셔?",
            "A": "잘 안 와요."
        },
        {
            "Q": "최근 다섯 번 중에 몇 번 정도 오셨어?",
            "A": "한, 두 번?"
        },
        {
            "Q": "부모님이나 선생님 때문에 슬프거나 화난 적 있었어?",
            "A": "아빠가 저한테 관심이 없어서 슬퍼요."
        },
        {
            "Q": "어른들이 친구를 어디에 가두고 못 나오게 한 적 있어?",
            "A": "아니요."
        },
        {
            "Q": "부모님이 다른 사람들 앞에서도 혼내실 때가 있어?",
            "A": "그렇진 않아요. 집에서만 혼내요."
        },
        {
            "Q": "어른들이 우리 친구를 다른 아이들과 비교하는 편이야?",
            "A": "새엄마가 옆집 애는 착한데 넌 왜 그러냐고 그래요."
        },
        {
            "Q": "얼마나 자주 그러셔?",
            "A": "한 달에 두세 번?"
        },
        {
            "Q": "어른들이 친구를 집에서 쫓아내거나 버리겠다고 말한 적이 있어?",
            "A": "아니요."
        },
        {
            "Q": "우리 친구가 뭘 하려고 할 때 무조건 안 된다고 하거나 하기 싫은데도 무조건 하라고 할 때가 있어?",
            "A": "없어요."
        },
        {
            "Q": "마음이 힘들 때 가족에게 친구 마음을 이야기해?",
            "A": "아무한테도 얘기 안 해요."
        },
        {
            "Q": "주위 어른들 중 우리 친구를 때린 적이 있는 사람이 있어?",
            "A": "새엄마요."
        },
        {
            "Q": "최근에 새엄마가 친구를 때리신 적이 있어?",
            "A": "네. 이틀 전에요."
        },
        {
            "Q": "새엄마가 친구를 때리시는 이유는 뭐라고 생각해?",
            "A": "학원 갔다가 바로 온 건데 새엄마는 제가 놀고 왔는데 거짓말한다고 생각해서 화가 나가지고 때렸어요."
        },
        {
            "Q": "새엄마에게 어느 부위를 무엇으로 맞았어?",
            "A": "빗자루로 허벅지 때리고 몽둥이로 제 입을 때렸어요."
        },
        {
            "Q": "평소에 새엄마가 자주 때리셔?",
            "A": "일주일에 한두 번이요."
        },
        {
            "Q": "새엄마한테 맞아서 얼마나 다쳤어?",
            "A": "허벅지는 피 나고 멍들고 뼈에 금이 갔다고 들었고 입술은 피 났어요."
        },
        {
            "Q": "이렇게 다친 것 때문에, 병원에 가서 치료를 받은 적 있어?",
            "A": "전에는 없었는데 이번에는 엄청 아파해서 데려가 줬어요."
        },
        {
            "Q": "병원에 입원한 적도 있어?",
            "A": "입원은 안 했어요."
        },
        {
            "Q": "우리 친구가 원하지 않는데도 누군가가 친구 몸을 만지거나 보여달라고 한 적 있었을까?",
            "A": "그런 적 없어요."
        },
        {
            "Q": "집에서 어른들끼리 소리 지르면서 싸우는 걸 듣거나 본 적이 있어?",
            "A": "아니요."
        },
        {
            "Q": "친구들이 자주 놀리거나 괴롭힌다고 느낀 적이 있어?",
            "A": "아니요. 친구들이랑은 잘 지내고 있어요. 다들 착하고 좋아요."
        },
        {
            "Q": "우리 친구는 어떨 때 마음이 복잡하거나 힘들어?",
            "A": "새엄마한테 혼날 때 힘들어요."
        },
        {
            "Q": "안 좋은 기억 때문에 괴로워서 죽고 싶다는 생각을 한 적이 있어?",
            "A": "그런 적은 없어요."
        },
        {
            "Q": "잠잘 때 주로 어떤 꿈을 꿔?",
            "A": "누가 쫓아오고 절 때리려고 하는 꿈이요."
        },
        {
            "Q": "중간에 잠에서 깨는 이유가 새엄마가 때리는 것 때문인 것 같아?",
            "A": "뭔가 그런 것 같아요."
        },
        {
            "Q": "생각하고 싶지 않은 데도 자꾸 그 기억이 떠오른 적이 있어?",
            "A": "뭔가 잘못하면 때릴 것 같아서 무서워요."
        },
        {
            "Q": "얼마나 자주 그래?",
            "A": "일주일에 서너 번은 그런 것 같아요."
        },
        {
            "Q": "이런 싫은 기억이 떠오를 때 어떻게 해?",
            "A": "새엄마 눈치를 보는 것 같아요."
        },
        {
            "Q": "꿈을 꾸고 일어나면 몸 상태가 어때?",
            "A": "막 땀이 나고 가슴이 쿵쾅쿵쾅거려요."
        },
        {
            "Q": "부모님의 허락 없이 또는 말도 없이 집에 오랫동안 나와 있었던 적이 있었어?",
            "A": "그런 적 없어요."
        }
    ]
}