{
    "info": {
        "위기단계": "학대의심"
    },
    "kids_ment": [
        {
            "Q": "아픈 곳 있어요?",
            "A": "네. 한 달 전부터 머리가 아파요."
        },
        {
            "Q": "왜 아팠어요?",
            "A": "화나서요."
        },
        {
            "Q": "이전에도 자주 아팠어요?",
            "A": "아니요."
        },
        {
            "Q": "다친 곳 있어요?",
            "A": "네. 있어요."
        },
        {
            "Q": "어디를 다쳤어요?",
            "A": "태권도 선생님이 때려서 얼굴과 머리 맞았어요."
        },
        {
            "Q": "언제 그랬어요?",
            "A": "한 달 전이요."
        },
        {
            "Q": "뭘 할 때 즐겁나요?",
            "A": "친구들이랑 농구할 때요."
        },
        {
            "Q": "농구할 때 어떤 점이 즐거운가요?",
            "A": "친구들과 놀아서요."
        },
        {
            "Q": "최근 일주일 동안 짜증이나 화가 난 적이 있나요?",
            "A": "친구가 간식 말없이 먹어서 짜증 났어요."
        },
        {
            "Q": "그런 일이 자주 일어나나요?",
            "A": "아니요."
        },
        {
            "Q": "평소에 짜증이나 화가 났을 때 어떻게 하면 마음이 풀려요?",
            "A": "게임하거나 밖에서 자전거 타요."
        },
        {
            "Q": "몇 시에 자고 몇 시에 일어나나요?",
            "A": "열한 시에 자고 일곱 시에 일어나요."
        },
        {
            "Q": "아침에 일어났을 때 몸 상태는 어때요?",
            "A": "졸려요."
        },
        {
            "Q": "평소에 잠이 들기 힘들거나 잠자는 중간에 자주 깨나요?",
            "A": "아니요."
        },
        {
            "Q": "평상시에 아버지는 어떤 표정을 자주 짓나요?",
            "A": "아빠는 장난기 있는 표정이요."
        },
        {
            "Q": "아빠는 왜 장난기 있는 표정을 짓는 것 같아요?",
            "A": "장난치는 게 즐거워서요."
        },
        {
            "Q": "그 표정을 지을 때 내 기분은 어때요?",
            "A": "어떤 장난인가 싶어서 긴장도 하는데 하지만 저도 장난치고 싶어요."
        },
        {
            "Q": "평상시에 어머니는 어떤 표정을 자주 짓나요?",
            "A": "웃으세요."
        },
        {
            "Q": "왜 웃으시는 표정을 짓는 것 같아요?",
            "A": "행복해서요."
        },
        {
            "Q": "그 표정을 지을 때 친구 기분은 어때요?",
            "A": "좋아요."
        },
        {
            "Q": "친구는 형제 관계가 어떻게 돼요?",
            "A": "남동생 한 명이요."
        },
        {
            "Q": "사이가 어때요?",
            "A": "같이 장난도 치고 좋아요."
        },
        {
            "Q": "평소에 동생과 나를 다르게 부모님이 생각하+ 다야+ 다르게 대한다고 느껴요?",
            "A": "아니요."
        },
        {
            "Q": "친구들이랑 주로 뭐 하고 놀아요?",
            "A": "축구랑 보드게임이랑 농구요."
        },
        {
            "Q": "주로 몇 명이랑 놀아요?",
            "A": "여러 명이요."
        },
        {
            "Q": "담임선생님을 좋아하나요, 싫어하나요?",
            "A": "좋아해요."
        },
        {
            "Q": "담임선생님이 어떤 부분이 좋아요?",
            "A": "체육 선생님이라서 재밌어요."
        },
        {
            "Q": "요즘 걱정거리는 무엇인가요?",
            "A": "없어요."
        },
        {
            "Q": "왜+ 행복하다고+ 요즘 행복하다고 느끼나요?",
            "A": "네."
        },
        {
            "Q": "어떤 점에서 행복했어요?",
            "A": "맛있는 게 많고 다들 잘 챙겨줘요."
        },
        {
            "Q": "커서 어떤 사람이 되고 싶은지 꿈이 무엇인지 이야기 해줄래요?",
            "A": "변호사요."
        },
        {
            "Q": "왜 변호사가 되고 싶나요?",
            "A": "엄마랑 아빠가 변호사인데 너무 멋져요."
        },
        {
            "Q": "집에서 주로 나를 돌봐주는 어른은 누구인가요?",
            "A": "엄마랑 아빠요."
        },
        {
            "Q": "인터넷이나 휴대폰을 가지고 노는 시간 하루에 몇 시간 정도인가요?",
            "A": "두 시간 정도요."
        },
        {
            "Q": "피시방 같은 곳은 얼마나 자주 가나요?",
            "A": "한 달에 두 번 정도 가요."
        },
        {
            "Q": "부모님이나 선생님 때문에 슬프거나 화가 난 적이 있어요?",
            "A": "네. 엄마가 울면 슬퍼요. 이번에 제가 아파서 울었어요."
        },
        {
            "Q": "어른들이 나를 어디에 가두고 못 나오게 한 적이 있나요?",
            "A": "아니요."
        },
        {
            "Q": "다른 사람들 앞에서도 혼날 때가 있나요?",
            "A": "아니요."
        },
        {
            "Q": "주위 어른들 중에 나를 때린 적이 있는 사람이 있나요?",
            "A": "제가 유리 칸막이 쳤는데 그거 보고 화나서 때렸어요. 그래서 병원 갔어요. 종아리도 차이고 손으로 얼굴이랑 머리도 맞았어요."
        },
        {
            "Q": "맞아서 얼마나 다쳤나요?",
            "A": "병원 왔다 갔다 했어요. 멍도 들고 붓기도 했어요."
        },
        {
            "Q": "자주 때리시나요?",
            "A": "저는 이번이 처음이요."
        },
        {
            "Q": "친구가 원치 않는데도 누군가 내 몸을 만지거나 보여달라고 한 적이 있어요?",
            "A": "아니요."
        },
        {
            "Q": "주변 어른들이 소리+ 지르+ 소리 지르면서 싸우거나 듣는 걸 본 적이 있어요?",
            "A": "아니요."
        },
        {
            "Q": "친구들이 나를 자주 놀리거나 괴롭힌다고 느낀 적이 있나요?",
            "A": "서로 놀려요. 그리고 서로 잘 챙겨줘요."
        },
        {
            "Q": "어떨 때 마음이 복잡하거나 힘든가요?",
            "A": "태권도장 지나갈 때요."
        },
        {
            "Q": "안 좋은 기억 때문에 괴로워서 죽고 싶다고 생각을 한 적이 있나요?",
            "A": "아니요."
        },
        {
            "Q": "집에서 보통 무슨 꿈을 꾸나요?",
            "A": "피터 팬이랑 유튜버가 되는 꿈이요."
        },
        {
            "Q": "부모님의 허락 없이 또는 말도 없이 오랫동안 집에서 나와 있던 적이 있나요?",
            "A": "아니요."
        }
    ]
}