{
    "info": {
        "위기단계": "상담필요"
    },
    "kids_ment": [
        {
            "Q": "몸은 건강해요?",
            "A": "네. 건강해요."
        },
        {
            "Q": "아픈 곳은 없어요?",
            "A": "네. 없어요."
        },
        {
            "Q": "다친 곳은 어디 있어요?",
            "A": "등에 멍들었어요."
        },
        {
            "Q": "뭐 하다가 다쳤어요?",
            "A": "학원 선생님한테 맞아서 멍들었어요."
        },
        {
            "Q": "언제 맞았어요?",
            "A": "지난 주에 학원에서 맞았어요."
        },
        {
            "Q": "많이 다쳤니?",
            "A": "네. 병원 갔다 왔어요."
        },
        {
            "Q": "뭘 할 때 즐겁니?",
            "A": "친구들이랑 놀 때요."
        },
        {
            "Q": "뭐 하고 놀 때?",
            "A": "놀이터에서 놀 때요."
        },
        {
            "Q": "뭐가 재밌니?",
            "A": "경찰과 도둑 놀이를 좋아해요."
        },
        {
            "Q": "짜증이 나서 화가 난 적은 있니?",
            "A": "네. 짜증 날 때 있어요."
        },
        {
            "Q": "뭐+ 뭐할 때 짜증 나?",
            "A": "피아노 연습이 싫어요."
        },
        {
            "Q": "피아노 연습이 왜 싫어?",
            "A": "그냥 하기 싫어요."
        },
        {
            "Q": "그럴 때는 어떻게 하니?",
            "A": "안 한다고 떼써요."
        },
        {
            "Q": "몇 시에 자고 몇 시에 일어나니?",
            "A": "열 시에 자고 일곱 시에 일어나요."
        },
        {
            "Q": "아침에 몸 상태는 어떠니?",
            "A": "그냥 졸려요."
        },
        {
            "Q": "잠이 들기 힘들거나 중간에 깨니?",
            "A": "화장실 갈 때 깨요."
        },
        {
            "Q": "평상시 엄마, 아빠한테, 께서 어떤 표정을 보이시니?",
            "A": "아빠는 잘 웃어요."
        },
        {
            "Q": "그 표정을 지을 때 내 기분은 어때?",
            "A": "아빠 너무 재밌어요."
        },
        {
            "Q": "왜 그 표정을 지으시는 것 같니?",
            "A": "아빠는 나를 좋아하거든요."
        },
        {
            "Q": "엄마는 어때?",
            "A": "엄마가 화난 표정 지을 때 있어요."
        },
        {
            "Q": "그 표정 지을 때 너 기분은 어때?",
            "A": "무서워서 눈치 봐요."
        },
        {
            "Q": "왜 그 표정을 지으시는 것 같니?",
            "A": "학원 빠지고 싶어 해서요."
        },
        {
            "Q": "형제자매는 몇 명이야?",
            "A": "여동생 한 명 있어요."
        },
        {
            "Q": "사이는 어때?",
            "A": "동생 내가 잘 봐줘요."
        },
        {
            "Q": "평소에 부모님이 똑같이 너랑 동생을 대하시니?",
            "A": "엄마는 동생 예뻐하고 아빠는 저를 좋아해요."
        },
        {
            "Q": "친구들이랑 주로 뭐 하고 놀아?",
            "A": "경찰과 도둑이요. 선생님 알아요?"
        },
        {
            "Q": "선생님 몰라. 사이는 어때?",
            "A": "엄청 친해요."
        },
        {
            "Q": "주로 몇 명이서 놀아?",
            "A": "다섯 명 넘게 같이 해야 재밌거든요."
        },
        {
            "Q": "담임 선생님은 좋아요, 싫어요?",
            "A": "선생님은 좋아요."
        },
        {
            "Q": "어떤 부분이 좋아요?",
            "A": "잘 도와주시고 착해요."
        },
        {
            "Q": "선생님이 친구에게 관심이 있는 것 같니?",
            "A": "어/ 학교 선생님은 좋은데 피아노 선생님은 저를 싫어해요."
        },
        {
            "Q": "요즘 걱정거리는 뭐야?",
            "A": "요즘엔 별로 없는 거 같아요."
        },
        {
            "Q": "예전에는 있었니?",
            "A": "예전에는 피아노 학원 가기 싫은 거요."
        },
        {
            "Q": "학원 가기 싫은 이유가 있었어?",
            "A": "피아노 치는 것도 너무 어렵고 선생님이 너무 무서워요."
        },
        {
            "Q": "요즘 행복하다고 느끼니?",
            "A": "네. 걱정거리가 없어서 좋아요."
        },
        {
            "Q": "어떤 점에서 행복하니?",
            "A": "지난주에 선생님한테 맞아서 학원 안 가도 되거든요."
        },
        {
            "Q": "커서 어떤 사람이 돼보고 싶은지 말해줄래?",
            "A": "저는 댄서가 되고 싶어요."
        },
        {
            "Q": "왜 댄서가 되고 싶어?",
            "A": "춤추는 걸 좋아해서요."
        },
        {
            "Q": "집에서 주로 나를 돌봐주는 어른이 누구야?",
            "A": "엄마요."
        },
        {
            "Q": "배고픈데 먹을 게 없어서 굶은 적은 있니?",
            "A": "없어요."
        },
        {
            "Q": "어디 아픈 곳이 있는데 어른들이 병원에 데려가지 않은 적이 있어?",
            "A": "지난주에 병원 갔었어요."
        },
        {
            "Q": "어른들이 운동회나 참관 수업 또는 \n학부모 상담 같은 행사에 잘 오시니?",
            "A": "네. 엄마가 맨날 와요."
        },
        {
            "Q": "부모님이나 선생님의 어떤 말이나 행동이 나를 슬프게 했어?",
            "A": "피아노 학원 가는 거 싫은데 엄마가 자꾸 가라고 했어요."
        },
        {
            "Q": "다른 사람들 앞에서도 혼낼 때가 있었어?",
            "A": "엄마가 학원 버스 기다리다 울 때 창피하다면서 혼냈어요."
        },
        {
            "Q": "마음이 힘들 때 내 마음을 이야기할 사람은 있어?",
            "A": "네. 친구들한테 얘기하면 친구들이 잘 들어줘요."
        },
        {
            "Q": "엄마한테 힘들다고 말해본 적은 있어?",
            "A": "엄마가 지난주에 학원 가서 제가 맞기 전까지 힘들어도 해야 되는 거라서 하라고 했어요."
        },
        {
            "Q": "학원 선생님한테 맞았다고 했는데 구체적으로 말해줄 수 있어?",
            "A": "피아노 치는데 박자 못 맞춘다고 해서 자꾸 다시 해보라고 하면서 등을 때렸어요."
        },
        {
            "Q": "등을 뭐로 맞았어?",
            "A": "손으로 엄청 세게 열 대 넘게 때렸어요."
        },
        {
            "Q": "얼마나 다쳤어?",
            "A": "멍이 등에 엄청 크게 들었대요."
        },
        {
            "Q": "내가 원하지 않는데도 누군가가 내 몸을 만지거나 보여달라고 한 적이 있어?",
            "A": "아니요. 없어요."
        },
        {
            "Q": "집에서 어른들끼리 소리 지르면서 싸우는 걸 들은 적이 있어?",
            "A": "없는 것 같아요."
        },
        {
            "Q": "친구들이 나를 자주 놀리거나 괴롭힌다고 느낀 적이 있어?",
            "A": "아니요. 친구들이랑 잘 놀아요."
        },
        {
            "Q": "사이는 어떤데?",
            "A": "싸울 때도 있는데 지금은 친해요."
        },
        {
            "Q": "어떨 때 마음이 복잡하고 힘들어?",
            "A": "맞았을 때요."
        },
        {
            "Q": "맞은 기억 때문에 죽고 싶다는 생각을 한 적 있어?",
            "A": "무섭긴 했는데 죽고 싶진 않았어요."
        },
        {
            "Q": "잠잘 때 주로 어떤 꿈을 꿔?",
            "A": "꿈이 잘 생각이 안 나요."
        },
        {
            "Q": "화장실 갈 때 빼고는 잘 깨지는 않아?",
            "A": "맞은 곳이 눌려서 아파서+ 아파서 깬 적은 있어요."
        },
        {
            "Q": "꿈을 꾸고 일어나면 몸 상태는 어때?",
            "A": "아침에 졸리긴 한데 괜찮아요."
        },
        {
            "Q": "부모님의 허락 없이 또는 말도 없이 집을 오랫동안 나와 있언던+ 있었던 적 있어?",
            "A": "아니요. 없어요."
        }
    ]
}