{
    "info": {
        "위기단계": "정상군"
    },
    "kids_ment": [
        {
            "Q": "최근에 아픈 곳이 있었니?",
            "A": "아니요. 아픈 적 없었어요."
        },
        {
            "Q": "최근에 다친 적이 있었니?",
            "A": "다친 적 없어요."
        },
        {
            "Q": "뭐 할 때가 즐거워?",
            "A": "가족들이랑 저녁 식사를 맛있게 먹을 때요."
        },
        {
            "Q": "엄마가 요리를 잘해주시나 보다?",
            "A": "요리 솜씨가 좋아요. 그래서 식사할 때 즐거워요."
        },
        {
            "Q": "최근 일주일 동안 짜증이나 화가 난 적 있어?",
            "A": "네. 짜증이 난 적 있어요."
        },
        {
            "Q": "무슨 일 때문에 짜증이 났어?",
            "A": "해야 할 일이 있는데 동생들 돌보라고 할 때요."
        },
        {
            "Q": "평소에 짜증이 나거나 화가 날 때 어떻게 하면 마음이 풀려?",
            "A": "과자를 먹으면서 티브이를 보면 조금 이따 마음이 풀려요."
        },
        {
            "Q": "몇 시에 자고 몇 시에 일어나니?",
            "A": "열한 시에 자서 일곱 시에 일어나요."
        },
        {
            "Q": "아침에 일어났을 때 몸 상태는 어때?",
            "A": "좋아요."
        },
        {
            "Q": "평소에 잠이 들기 힘들거나 잠자는 중간에 자주 깨니?",
            "A": "한번 잠들면 일어날 때까지 잘 자요."
        },
        {
            "Q": "평상시에 부모님은 어떤 표정을 지으시는 것 같아?",
            "A": "아버지는 무표정이세요."
        },
        {
            "Q": "아버지는 왜 무표정인 것 같아?",
            "A": "아버지는 저에게 별로 관심이 없고 무언가를 하세요."
        },
        {
            "Q": "아버지하고는 관계가 어때?",
            "A": "그냥 그래요. 나쁘지도 좋지도 않아요."
        },
        {
            "Q": "엄마 표정은 어때?",
            "A": "엄마는 늘 분주하면서도 밝게 웃어줘요."
        },
        {
            "Q": "엄마가 왜 그러시는 것 같아?",
            "A": "동생들도 돌봐야 하고 밥도 해야 하고 준비물도 챙겨야 하고 바쁘신 것 같아요."
        },
        {
            "Q": "그런 모습을 보면 어때?",
            "A": "큰아들로서 엄마를 도와줘야 하는데 미안하기도 해요."
        },
        {
            "Q": "엄마하고 사이는 어때?",
            "A": "엄마는 좋은 분이세요."
        },
        {
            "Q": "형제자매는 몇 명이야?",
            "A": "남동생 둘요."
        },
        {
            "Q": "동생들하고는 사이가 어때?",
            "A": "재밌어요."
        },
        {
            "Q": "평소에 부모님이 동생이랑 차별하는 것 같아?",
            "A": "아니요. 차별하지 않아요."
        },
        {
            "Q": "친구는 몇 명이고 주로 뭐 하고 놀아?",
            "A": "친구는 많아요. 보통 학원에서 공부하고 놀아요."
        },
        {
            "Q": "담임 선생님을 좋아하니 아님 싫어하니?",
            "A": "담임 선생님은 싫어요."
        },
        {
            "Q": "담임선생님이 어떤 부분에서 싫어해?",
            "A": "잔소리도 많이 하고 학생들을 차별하는 것 같아요."
        },
        {
            "Q": "어떻게 차별하는데?",
            "A": "공부 잘하는 애들한테만 잘해주는 것 같아요."
        },
        {
            "Q": "요즘 가장 큰 걱정거리는 무엇이야?",
            "A": "공부가 힘들어지는 것 같아 걱정이에요."
        },
        {
            "Q": "공부가 어떻게 힘든데?",
            "A": "공부할 양도 많아지고 수업 따라가는 게 어려워요."
        },
        {
            "Q": "공부 때문에 생활이 불편하거나 힘드니?",
            "A": "가끔 힘들어요. 공부보다 더 놀고 싶은데."
        },
        {
            "Q": "요즘 행복하다고 느끼니?",
            "A": "네."
        },
        {
            "Q": "무엇 때문에 행복하다고 느껴?",
            "A": "주일에 교회 가면 선생님도 좋고 교회 친구들과 재미있게 놀 때요."
        },
        {
            "Q": "커서 어떤 사람이 되고 싶어 꿈이 뭐야?",
            "A": "저는 소방관이 되고 싶어요."
        },
        {
            "Q": "소방관이 되고 싶은 이유가 있어?",
            "A": "불이 났을 때 사람들을 구해주고 불을 끄는 게 좋아서요."
        },
        {
            "Q": "주로 집에서 돌봐주는 사람은 누구야?",
            "A": "엄마요."
        },
        {
            "Q": "빨래가 되어 있지 않아서 더럽고 냄새나는 옷을 입어야 한 적이 있니?",
            "A": "아니요. 그때 그때 엄마가 잘 해주세요."
        },
        {
            "Q": "옷이나 신발 사이즈가 작은 걸 입거나 신고 다닌 적이 있니?",
            "A": "아니요. 없어요."
        },
        {
            "Q": "어른들이 운동회나 참관 수업 또는 학부모 상담 같은 학교 행사에 잘 오시니?",
            "A": "항상 오시는 것 같아요."
        },
        {
            "Q": "주위 어른들 중 나를 때린 사람이 있니?",
            "A": "때린 사람 없어요."
        },
        {
            "Q": "내가 원하지 않는데도 누군가가 내 몸을 만지거나 보여달라고 한 적 있어?",
            "A": "아니요. 없어요."
        },
        {
            "Q": "집에서 어른들끼리 소리 지르면서 싸우는 걸 듣거나 본 적 있니?",
            "A": "싸우는 거 못 봤어요."
        },
        {
            "Q": "친구들이 나를 자주 놀리거나 괴롭힌다고 느낀 적이 있니?",
            "A": "친구들하고는 사이좋게 잘 놀아요."
        },
        {
            "Q": "평상시에 힘들어서 죽고 싶은 생각이나 너의 몸을 상처 낸 적이 있니?",
            "A": "상처를 내거나 죽고 싶은 마음 생긴 적 없었어요."
        },
        {
            "Q": "잠잘 때 나쁜 꿈이나 자다가 깬 적 있니?",
            "A": "잠은 잘 자요."
        },
        {
            "Q": "부모님의 허락 없이 또는 말도 없이 집에 오랫동안 나와 있었던 적이 있니?",
            "A": "집을 나가 본 적 한 번도 없어요."
        }
    ]
}