{
    "info": {
        "위기단계": "상담필요"
    },
    "kids_ment": [
        {
            "Q": "최근에 아픈 곳이 있었니?",
            "A": "네. 머리가 띵하고 오른쪽 머리가 아파요."
        },
        {
            "Q": "언제부터 아팠어?",
            "A": "두 달 된 거 같아요."
        },
        {
            "Q": "왜 아픈 것 같아?",
            "A": "공부 때문에 스트레스받아서 그런 거 같아요."
        },
        {
            "Q": "보통 일주일이면 몇 번 아픈 것 같아?",
            "A": "일주일에 두 번 아픈 거 같아요."
        },
        {
            "Q": "최근에 다친 적이 있었니?",
            "A": "다친 적은 없어요."
        },
        {
            "Q": "뭐 할 때가 즐거워?",
            "A": "공부 안 하고 유튜브 볼 때 즐거워요."
        },
        {
            "Q": "최근 일주일 동안 짜증이나 화가 난 적 있어?",
            "A": "짜증이 많이 나요."
        },
        {
            "Q": "무엇 때문에 짜증이 많이 나?",
            "A": "매일 영어학원 수학학원 다니는 게 짜증 나요."
        },
        {
            "Q": "평소에 짜증이나 화가 났을 때 어떻게 하면 마음이 풀려요?",
            "A": "할머니랑 이야기하면 조금 풀려요."
        },
        {
            "Q": "몇 시에 자고 몇 시에 일어나?",
            "A": "열한 시에 자서 일곱 시에 일어나요."
        },
        {
            "Q": "아침에 일어났을 때 몸 상태는 어때?",
            "A": "아침에 일어나면 피곤해요."
        },
        {
            "Q": "평소에 잠이 들기 힘들거나 잠자는 중간에 자주 깨니?",
            "A": "잠이 금방 오지 않아요."
        },
        {
            "Q": "잠잘 때 주로 어떤 꿈을 꾸는 것 같아?",
            "A": "꿈은 잘 꾸지 않아요."
        },
        {
            "Q": "평상시에 부모님은 어떤 표정을 지으시는 것 같아?",
            "A": "아버지는 무섭게 느껴져요."
        },
        {
            "Q": "무섭게 느껴지는 이유가 뭐야?",
            "A": "아버지는 공부를 못하면 화를 내고 잔소리가 심해요."
        },
        {
            "Q": "엄마 표정은 어때?",
            "A": "엄마는 교통사고로 돌아가셨어요."
        },
        {
            "Q": "그럼 아버지 하고만 살아?",
            "A": "아니요. 할머니도 같이 살아요."
        },
        {
            "Q": "할머니는 어떠셔?",
            "A": "할머니는 저에게 잘해주세요."
        },
        {
            "Q": "어떻게 잘해주셔?",
            "A": "엄마처럼 필요한 것이 있으면 챙겨주세요."
        },
        {
            "Q": "동생하고는 차별을 하셔?",
            "A": "아니요. 똑같이 대해 주세요."
        },
        {
            "Q": "형제자매는 몇 명이야?",
            "A": "남동생이 한 명 있어요."
        },
        {
            "Q": "남동생과의 사이는 어때?",
            "A": "동생하고는 사이가 안 좋아요."
        },
        {
            "Q": "왜 안 좋은 것 같아?",
            "A": "동생은 뭐든 나보다 잘해서 아버지한테 칭찬을 많이 받아요."
        },
        {
            "Q": "그럼, 아버지는 동생하고 차별을 하셔?",
            "A": "네. 동생을 예뻐하시는 것 같아요."
        },
        {
            "Q": "친구는 몇 명이고 주로 뭐 하고 놀아?",
            "A": "친구는 두 명 정도 있고 주말에 교회에서 놀아요."
        },
        {
            "Q": "담임 선생님을 좋아하니 아님 싫어하니?",
            "A": "담임선생님은 싫어해요."
        },
        {
            "Q": "싫은 이유가 뭐야?",
            "A": "수업 시간에 딴짓한다고 많이 혼나요."
        },
        {
            "Q": "요즘 가장 큰 걱정거리는 무엇이야?",
            "A": "공부하기 싫은데 매일 학원 가는 거요."
        },
        {
            "Q": "공부하는 게 왜 그렇게 싫은 거야?",
            "A": "저는 머리가 나쁜 것 같애요. 공부가 재미없고 이해가 안 가요."
        },
        {
            "Q": "공부하는 것 때문에 생활이 불편하거나 힘드니?",
            "A": "네. 힘들어요. 학교 다니고 싶지 않아요."
        },
        {
            "Q": "그런 생각이 자주 들어?",
            "A": "네. 항상 힘들어요."
        },
        {
            "Q": "요즘 행복하다고 느끼니?",
            "A": "불행하다고 느껴요."
        },
        {
            "Q": "왜 불행하다고 느껴?",
            "A": "머리가 나쁜 것 같은데 아버지가 공부, 공부 얘기만 해서요."
        },
        {
            "Q": "커서 어떤 사람이 되고 싶어 꿈이 뭐야?",
            "A": "저는 되고 싶은 게 없어요."
        },
        {
            "Q": "되고 싶은 게 왜 없는 것 같아?",
            "A": "공부를 못하니까요."
        },
        {
            "Q": "주로 집에서 돌봐주는 사람은 누구야?",
            "A": "할머니요."
        },
        {
            "Q": "빨래가 되어 있지 않아서 더럽고 냄새나는 옷을 입어야 한 적이 있니?",
            "A": "할머니가 옷은 잘 빨아 주세요."
        },
        {
            "Q": "옷이나 신발 사이즈가 작은 걸 입거나 신고 다닌 적이 있니?",
            "A": "아니요. 없어요."
        },
        {
            "Q": "어른들이 운동회나 참관 수업 또는 학부모 상담 같은 학교 행사에 잘 오시니?",
            "A": "할머니가 오세요."
        },
        {
            "Q": "부모님이나 선생님 때문에 슬프거나 화가 난 적이 있니?",
            "A": "아버지 때문에 화가 나요."
        },
        {
            "Q": "아버지 때문에 왜 화가 나는 것 같아?",
            "A": "학원 빠지고 공부 못하면 무시하고 비난해요."
        },
        {
            "Q": "주위 어른들 중 나를 때린 사람이 있니?",
            "A": "때리는 사람은 없어요."
        },
        {
            "Q": "내가 원하지 않는데도 누군가가 내 몸을 만지거나 보여달라고 한 적이 있어?",
            "A": "그런 적은 없어요."
        },
        {
            "Q": "집에서 어른들끼리 소리 지르면서 싸우는 걸 듣거나 본 적 있니?",
            "A": "아니요. 없어요."
        },
        {
            "Q": "친구들이 나를 자주 놀리거나 괴롭힌다고 느낀 적이 있니?",
            "A": "나한테 나쁘게 하는 친구는 없어요."
        },
        {
            "Q": "평상시에 힘들어서 죽고 싶은 생각이나 너의 몸을 상처 낸 적이 있니?",
            "A": "공부 때문에 죽고 싶은 생각을 해 본 적이 있어요 ."
        },
        {
            "Q": "혹시 자살 시도를 해 본 적은 있니?",
            "A": "무서워서 자살 시도는 해본 적이 없어요."
        },
        {
            "Q": "잠잘 때 나쁜 꿈이나 자다가 깬 적 있니?",
            "A": "없어요."
        },
        {
            "Q": "부모님의 허락 없이 또는 말도 없이 집에 오랫동안 나와 있었던 적 있니?",
            "A": "집을 나간 적은 없어요."
        }
    ]
}