{
    "info": {
        "위기단계": "정상군"
    },
    "kids_ment": [
        {
            "Q": "최근에 건강해요?",
            "A": "네. 건강해요. 하나도 안 아파요."
        },
        {
            "Q": "최근에 다쳤던 적이 있어요?",
            "A": "네. 있어요."
        },
        {
            "Q": "어디를 다쳤어요?",
            "A": "무릎이 까졌어요."
        },
        {
            "Q": "왜 다쳤어요?",
            "A": "학교 가다가 넘어졌어요."
        },
        {
            "Q": "뭘 할 때가 제일 즐거워요?",
            "A": "저는 집에서 혼자 노는 것도 재밌고, 친구들이랑 노는 것도 재미있어요."
        },
        {
            "Q": "그럴 때 어떤 점이 즐거워요?",
            "A": "그냥 유튜브를 보는 게 재미있고, 친구들을 좋아해서 재밌어요"
        },
        {
            "Q": "최근에 짜증이나 화가 난 적이 있어요?",
            "A": "짜증 났었어요."
        },
        {
            "Q": "무엇 때문에 짜증 났어요?",
            "A": "유튜브 보는데 광고가 너무 길어서 짜증 나요."
        },
        {
            "Q": "그럴 때 어떻게 하면 마음이 풀려요?",
            "A": "그냥 눈 감고 심호흡하면은 마음이 편해요."
        },
        {
            "Q": "몇 시에 자고, 몇 시에 일어나요?",
            "A": "저는 열 시에 자서 일곱 시에 일어나요."
        },
        {
            "Q": "아침에 일어났을 때 몸 상태가 어때요?",
            "A": "개운해요."
        },
        {
            "Q": "평소에 잠들기 힘들거나, 중간에 자주 깨요?",
            "A": "아니요. 엄청 잘자요."
        },
        {
            "Q": "평상시에 아버지는 어떤 표정을 자주 지어요?",
            "A": "아빠는 저 보면 항상 웃어요."
        },
        {
            "Q": "그 표정을 짓는 이유가 뭐인 거 같아요?",
            "A": "저를 좋아하니까요."
        },
        {
            "Q": "그 표정을 볼 때, 내 기분은 어때요?",
            "A": "저도 같이 웃어서 행복해요."
        },
        {
            "Q": "평상시에 어머니 표정은 어때요?",
            "A": "엄마도 항상 웃는 편인데 가끔은 화내기도 해요."
        },
        {
            "Q": "그 표정을 짓는 이유가 뭐인 거 같아요?",
            "A": "엄마도 저를 좋아하는데 제가 잘못하면 웃진 않아요."
        },
        {
            "Q": "그 표정을 볼 때, 내 기분은 어때요?",
            "A": "혼날 땐 무섭기는 한데 엄마 좋아해요."
        },
        {
            "Q": "형제자매는 몇 명이에요?",
            "A": "언니 있어요."
        },
        {
            "Q": "언니랑 사이가 어때요?",
            "A": "언니가 많이 챙겨주고, 언니랑 놀면 되게 재밌어요."
        },
        {
            "Q": "부모님이 평소에 언니랑 나를 차별하는 것 같아요?",
            "A": "아니요. 항상 똑같은 거 사줘요."
        },
        {
            "Q": "친구들이랑 주로 뭐 하고 놀아요?",
            "A": "친구들이랑 보드게임 해요."
        },
        {
            "Q": "주로 몇 명이서 놀아요?",
            "A": "네 명이요."
        },
        {
            "Q": "담임선생님 좋아요?",
            "A": "아니요."
        },
        {
            "Q": "어떤 부분에서 싫어하는 거예요?",
            "A": "그냥 갑자기 막 짜증 내요."
        },
        {
            "Q": "어떨 때 짜증 내요?",
            "A": "몰라요. 그냥 가끔 기분 안 좋아 보이는 날은 짜증 좀 내요."
        },
        {
            "Q": "요즘 가장 큰 걱정거리는 뭐예요?",
            "A": "수학이 너무 어려워요."
        },
        {
            "Q": "수학이 어려워서 생활이 불편하거나 힘들어요?",
            "A": "숙제하다가 그냥 좀 가끔 힘들어요."
        },
        {
            "Q": "요즘 행복하다고 느껴요?",
            "A": "네."
        },
        {
            "Q": "어떤 점에서 행복했어요?",
            "A": "저는 그냥 매일매일이 행복해요."
        },
        {
            "Q": "꿈이 있어요?",
            "A": "네. 저 아나운서 하고 싶어요."
        },
        {
            "Q": "이유가 있을까요?",
            "A": "아나운서 언니들 이쁘고 말 엄청 잘해서요."
        },
        {
            "Q": "집에서 주로 나를 돌봐주는 어른은 누구인가요?",
            "A": "엄마요."
        },
        {
            "Q": "잘 챙겨주시나요?",
            "A": "네. 엄청 잘 챙겨줘요."
        },
        {
            "Q": "부모님이나 선생님 때문에 슬퍼진 적 있어요?",
            "A": "아니요."
        },
        {
            "Q": "주위 어른들 중에 나를 때린 적 있는 사람 있어요?",
            "A": "아니요."
        },
        {
            "Q": "내가 원하지 않는데도 누군가가 내 몸을 만지거나 보여달라고 한 적 있어요?",
            "A": "아니요."
        },
        {
            "Q": "집에서 어른들끼리 소리 지르면서 싸우는 걸 듣거나 본 적 있어요?",
            "A": "네. 한 번 봤어요."
        },
        {
            "Q": "누가 어떻게 싸웠어요?",
            "A": "한 1년 전에 아빠랑 엄마랑 막 싸웠어요."
        },
        {
            "Q": "그때 어른들이 술을 마신 상태였어요?",
            "A": "아니요."
        },
        {
            "Q": "친구들이 나를 자주 놀리거나 괴롭힌다고 느낀 적 있어요?",
            "A": "아니요."
        },
        {
            "Q": "어떨 때 마음이 복잡하거나 힘들어요?",
            "A": "안 힘들어요."
        },
        {
            "Q": "잠잘 때 주로 어떤 꿈을 꿔요?",
            "A": "잘 안 꾸는데 가끔 귀신 나와서 무서워요."
        },
        {
            "Q": "꿈꾸고 일어나면 몸 상태가 어때요?",
            "A": "그냥 평소랑 똑같아요."
        },
        {
            "Q": "가출했던 적이 있어요?",
            "A": "아니요."
        }
    ]
}