{
    "info": {
        "위기단계": "관찰필요"
    },
    "kids_ment": [
        {
            "Q": "최근에 건강해요?",
            "A": "아니요."
        },
        {
            "Q": "어디가 어떻게 아파요?",
            "A": "그냥 밥 먹고 나면 소화가 잘 안 돼요."
        },
        {
            "Q": "이전에도 해당 부위가 자주 아팠어요?",
            "A": "자주는 아니고 가끔 그러는데 하루 정도면 괜찮아져요."
        },
        {
            "Q": "최근에 다쳤던 적 있어요?",
            "A": "네."
        },
        {
            "Q": "어디를 다쳤어요?",
            "A": "팔꿈치가 까졌어요."
        },
        {
            "Q": "왜 다쳤어요?",
            "A": "친구가 뛰어가다가 부딪혀서 넘어졌어요."
        },
        {
            "Q": "뭘 할 때가 즐거워요?",
            "A": "집에서 혼자 유튜브 보는 게 제일 즐거워요."
        },
        {
            "Q": "그럴 때 어떤 점이 즐거워요?",
            "A": "그냥 뭔가 평온한 느낌이거든요."
        },
        {
            "Q": "최근에 짜증이나 화가 난 적이 있어요?",
            "A": "아니요. 없었어요."
        },
        {
            "Q": "그럼, 짜증이나 화가 나면 어떻게 풀어요?",
            "A": "그냥 방에 혼자서 유튜브 보다 보면 풀려요."
        },
        {
            "Q": "몇 시에 자고 몇 시에 일어나요?",
            "A": "저는 열두 시에 자서 여덟 시에 일어나요."
        },
        {
            "Q": "아침에 일어났을 때 몸 상태는 어때요?",
            "A": "그냥 그래요."
        },
        {
            "Q": "평소에 잠들기 힘들거나 중간에 자주 깨요?",
            "A": "아니요."
        },
        {
            "Q": "평상시에 아버지는 어떤 표정을 자주 지어요?",
            "A": "아빠는 그냥 잘 웃어요."
        },
        {
            "Q": "그 표정을 짓는 이유가 뭐인 거 같아요?",
            "A": "모르겠어요."
        },
        {
            "Q": "그 표정을 볼 때 내 기분은 어때요?",
            "A": "그냥 그래요."
        },
        {
            "Q": "평상시에 어머니는 어떤 표정을 자주 지어요?",
            "A": "엄마도 보통 잘 웃어요."
        },
        {
            "Q": "그 표정을 짓는 이유가 뭐인 거 같아요?",
            "A": "모르겠어요."
        },
        {
            "Q": "그 표정을 볼 때 내 기분은 어때요?",
            "A": "그냥 그래요."
        },
        {
            "Q": "형제자매는 몇 명이에요?",
            "A": "형 있어요."
        },
        {
            "Q": "형이랑 사이가 어때요?",
            "A": "형이랑 많이 싸워요."
        },
        {
            "Q": "부모님이 평소에 형이랑 차별하는 거 같아요?",
            "A": "아니요."
        },
        {
            "Q": "친구들이랑 주로 뭐 하고 놀아요?",
            "A": "친구들이랑 안 놀아요."
        },
        {
            "Q": "못 노는 이유가 뭐예요?",
            "A": "친구들이 저를 피하는 거 같아요."
        },
        {
            "Q": "담임선생님 좋아요?",
            "A": "네."
        },
        {
            "Q": "어떤 부분에서 좋아요?",
            "A": "저 많이 챙겨주고 애들이 괴롭히면 애들 혼내줘요."
        },
        {
            "Q": "요즘 가장 큰 걱정거리는 뭐예요?",
            "A": "없어요."
        },
        {
            "Q": "요즘 행복하다고 느껴요?",
            "A": "아니요."
        },
        {
            "Q": "불행한 이유가 있을까요?",
            "A": "그냥 매일매일이 똑같아서 재미가 없어요."
        },
        {
            "Q": "꿈이 있어요?",
            "A": "아니요."
        },
        {
            "Q": "해보고 싶은 일이나 어떤 사람이 되고 싶다라는 생각 있을까요?",
            "A": "아니요. 아직 잘 모르겠어요."
        },
        {
            "Q": "집에서 주로 나를 돌봐주는 어른은 누구예요?",
            "A": "엄마요."
        },
        {
            "Q": "잘 챙겨주시나요?",
            "A": "네. 잘 챙겨줘요."
        },
        {
            "Q": "부모님이나 선생님 때문에 슬퍼진 적 있어요?",
            "A": "아니요."
        },
        {
            "Q": "주위 어른들 중에 나를 때린 적 있는 사람 있어요?",
            "A": "아니요."
        },
        {
            "Q": "누가 원하지 않는데도 내 몸을 만지거나 보여달라고 한 적 있어요?",
            "A": "아니요."
        },
        {
            "Q": "어른들끼리 소리 지르면서 싸우는 걸 듣거나 본 적 있어요?",
            "A": "아니요."
        },
        {
            "Q": "친구들이 나를 자주 놀리거나 괴롭힌다고 느낀 적 있어요?",
            "A": "네. 있어요. 저랑 안 놀려고 하고 놀지 말라 그래요."
        },
        {
            "Q": "친구가 괴롭히거나 놀릴 때 어떤 기분이에요?",
            "A": "그냥 아무 말도 못 하고 그래서 쪽팔리고 그래요."
        },
        {
            "Q": "괴롭힘을 당한 기간이 어떻게 돼요?",
            "A": "옛날이라서 기억 안 나요. 선생님이 애들 많이 혼내서 이제는 그러지는 않아요."
        },
        {
            "Q": "어떨 때 마음이 복잡하거나 힘들어요?",
            "A": "그럴 때 없어요."
        },
        {
            "Q": "잠잘 때 주로 어떤 꿈을 꿔요?",
            "A": "꿈 안 꿔요."
        },
        {
            "Q": "가출했던 적이 있어요?",
            "A": "아니요."
        }
    ]
}