{
    "info": {
        "위기단계": "학대의심"
    },
    "kids_ment": [
        {
            "Q": "최근에 아픈 데 있을까요?",
            "A": "아니요. 없어요."
        },
        {
            "Q": "최근에 다친 데도 없을까요?",
            "A": "멍든 곳은 있어요."
        },
        {
            "Q": "어쩌다가 어떻게 다쳤을까?",
            "A": "아빠가 밀어서 베란다 창문에 부딪혔어요."
        },
        {
            "Q": "친구는 즐거운 점이 뭐예요?",
            "A": "운동할 때요."
        },
        {
            "Q": "최근에 짜증 나거나 화난 적이 있을까?",
            "A": "네. 있어요. 아빠가 항상 저한테는 화만 내서 짜증 나요."
        },
        {
            "Q": "평소에 짜증 나거나 화날 때 그런 일이 자주 일어났어요?",
            "A": "가끔 그러는 것 같아요. 일주일에 한 번이나 두 번 정도요."
        },
        {
            "Q": "평소에 짜증 나거나 화날 때 어떻게 하면 마음이 풀려요?",
            "A": "그냥 학교 가서 친구들 만나면 괜찮아져요."
        },
        {
            "Q": "몇 시에 자고 몇 시에 일어나요?",
            "A": "열두 시에 자고 일곱 시에 일어나요."
        },
        {
            "Q": "아침에 일어났을 때 몸 상태는 어때?",
            "A": "그냥 아무렇지 않아요."
        },
        {
            "Q": "평소에 잠이 들기 힘들다거나 잠자는 중간에 자주 깨나요?",
            "A": "목+ 목마를 때만 깨요."
        },
        {
            "Q": "평소에 어머니랑 아버지는 어떤 표정을 자주 짓나요?",
            "A": "그냥 엄마는 별로 모르겠는데 아빠는 항상 인상 쓰고 있어요."
        },
        {
            "Q": "왜 엄마, 아빠가 그런 표정을 짓는 것 같아?",
            "A": "엄마는 잘 모르겠고요. 아빠는 화나 있는 것 같아요."
        },
        {
            "Q": "그 표정을 지을 때, 내 기분은 어때요?",
            "A": "그냥 아무 생각 없어요."
        },
        {
            "Q": "평소에 어머니랑 아버지는 어떤 표정을 자주 짓나요?",
            "A": "그냥 엄마는 별로 모르겠는데 아빠는 항상 인상 쓰고 있어요."
        },
        {
            "Q": "왜 엄마 아빠가 그런 표정을 짓는 것 같아?",
            "A": "엄마는 잘 모르겠고요. 아빠는 화나 있는 것 같아요."
        },
        {
            "Q": "그 표정을 지을 때, 내 기분은 어때요?",
            "A": "그냥 아무 생각 없어요."
        },
        {
            "Q": "형제자매는 몇 명 있어요?",
            "A": "혼자예요."
        },
        {
            "Q": "친구들이랑 주고+ 뭐+ 하고+ 노+ 주로 뭐 하고 놀아요?",
            "A": "학원에서 태권도 연습해요."
        },
        {
            "Q": "주로 몇 명이서 놀아요?",
            "A": "세 명이요."
        },
        {
            "Q": "친구는 담임 선생님을 좋아하나요?",
            "A": "안 좋아해요."
        },
        {
            "Q": "담임 선생님이 왜 안 좋은가요?",
            "A": "그냥 재미없어요."
        },
        {
            "Q": "요즘 큰 걱정거리는 뭐에요?",
            "A": "아빠랑 엄마처럼 지내고 싶다는 생각을 한 번씩 해요."
        },
        {
            "Q": "요즘 행복하다고 느끼나요?",
            "A": "네. 행복한 것 같아요."
        },
        {
            "Q": "커서 어떤 사람이 되고 싶어요?",
            "A": "선생님 하고 싶은데 그것도 잘 모르겠어요."
        },
        {
            "Q": "집에서 주로 나를 돌봐주는 어른은 누군가요?",
            "A": "엄마요."
        },
        {
            "Q": "배가 고픈데 먹을 게 없어서 굶은 적이 있나요?",
            "A": "아니요."
        },
        {
            "Q": "저녁에 나를 혼자 두고 어른들이 나가거나 안 들어온 적 있나요?",
            "A": "거의 없는데 어쩌다 한 번씩 아빠가 안 오세요."
        },
        {
            "Q": "아픈 곳이 있는데 어른들이 병원에 데려가지 않은 적이 있나요?",
            "A": "아니요. 아프면 병원 갔어요."
        },
        {
            "Q": "더럽고 냄새나는 옷을 입어야 한다거나 사이즈가 안맞는 옷이나 신발을 신어야 할 때가 있나요?",
            "A": "아니요. 없어요."
        },
        {
            "Q": "인터넷이나 휴대폰을 가지고 노는 시간은 하루에 몇 시간 정도인가요?",
            "A": "세 시간 정도요."
        },
        {
            "Q": "인터넷이나 휴대폰을 너무 오래 한다고 어른들이 뭐라고 안 해요?",
            "A": "아빠가 뭐라 해요."
        },
        {
            "Q": "피시방 같은 곳을 얼마나 자주 가나요?",
            "A": "잘 안 가요."
        },
        {
            "Q": "어른들이 와야 하는 핵교+ 학교행사가 있을 때 부모님이 오시나요?",
            "A": "네."
        },
        {
            "Q": "부모님이나 선생님이 친구를 슬프게 하거나 화나게 하는 말이나 행동이 있을까요?",
            "A": "네. 아빠가 자꾸 뭐든지 1등만 하라고 해서 슬퍼요."
        },
        {
            "Q": "최근에 주위 어른들 중 친구를 때린 사람 있나요?",
            "A": "네. 아빠가 때린 적은 있어요."
        },
        {
            "Q": "아빠가 왜 친구를 때렸다고 생각해요?",
            "A": "아빠는 기분 나쁘면 저 때려요."
        },
        {
            "Q": "아빠한테 어디를 어떤 걸로 맞았나요?",
            "A": "머리를 책으로 때렸어요."
        },
        {
            "Q": "평소에 아빠가 자주 때리시나요?",
            "A": "네. 주마다 때리는 것 같아요."
        },
        {
            "Q": "아빠한테 맞아서 얼마나 다쳤나요?",
            "A": "보통 멍들어요."
        },
        {
            "Q": "이렇게 다친 것 때문에 병원 간 적도 있나요?",
            "A": "아니요. 병원까진 안 갔어요."
        },
        {
            "Q": "내기 원하지 않았는데도 누군가가 내 몸을 만지거나 보여달라고 한 적이 있을까요?",
            "A": "아니요. 없어요."
        },
        {
            "Q": "집에서 어른들끼리 싸우는 걸 듣거나 본 적 있나요?",
            "A": "네. 있어요. 일주일에 세 번 정도 싸우는 것 같아요."
        },
        {
            "Q": "누가 어떻게 싸웠나요?",
            "A": "엄마, 아빠가 욕하면서 싸워요."
        },
        {
            "Q": "그때 어른들이 술을 마신 상태였을까?",
            "A": "아니요. 저희 부모님은 술 안 좋아하세요."
        },
        {
            "Q": "그렇게 싸울 때 친구한테 안 좋은 소리를 하거나 다친 적이 있을까요?",
            "A": "저한테 뭐라 하진 않아요."
        },
        {
            "Q": "이런 일 때문에, 집에 나와 있어야 한다거나 경찰이나 다른 사람들이 온 적 있을까요?",
            "A": "아니요. 그렇게 심하진 않아요."
        },
        {
            "Q": "친구들이 나를 자주 놀리거나 괴롭힌다고 느낀 적 있나요?",
            "A": "아니요. 없어요."
        },
        {
            "Q": "어떨 때 마음이 복잡하거나 힘든가요?",
            "A": "잘 모르겠어요."
        },
        {
            "Q": "잠잘 때 주로 어떤 꿈을 꾸나요?",
            "A": "꿈을 꾸긴 하는데 그냥 별거 아니에요."
        },
        {
            "Q": "부모님의 허락 없이 또는 말도 없이 집에 오랫동안 나와 있어야 한 적 있나요?",
            "A": "아니요. 없어요."
        }
    ]
}