{
    "info": {
        "위기단계": "관찰필요"
    },
    "kids_ment": [
        {
            "Q": "최근에 몸이 아팠던 적 있어?",
            "A": "배 아팠어요."
        },
        {
            "Q": "언제부터 언제까지 아팠어? 지금도 아파?",
            "A": "어젯밤에요. 지금은 괜찮아요."
        },
        {
            "Q": "왜 아픈 것 같아?",
            "A": "화장실 가고 싶었는데 혼자 무서워서 못 갔어요."
        },
        {
            "Q": "예전에도 지금처럼 아팠어? 일주일에 몇 번 정도?",
            "A": "가끔 화장실 못 가면 아파요. 일주일에 몇 번은 아니에요. 두 달 전에 한 번 그러고, 처음이에요."
        },
        {
            "Q": "최근엔 다친 곳은 있어?",
            "A": "다쳤어요."
        },
        {
            "Q": "어디를 다친 건지 말해줄래?",
            "A": "제가 빨리 가려고 뛰다가 넘어져서 무릎 다쳤어요."
        },
        {
            "Q": "병원에 가서 치료할 정도로 다쳤어?",
            "A": "아니요. 엄마가 약 발라줘서 나았어요."
        },
        {
            "Q": "왜 다친 것 같아?",
            "A": "제가 너무 빨리 뛰어서 다친 거 같아요."
        },
        {
            "Q": "뭘 할 때가 즐거워?",
            "A": "엄마랑 토요일에 수영장 갈 때가 즐거워요."
        },
        {
            "Q": "어떤 점이 즐거운 것 같아?",
            "A": "엄마랑 수영장 가서 놀아서요."
        },
        {
            "Q": "최근 일주일 동안 짜증이나 화가 난 적 있어?",
            "A": "화난 적 있어요."
        },
        {
            "Q": "뭐 때문에 화가 난 거 같아?",
            "A": "친구랑 과자 나눠 먹었는데 친구가 너무 많이 먹어서 제가 많이 못 먹어서요."
        },
        {
            "Q": "평소에 화가 나면 어떻게 해?",
            "A": "화나게 한 사람한테 가서 왜 그랬냐고 물어봐요."
        },
        {
            "Q": "평소에 몇 시에 자고 몇 시에 일어나?",
            "A": "아홉 시에 자고 일곱 시에 일어나요."
        },
        {
            "Q": "아침에 일어나면 몸은 어때?",
            "A": "그냥 괜찮은 거 같아요."
        },
        {
            "Q": "잠들기 힘들거나 자다가 중간에 깨진 않아?",
            "A": "네. 잘 자요."
        },
        {
            "Q": "평소 아빠나 엄마의 표정은 어때?",
            "A": "둘 다 웃는 표정이요."
        },
        {
            "Q": "그럼, 아빠는 어떨 때 그런 표정을 지으셔?",
            "A": "저랑 놀 때요. 같이 놀이터 가서 놀면 아빠가 많이 웃어요."
        },
        {
            "Q": "아빠의 그런 표정을 보면 기분이 어때?",
            "A": "기분 좋아요."
        },
        {
            "Q": "평소의 아빠나 엄마의 표정은 어때?",
            "A": "둘 다 웃는 표정이요."
        },
        {
            "Q": "엄마는 어떨 때 그런 표정을 지으셔?",
            "A": "그냥 저 보면 웃어요. 우리 엄마는 화 잘 안내요."
        },
        {
            "Q": "엄마의 웃는 표정을 보면 기분이 어때?",
            "A": "좋아요."
        },
        {
            "Q": "형제나 자매가 있어?",
            "A": "없어요. 저 혼자예요."
        },
        {
            "Q": "친구들이랑 주로 뭐 하고 놀아?",
            "A": "친구들이랑 얘기하고 놀아요. 태권도장에서 피구도 자주 해요."
        },
        {
            "Q": "친구들이랑 놀면 기분이 어때?",
            "A": "재밌어요. 더 많이 같이 놀고 싶어요."
        },
        {
            "Q": "담임선생님은 좋아, 싫어?",
            "A": "좋아요."
        },
        {
            "Q": "어떤 점이 좋아?",
            "A": "발표 같은 거 할 때 제가 손들면 저 자주 발표 시켜줘요."
        },
        {
            "Q": "친구한테만 그러시는 것 같아?",
            "A": "저한테 더 잘해주는 것 같긴 해요."
        },
        {
            "Q": "요즘 걱정하는 게 있어?",
            "A": "키가 안 커서 걱정돼요."
        },
        {
            "Q": "뭐 때문에 키가 안 크는 게 걱정인 것 같아?",
            "A": "다른 친구들은 엄청 빨리 키 크는데 저는 똑같아요."
        },
        {
            "Q": "그 걱정 때문에 평소에 힘들거나 불편하다고 느껴?",
            "A": "그렇진 않고요. 가끔 질투만 조금 나요."
        },
        {
            "Q": "한 달에 몇 번 정도 그런 걱정이 되는 것 같아",
            "A": "세 번 넘는 거 같아요."
        },
        {
            "Q": "요즘 행복한 것 같아?",
            "A": "네. 행복한 것 같아요."
        },
        {
            "Q": "어떤 점이 행복한 거 같아?",
            "A": "맨날맨날 재밌게 놀아서요."
        },
        {
            "Q": "1에서 5 사이에 몇 점 정도 행복한 것 같아?",
            "A": "4정도요. 1은 키 때문에 뺐어요."
        },
        {
            "Q": "나중에 어떤 사람이 되고 싶어?",
            "A": "유치원 선생님이요."
        },
        {
            "Q": "그렇게 되고 싶다고 생각한 이유는 뭐야?",
            "A": "유치원 선생님 하면 동생들이랑 많이 놀 수 있을 거 같아서요."
        },
        {
            "Q": "주로 집에서 누가 돌봐줘?",
            "A": "엄마요."
        },
        {
            "Q": "배가 고픈데 밥을 챙겨주지 않아서 굶은 적이 있어?",
            "A": "아니요."
        },
        {
            "Q": "빨래가 안 돼서 불쾌한 옷을 입은 적 있어?",
            "A": "아니요."
        },
        {
            "Q": "크기가 맞지 않는 옷이나 신발을 신은 적 있어?",
            "A": "없어요."
        },
        {
            "Q": "아플 때 어른들이 병원에 데려가지 않은 적 있어?",
            "A": "아니요. 없어요."
        },
        {
            "Q": "학교행사 같은 곳에 부모님이 잘 오시는 편이야?",
            "A": "네. 엄마가 항상 와요."
        },
        {
            "Q": "다섯 번 중에 몇 번 정도 오시는 것 같아?",
            "A": "다섯 번 전부 와요."
        },
        {
            "Q": "인터넷이나 휴대폰을 하루에 몇 시간 정도 해?",
            "A": "삼십 분이요."
        },
        {
            "Q": "부모님이나 선생님 때문에 화나거나 슬픈 적 있어?",
            "A": "네. 슬펐던 적 있어요."
        },
        {
            "Q": "누구의 어떤 말이나 행동 때문에 그렇게 느꼈어?",
            "A": "저번 주에 아빠랑 롯데월드 가기로 했는데 비 와서 못 가서 슬펐어요."
        },
        {
            "Q": "어른들이 어디에 가두고 못 나오게 한 적 있어?",
            "A": "없어요."
        },
        {
            "Q": "다른 사람 앞에서 혼난 적 있어?",
            "A": "없어요."
        },
        {
            "Q": "어른들이 다른 아이들이랑 비교할 때 있어?",
            "A": "아니요. 없어요."
        },
        {
            "Q": "어른들이 집에서 쫓아내거나 버리겠다고 하거나 진짜 쫓아낸 적 있어?",
            "A": "아니요."
        },
        {
            "Q": "무엇을 하려고 할 때 무조건 안 된다고 하거나, 하기 싫은데도 무조건 하라고 한 적 있어?",
            "A": "양치하기 싫은데 엄마가 양치하라고 해서 한 적 있어요."
        },
        {
            "Q": "마음이 힘들 때 누구에게 이야기해?",
            "A": "엄마한테도 말하고 제 방 곰돌이한테도 얘기해요."
        },
        {
            "Q": "주위 어른들 중에 때린 사람이 있어?",
            "A": "때린 사람 없어요."
        },
        {
            "Q": "누군가 원하지 않는데도 몸을 만지거나 보여달라고 한 적 있어?",
            "A": "없어요."
        },
        {
            "Q": "집에서 어른들이 소리 지르면서 싸우는 걸 듣거나 본 적 있어?",
            "A": "아니요. 우리 집은 아무도 안 싸워요."
        },
        {
            "Q": "어른들이 술을 마시고 친구에게 무섭게 행동하거나 말할 때가 있어?",
            "A": "아니요. 우리 아빠는 술 마시고 오면 맛있는 거 사와요."
        },
        {
            "Q": "친구들이 자주 놀리거나 괴롭힌다고 느낀 적 있어?",
            "A": "아니요."
        },
        {
            "Q": "어떨 때 마음이 복잡하거나 힘들어?",
            "A": "놀러 가기로 한 날에 못 가면 슬퍼요."
        },
        {
            "Q": "그런 것 때문에 괴로워서 죽고 싶다고 생각한 적 있어?",
            "A": "아니요."
        },
        {
            "Q": "잠잘 때 어떤 꿈을 꾸는 편이야?",
            "A": "꿈꾸는 거 같은데 기억이 잘 안 나요."
        },
        {
            "Q": "기분 나쁜 꿈인 것 같아?",
            "A": "기분 나쁜 꿈은 아니었던 거 같아요."
        },
        {
            "Q": "생각하기 싫은데도 자꾸 그 기억이 떠오른 적 있어?",
            "A": "아니요."
        },
        {
            "Q": "부모님 허락 없이 또는 말도 없이 집에서 오랫동안 나와 있었던 적이 있어?",
            "A": "없어요."
        }
    ]
}