{
    "info": {
        "위기단계": "관찰필요"
    },
    "kids_ment": [
        {
            "Q": "친구가 느끼기에 최근에 어디 아픈 곳 있어요?",
            "A": "아니요. 안 아파요."
        },
        {
            "Q": "최근에 다친 적은 있어요?",
            "A": "다친 적 없어요."
        },
        {
            "Q": "친구는 뭐할 때 즐겁고 재미있어요?",
            "A": "태권도장 가서 놀 때요."
        },
        {
            "Q": "그게 왜 즐거워요?",
            "A": "친구들이랑 노니까요. 저 대회도 나가요."
        },
        {
            "Q": "최근 일주일 동안 짜증이나 화가 난 적이 있을까요?",
            "A": "네. 짜증 난 적 있어요."
        },
        {
            "Q": "무엇 때문에 짜증 났어요?",
            "A": "사고 싶은 장난감 엄마가 못 사게 했어요."
        },
        {
            "Q": "그렇게 짜증 났을 때 어떻게 하면 풀려요?",
            "A": "어/ 시간 지나면 잊어버리는데?"
        },
        {
            "Q": "이번 주에 몇 시에 자고 몇 시에 일어났어요?",
            "A": "열 시에 자고 여덟 시에 일어나요."
        },
        {
            "Q": "아침에 일어났을 때 몸 상태는 어때요?",
            "A": "그냥 기분 좋아요."
        },
        {
            "Q": "잠들기 힘들거나 잠자는 중간에 깨는 일이 있을까요?",
            "A": "아니요. 깬 적은 없어요."
        },
        {
            "Q": "아빠는 어떤 동물이랑 닮은 거 같아요?",
            "A": "아빠는 원숭이 같아요."
        },
        {
            "Q": "왜 그렇게 생각해요?",
            "A": "아빠 저랑 잘 놀아주고 웃겨요."
        },
        {
            "Q": "엄마는 어떤 동물이 떠올라요?",
            "A": "엄마는 강아지요."
        },
        {
            "Q": "왜 그렇게 생각해요?",
            "A": "그냥 아빠가 엄마는 강아지상이라 그러던데."
        },
        {
            "Q": "형제자매는 몇 명이에요?",
            "A": "저 혼자요."
        },
        {
            "Q": "친구들이랑 뭐 하고 놀아요?",
            "A": "태권도장에서 축구도 하고 줄넘기도 하고 어/ 품새도 하고 그래요."
        },
        {
            "Q": "담임선생님은 좋아요, 싫어요?",
            "A": "선생님 좋아요."
        },
        {
            "Q": "뭐가 좋아요?",
            "A": "우리들이랑 말도 많이 하고 잘 챙겨주시는 것 같아요."
        },
        {
            "Q": "요즘 가장 큰 고민거리가 무엇일까요?",
            "A": "고민거리 없어요."
        },
        {
            "Q": "요즘 행복하다고 느껴요?",
            "A": "그런 거 같아요."
        },
        {
            "Q": "왜 그렇게 느껴요?",
            "A": "사고 싶은 거 다 사면 더 행복할 거 같긴 한데 지금도 좋아요."
        },
        {
            "Q": "꿈이 무엇인지 이야기 해줄래요?",
            "A": "잘 모르겠어요."
        },
        {
            "Q": "나중에 커서 되고 싶은 거 아직 없어요?",
            "A": "네. 생각 안 해봤는데."
        },
        {
            "Q": "주로 나를 돌봐주는 분은 누구예요?",
            "A": "엄마요."
        },
        {
            "Q": "먹을 게 없어서 굶은 적이 있어요?",
            "A": "아니요. 잘 먹어야 큰다고 해서 밥 많이 먹어요."
        },
        {
            "Q": "빨래가 되어 있지 않아서 더러운 옷을 입어야 했던 적이나 사이즈가 맞지 않는 옷이나 신발을 신고 다녀야 했던 적이 있었어요?",
            "A": "아니요. 없었어요."
        },
        {
            "Q": "운동회나 참관 수업 등 학교 행사에 어른들이 잘 오시나요?",
            "A": "엄마가 와요."
        },
        {
            "Q": "누군가의 말이나 행동이 나를 슬프게 하거나 화나게 한 적 있어요?",
            "A": "아니요. 없어요."
        },
        {
            "Q": "주변 어른이나 친구 중에 나를 때린 적이 있는 사람이 있나요?",
            "A": "아니요. 없어요."
        },
        {
            "Q": "내가 원하지 않는데 내 몸을 만지거나 보여달라고 한 적 있을까요?",
            "A": "아니요. 없어요."
        },
        {
            "Q": "집에서 어른들끼리 막 싸우는 걸 듣거나 본 적이 있어요?",
            "A": "엄마랑 아빠랑 싸우는 거 못 봤어요."
        },
        {
            "Q": "친구들이 나를 놀리거나 괴롭힌다고 느낀 적 있어요?",
            "A": "아니요. 그런 친구들 없어요."
        },
        {
            "Q": "마음이 힘들어서 죽고 싶다는 생각해본 적 있어요?",
            "A": "아니요."
        },
        {
            "Q": "잠잘 때 주로 어떤 꿈 꿔요?",
            "A": "꿈 안 꾸는 거 같아요. 기억나는 거 없어요."
        },
        {
            "Q": "가출해 본 적 있어요?",
            "A": "아니요. 없어요."
        }
    ]
}