{
    "info": {
        "위기단계": "상담필요"
    },
    "kids_ment": [
        {
            "Q": "최근에 건강해, 아니면 어디 아픈 곳이 있어?",
            "A": "머리가 아파요."
        },
        {
            "Q": "이전에도 해당 부위가 자주 아팠니?",
            "A": "아니요. 요새 학원에서 친구가 놀려서 일주일 전부터 머리가 조금 아파요."
        },
        {
            "Q": "최근에 다쳤던 적이 있었니?",
            "A": "없어요."
        },
        {
            "Q": "친구는 뭘 할 때가 즐거워?",
            "A": "책 읽을 때요."
        },
        {
            "Q": "책 읽을 때 어떤 점이 즐거워?",
            "A": "혼자 조용히 있는 게 좋아요."
        },
        {
            "Q": "최근 일주일 동안 짜증이나 화가 난 적이 있어?",
            "A": "일주일에 한 번 정도 짜증 나요. 엄마가 자라고 책 보는데 불을 꺼서요."
        },
        {
            "Q": "평소에 짜증이나 화가 났을 때, 어떻게 하면 마음이 풀려?",
            "A": "자거나 혼자 산책해요."
        },
        {
            "Q": "친구는 몇 시에 자고, 몇 시에 일어나?",
            "A": "열한 시에 자고 일곱 시에 일어나요."
        },
        {
            "Q": "아침에 일어났을 때, 몸 상태는 어때?",
            "A": "평범해요."
        },
        {
            "Q": "평소에 잠이 들기 힘들거나, 잠자는 중간에 자주 깨니?",
            "A": "아니요."
        },
        {
            "Q": "평상시에 아버지는 어떤 표정을 자주 짓니 ?",
            "A": "아빠 자상하세요."
        },
        {
            "Q": "아빠는 왜 자상한 표정을 짓는 것 같아?",
            "A": "가족이 화목해서요."
        },
        {
            "Q": "그 표정을 지을 때, 친구 기분은 어때?",
            "A": "좋아요."
        },
        {
            "Q": "평상시에 어머니는 어떤 표정을 자주 지어?",
            "A": "웃음이 많아요."
        },
        {
            "Q": "왜 웃는 표정을 지으시는 거 같아?",
            "A": "행복해서요."
        },
        {
            "Q": "그때 친구 기분은 어때?",
            "A": "좋아요."
        },
        {
            "Q": "형제자매는 누가 누가 있어?",
            "A": "여동생이 한 명 있어요. 유치원생이라 귀여워요."
        },
        {
            "Q": "사이가 어때, 동생이랑은?",
            "A": "동생 너무 귀엽고 예뻐요."
        },
        {
            "Q": "평소에 부모님이 동생이랑 친구를 차별하는 것 같아?",
            "A": "동생이 아기라서 부모님이 챙겨주시는데 당연한 것 같아요."
        },
        {
            "Q": "친구랑 주로 뭐 하고 놀아?",
            "A": "친구랑 노는 것보다 집에서 혼자 노는 게 좋아요."
        },
        {
            "Q": "주로 몇 명이서 노는데?",
            "A": "그래도 친한 친구 두 명 있어요."
        },
        {
            "Q": "담임선생님을 좋아하니, 싫어하니?",
            "A": "좋아요. 그냥 가만히 절 냅두세요."
        },
        {
            "Q": "요즘 가장 큰 걱정거리는 무엇이야?",
            "A": "수학학원에서 한 친구가 놀려요."
        },
        {
            "Q": "걱정거리 때문에 생활이 불편하거나 힘드니?",
            "A": "일주일에 두 번 정도 그래요."
        },
        {
            "Q": "요즘 행복하다고 느끼니?",
            "A": "네."
        },
        {
            "Q": "어떤 점에서 행복했어?",
            "A": "집에 오면 편하고 좋아요."
        },
        {
            "Q": "어떤 사람이 되고 싶은지, 꿈이 무엇인지 이야기해 줄래?",
            "A": "과학자요."
        },
        {
            "Q": "왜 그 직업이 되고 싶어?",
            "A": "동물이 아프지 않도록 도와주는 발명품을 만들고 싶어요."
        },
        {
            "Q": "집에서 주로 나를 돌봐주는 어른은 누구야?",
            "A": "엄마요."
        },
        {
            "Q": "인터넷이나 휴대폰을 가지고 노는 시간은 하루에 몇 시간 정도야?",
            "A": "한 시간이요."
        },
        {
            "Q": "피시방 같은 곳을 얼마나 자주 가?",
            "A": "잘 안 가요. 집이 그냥 좋아요."
        },
        {
            "Q": "부모님이나 선생님 때문에 슬프거나 화난 적이 있어?",
            "A": "아니요."
        },
        {
            "Q": "내가 무엇을 하려고 할 때, 무조건 안 된다고 하거나, 싫은데도 무조건 하라고 할 때가 있니?",
            "A": "아니요."
        },
        {
            "Q": "마음이 힘들 때, 가족에게 친구의 마음을 이야기할까?",
            "A": "네. 아빠한테 이야기해요."
        },
        {
            "Q": "주위 어른들 중에 친구를 때린 적이 있는 사람이 있을까?",
            "A": "아니요."
        },
        {
            "Q": "친구가 원치 않는데도 누군가 친구의 몸을 만지거나 보여달라고 한 적이 있어?",
            "A": "아니요."
        },
        {
            "Q": "집에서 어른들끼리 소리 지르면서 싸우는 걸 듣거나 본 적이 있어?",
            "A": "아니요."
        },
        {
            "Q": "친구들이 나를 자주 놀리거나 괴롭힌다고 느낀 적이 있니?",
            "A": "학원에서 한 명이 놀리기는 해요. 안경잡이라고요."
        },
        {
            "Q": "얼마나 자주 이런 일이 있었어?",
            "A": "일주일에 두 번 정도요. 지난주에만 그랬어요."
        },
        {
            "Q": "이 아이들 때문에, 학원을 가지 않은 적도 있을까?",
            "A": "아니요."
        },
        {
            "Q": "어떨 때 마음이 복잡하거나 힘들어?",
            "A": "동물이 다치는 거 볼 때요. 유튜브나 티브이에 그런게 나올 때면 마음이 힘들어요."
        },
        {
            "Q": "안 좋은 기억 때문에 괴로워서 죽고 싶다고 생각을 한 적 있니?",
            "A": "아니요."
        },
        {
            "Q": "잠잘 때는 주로 어떤 꿈을 꿔?",
            "A": "레서팬더랑 수달이랑 노는 꿈이요."
        },
        {
            "Q": "허락 없이 또는 말도 없이 집에서 오랫동안 나와 있었던 적이 있니?",
            "A": "아니요."
        }
    ]
}