{
    "info": {
        "위기단계": "관찰필요"
    },
    "kids_ment": [
        {
            "Q": "최근에 건강한가요, 어디 아픈 곳이 있나요?",
            "A": "건강해요."
        },
        {
            "Q": "최근에 다친 적이 있었나요?",
            "A": "종이에 베였어요."
        },
        {
            "Q": "언제 종이에 베였나요?",
            "A": "어제 공부하다가 그랬어요."
        },
        {
            "Q": "뭘 할 때가 즐겁나요?",
            "A": "학교에서 놀 때요."
        },
        {
            "Q": "학교에서 놀 때 어떤 점이 즐거운가요?",
            "A": "친구들이랑 만나는 게 좋아요."
        },
        {
            "Q": "최근 일주일 동안 짜증이나 화가 난 적이 있나요?",
            "A": "동생이 깝칠 때 화가 나요."
        },
        {
            "Q": "그런 일이 자주 일어나나요?",
            "A": "일주일에 한 번 정도요."
        },
        {
            "Q": "평소에 짜증이나 화가 났을 때, 어떻게 하면 마음이 풀려요?",
            "A": "코노 가요."
        },
        {
            "Q": "몇 시에 자고, 몇 시에 일어나나요?",
            "A": "열 시에 자고 일곱 시에 일어나요."
        },
        {
            "Q": "아침에 일어났을 때, 몸 상태는 어때요?",
            "A": "좋아요."
        },
        {
            "Q": "평소에 잠이 들기 힘들거나, 잠자는 중간에 자주 깨나요?",
            "A": "잘 자고, 잘 안 일어나요."
        },
        {
            "Q": "평상시에 아버지는 어떤 표정을 자주 짓나요?",
            "A": "안 계세요."
        },
        {
            "Q": "평상시에 어머니는 어떤 표정을 자주 짓나요?",
            "A": "슬픈 표정이요."
        },
        {
            "Q": "왜 슬픈 표정을 짓는 것 같아요?",
            "A": "힘들어서요. 저한테 관심이 많지도 않아요. 매일 일가고, 바빠요."
        },
        {
            "Q": "그 표정을 지을 때, 친구 기분은 어때요?",
            "A": "보고 싶지 않아요."
        },
        {
            "Q": "친구 형제자매는 어떻게 돼요?",
            "A": "남동생 한 명이요."
        },
        {
            "Q": "사이가 어때요?",
            "A": "진짜 싫어요. 완전 애가 싸가지가 없어요."
        },
        {
            "Q": "평소에 부모님이 동생과 친구를 많이 차별하는 것 같아요?",
            "A": "네. 싸우면 동생만 감싸고 누나가 참아야지 동생이랑 싸우면 어떡하냐고 해요."
        },
        {
            "Q": "친구들이랑 주로 뭐 하고 놀아요?",
            "A": "마라탕도 먹고 코노도 가고, 롤러스케이트장 가요."
        },
        {
            "Q": "주로 몇 명이서 놀아요?",
            "A": "여섯 명이요."
        },
        {
            "Q": "담임선생님을 좋아하나요, 싫어하나요?",
            "A": "좋아요. 이쁘고 귀여워요."
        },
        {
            "Q": "요즘 가장 큰 걱정거리는 무엇인가요?",
            "A": "없어요."
        },
        {
            "Q": "요즘 행복하다고 느끼나요?",
            "A": "네."
        },
        {
            "Q": "어떤 점에서 행복했어요?",
            "A": "친구들이랑 노는 게 좋아요."
        },
        {
            "Q": "어떤 사람이 되고 싶은지, 꿈이 무엇인지 이야기해 줄래요?",
            "A": "체육 선생님이요."
        },
        {
            "Q": "왜 체육 선생님이 되고 싶나요?",
            "A": "운동이 좋아서요."
        },
        {
            "Q": "집에서 주로 나를 돌봐주는 어른은 누구인가요?",
            "A": "엄마요."
        },
        {
            "Q": "인터넷이나 휴대폰을 가지고 노는 시간은 하루에 몇 시간 정도인가요?",
            "A": "별로 안 해요. 밖에서 노는 게 더 좋아요."
        },
        {
            "Q": "피시방 같은 곳을 얼마나 자주 가나요?",
            "A": "자주 안 가요."
        },
        {
            "Q": "부모님이나 선생님 때문에 슬프거나 화가 난 적이 있어요?",
            "A": "엄마요. 웃었으면 좋겠어요."
        },
        {
            "Q": "내가 무엇을 하려고 할 때, 무조건 안 된다고 하거나, 하기 싫은데도 무조건 하라고 할 때가 있나요?",
            "A": "아니요."
        },
        {
            "Q": "마음이 힘들 때, 가족에게 내 마음을 이야기하나요?",
            "A": "친구한테 말해요."
        },
        {
            "Q": "주위 어른들 중 나를 때린 적이 있는 사람이 있나요?",
            "A": "아니요."
        },
        {
            "Q": "원하지 않는데도 누군가 내 몸을 만지거나 보여달라고 한 적이 있어요?",
            "A": "아니요."
        },
        {
            "Q": "집에서 어른들끼리 소리 지르면서 싸우는 걸 듣거나 본 적이 있나요?",
            "A": "아니요. 없어요."
        },
        {
            "Q": "친구들이 나를 자주 놀리거나 괴롭힌다고 느낀 적이 있나요?",
            "A": "아니요."
        },
        {
            "Q": "어떨 때 마음이 복잡하거나 힘든가요?",
            "A": "친구랑 싸울 때요."
        },
        {
            "Q": "안 좋은 기억 때문에 괴로워서 죽고 싶다는 생각을 한 적이 있나요?",
            "A": "아니요."
        },
        {
            "Q": "잠잘 때 주로 어떤 꿈을 꾸나요?",
            "A": "꿈 안 꿔요."
        },
        {
            "Q": "말도 없이 허락 없이 집에서 오랫동안 나와 있었던 적이 있었나요?",
            "A": "아니요."
        }
    ]
}