{
    "info": {
        "위기단계": "정상군"
    },
    "kids_ment": [
        {
            "Q": "최근에 몸은 건강해?",
            "A": "네. 건강해요."
        },
        {
            "Q": "최근에 다친 곳은 있어?",
            "A": "고양이가 발톱으로 긁어서 손가락 다쳤어요."
        },
        {
            "Q": "언제 다쳤어?",
            "A": "그저께 밤에요."
        },
        {
            "Q": "약은 발랐어?",
            "A": "네. 엄마가 발라줬어요."
        },
        {
            "Q": "뭘 할 때 즐거워?",
            "A": "미술학원 갈 때요."
        },
        {
            "Q": "어떤 점이 즐거워?",
            "A": "친구들도 많고 그림 그리는 것도 재밌어요."
        },
        {
            "Q": "최근에 짜증이나 화가 난 적이 있어?",
            "A": "학교에서 남자애들이 자꾸 이름가지고 놀려요."
        },
        {
            "Q": "그럴 때는 어떻게 해?",
            "A": "선생님한테 일렀더니 선생님이 혼내줬어요."
        },
        {
            "Q": "혼자서 스스로 짜증을 해결할 때도 있어?",
            "A": "잠을 자거나 엄마한테 얘기해요. 엄마가 괜찮다고 해줘요."
        },
        {
            "Q": "주로 몇 시에 자고 몇 시에 일어나?",
            "A": "열 시에 자고 일곱 시에 일어나요."
        },
        {
            "Q": "아침에 일어나면 몸 상태는 어때?",
            "A": "몸은 아무렇지 않아요."
        },
        {
            "Q": "잠이 들기 힘들거나 중간에 깨지는 않아?",
            "A": "쉬가 마려워서 깰 때 있어요."
        },
        {
            "Q": "평상시 부모님 표정이 어때?",
            "A": "아빠는 장난을 많이 쳐요."
        },
        {
            "Q": "아빠랑 관계는 어때?",
            "A": "아빠가 잘 놀아줘요."
        },
        {
            "Q": "엄마 표정은 어때?",
            "A": "엄마는 화난 표정이에요."
        },
        {
            "Q": "왜 화난 표정이라고 생각해?",
            "A": "저한테 이렇게 해야지 저렇게 해야지 잔소리가 많으세요."
        },
        {
            "Q": "너가 잘못해서 그런 것 같애, 아님 엄마가 그냥 화가 많은 것 같아?",
            "A": "내가 할 일을 안 해서 그래요."
        },
        {
            "Q": "형제자매는 몇 명이야?",
            "A": "언니가 있어요."
        },
        {
            "Q": "언니랑 사이는 어때?",
            "A": "언니도 엄마처럼 잔소리가 많아요."
        },
        {
            "Q": "부모님이 언니랑 대하는 게 다르다고 느껴?",
            "A": "아니요. 그렇지는 않아요."
        },
        {
            "Q": "친구들이랑 주로 뭐 하고 놀아?",
            "A": "친구들이랑 인형 놀이나 그림 그려요."
        },
        {
            "Q": "주로 몇 명이서 놀아?",
            "A": "세 명이서 놀아요."
        },
        {
            "Q": "친구들이랑 사이는 어때?",
            "A": "맨날 보고 싶어요. 맨날 놀았으면 좋겠어요."
        },
        {
            "Q": "담임선생님은 좋아? 싫어?",
            "A": "선생님은 좋아요."
        },
        {
            "Q": "어떤 점이 좋아?",
            "A": "모르는 것 잘 가르쳐 주시고 남자애들이 괴롭히면 혼내줘요."
        },
        {
            "Q": "요즘 걱정거리가 있어?",
            "A": "네. 고양이가 나이가 들어서 걱정이에요."
        },
        {
            "Q": "고양이가 나이가 들어서 왜 걱정이야?",
            "A": "잠만 자고 자꾸 아픈 것 같아요."
        },
        {
            "Q": "요즘 행복하다고 느껴?",
            "A": "네 행복하다고 느껴요."
        },
        {
            "Q": "어떤 점이 행복한 것 같아?",
            "A": "저도 언니처럼 학교 다녀서 좋아요."
        },
        {
            "Q": "꿈이 뭔지 말해줄 수 있어?",
            "A": "저는 화가가 될 거예요."
        },
        {
            "Q": "왜 화가가 되고 싶어?",
            "A": "엄마가 화가인데 멋진 것 같아요."
        },
        {
            "Q": "집에서 주로 나를 돌봐주는 어른이 누구야?",
            "A": "엄마가 돌봐줘요."
        },
        {
            "Q": "배고픈데 먹을 게 없어서 굶은 적이 있어?",
            "A": "배고프면 냉장고에서 간식 꺼내먹어요."
        },
        {
            "Q": "옷이나 신발 사이즈가 작은 걸 입거나 신고 다닌 적이 있어?",
            "A": "언니 옷을 맨날 물려 입어서 나도 새 옷 입고 싶어요."
        },
        {
            "Q": "부모님이나 선생님 때문에 슬프거나 화 난 적 있어?",
            "A": "언니랑 싸운다고 혼났어요."
        },
        {
            "Q": "어떤 말이나 행동이 나를 슬프게 했어?",
            "A": "언니랑 나랑 싸우면 엄마가 너무 힘들대요."
        },
        {
            "Q": "어른들이 나를 다른 아이들과 비교해?",
            "A": "아니요. 근데 엄마가 언니랑 나한테 아들 둘 키우는 것 같대요."
        },
        {
            "Q": "주위 어른들 중 나를 때린 적이 있는 사람이 있어?",
            "A": "아니요. 막 떼쓰면 두 팔을 잡고 못 움직이게는 해요."
        },
        {
            "Q": "내가 원하지 않는데도 누군가가 내 몸을 만지거나 보여달라고 한 적 있어?",
            "A": "그런 적 없어요."
        },
        {
            "Q": "집에서 어른들끼리 소리 지르면서 싸우는 걸 듣거나 본 적이 있어?",
            "A": "아니요. 없어요."
        },
        {
            "Q": "친구들이 나를 놀리거나 괴롭혀?",
            "A": "네. 남자애들이 막 별명 부르고 놀려요."
        },
        {
            "Q": "친구가 놀릴 때 어떤 기분이 들어?",
            "A": "저도 막 같이 놀려요."
        },
        {
            "Q": "어떨 때 마음이 복잡하거나 힘들어?",
            "A": "복잡한 적이 없는 것 같아요."
        },
        {
            "Q": "안 좋은 기억 때문에 괴로워서 죽고 싶다는 생각을 한 적이 있어?",
            "A": "아니요. 없어요."
        },
        {
            "Q": "잠잘 때 어떤 꿈을 꿔?",
            "A": "꿈을 꾸는데, 기억이 잘 안 나요."
        },
        {
            "Q": "꿈을 꾸고 나면 몸 상태는 어때?",
            "A": "아무렇지 않아요."
        },
        {
            "Q": "부모님의 허락 없이 집에 오랫동안 나와 있었던 적 있어?",
            "A": "아니요. 없어요."
        }
    ]
}