{
    "info": {
        "위기단계": "정상군"
    },
    "kids_ment": [
        {
            "Q": "최근에 건강한가요?",
            "A": "요즘 감기 기운이 조금 있어요."
        },
        {
            "Q": "언제부터 아팠어요?",
            "A": "지난주부터 기침이 나기 시작했어요."
        },
        {
            "Q": "병원은 가봤어요?",
            "A": "네. 약 먹고 있어요."
        },
        {
            "Q": "최근에 다친 곳은 있나요?",
            "A": "아니요. 없어요."
        },
        {
            "Q": "뭘 할 때 즐겁나요?",
            "A": "엄마랑 아빠랑 놀러 갈 때요."
        },
        {
            "Q": "어떤 점이 즐거워요?",
            "A": "엄마랑 아빠랑 같이 있으면 좋아요."
        },
        {
            "Q": "최근에 짜증이나 화가 난 적 있어요?",
            "A": "네. 인형을 잃어버려서 짜증 났어요."
        },
        {
            "Q": "짜증이 나면 어떻게 해요?",
            "A": "울거나 짜증 내요."
        },
        {
            "Q": "어떻게 하면 마음이 풀려요?",
            "A": "울고 있으면 엄마가 숨을 깊게 쉬라고 해요. 숨을 쉬다 보면 기분이 나아져요."
        },
        {
            "Q": "주로 몇 시에 자고 몇 시에 일어나요?",
            "A": "아홉 시에 자고 여섯 시에 일어나요."
        },
        {
            "Q": "아침에 일어나면 몸 상태는 어때요?",
            "A": "좋아요."
        },
        {
            "Q": "잠이 들기 힘들거나 중간에 깨지는 않아요?",
            "A": "네. 그렇지는 않아요."
        },
        {
            "Q": "평상시 부모님 표정이 어때요?",
            "A": "아빠는 보통 잘 웃어요."
        },
        {
            "Q": "아빠랑 관계는 어때요?",
            "A": "일이 바쁠 때가 많은데 안 바쁠 때는 잘 놀아주세요."
        },
        {
            "Q": "엄마 표정은 어때요?",
            "A": "엄마는 잘 웃어요."
        },
        {
            "Q": "엄마랑 관계는 어때요?",
            "A": "엄마는 저한테 잘해줘요."
        },
        {
            "Q": "형제자매는 몇 명이에요?",
            "A": "형이 있어요."
        },
        {
            "Q": "형이랑 사이는 어때요?",
            "A": "형은 공부하느라 바쁜데 사이는 좋아요."
        },
        {
            "Q": "부모님이 형이랑 대하는 게 다르다고 느껴요?",
            "A": "형보다 저한테 신경을 많이 써주세요."
        },
        {
            "Q": "친구들이랑 주로 뭐 하고 놀아요?",
            "A": "축구도 하고 술래잡기도 해요."
        },
        {
            "Q": "주로 몇 명이서 놀아요?",
            "A": "다섯 명이나 그보다 많아요."
        },
        {
            "Q": "친구들이랑 사이는 어때요?",
            "A": "친구들이랑 싸울 때도 있는데 보통 다 친해요."
        },
        {
            "Q": "담임선생님은 좋아요? 싫어요?",
            "A": "선생님이 잘해주세요."
        },
        {
            "Q": "어떻게 잘해줘요?",
            "A": "잘 챙겨주시고 재밌어요."
        },
        {
            "Q": "요즘 걱정거리가 있어요?",
            "A": "딱히 없어요."
        },
        {
            "Q": "요즘 행복하다고 느끼나요?",
            "A": "네. 나쁜 게 별로 없어요."
        },
        {
            "Q": "꿈이 뭐예요?",
            "A": "저는 커서 축구선수가 될 거예요."
        },
        {
            "Q": "왜 축구선수가 되고 싶어요?",
            "A": "축구를 좋아하고 잘하기도 해요."
        },
        {
            "Q": "집에서 주로 나를 돌봐주는 어른이 누구예요?",
            "A": "엄마요."
        },
        {
            "Q": "엄마가 말도 없이 집을 나가서 안 들어 온 적 있어요?",
            "A": "아니요. 말하고 나가세요."
        },
        {
            "Q": "인터넷이나 휴대폰을 가지고 노는 시간은 하루에 몇 시간이에요?",
            "A": "엄마랑 한 시간만 하기로 해서 그렇게 해요."
        },
        {
            "Q": "부모님이나 선생님 때문에 슬프거나 화 난 적 있어요?",
            "A": "음/ 기억이 잘 안 나요."
        },
        {
            "Q": "주위 어른들 중 나를 때린 적이 있는 사람이 있나요?",
            "A": "아니요. 보통 잘못하면 생각하는 의자에 앉아서 생각해야 돼요."
        },
        {
            "Q": "내가 원하지 않는데도 누군가가 내 몸을 만지거나 보여달라고 한 적 있어요?",
            "A": "아니요. 없어요."
        },
        {
            "Q": "집에서 어른들끼리 소리 지르면서 싸우는 걸 듣거나 본 적이 있어?",
            "A": "아니요. 옆집에서 싸우는 건 본 적 있어요."
        },
        {
            "Q": "친구들이 나를 놀리거나 괴롭히나요?",
            "A": "아니요. 싸울 때는 있는데 금방 풀어요."
        },
        {
            "Q": "어떨 때 마음이 복잡하거나 힘든가요?",
            "A": "외할머니 돌아가셨을 때 힘들었어요."
        },
        {
            "Q": "안 좋은 기억 때문에 괴로워서 죽고 싶다는 생각을 한 적이 있어?",
            "A": "아니요. 없어요."
        },
        {
            "Q": "잠잘 때 어떤 꿈을 꾸나요?",
            "A": "축구하는 꿈을 자주 꿔요."
        },
        {
            "Q": "부모님의 허락 없이 집에 오랫동안 나와 있었던 적 있어?",
            "A": "아니요. 없어요."
        }
    ]
}