{
    "info": {
        "위기단계": "응급"
    },
    "kids_ment": [
        {
            "Q": "최근에 건강했어, 아니면 아픈 곳이 있었어?",
            "A": "요즘 아픈 곳은 없어요."
        },
        {
            "Q": "최근에 다쳤던 적이 있었니?",
            "A": "다치지는 않고 공부 안 한다고 엄마한테 맞아서 팔이 아프고 멍이 들었어요."
        },
        {
            "Q": "이런 일이 자주 일어나니?",
            "A": "이번이 세 번째인 것 같아요. 초등학교 5학년 때부터 공부 문제로 맞았어요."
        },
        {
            "Q": "뭘 할 때가 즐거워?",
            "A": "친구들과 피시방에서 게임 할 때가 즐거워요."
        },
        {
            "Q": "게임할 때 어떤 부분이 즐거워?",
            "A": "게임 할 때는 엄마 잔소리도 안 들리고 스트레스가 풀리는 것 같아요."
        },
        {
            "Q": "평소에 짜증이나 화가 났을 때 어떻게 하면 마음이 풀려?",
            "A": "제 방에서 큰 소리로 노래를 하거나 음악을 크게 틀어 놓고 춤을 추면 풀려요."
        },
        {
            "Q": "최근 일주일 동안 짜증이나 화가 난 적 있어?",
            "A": "방과 후 수업 끝나고 아버지랑 밖에서 저녁 먹기로 했는데 갑자기 다음으로 미뤄져서 짜증이 났어요."
        },
        {
            "Q": "아버지가 자주 약속을 지키지 않으시니?",
            "A": "가끔 약속을 지키지 못할 때가 있어요."
        },
        {
            "Q": "왜 아버지가 자주 약속을 못 지키시는 것 같아?",
            "A": "아버지가 생산직 3교대를 하시는데 회사에서 일이 있어서 그런 것 같아요."
        },
        {
            "Q": "평소에 짜증이나 화가 났을 때 어떻게 하면 마음이 풀려요?",
            "A": "친구들과 마이크로 킥보드 타면 어느새인가 마음이 풀려져요."
        },
        {
            "Q": "몇 시에 자고 몇 시에 일어나니?",
            "A": "열두 시에 자서 일곱 시 넘어서 일어나는 것 같아요."
        },
        {
            "Q": "아침에 일어났을 때 몸 상태는 어때?",
            "A": "더 자고 싶긴 한데 괜찮아요."
        },
        {
            "Q": "평소에 잠이 들거나 잠자는 중간에 자주 깨니?",
            "A": "아니요. 저는 스트레스 받으면 이불을 뒤집어쓰고 자버려요."
        },
        {
            "Q": "평상시에 엄마 아버지는 어떤 표정을 자주 지으셔?",
            "A": "아버지 얼굴을 보면 모든 게 귀찮다는 표정이에요."
        },
        {
            "Q": "왜 아버지 얼굴이 귀찮다는 표정인 것 같아?",
            "A": "아버지는 가족에게 별로 관심이 없는 것 같아요."
        },
        {
            "Q": "아버지의 귀찮다는 표정을 보면 기분이 어때?",
            "A": "저도 아버지가 귀찮고 관심이 없는 게 좋아요."
        },
        {
            "Q": "엄마는 주로 어떤 표정을 지으셔?",
            "A": "엄마는 못마땅한 표정이에요."
        },
        {
            "Q": "엄마는 왜 못마땅한 표정을 지으시는 것 같아?",
            "A": "엄마가 하라는 대로 하지도 않고 공부도 안 하고 매일 놀기만 해서 그럴 거예요."
        },
        {
            "Q": "엄마가 그런 표정을 지을 때 기분은 어때?",
            "A": "엄마는 너무 이래라저래라 잔소리가 많아요. 숨이 막히는 것 같아요."
        },
        {
            "Q": "형제자매는 몇 명이야?",
            "A": "여동생 한 명 있어요."
        },
        {
            "Q": "동생과는 사이가 좋아?",
            "A": "유일하게 저하고 마음을 통하는 사람이 동생이에요."
        },
        {
            "Q": "평소에 부모님이 동생과 차별하는 것 같아?",
            "A": "동생과 차별은 하지 않는 것 같아요."
        },
        {
            "Q": "친구들이랑 주로 뭐 하고 놀아?",
            "A": "친구들이랑 노래방 가서 노래도 부르고 놀아요."
        },
        {
            "Q": "친구들은 몇 명이야?",
            "A": "마음이 통하는 친한 친구 세 명 있어요."
        },
        {
            "Q": "담임선생님을 좋아하니, 싫어하니?",
            "A": "담임선생님은 좋아요."
        },
        {
            "Q": "어떤 부분에서 선생님이 좋아?",
            "A": "제가 궁금한 게 있으면 잘 답변해 주시고 친절하셔서 좋아요."
        },
        {
            "Q": "요즘 가장 큰 걱정거리는 무엇이야?",
            "A": "엄마가 제발 공부 이야기만 안 했으면 좋겠어요."
        },
        {
            "Q": "무엇 때문에 걱정이 돼?",
            "A": "저는 노래를 잘하는 가수가 되고 싶은데 공부만 하라고 하면 노래할 시간이 없어요."
        },
        {
            "Q": "이러한 문제 때문에 생활이 불편하거나 힘드니?",
            "A": "네. 항상 힘들어요."
        },
        {
            "Q": "요즘 행복하다고 느끼니?",
            "A": "나름 행복할 때도 있어요."
        },
        {
            "Q": "어떤 점에서 행복해?",
            "A": "주말에 친구들과 노래방 가서 노래를 마음껏 할 수 있어서요."
        },
        {
            "Q": "커서 어떤 사람이 되고 싶은지, 꿈이 무엇인지 이야기해 줄래?",
            "A": "저는 노래 잘하는 가수가 되고 싶어요."
        },
        {
            "Q": "왜 가수가 되고 싶어?",
            "A": "제가 좋아하고 잘하니깐요. 노래를 부르면 즐거워요."
        },
        {
            "Q": "집에서 주로 나를 돌봐주는 어른은 누구야?",
            "A": "엄마요."
        },
        {
            "Q": "배가 고픈데 먹을 게 없어서 굶은 적이 있니?",
            "A": "굶은 적은 없어요."
        },
        {
            "Q": "빨래가 되어 있지 않아서 더럽고 냄새나는 옷을 입어야 한 적 있니?",
            "A": "아니요."
        },
        {
            "Q": "옷이나 신발 사이즈가 작은 걸 입거나 신고 다닌 적이 있니?",
            "A": "아니요."
        },
        {
            "Q": "어른들이 운동회나 참관 수업 또는 학부모 상담 같은 학교행사에 잘 오시니?",
            "A": "엄마는 학교 일이라면 열 일 제치고 오세요."
        },
        {
            "Q": "부모님이나 선생님 때문에 슬프거나 화가 난 적 있니?",
            "A": "네. 엄마 때문에 화가 많이 나요."
        },
        {
            "Q": "왜 엄마 때문에 화가 나?",
            "A": "공부 못한다고 윽박지르고 비난하고 무시해요. 공부가 다가 아닌데요."
        },
        {
            "Q": "주위 어른들 중 나를 때린 적이 있는 사람이 있니?",
            "A": "엄마가 공부 안 한다고 때린 적이 있어요."
        },
        {
            "Q": "어느 부위를 어떻게 맞았어?",
            "A": "책으로 팔이랑 머리를 맞았어요."
        },
        {
            "Q": "맞아서 얼마나 다쳤니?",
            "A": "팔이 멍이 들었어요."
        },
        {
            "Q": "이런 일이 자주 있니?",
            "A": "작년부터 지금까지 세 번 있었어요."
        },
        {
            "Q": "내가 원하지 않는데도 누군가가 내 몸을 만지거나 보여달라고 한 적 있어?",
            "A": "아니요. 그런 적은 없었어요."
        },
        {
            "Q": "집에서 어른들끼리 소리 지르면서 싸우는 걸 듣거나 본 적 있니?",
            "A": "부모님은 각자 이야기를 안 해서 싸우는 소리를 못 들었어요."
        },
        {
            "Q": "친구들이 나를 자주 놀리거나 괴롭힌다고 느낀 적이 있니?",
            "A": "친구들하고는 사이가 좋아서 그런 적이 없어요."
        },
        {
            "Q": "어떨 때 마음이 복잡하거나 힘드니?",
            "A": "공부 생각만 하면 머리가 복잡해요."
        },
        {
            "Q": "공부 때문에 자살을 생각해 본 적이 있니?",
            "A": "생각해 본 적은 없어요."
        },
        {
            "Q": "잠잘 때 주로 어떤 꿈을 꾸니?",
            "A": "여러 가지 꾸는 것 같은데 생각이 잘 안 나요."
        },
        {
            "Q": "악몽을 꿀 때가 있었니?",
            "A": "악몽은 아니고요. 그냥 꿈을 꾸는 것 같아요."
        },
        {
            "Q": "부모님 허락 없이 또는 말도 없이 집에 오랫동안 나와 있었던 적이 있니?",
            "A": "네. 있어요."
        },
        {
            "Q": "얼마나 나와 있었어? 제일 처음 나온 적이 몇 살이야?",
            "A": "처음 집을 나간 적은 작년 5학년 때요. 3일 동안 집에 들어가지 않았어요."
        },
        {
            "Q": "최근 한 달 사이에도 이런 행동을 했니? 아는 사람 중에 가출한 친구들이 있어?",
            "A": "아니요. 없었어요."
        },
        {
            "Q": "내가 가출했을 때 가출한 다른 친구들과 같이 지냈니?",
            "A": "혼자 피시방에 있었어요."
        }
    ]
}