{
    "info": {
        "위기단계": "응급"
    },
    "kids_ment": [
        {
            "Q": "최근에 건강하다고 느껴, 아니면 아픈 곳이 있어?",
            "A": "아픈 곳은 없어요."
        },
        {
            "Q": "최근에 다쳤던 적이 있어?",
            "A": "다친 적도 없는데요?"
        },
        {
            "Q": "뭘 할 때 즐거움을 느껴?",
            "A": "학교 가서 친구들이랑 노는 것 좋아해요."
        },
        {
            "Q": "뭐가 즐거운 거야?",
            "A": "공놀이하고 노는 게 재밌어요."
        },
        {
            "Q": "최근 일주일 동안 짜증이나 화가 난 적이 있어?",
            "A": "친구 땜에 엄청 화났어요."
        },
        {
            "Q": "친구 땜에 왜 화가 났어?",
            "A": "내가 만들기 하고 있는데 와서 뿌셨거든요."
        },
        {
            "Q": "그럴 때 어떻게 해?",
            "A": "그 친구 때렸어요."
        },
        {
            "Q": "보통 몇 시에 자고 몇 시에 일어나?",
            "A": "열두 시에 자고 일곱 시 반에 일어나요."
        },
        {
            "Q": "아침에 일어났을 때 몸 상태는 어때?",
            "A": "졸려요."
        },
        {
            "Q": "평소에 잠이 들기 힘들거나, 잠자는 중간에 깨니?",
            "A": "네. 잠이 잘 안 와요. 그리고 애기들이 자꾸 울어서 중간에 많이 깨요. 아/ 너무 불편해요."
        },
        {
            "Q": "아버지는 어떤 표정을 자주 지으시니?",
            "A": "예전에는 무서운 표정을 많이 지었고, 지금은 힘없는 표정이요."
        },
        {
            "Q": "왜 그런 표정을 지으시는 것 같아?",
            "A": "예전에는 엄마랑 맨날 싸워서 무서운 표정이었고, 지금은 명절 때마다 보는데 힘들어 보여요."
        },
        {
            "Q": "아빠의 힘없는 표정을 볼 때, 내 기분은 어때?",
            "A": "아빠랑 같이 살 수 없을 것 같아서 불안해요."
        },
        {
            "Q": "어머니는 어떤 표정을 지으셨어?",
            "A": "엄마는 우는 표정이요."
        },
        {
            "Q": "왜 우는 표정을 지으셨어?",
            "A": "맨날 아빠한테 맞아서요."
        },
        {
            "Q": "엄마를 마지막에 봤을 때는 언제야?",
            "A": "일 년 전이요."
        },
        {
            "Q": "그때는 어땠어?",
            "A": "그때도 울었어요."
        },
        {
            "Q": "왜 울었던 것 같아?",
            "A": "그때 엄마가 베트남으로 돌아가기 전에 마지막으로 왔던 것 같아요."
        },
        {
            "Q": "센터 선생님은 평소에 어떤 표정을 자주 지으시니?",
            "A": "화가 많으세요."
        },
        {
            "Q": "왜 화가 많으신 것 같아?",
            "A": "제가 막 친구들도 때리고 애기들도 울면 막 밀치거든요."
        },
        {
            "Q": "선생님이 화를 내실 때 내 기분은 어때?",
            "A": "좀 눈치 보이기는 하는데, 저도 화가 나서 어쩔 수가 없어요."
        },
        {
            "Q": "선생님이 다른 아이들과 나를 차별하거나 대하는 게 다른 것 같아?",
            "A": "저만 많이 혼나는 것 같아요."
        },
        {
            "Q": "형제자매는 누가 있어?",
            "A": "남동생이 한 명 여기 같이 있어요."
        },
        {
            "Q": "남동생이랑은 사이가 어때?",
            "A": "말을 잘 안 듣고 맨날 싸워요."
        },
        {
            "Q": "친구들이랑은 주로 뭐 하고 놀아?",
            "A": "친구들이랑 공놀이하거나 만들기 하면서 놀아요."
        },
        {
            "Q": "주로 몇 명이서 놀아?",
            "A": "두세 명이서 같이 놀아요."
        },
        {
            "Q": "친구들이랑 사이는 어때?",
            "A": "친구들은 잘해주는데 제가 가끔씩 때려요."
        },
        {
            "Q": "학교 담임 선생님은 좋아 싫어?",
            "A": "별로 안 좋아요."
        },
        {
            "Q": "어떤 점이 별로 안 좋아?",
            "A": "선생님이 맨날 뒤에 서 있으라고 해요."
        },
        {
            "Q": "친구가 잘못해서 그런 것 같아, 아니면 그냥 선생님이 화가 나서 그런 것 같아?",
            "A": "몰라요. 말 좀 그만하고 뒤에 서 있으래요."
        },
        {
            "Q": "요즘 가장 큰 걱정거리는 뭐야?",
            "A": "부모님이랑 다시 같이 살고 싶은 거요."
        },
        {
            "Q": "부모님이랑 같이 살지 못해서 많이 힘드니?",
            "A": "나는 엄마가 너무 보고 싶은데 엄마는 나를 버리고 가서 화가 나요."
        },
        {
            "Q": "얼마나 자주 힘들어?",
            "A": "매일 힘들어요."
        },
        {
            "Q": "요즘 행복하다고 느껴?",
            "A": "아니요. 행복하고 싶은데 행복하지 않은 것 같아요."
        },
        {
            "Q": "어떤 점에서 행복하지 않아?",
            "A": "엄마랑 아빠가 같이 있으면 행복할 것 같아요."
        },
        {
            "Q": "커서 어떤 사람이 되고 싶어?",
            "A": "승무원이 되고 싶어요."
        },
        {
            "Q": "왜 승무원이 되고 싶어?",
            "A": "승무원이 되면 엄마 보러 베트남 갈 수 있잖아요."
        },
        {
            "Q": "센터에서 주로 나를 돌봐주는 어른은 누구야?",
            "A": "선생님이요."
        },
        {
            "Q": "어디 아픈 곳이 있는데 나를 병원에 데려가지 않은 적이 있어?",
            "A": "아니요. 아픈 적은 별로 없었어요."
        },
        {
            "Q": "옷이나 신발 사이즈가 작은 걸 입거나 신고 다닌 적이 있니?",
            "A": "아빠가 명절에 올 때 옷 사다 주세요."
        },
        {
            "Q": "선생님이나 어른들 때문에 슬프거나 화가 난 적이 있어?",
            "A": "선생님이 저한테 산만하다고 했어요."
        },
        {
            "Q": "다른 사람들 앞에서 혼날 때 있어?",
            "A": "학교에서 맨날 수업 시간에 혼나요."
        },
        {
            "Q": "어른들이 나를 다른 아이들과 비교하니?",
            "A": "아니요."
        },
        {
            "Q": "주위 어른들이 나를 때린 적이 있는 사람이 있어?",
            "A": "아니요. 없어요."
        },
        {
            "Q": "내가 원하지 않는데도 누군가가 내 몸을 만지거나 보여 달라고 한 적이 있어?",
            "A": "동생이요."
        },
        {
            "Q": "친동생이 그러는 거야? 어떻게 만져? 이런 일이 자주 있었어?",
            "A": "동생이 자꾸 가슴 만지고 도망가요. 최근에 자주 그래요."
        },
        {
            "Q": "그럴 때 하지 말라고 해봤어?",
            "A": "하지 말라고 해도 소용없어요."
        },
        {
            "Q": "어른들끼리 소리 지르면서 싸우는 걸 듣거나 본 적이 있어?",
            "A": "네. 엄마, 아빠랑 같이 살 때, 맨날 소리 지르고 막 때리고 그랬어요."
        },
        {
            "Q": "그때 어른들이 술을 마신 상태였니?",
            "A": "아빠는 맨날 마셨어요."
        },
        {
            "Q": "그렇게 싸울 때 나한테 안 좋은 소리를 하니?",
            "A": "네. 아빠가 막 다 나가라고 동생이랑 나한테 소리 지르면 엄마가 또 하지 말라면서 싸웠어요."
        },
        {
            "Q": "이런 일 때문에, 집에 경찰이나 다른 사람이 온 적이 있어?",
            "A": "옆집에 가서 도와달라고 해서 도와주러 오신 적이 몇 번 있었어요."
        },
        {
            "Q": "친구들이 나를 자주 놀리거나 괴롭힌다고 느낀 적이 있어?",
            "A": "아니요. 친구들은 잘해줘요."
        },
        {
            "Q": "어떨 때 마음이 복잡하니?",
            "A": "학교에서 발표할 때나 질문받을 때요."
        },
        {
            "Q": "그럴 때 괴로워서 죽고 싶다는 생각을 한 적이 있어?",
            "A": "아니요. 그렇진 않은데 너무 불안해요."
        },
        {
            "Q": "잠잘 때 주로 어떤 꿈을 꿔?",
            "A": "꿈을 꾸지는 않아요."
        },
        {
            "Q": "선생님의 허락 없이 또는 말도 없이 센터를 오랫동안 나와 있었던 적이 있어?",
            "A": "아니요. 그랬던 적은 없어요."
        }
    ]
}