{
    "info": {
        "위기단계": "관찰필요"
    },
    "kids_ment": [
        {
            "Q": "친구 아픈 곳 있어?",
            "A": "네. 있어요. 어제 매운 거 먹었는데요. 오늘 화장실 자주 가서 배랑 똥꼬가 아파요."
        },
        {
            "Q": "매운 음식은 자주 먹는 편이야?",
            "A": "네. 엄마랑 아빠도 매운 음식 좋아하고 친구들이랑도 같이 먹어요."
        },
        {
            "Q": "이전에도 배나 항문이 자주 아팠어?",
            "A": "배는 일주일에 한 번 있을까 말까 진짜 가끔 아프고요. 똥꼬는 처음이에요."
        },
        {
            "Q": "최근에 다친 적 있어?",
            "A": "네. 있어요. 월요일에 학교에서 뛰어다니다가요. 앞을 못 보고 기둥에 얼굴을 박아서 쌍코피 나고 이빨도 깨졌어요."
        },
        {
            "Q": "많이 아팠겠네. 병원에는 갔어?",
            "A": "처음엔 창피해서 아픈지 몰랐거든요? 근데 코피만 막아뒀는데 시간이 지날수록 깨진 이빨이 아파져서 엄마한테 말하고 할머니랑 같이 치과 다녀왔어요."
        },
        {
            "Q": "엄마한테는 안 혼났어?",
            "A": "꾸중을 듣긴 했는데 제가 괜찮은지 먼저 물어봐 주셔서 기분은 좋았어요. 그래도 다음부터는 앞은 보려구요."
        },
        {
            "Q": "친구는 뭐 할 때가 즐거워?",
            "A": "친구들이랑 놀 때도 즐겁고 유튜브로 좋아하는 영상 볼 때도 즐거워요."
        },
        {
            "Q": "어떤 점이 즐거운 거야?",
            "A": "친구들이랑 같이하는 게임이 있거든요? 포켓몬스터 칩이랑 카드로 대결 게임해요. 그리고 집에서는 유튜브로 흔한 남매 영상 봐요. 이거 엄청 엄청 재밌어요."
        },
        {
            "Q": "친구는 최근 일주일 동안 짜증이나 화가 난 적 있어?",
            "A": "네. 며칠 전에 엄마랑 포켓몬 칩 게임하러 갔는데 줄이 너무 길어서 못 했어요."
        },
        {
            "Q": "이렇게 짜증 나는 일이 자주 일어나?",
            "A": "음/ 자주는 아니에요. 어쩌다 한 번씩이에요."
        },
        {
            "Q": "평소 짜증이나 화가 났을 때 어떻게 하면 마음이 풀려?",
            "A": "엄마랑 이야기하면 돼요. 그리고 저는 음/ 빨리 잊어버리는 편인 거 같아요."
        },
        {
            "Q": "친구는 몇 시에 자고 몇 시에 일어나?",
            "A": "열 시에 자고 여덟 시에 일어나요."
        },
        {
            "Q": "아침에 일어났을 때 몸 상태는 어때?",
            "A": "괜찮아요."
        },
        {
            "Q": "평소 잠들기 힘들거나 잠자는 중간에 자주 깨는 편이야?",
            "A": "아니요. 그렇지는 않아요."
        },
        {
            "Q": "평상시에 부모님은 어떤 표정을 자주 지으셔?",
            "A": "아빠랑 엄마랑 둘 다 잘 웃으시는데요. 아빠는 엄마보단 좀 더 딱딱한 느낌이에요. 엄마는 좀 더 부드러운 느낌이고요."
        },
        {
            "Q": "아빠는 딱딱한 느낌이고 엄마는 부드러운 느낌이라고 했는데 좀 더 이야기 해줄래?",
            "A": "음/ 아빠는 제가 할머니나 엄마 말 잘 안 들으면 무표정한 표정으로 제 이름 불러서 제가 못하게 하고요. 엄마는 웃으시면서 오늘은 어떤 일이 있었는지 물어보고 제 얘기 들어주시거든요."
        },
        {
            "Q": "그러면 아빠가 무표정하고 엄마가 웃으실 때는 어떤 기분이 들어?",
            "A": "아빠가 무표정할 때는요. 눈치 보게 되는 거 같은데 웃을 때는 또 찰싹 붙어서 마구마구 이야기 하고 싶고요, 엄마가 웃으실 때는 오늘 있었던 일이나 재밌었던 이야기 같은 거 더 더 많이 많이 이야기하고 싶어져요."
        },
        {
            "Q": "평상시에 부모님은 어떤 표정을 자주 지으셔?",
            "A": "아빠랑 엄마랑 둘 다 잘 웃으시는데요. 아빠는 엄마보단 좀 더 딱딱한 느낌이에요. 엄마는 좀 더 부드러운 느낌이고요."
        },
        {
            "Q": "아빠는 딱딱한 느낌이고 엄마는 부드러운 느낌이라고 했는데 좀 더 이야기 해줄래?",
            "A": "음/ 아빠는 제가 할머니나 엄마 말 잘 안 들으면 무표정한 표정으로 제 이름 불러서 제가 못하게 하고요. 엄마는 웃으시면서 오늘은 어떤 일이 있었는지 물어보고 제 얘기 들어주시거든요."
        },
        {
            "Q": "그러면 아빠가 무표정하고 엄마가 웃으실 때는 어떤 기분이 들어?",
            "A": "아빠가 무표정할 때는요. 눈치 보게 되는 거 같은데 웃을 때는 또 찰싹 붙어서 마구마구 이야기 하고 싶고요, 엄마가 웃으실 때는 오늘 있었던 일이나 재밌었던 이야기 같은 거 더 더 많이 많이 이야기하고 싶어져요."
        },
        {
            "Q": "친구는 누나나 형, 동생이 있어?",
            "A": "아니요. 저 혼자예요."
        },
        {
            "Q": "친구들이랑은 주로 뭐 하고 놀아?",
            "A": "포켓몬스터 대결 게임하면서 놀아요."
        },
        {
            "Q": "주로 몇 명이서 놀아?",
            "A": "대결은 두 명이나 세 명이서 하고 구경하는 친구들 포함하면 음/ 다섯 명 정도 되는 거 같아요."
        },
        {
            "Q": "친구 학교 담임선생님은 좋아하는 편이야, 안 좋아하는 편이야?",
            "A": "좋아해요."
        },
        {
            "Q": "어떤 부분에서 좋아하는 거야?",
            "A": "음/ 재밌는 활동도 많이 하고 친절하게 대해주세요."
        },
        {
            "Q": "요즘 친구의 가장 큰 고민이 있을까?",
            "A": "아니요. 저 고민 없어요."
        },
        {
            "Q": "친구는 요즘 행복하다고 느껴?",
            "A": "네. 행복해요."
        },
        {
            "Q": "어떤 점에서 행복한 거야?",
            "A": "친구들이랑 게임 이야기하는 것도 좋고 엄마랑 아빠랑 할머니랑 할아버지랑 다 나를 예뻐해 줘서 좋아요."
        },
        {
            "Q": "친구는 커서 어떤 사람이 되고 싶어?",
            "A": "멋진 경찰 아저씨가 되고 싶어요."
        },
        {
            "Q": "왜 멋진 경찰 아저씨가 되고 싶은데?",
            "A": "지난번에, 학교에서 직업체험관? 거+ 그런 데 갔는데요. 그때 본 경찰 아저씨가 엄청 멋있었거든요."
        },
        {
            "Q": "집에서 주로 나를 돌봐주는 어른이 누구야?",
            "A": "할머니요."
        },
        {
            "Q": "배가 고픈데 먹을 게 없어서 굶은 적이 있어?",
            "A": "아니요. 엄마가 항상 제가 좋아하는 거 사두시거나 학교 끝나고 할머니랑 같이 먹고 싶은 거 사서 집에 들어가서 그런 적 없어요."
        },
        {
            "Q": "친구 부모님이나 할머니가 저녁에 나를 집에 혼자 두고 나가시거나 아니면 말도 없이 나가서 안 들어오신 적 있어?",
            "A": "아니요. 그런 적 없어요."
        },
        {
            "Q": "인터넷이나 휴대폰을 가지고 노는 시간은 하루에 몇 시간 정도야?",
            "A": "핸드폰은 아직 없고 아이패드로 한 시간 정도 봐요. 밥 먹고 할 일 다 하고 나서요."
        },
        {
            "Q": "피시방은 얼마나 자주 가?",
            "A": "피시방은 친구들이 가자고는 했는데 아직까지 한 번도 가본 적은 없어요."
        },
        {
            "Q": "부모님이나 선생님 때문에 슬프거나 화가 난 적 있어?",
            "A": "아니요. 없어요."
        },
        {
            "Q": "주위 어른들 중에 나를 때린 적이 있는 사람이 있어?",
            "A": "아니요. 없어요."
        },
        {
            "Q": "너가 원하지 않는데도 누군가 내 몸을 만지거나 보여달라고 한 적 있어?",
            "A": "없어요."
        },
        {
            "Q": "집에서 어른들끼리 소리 지르며 싸우는 걸 듣거나 본 적이 있어?",
            "A": "엄마랑 아빠 안 싸워요. 할머니랑 할아버지도요."
        },
        {
            "Q": "친구들이 나를 자주 놀리거나 괴롭힌다고 느낀 적 있어?",
            "A": "아니요."
        },
        {
            "Q": "친구는 어떨 때 마음이 복잡하거나 힘들어?",
            "A": "피아노 연습할 때요. 머릿속이랑 마음속은 엄청 잘 치는데 손이 마음대로 안 따라줄 때 그래요."
        },
        {
            "Q": "안 좋은 기억 때문에 괴로워서 죽고 싶다는 생각은 한 적 있어?",
            "A": "아니요? 그런 적 없어요."
        },
        {
            "Q": "친구는 잠잘 때 주로 어떤 꿈을 꿔?",
            "A": "꿈꿀 때는 달려 다니거나 날아다니는 꿈 꿔요."
        },
        {
            "Q": "그럼 꿈을 꾸고 일어나면 몸 상태는 어때?",
            "A": "좋아요."
        },
        {
            "Q": "부모님 허락이나 말도 없이 집에서 오랫동안 나와 있었던 적 있어?",
            "A": "아니요. 없어요."
        }
    ]
}