{
    "info": {
        "위기단계": "상담필요"
    },
    "kids_ment": [
        {
            "Q": "최근에 아픈 곳이 있어?",
            "A": "아니요. 없어요."
        },
        {
            "Q": "최근에 다친 적이 있어?",
            "A": "없어요."
        },
        {
            "Q": "친구는 뭐 할 때가 즐거워?",
            "A": "유튜브 영상 볼 때요."
        },
        {
            "Q": "어떤 점이 즐거운 거야?",
            "A": "시간 가는 줄 모르고 볼 수 있다는 게 좋아요."
        },
        {
            "Q": "친구는 최근 일주일 동안 짜증이나 화가 난 적 있어?",
            "A": "아니요."
        },
        {
            "Q": "평소 짜증이나 화가 났을 때 어떻게 하면 마음이 풀려?",
            "A": "매운데 맛있는 음식 먹어요. 마라탕이나 짬뽕 같은 거요."
        },
        {
            "Q": "친구는 몇 시에 자고 몇 시에 일어나?",
            "A": "열두 시에 자고 여덟 시에 일어나는 것 같애요."
        },
        {
            "Q": "아침에 일어났을 때 몸 상태는 어때?",
            "A": "괜찮아요."
        },
        {
            "Q": "평소 잠들기 힘들거나 잠자는 중간에 자주 깨는 편이야?",
            "A": "누워서 핸드폰 하면 좀 늦게 자고 아니어도 30분 정도는 있다가 잠드는 거 같애요."
        },
        {
            "Q": "평소 아빠는 어떤 표정을 지으셔?",
            "A": "저 아빠 없는데요?"
        },
        {
            "Q": "평소 엄마는 어떤 표정을 지으셔?",
            "A": "몰라요. 얼굴을 잘 안 봐서. 근데 웃는 얼굴은 본 적 없는 거 같아요."
        },
        {
            "Q": "엄마가 웃는 얼굴을 본 적이 없다고 했는데 왜 그런 것 같아?",
            "A": "몰라요. 일이 힘든 것 같기도 하고."
        },
        {
            "Q": "그런 표정을 지으실 때 내 기분은 어때?",
            "A": "별로죠. 전엔 기분 나쁘기도 했는데 요즘엔 그냥 그러려니 해요. 서로 별 관심이 없거든요."
        },
        {
            "Q": "친구는 형제자매가 있어?",
            "A": "아니요."
        },
        {
            "Q": "친구들이랑 주로 뭐 하고 놀아?",
            "A": "맛있는 거 먹으러 가요."
        },
        {
            "Q": "주로 몇 명이서 놀아?",
            "A": "두 명에서 세 명 정도 같이 노는 거 같애요."
        },
        {
            "Q": "학교 담임선생님은 좋아하는 편이야, 안 좋아하는 편이야?",
            "A": "안 좋아요."
        },
        {
            "Q": "어떤 부분에서 그렇게 느껴?",
            "A": "저한테 관심도 없고 항상 무표정한 거 같애요."
        },
        {
            "Q": "요즘 친구의 가장 큰 고민이 있을까?",
            "A": "네. 돈이요. 돈이 없어서 고민이에요. 뭘 해야 빨리 돈을 벌 수 있을까 그게 제일 고민이에요."
        },
        {
            "Q": "어떤 것 때문에 걱정이 되는 거야?",
            "A": "쌤. 돈 없으면 어떻게 되는 줄 알아요? 밥 일주일 굶어봤어요? 비누가 없어서 빨래 못 한 적은 있어요? 없죠? 저희 집이 찢어지게 가난해서 저도 빨리 돈 벌어야 해요."
        },
        {
            "Q": "이런 걱정거리 때문에 생활이 불편하거나 힘들어?",
            "A": "네. 당연하죠. 그래도 예전보다는 많이 나아져서 오랫동안 굶거나 빨래를 못 하거나 하지는 않는데 그래도 힘들어요."
        },
        {
            "Q": "친구는 요즘 행복하다고 느껴?",
            "A": "아니요."
        },
        {
            "Q": "왜 불행하다고 느껴?",
            "A": "돈이 없어서요. 친구들이랑 맛있는 거 먹으러 갈 때도 친구들 눈치봐야 되고 엄마한테 돈 달라고도 해야 돼요. 그리고 자주 먹지도 못하고요. 집 밖에서 뭔가를 할 때마다 돈 걱정을 해야 되는 내가 싫어요."
        },
        {
            "Q": "친구는 커서 어떤 사람이 되고 싶어?",
            "A": "돈 많이 버는 사람이요."
        },
        {
            "Q": "돈 많이 버는 사람은 어떤 사람이야?",
            "A": "뭐/ 건물주나 유튜버나. 이/ 요즘엔 마라탕 가게 사장님들도 돈 많이 벌 거 같아요."
        },
        {
            "Q": "왜 돈 많이 버는 사람이 되고 싶어?",
            "A": "돈 걱정 없이 편하게 살고 싶어서요. 그리고 돈 많이 벌어서 다 금덩이로 만들 거예요. 금은 더 비쌀 거니까요."
        },
        {
            "Q": "집에서 주로 나를 돌봐주는 어른이 누구야?",
            "A": "없어요. 엄마랑 같이 사는데 돌봐준다? 그런 건 없는 듯."
        },
        {
            "Q": "배가 고픈데 먹을 게 없어서 굶은 적 있어?",
            "A": "네. 지금은 자주 굶지는 않는데 전에는 일주일도 굶어봤어요."
        },
        {
            "Q": "엄마가 저녁에 나를 집에 혼자 두고 나가거나 갑자기 말도 없이 집을 나가서 안 들어온 적 있어?",
            "A": "한 달에 세 번 정도? 나가고 가끔 하루 정도 나갔다 들어와요."
        },
        {
            "Q": "인터넷이나 휴대폰을 가지고 노는 시간은 하루에 몇 시간 정도야?",
            "A": "어/ 핸드폰. 학교 가기 전이나 학교 끝나고 나서나 뭐/ 잠들 때까지 거의 종일 보는 거 같은데요?"
        },
        {
            "Q": "핸드폰을 많이 본다고 엄마가 뭐라 하시지는 않아?",
            "A": "네."
        },
        {
            "Q": "피시방은 얼마나 자주 가?",
            "A": "피시방 잘 안 가요. 돈이 없어서요."
        },
        {
            "Q": "부모님이나 선생님 때문에 슬프거나 화가 난 적 있어?",
            "A": "없어요."
        },
        {
            "Q": "주위 어른들 중에 나를 때린 적이 있는 사람이 있어?",
            "A": "아니요."
        },
        {
            "Q": "친구가 원하지 않는데도 누가 내 몸을 만지거나 보여달라고 한 적 있어?",
            "A": "없어요."
        },
        {
            "Q": "집에서 어른들끼리 소리 지르며 싸우는 걸 듣거나 본 적 있어?",
            "A": "없어요."
        },
        {
            "Q": "친구들이 나를 자주 놀리거나 괴롭힌다고 느낀 적 있어?",
            "A": "아니요."
        },
        {
            "Q": "친구는 어떨 때 마음이 복잡하거나 힘들어?",
            "A": "친구가 같이 놀자고 하는데 제가 돈이 없어서 거절할 때요."
        },
        {
            "Q": "안 좋은 기억 때문에 괴로워서 죽고 싶다는 생각은 한 적 있어?",
            "A": "아니요."
        },
        {
            "Q": "친구는 잠잘 때 주로 어떤 꿈을 꿔?",
            "A": "꿈 잘 안 꿔요. 기억이 안 나요."
        },
        {
            "Q": "꿈은 잘 안 꾼다고 했지만, 자고 일어나면 몸 상태는 어때?",
            "A": "괜찮은 거 같애요."
        },
        {
            "Q": "부모님 허락이나 말도 없이 집에서 오랫동안 나와 있었던 적 있어?",
            "A": "없어요."
        }
    ]
}