{
    "info": {
        "위기단계": "응급"
    },
    "kids_ment": [
        {
            "Q": "최근에 건강해요?",
            "A": "건강해요."
        },
        {
            "Q": "최근에 다쳤던 적이 있어요?",
            "A": "네."
        },
        {
            "Q": "어디를 다쳤어요?",
            "A": "발목이요."
        },
        {
            "Q": "언제 다쳤어요?",
            "A": "일주일 전에 계단 내려가다가 발목을 삐끗해서 살짝 아팠어요."
        },
        {
            "Q": "뭘 할 때가 즐거워요?",
            "A": "모르겠어요."
        },
        {
            "Q": "즐겁다고 느끼지 못한 것이 언제부터예요?",
            "A": "2년 전이요."
        },
        {
            "Q": "그때부터 즐거움을 느끼지 못한 이유가 뭔지 알려줄 수 있어요?",
            "A": "모르겠어요."
        },
        {
            "Q": "최근 일주일 동안 짜증이나 화가 난 적이 있어요?",
            "A": "화났었어요."
        },
        {
            "Q": "무엇 때문에 화가 났어요?",
            "A": "몰라요. 그냥 가만히 있다가 화가 갑자기 나요."
        },
        {
            "Q": "그런 일이 자주 있어요?",
            "A": "자주는 아니고 세 달에 한 번 정도 갑자기 막 그래요."
        },
        {
            "Q": "그럼, 평소에 짜증이나 화가 났을 때 어떻게 하면 마음이 풀려요?",
            "A": "저는 공원에 가서 미끄럼틀 타면 마음이 좀 풀려요."
        },
        {
            "Q": "몇 시에 자고 몇 시에 일어나요?",
            "A": "평소엔 한 여덟 시간 정도 자요. 근데 꿈꾸면 잘 못 자요."
        },
        {
            "Q": "아침에 일어났을 때 몸 상태는 어때요?",
            "A": "졸려요."
        },
        {
            "Q": "잠을 잘 못 잔다고 했는데 잠자는 중간에 자주 깨요?",
            "A": "네. 꿈꾸는 날에는 그래요."
        },
        {
            "Q": "원장님은 평소에 어떤 표정을 자주 지어요?",
            "A": "항상 웃으시는 거 같아요."
        },
        {
            "Q": "그 표정을 짓는 이유가 뭐인 거 같아요?",
            "A": "행복하신가 봐요."
        },
        {
            "Q": "그 표정을 볼 때 친구 기분은 어때요?",
            "A": "원장님이랑 있으면 저도 좋아요."
        },
        {
            "Q": "친구들이랑은 주로 뭐 하고 놀아요?",
            "A": "안 놀아요."
        },
        {
            "Q": "친구랑 몽+ 못 노는 이유가 뭐예요?",
            "A": "그냥 제가 피해 다녀요. 시끄럽고 그런 거 싫어요."
        },
        {
            "Q": "담임선생님 좋아해요?",
            "A": "네."
        },
        {
            "Q": "담임선생님이 어떤 부분에서 좋아요?",
            "A": "그냥 엄청 착해서 좋아요."
        },
        {
            "Q": "요즘 가장 큰 걱정거리가 있어요?",
            "A": "네. 부모님 보고 싶어요."
        },
        {
            "Q": "걱정거리 때문에 생활이 불편하거나 힘들어요?",
            "A": "네. 맨날 맨날 너무 보고 싶어서 힘들어요."
        },
        {
            "Q": "요즘 행복하다고 느껴요?",
            "A": "아니요."
        },
        {
            "Q": "왜 불행하다고 느껴요?",
            "A": "저는 이제 부모님이 없어서 못 보잖아요."
        },
        {
            "Q": "친구에게 행복을 주는 일이나 상황은 있어요?",
            "A": "모르겠어요. 그냥 부모님이 보고 싶어요."
        },
        {
            "Q": "친구는 꿈이 있어요?",
            "A": "아니요."
        },
        {
            "Q": "해보고 싶은 일이 없어요?",
            "A": "네."
        },
        {
            "Q": "이유가 있을까요?",
            "A": "모르겠어요. 그냥 꿈이 없어요. 저는."
        },
        {
            "Q": "센터에서 주로 친구를 돌봐주는 어른은 누구인가요?",
            "A": "원장님이요."
        },
        {
            "Q": "원장님이 잘 챙겨주시나요?",
            "A": "네. 잘 챙겨주세요."
        },
        {
            "Q": "빨래가 안 된다거나 옷이 작다거나 그런 적 있어요?",
            "A": "아니요."
        },
        {
            "Q": "인터넷이나 휴대폰을 가지고 노는 시간은 하루에 몇 시간 정도 해요?",
            "A": "재미없어서 한 시간 정도 하다가 안 해요."
        },
        {
            "Q": "피시방 같은 곳을 자주 가요?",
            "A": "아니요."
        },
        {
            "Q": "원장님이나 선생님 때문에 슬프거나 화가 난 적이 있어요?",
            "A": "아니요."
        },
        {
            "Q": "주위 어른들 중에 나를 때린 적 있는 사람이 있어요?",
            "A": "아니요."
        },
        {
            "Q": "내가 원하지 않는데도 누가 내 몸을 만지거나 보여달라고 한 적 있어요?",
            "A": "아니요."
        },
        {
            "Q": "시설에서 어른들끼리 소리 지르면서 싸우는 걸 듣거나 본 적이 있어요?",
            "A": "아니요."
        },
        {
            "Q": "친구들이 자주 놀리거나 괴롭힌다고 느낀 적이 있어요?",
            "A": "아니요."
        },
        {
            "Q": "어떨 때 마음이 복잡하거나 힘들어요?",
            "A": "부모님 보고 싶으면 그래요."
        },
        {
            "Q": "안 좋은 기억 때문에 괴로워서 죽고 싶다는 생각을 한 적 있어요?",
            "A": "아니요."
        },
        {
            "Q": "잠잘 때 주로 어떤 꿈을 꿔요?",
            "A": "부모님이 죽는 꿈이요."
        },
        {
            "Q": "잠자는 중간에 자주 깼던 이유가 무섭거나 끔찍하거나 힘들었던 경험 때문인가요?",
            "A": "맞아요."
        },
        {
            "Q": "생각하기 싫은데 자꾸 그 기억이 떠오른 적이 있어요?",
            "A": "네. 한 달에 한두 번은 그래요."
        },
        {
            "Q": "이런 싫은 기억이 떠오를 때 어떻게 해요?",
            "A": "울어요."
        },
        {
            "Q": "꿈을 꾸고 일어나면 몸 상태는 어떤가요?",
            "A": "그냥 좀 무섭고 땀나요."
        },
        {
            "Q": "가출했던 적이 있어요?",
            "A": "아니요."
        }
    ]
}