{
    "info": {
        "위기단계": "응급"
    },
    "kids_ment": [
        {
            "Q": "최근에 건강은 어떤 것 같아? 아픈 곳은 없어?",
            "A": "네. 아픈 곳 없어요."
        },
        {
            "Q": "최근에 다친 곳은 없어?",
            "A": "다친 곳 있어요."
        },
        {
            "Q": "어디를 다친 건지 말해줄래?",
            "A": "팔에 멍들었어요."
        },
        {
            "Q": "다른 곳은 안 다쳤어? 병원은 갔어?",
            "A": "네. 오른팔에 멍만 들었고 다른 데는 안 다쳤어요. 병원은 안 갔어요."
        },
        {
            "Q": "왜 다친 것 같아?",
            "A": "할머니가 던진 리모컨에 맞아서 다친 거 같아요."
        },
        {
            "Q": "뭘 할 때가 즐거워?",
            "A": "친구들이랑 스티커 붙이고 놀 때요."
        },
        {
            "Q": "어떤 점이 즐거운 것 같아?",
            "A": "스티커 붙이고 놀면 재밌어요. 저한테 이쁜 스티커가 많아서 자랑도 할 수 있어요."
        },
        {
            "Q": "최근 일주일 동안 짜증이나 화가 난 적 있어?",
            "A": "화난 적 있어요."
        },
        {
            "Q": "뭐 때문에 화가 난 거 같아?",
            "A": "집에 할머니가 자꾸 같이 있어서요."
        },
        {
            "Q": "평소에 화가 나면 어떻게 해?",
            "A": "방에 들어가서 이불 덮고 누워 있어요."
        },
        {
            "Q": "평소에 몇 시에 자고 몇 시에 일어나?",
            "A": "아홉 시에 자고 일곱 시에 일어나요."
        },
        {
            "Q": "아침에 일어나면 몸은 어때?",
            "A": "괜찮아요."
        },
        {
            "Q": "잠들기 힘들거나 자다가 중간에 깨진 않아?",
            "A": "가끔 잠들기 힘들 때 있어요."
        },
        {
            "Q": "한 달에 몇 번 정도 그러는 것 같아?",
            "A": "두 번 정도 그러는 것 같아요."
        },
        {
            "Q": "같이 사는 가족은 누구누구야?",
            "A": "엄마랑 아빠랑 할머니랑 오빠요."
        },
        {
            "Q": "평소 아빠의 표정은 어때?",
            "A": "모르겠어요. 잘 안 웃는 거 같아요."
        },
        {
            "Q": "왜 잘 안 웃으시는 거 같아? 친구 때문에 그런 거 같아?",
            "A": "아니요. 그냥 좋은 일이 없어서 그런 거 같아요."
        },
        {
            "Q": "아빠의 그 표정을 보면 기분이 어때?",
            "A": "말 못 걸겠어요."
        },
        {
            "Q": "아빠는 친구한테 관심이 있는 것 같아?",
            "A": "아빠는 저한테 관심 없고 오빠한테도 관심 없어요."
        },
        {
            "Q": "평소 엄마의 표정은 어때?",
            "A": "짜증 난 표정이요."
        },
        {
            "Q": "어떨 때 그런 표정을 지으시는 것 같아?",
            "A": "할머니랑 같이 살고 나서부터 짜증 난 표정 많이 지어요."
        },
        {
            "Q": "그 표정을 보면 기분이 어때?",
            "A": "조심해야 할 거 같아요. 저한테 뭐라고 할까 봐 걱정돼서요."
        },
        {
            "Q": "엄마는 친구한테 관심이 있는 것 같아?",
            "A": "엄마는 짜증을 내긴 하지만 잘 챙겨줘요."
        },
        {
            "Q": "부모님이 오빠랑 차별한다고 느낀 적 있어?",
            "A": "아니요."
        },
        {
            "Q": "평소 할머니의 표정은 어때?",
            "A": "오빠한텐 웃고 저한테는 찡그린 표정 많이 지어요."
        },
        {
            "Q": "어떨 때 그런 표정을 지으시는 것 같아?",
            "A": "그냥 항상이요."
        },
        {
            "Q": "그 표정을 보면 기분이 어때?",
            "A": "기분 나빠요. 오빠만 이뻐하니까요."
        },
        {
            "Q": "할머니는 친구한테 관심이 있는 것 같아?",
            "A": "아니요. 할머니는 저한테 관심 없어요. 오빠만 좋아해요."
        },
        {
            "Q": "할머니가 오빠랑 차별한다고 느낀 적 있어?",
            "A": "네. 항상 차별해요."
        },
        {
            "Q": "오빠는 몇 명이야?",
            "A": "한 명이요."
        },
        {
            "Q": "사이는 어때?",
            "A": "안 좋아요. 오빠 싫어요."
        },
        {
            "Q": "어떤 점 때문에 사이가 나쁘다고 생각해?",
            "A": "할머니가 오빠만 이뻐하고 잘해주니까 오빠가 저한테 막 대해요. 너무 싫어요."
        },
        {
            "Q": "친구들이랑 주로 뭐 하고 놀아?",
            "A": "얘기하고 놀아요."
        },
        {
            "Q": "친구들이랑 놀면 기분이 어때?",
            "A": "집보다 편하고 좋아요. 제 얘기도 애들이 잘 들어줘서요."
        },
        {
            "Q": "담임선생님은 좋아, 싫어?",
            "A": "좋아요."
        },
        {
            "Q": "어떤 점이 좋아?",
            "A": "제 얘기를 잘 들어주고요. 칭찬도 많이 해주세요. 선생님 너무 좋아요."
        },
        {
            "Q": "친구한테만 그러시는 것 같아?",
            "A": "아니요. 우리 반 애들 전부한테 다 잘해줘요."
        },
        {
            "Q": "요즘 걱정하는 게 있어?",
            "A": "할머니가 계속 같이 살까 봐 걱정이에요."
        },
        {
            "Q": "뭐 때문에 그게 걱정인 것 같아?",
            "A": "원래 할머니 없을 때는 오빠도 심하게 저 안 괴롭히고 부모님이랑 놀러도 가고 그랬는데 할머니 오고 나서는 그런 거 못 하고 있어요."
        },
        {
            "Q": "한 달에 몇 번 정도 그런 걱정이 되는 것 같아?",
            "A": "네 번이요."
        },
        {
            "Q": "그 걱정 때문에 평소에 힘들거나 불편하다고 느껴?",
            "A": "네. 불편해요."
        },
        {
            "Q": "그 걱정 때문에 평소에 불편하다고 한 달에 몇 번 정도 느끼는 것 같아?",
            "A": "그런 걱정 들 때마다요."
        },
        {
            "Q": "요즘 행복한 것 같아?",
            "A": "아니요. 안 행복한 거 같아요."
        },
        {
            "Q": "어떤 것 때문에 행복하지 않은 것 같아?",
            "A": "할머니가 같이 살아서요. 할머니 오고 나서부터 오빠도 저 괴롭히고 할머니랑 엄마랑 맨날 싸워요."
        },
        {
            "Q": "언제부터 행복하지 않았던 것 같아?",
            "A": "할머니가 같이 살고 나서부터요. 세 달 정도 된 거 같아요."
        },
        {
            "Q": "나중에 어떤 사람이 되고 싶어?",
            "A": "모르겠어요. 돈 많이 버는 사람 하고 싶어요."
        },
        {
            "Q": "그렇게 되고 싶다고 생각한 이유는 뭐야?",
            "A": "집에서 나가고 싶어서요."
        },
        {
            "Q": "나쁜 일이여도 상관없다고 생각해?",
            "A": "아니요. 그건 아니에요. 그냥 일해서 돈 많이 버는 거 하고 싶어요."
        },
        {
            "Q": "주로 집에서 돌봐주는 사람은 누구야?",
            "A": "엄마요."
        },
        {
            "Q": "배가 고픈데 밥을 챙겨주지 않아서 굶은 적이 있어?",
            "A": "아니요. 밥 잘 챙겨줘요."
        },
        {
            "Q": "빨래가 안 돼서 냄새나고 불쾌한 옷을 입은 적 있어?",
            "A": "아니요."
        },
        {
            "Q": "크기가 맞지 않는 옷을 입거나 신발을 신은 적 있어?",
            "A": "오빠 옷 물려 입을 때가 있어서 큰 거 입은 적 있어요."
        },
        {
            "Q": "일주일에 몇 번이나 그런 일이 있었어?",
            "A": "물려 입은 거라서 그냥 가끔 입어요. 2주에 한 번 정도 그러는 거 같아요."
        },
        {
            "Q": "아플 때 어른들이 병원에 데려가지 않은 적 있어?",
            "A": "아니요."
        },
        {
            "Q": "운동회나 수업 참관 같은 학교행사에 부모님이 잘 오시는 편이야?",
            "A": "네. 오긴 해요."
        },
        {
            "Q": "다섯 번 중에 몇 번 정도 오시는 것 같아?",
            "A": "다 오시는 거 같아요."
        },
        {
            "Q": "인터넷이나 휴대폰을 하루에 몇 시간 정도 하는 것 같아?",
            "A": "한 시간이요."
        },
        {
            "Q": "부모님이나 선생님 때문에 화나거나 슬픈 적 있어?",
            "A": "부모님이랑 선생님은 아닌데 할머니 때문에 화난 적 많아요."
        },
        {
            "Q": "어떤 말이나 행동 때문에 그렇게 느꼈어?",
            "A": "맨날 오빠랑 비교하고 여자애라고 무시해요."
        },
        {
            "Q": "어른들이 방이나 다른 곳에 가두고 못 나오게 한 적 있어?",
            "A": "아니요."
        },
        {
            "Q": "다른 사람 앞에서 혼난 적 있어?",
            "A": "아니요."
        },
        {
            "Q": "어른들이 다른 아이들이랑 비교할 때 있어?",
            "A": "할머니는 맨날 오빠랑 비교해요."
        },
        {
            "Q": "한 달에 몇 번 정도 그런 일이 있어?",
            "A": "매일이요."
        },
        {
            "Q": "어른들이 집에서 쫓아낸다고 하거나 버리겠다고 하거나 진짜 쫓아낸 적 있어?",
            "A": "그런 적은 없어요."
        },
        {
            "Q": "뭔가 하려고 할 때 무조건 안 된다고 하거나, 하기 싫은데도 무조건 하라고 한 적 있어?",
            "A": "오빠 방 정리하기 싫은데 할머니가 맨날 정리 해주라고 해요. 오빠가 나보다 나이도 많은데."
        },
        {
            "Q": "마음이 힘들 때 누구에게 말해?",
            "A": "담임선생님한테 학교 가서 이야기해요."
        },
        {
            "Q": "주위 어른들 중 때린 사람이 있어?",
            "A": "할머니요."
        },
        {
            "Q": "할머니가 때린 이유가 뭐라고 생각해?",
            "A": "저 차별하니까 엄마가 화나서 할머니랑 말싸움했는데 저 보여서 그냥 그런 거 같아요."
        },
        {
            "Q": "어느 부위를 어떤 걸로 맞았어?",
            "A": "팔을 리모컨으로 맞았어요."
        },
        {
            "Q": "최근에도 할머니가 때렸어?",
            "A": "팔에 멍든 게 일주일 전인데 그때 말곤 때린 적 없어요."
        },
        {
            "Q": "누군가 원하지 않는데도 몸을 만지거나 보여달라고 한 적 있어?",
            "A": "아니요. 없어요."
        },
        {
            "Q": "집에서 어른들이 소리 지르면서 싸우는 걸 듣거나 본 적 있어?",
            "A": "엄마랑 할머니가 소리 지르면서 싸웠어요."
        },
        {
            "Q": "그런 일이 한 달에 몇 번 정도 있어?",
            "A": "일주일에 두 번씩은 소리 지르면서 싸우는 거 같아요."
        },
        {
            "Q": "그렇게 싸울 때 친구에게 안 좋은 소리를 하거나 다치게 한 적 있어?",
            "A": "네. 이번이 처음이긴 한데 할머니가 저한테 물건 던지고 여자애 뭐 하러 낳았냐고 했어요."
        },
        {
            "Q": "그런 일 때문에 경찰이나 다른 사람이 온 적 있어?",
            "A": "아니요. 아무도 안 왔어요."
        },
        {
            "Q": "어른들이 싸우는 것 때문에 집에서 나와 있어야 한 적 있어?",
            "A": "아니요. 보통 그냥 방에 들어가 있어요."
        },
        {
            "Q": "그때 어른들이 술을 마신 상태였어?",
            "A": "아니요."
        },
        {
            "Q": "어른들이 술을 마시고 친구에게 무섭게 행동이나 말할 때가 있어?",
            "A": "아니요."
        },
        {
            "Q": "친구들이 자주 놀리거나 괴롭힌다고 느낀 적 있어?",
            "A": "아니요. 아무도 안 그래요."
        },
        {
            "Q": "어떨 때 마음이 복잡하거나 힘들어?",
            "A": "할머니가 저한테만 뭐라고 할 때 힘들어요."
        },
        {
            "Q": "그런 것 때문에 괴로워서 죽고 싶다고 생각한 적 있어?",
            "A": "왜 태어났냐고 할 때는 좀 그렇게 생각해요."
        },
        {
            "Q": "그런 생각이 한 달에 몇 번 정도 들어?",
            "A": "세 번 정도 들어요."
        },
        {
            "Q": "자살 시도를 한 적 있어?",
            "A": "아니요. 없어요."
        },
        {
            "Q": "잠잘 때 어떤 꿈을 꾸는 편이야?",
            "A": "네. 꿈꿔요."
        },
        {
            "Q": "기분 나쁜 꿈인 것 같아?",
            "A": "네. 싫은 꿈이에요."
        },
        {
            "Q": "그 꿈이 실제로 있었던 일 같아?",
            "A": "네. 할머니가 저한테 계속 뭐라고 하는 꿈이에요."
        },
        {
            "Q": "그렇게 꿈을 꾸고 일어나면 몸 상태는 어때?",
            "A": "심장이 두근거리고 땀이 많이 나요."
        },
        {
            "Q": "생각하기 싫은데도 자꾸 그 기억이 떠오른 적 있어?",
            "A": "아니요."
        },
        {
            "Q": "부모님 허락 없이 또는 말도 없이 집에서 오랫동안 나와 있었던 적이 있어?",
            "A": "아니요."
        }
    ]
}