{
    "info": {
        "위기단계": "관찰필요"
    },
    "kids_ment": [
        {
            "Q": "우리 친구 몸 상태는 어때? 건강해? 아니면 아픈 곳이 있어?",
            "A": "머리가 아파요."
        },
        {
            "Q": "왜 아픈 거야?",
            "A": "잠을 잘 못자서 그런 것 같아요."
        },
        {
            "Q": "언제부터 아팠던 거야?",
            "A": "한 이 주 전부터요. 계속 아파요."
        },
        {
            "Q": "이전에도 머리가 아팠어?",
            "A": "아니요."
        },
        {
            "Q": "그럼, 최근에 어디 다친 곳도 있을까?",
            "A": "다리랑 팔을 다쳤어요."
        },
        {
            "Q": "어쩌다가 다치게 된 거야?",
            "A": "이 주 전에 공원에 갔다가 큰 개가 제 여동생을 공격하려고 해서 막다가 물렸어요."
        },
        {
            "Q": "치료는 어떻게 했어?",
            "A": "엄마가 바로 병원으로 데려가서 주사도 맞고 소독했어요."
        },
        {
            "Q": "우리 친구는 뭘 할 때가 가장 즐거울까?",
            "A": "친구들이랑 축구하고 아빠랑 캐치볼 하면서 놀면 재밌어요."
        },
        {
            "Q": "최근 일주일 동안 짜증이나 화가 난 적이 있어?",
            "A": "없는 것 같아요."
        },
        {
            "Q": "그럼, 평소에 짜증이나 화가 났을 때, 어떻게 하면 마음이 풀리는 것 같아?",
            "A": "친구들이랑 놀다 보면 풀리는 것 같아요."
        },
        {
            "Q": "보통 몇 시에 자고, 몇 시에 일어나는 편이야?",
            "A": "열두 시에 자서 여섯 시에 일어나요."
        },
        {
            "Q": "아침에 일어났을 때, 몸 상태는 어때?",
            "A": "요즘 계속 일어나기가 힘들어요."
        },
        {
            "Q": "왜 일어나기가 힘든 것 같아?",
            "A": "중간에 자꾸 깨서 잠을 잘 자지 못해서 그런 것 같아요."
        },
        {
            "Q": "평상시에 어머니 아버지는 어떤 표정을 자주 짓는 것 같아?",
            "A": "둘 다 항상 행복한 표정을 짓는데요. 요즘은 제 걱정으로 어두우세요."
        },
        {
            "Q": "왜 그러신 것 같아?",
            "A": "제가 개한테 물리고 나서 밖에 나가기 힘들어하니까 걱정을 많이 해서요."
        },
        {
            "Q": "우리 친구 아까 여동생이 있는 것 같던데 형제자매는 몇 명이야?",
            "A": "여동생 한 명 있어요."
        },
        {
            "Q": "여동생이랑 사이가 어때?",
            "A": "제 여동생은 너무 귀엽고 사랑스럽고, 최고예요."
        },
        {
            "Q": "평소에 부모님이 여동생이랑 친구를 어떻게 대하시는 것 같아? 뭔가 차별하는 것 같다거나 그런 걸 느껴?",
            "A": "아니요. 저희 둘 똑같이 사랑해 주세요."
        },
        {
            "Q": "친구들이랑은 주로 뭐하면서 놀아?",
            "A": "축구하고 휴대폰 게임하고 그러는 것 같은데요."
        },
        {
            "Q": "담임선생님은 어때? 좋아해 아니면 안 좋아해?",
            "A": "좋아요."
        },
        {
            "Q": "담임선생님이 어떤 부분이 좋아?",
            "A": "잘 웃으시고 많이 챙겨주세요."
        },
        {
            "Q": "요즈음 우리 친구 고민은 어떤 거야?",
            "A": "또 개한테 물릴까 봐 밖에 나가기가 힘들어요."
        },
        {
            "Q": "그 걱정 때문에 생활이 불편하거나 힘들어?",
            "A": "혼자 밖에 있는 게 무서워요."
        },
        {
            "Q": "그럼, 요즈음 행복하다고 느껴?",
            "A": "예전보다는 덜 행복한 것 같아요."
        },
        {
            "Q": "행복함을 1에서 10으로 나타내면 예전에 비해 몇 점인 것 같아?",
            "A": "예전에는 9점 정도였는데 지금은 6점 정도인 것 같아요."
        },
        {
            "Q": "왜 9점에서 6점으로 떨어졌을까?",
            "A": "밖에 돌아다니면서 놀기 무서워서 집에만 있으니까요."
        },
        {
            "Q": "우리 친구는 커서 어떤 사람이 되고 싶어?",
            "A": "판사가 되고 싶어요."
        },
        {
            "Q": "왜 판사가 되고 싶어?",
            "A": "전에 드라마 보니까 판사가 멋있어 보여서요. 막 어려운 말하면서 그런 거 보니까 좋아 보여요."
        },
        {
            "Q": "판사가 되기 위해서 우리 친구가 한 노력은 뭐가 있을까?",
            "A": "엄마한테 말하니까 공부를 열심히 해야 한다고 해서 학원 다니기로 했어요."
        },
        {
            "Q": "집에서 주로 친구를 돌봐주는 어른은 누구야?",
            "A": "엄마요."
        },
        {
            "Q": "배가 고픈데 집에 먹을 게 없어서 굶은 적 있을까?",
            "A": "아니요."
        },
        {
            "Q": "저녁에 나를 집에 혼자 두고 어른들이 나갔던 적 있어?",
            "A": "그런 적도 없어요."
        },
        {
            "Q": "가족 중에 친구를 항상 돌봐주는 사람이 갑자기 말도 없이 집을 나가서 안 들어온 적 있어?",
            "A": "없어요."
        },
        {
            "Q": "우리 친구가 어디 아픈 곳이 있는데 어른들이 병원에 데려가지 않은 적이 있어?",
            "A": "아니요. 잘 데려가 주세요."
        },
        {
            "Q": "빨래가 안 되어 있어서 더럽고 냄새나는 옷을 입어야 한 적 있을까?",
            "A": "없었던 것 같아요."
        },
        {
            "Q": "옷이나 신발 사이즈가 작은 걸 입거나 신고 다닌 적이 있어?",
            "A": "아니요."
        },
        {
            "Q": "인터넷이나 휴대폰을 가지고 노는 시간은 하루에 몇 시간 정도야?",
            "A": "한 시간 정도 하는 것 같아요."
        },
        {
            "Q": "피시방도 가고 그래?",
            "A": "아니요. 가본 적 없어요."
        },
        {
            "Q": "어른들이 운동회나 참관 수업 같은 학교에 오는 행사에 잘 오시는 편이야?",
            "A": "엄마가 오는 것 같아요."
        },
        {
            "Q": "부모님이나 선생님 때문에 슬프거나 화난 적 있었어?",
            "A": "없어요."
        },
        {
            "Q": "주위 어른들 중 우리 친구를 때린 적이 있는 사람이 있어?",
            "A": "아니요. 없어요."
        },
        {
            "Q": "우리 친구가 원하지 않는데도 누군가가 친구 몸을 만지거나 보여달라고 한 적 있었을까?",
            "A": "그런 적 없어요."
        },
        {
            "Q": "집에서 어른들끼리 소리 지르면서 싸우는 걸 듣거나 본 적이 있어?",
            "A": "아니요."
        },
        {
            "Q": "친구들이 자주 놀리거나 괴롭힌다고 느낀 적이 있어?",
            "A": "아니요."
        },
        {
            "Q": "우리 친구는 어떨 때 마음이 복잡하거나 힘들어?",
            "A": "그런 건 없는 것 같은데요."
        },
        {
            "Q": "잠잘 때 주로 어떤 꿈을 꿔?",
            "A": "막 누가 쫓아오는 꿈이요."
        },
        {
            "Q": "중간에 잠에서 깨는 이유가 개한테 물린 기억 때문인 것 같아?",
            "A": "네. 맞는 것 같아요."
        },
        {
            "Q": "생각하고 싶지 않은데도 자꾸 그 기억이 떠오른 적이 있어?",
            "A": "밖에 나가면 계속 생각나서 무서워요."
        },
        {
            "Q": "밖에 혼자서는 얼마나 자주 나가?",
            "A": "요즘은 엄마가 학교 데려다줘서 혼자 안 돌아다녀요. 근데도 학교 가거나 집 올 때 계속 주위를 살펴보게 돼요."
        },
        {
            "Q": "이런 싫은 기억이 떠오를 때 어떻게 해?",
            "A": "엄마 옆에 붙어있어요."
        },
        {
            "Q": "꿈을 꾸고 일어나면 몸 상태가 어때?",
            "A": "막 땀이 나고 머리가 아파요."
        },
        {
            "Q": "부모님의 허락이나 아니면 말도 없이 집에 오랫동안 나와 있었던 적이 있어?",
            "A": "그런 적 없어요."
        }
    ]
}