{
    "info": {
        "위기단계": "응급"
    },
    "kids_ment": [
        {
            "Q": "최근에 내 몸이 건강한 거 같아요, 아니면 아픈 곳이 있어요?",
            "A": "아파요."
        },
        {
            "Q": "어디가 아파요?",
            "A": "가슴이 아파요."
        },
        {
            "Q": "어떻게 아파요?",
            "A": "가슴이 뻐근하고 숨쉬기가 힘들어요."
        },
        {
            "Q": "언제부터 아팠어요?",
            "A": "3일 전부터요."
        },
        {
            "Q": "왜 아픈 거예요?",
            "A": "삼촌이 발로 차서 맞았어요."
        },
        {
            "Q": "이전에도 그런 적 있어요?",
            "A": "발로 맞은 적은 없어요."
        },
        {
            "Q": "최근에 어디 다친 적 있어요?",
            "A": "가슴에 멍들었어요. 그리고 저번 주에는 손바닥도 찢어졌어요."
        },
        {
            "Q": "왜 다쳤어요?",
            "A": "손바닥 찢어진 것도 삼촌이 할머니 때리는 거 말리다가 삼촌이 밀어서 넘어졌는데 깨진 유리에 베였어요."
        },
        {
            "Q": "친구는 뭐 할 때가 즐거워요?",
            "A": "아이쇼핑 하는 거 좋아해요."
        },
        {
            "Q": "어떤 점이 좋아요?",
            "A": "예쁜 거 많이 있으니까 보다 보면 걱정이 없어져요."
        },
        {
            "Q": "최근 일주일 동안 짜증이나 화가 난 적이 있어요?",
            "A": "네. 있어요."
        },
        {
            "Q": "무엇 때문에 짜증이나 화가 났어요?",
            "A": "삼촌이 할머니 때리고 그러면 화나요."
        },
        {
            "Q": "그런 일이 자주 일어나요?",
            "A": "술만 먹으면 큰소리 내는데 때리는 건 최근에 심해졌어요."
        },
        {
            "Q": "평소 그렇게 화가 나면 어떻게 풀어요?",
            "A": "그냥 나가서 뛰어요."
        },
        {
            "Q": "몇 시에 자고 몇 시에 일어나요?",
            "A": "열두 시에 자서 일곱 시쯤이요."
        },
        {
            "Q": "아침에 일어났을 때 몸 상태는 어때요?",
            "A": "자고 일어났는데도 운동한 거처럼 몸이 무거워요."
        },
        {
            "Q": "평소에 잠들기 힘들거나 잠자는 중간에 자주 깨나요?",
            "A": "자다가 중간에 자주 깨요."
        },
        {
            "Q": "왜 자주 깨요?",
            "A": "꿈꾸다 놀라서 깨는 거 같아요."
        },
        {
            "Q": "평상시 삼촌은 어떤 사람이에요?",
            "A": "술주정뱅이요."
        },
        {
            "Q": "왜 그렇게 생각해요?",
            "A": "거의 매일 술 먹고 깽판 쳐요."
        },
        {
            "Q": "그런 삼촌을 보면 친구는 무슨 마음이 들어요?",
            "A": "혹시라도 할머니한테 무슨 일이라도 생길까 봐 걱정도 되고 술 먹은 삼촌은 무섭기도 하고 그래요."
        },
        {
            "Q": "할머니는 보통 어떤 표정을 지어요?",
            "A": "할머니는 그냥 울상이에요."
        },
        {
            "Q": "왜 그런 표정을 지으실까요?",
            "A": "우리 아빠가 첫째인데 죽고 나서 삼촌 하나 있는데 삼촌이 저러니까요."
        },
        {
            "Q": "할머니 보면 친구는 어떤 마음이 들어요?",
            "A": "속상해요."
        },
        {
            "Q": "형제자매는 몇 명이에요?",
            "A": "여동생 한 명 있어요."
        },
        {
            "Q": "동생이랑 사이는 어때요?",
            "A": "동생한테 저밖에 없어서 잘 챙겨줘야 해요."
        },
        {
            "Q": "평소에 삼촌이나 할머니가 동생이랑 차별하는 거 같아요?",
            "A": "아니요."
        },
        {
            "Q": "친구들이랑 주로 뭐 하고 놀아요?",
            "A": "그냥 어제 본 프로그램이나 각자 좋아하는 아이돌 얘기하고 누가 누구 좋아한다. 이런 것도 얘기하고 그래요."
        },
        {
            "Q": "주로 몇 명이서 놀아요?",
            "A": "제일 친한 친구는 한 명이요."
        },
        {
            "Q": "담임선생님은 좋아요? 싫어요?",
            "A": "담임선생님 좋아요."
        },
        {
            "Q": "선생님의 어떤 점이 좋아요?",
            "A": "저희 집 사정 아시고는 이것저것 많이 도와주시고 있어요."
        },
        {
            "Q": "요즘 가장 큰 걱정거리는 무엇이에요?",
            "A": "이러다 할머니마저 없으면 어떡하지? 이거요."
        },
        {
            "Q": "왜 걱정이 될까요?",
            "A": "할머니마저 없어지면 삼촌이랑 있는데 무서워요."
        },
        {
            "Q": "걱정 때문에 생활이 불편하거나 힘들어요?",
            "A": "네. 종종 무서워요."
        },
        {
            "Q": "요즘 행복하다고 느끼나요?",
            "A": "아니요."
        },
        {
            "Q": "전에 행복했던 기억은 있어요?",
            "A": "아빠 돌아가시기 전에요. 엄마도 안 나가고 가족들이 다 같이 저녁 먹었던 기억이 지금 생각해 보면 너무 그리워요."
        },
        {
            "Q": "지금은 불행하다고 느껴요?",
            "A": "네. 왜 저한테만 이런 일이 일어날까요?"
        },
        {
            "Q": "친구는 커서 어떤 사람이 되고 싶어요?",
            "A": "베이커리 배워서 디저트 카페 하고 싶어요."
        },
        {
            "Q": "왜 그게 되고 싶어요?",
            "A": "맛있는 디저트 너무 비싸서 잘 못 사 먹어요. 디저트도 마음껏 먹고 싶고 빵 냄새 좋아요."
        },
        {
            "Q": "집에서 주로 돌봐주는 어른이 누구예요?",
            "A": "할머니요."
        },
        {
            "Q": "배가 고픈데 먹을 게 없어서 굶은 적 있어요?",
            "A": "아니요. 없어요."
        },
        {
            "Q": "삼촌이나 할머니, 선생님 때문에 슬프거나 화가 난 적 있어요?",
            "A": "네. 있어요."
        },
        {
            "Q": "누구 때문에요?",
            "A": "삼촌이요."
        },
        {
            "Q": "삼촌의 어떤 말이나 행동이 친구를 슬프게 했어요?",
            "A": "할머니 때릴 때요."
        },
        {
            "Q": "주위 어른들 중에서 친구를 때린 사람이 있어요?",
            "A": "네. 삼촌이요."
        },
        {
            "Q": "왜 때리셨어요?",
            "A": "할머니 때려서 울면서 하지 말라고 소리쳤거든요."
        },
        {
            "Q": "어느 부위를 무엇으로 맞았나요?",
            "A": "발로 제 가슴을 찼어요."
        },
        {
            "Q": "삼촌이 자주 때려요? 일주일에 몇 번 그래요?",
            "A": "원래 소리만 질렀는데 최근에 때리기 시작했어요."
        },
        {
            "Q": "내가 원하지 않는데도 누군가가 내 몸을 만지거나 보여달라고 한 적 있어요?",
            "A": "아니요. 없어요."
        },
        {
            "Q": "집에서 어른들끼리 소리 지르면서 싸우는 걸 듣거나 본 적 있어요? 얼마나 자주 있어요?",
            "A": "삼촌이 할머니한테 소리 지르고 화내요. 일주일에 한두 번 술 먹다 화나면 그래요."
        },
        {
            "Q": "삼촌이 술 먹고 집에서 무섭게 행동할 때가 많아요?",
            "A": "네. 술을 거의 매일 마시고 화내는 거 일주일에 두 번 정도요."
        },
        {
            "Q": "그렇게 화내면서 친구한테 안 좋은 소리 하거나 친구가 다친 적 있어요?",
            "A": "말리면 꺼지라고 하면서 밀거나 발로 차요. 이번에 그래서 가슴 맞아서 다치고 손 찢어진 거예요."
        },
        {
            "Q": "그런 일 때문에, 집에 나와서 있어야 한 적 있어요?",
            "A": "아니요. 없어요."
        },
        {
            "Q": "그런 일 때문에, 집에 경찰이나 다른 사람이 온 적 있어요?",
            "A": "네. 이번에는 제가 112 불러서 경찰 왔어요."
        },
        {
            "Q": "경찰 오고 나서 또 비슷한 일이 일어난 적이 있어요?",
            "A": "네. 작년에도 경찰 부른 적 있어요. 근데 그 뒤로도 계속 그랬어요."
        },
        {
            "Q": "친구들이 나를 자주 놀리거나 괴롭힌다고 느낀 적이 있어요?",
            "A": "놀리거나 괴롭히는 친구는 없어요."
        },
        {
            "Q": "마음이 복잡하고 힘들어서 죽고 싶다는 생각 한 적 있어요?",
            "A": "아니요. 없어요."
        },
        {
            "Q": "잠잘 때 주로 어떤 꿈을 꿔요?",
            "A": "삼촌한테 도망가다 할머니나 동생이 잡혀서 놀라서 깨거나 도망가다 숨차서 깨거나 그래요."
        },
        {
            "Q": "생각하기 싫은데 자꾸 떠오른 적이 있어요? 얼마나 자주 그래요?",
            "A": "일주일에 3일 정도요. 자꾸 생각나요."
        },
        {
            "Q": "이런 싫은 기억이 떠오르면 어떻게 해요?",
            "A": "나가서 막 달려요. 숨 막혀서 못 뛸 때까지요."
        },
        {
            "Q": "꿈꾸고 일어나면 몸 상태는 어때요?",
            "A": "숨도 헐떡이고 땀도 나고 기분이 더러워요."
        },
        {
            "Q": "가출해 본 적 있어요?",
            "A": "아니요. 없어요."
        }
    ]
}