{
    "info": {
        "위기단계": "관찰필요"
    },
    "kids_ment": [
        {
            "Q": "최근에 어디 아픈 곳 있니?",
            "A": "네. 있어요."
        },
        {
            "Q": "어디가 아파?",
            "A": "배요."
        },
        {
            "Q": "배가 어떻게 아파?",
            "A": "꾸륵꾸륵 설사가 나와요."
        },
        {
            "Q": "언제부터 그랬어?",
            "A": "어제부터요."
        },
        {
            "Q": "일주일에 몇 번이나 이렇게 아파?",
            "A": "일주일에 한 번은 아픈 거 같아요."
        },
        {
            "Q": "최근에 다친 적은 있어?",
            "A": "아니요. 없어요."
        },
        {
            "Q": "친구는 뭐 할 때가 즐거워?",
            "A": "잘 모르겠어요."
        },
        {
            "Q": "재미있어서 또 하고 싶은 일이 뭐가 있을까?",
            "A": "음/ 인형 놀이 재미있어요."
        },
        {
            "Q": "인형 놀이하면 뭐가 좋아?",
            "A": "되고 싶은 사람이 될 수 있으니까요."
        },
        {
            "Q": "최근 일주일 동안 짜증이나 화가 난 적 있어?",
            "A": "아니요. 없어요."
        },
        {
            "Q": "몇 시에 자고 몇 시에 일어나?",
            "A": "열 시에 자서 일곱 시 반쯤 일어나요."
        },
        {
            "Q": "아침에 일어나면 몸 상태는 어때?",
            "A": "그냥 더 자고 싶어요."
        },
        {
            "Q": "잠들기 힘들거나 자주 깰까?",
            "A": "누우면 바로 자는데 중간에 자주 깨요."
        },
        {
            "Q": "왜 중간에 깨는 거야?",
            "A": "꿈꿔서요."
        },
        {
            "Q": "엄마가 친구를 바라보는 표정은 어때?",
            "A": "아무 표정 없어요."
        },
        {
            "Q": "왜 표정이 없으실까?",
            "A": "그냥 피곤하셔서 그런 거 아닐까요?"
        },
        {
            "Q": "그런 표정을 보면 친구는 기분이 어때?",
            "A": "힘이 빠져요."
        },
        {
            "Q": "형제자매는 몇 명이야?",
            "A": "언니 한 명 있어요."
        },
        {
            "Q": "언니랑 사이가 어때?",
            "A": "언니가 저 잘 챙겨줘요. 저도 언니 좋아요."
        },
        {
            "Q": "친구들이랑 주로 뭐 하고 놀아?",
            "A": "좋아하는 아이돌 얘기하고 틱톡도 보고 그래요."
        },
        {
            "Q": "몇 명이랑 친해?",
            "A": "두 명이요."
        },
        {
            "Q": "담임선생님은 좋아, 싫어?",
            "A": "선생님 좋아요."
        },
        {
            "Q": "선생님의 어떤 부분이 좋아?",
            "A": "학교 끝나면 한 명 한 명 인사해 주세요."
        },
        {
            "Q": "요즘 가장 큰 걱정거리가 뭐야?",
            "A": "아빠 보고 싶은 거요."
        },
        {
            "Q": "무엇 때문에 그게 걱정이 되는 거야?",
            "A": "아빠 보고 싶다고 말하면 엄마가 싫어해요."
        },
        {
            "Q": "걱정 때문에 생활이 불편하거나 힘들어?",
            "A": "아빠가 있으면 엄마가 덜 힘들고 그럼 더 좋을 텐데 엄마가 힘들어하면 저도 힘들어요."
        },
        {
            "Q": "걱정 생각은 일주일에 몇 번이나 해?",
            "A": "어쩌다 한 번씩이요. 한 달에 한두 번 정도요."
        },
        {
            "Q": "요즘 행복하다고 느껴?",
            "A": "잘 모르겠어요."
        },
        {
            "Q": "행복의 정도가 1에서 10까지 있을 때 친구는 어느 정도인 거 같아?",
            "A": "5점에서 6점 정도요."
        },
        {
            "Q": "왜 그렇게 느껴?",
            "A": "아빠 보고 싶은 거 빼고는 괜찮아요."
        },
        {
            "Q": "친구는 커서 어떤 사람이 되고 싶어?",
            "A": "의사요."
        },
        {
            "Q": "의사가 왜 되고 싶어?",
            "A": "그냥 엄마가 공부해서 의사 되라고, 의사하면 좋다고 그랬어요."
        },
        {
            "Q": "집에서 주로 돌봐주는 어른은 누구야?",
            "A": "엄마요."
        },
        {
            "Q": "배가 고픈데 먹을 게 없어서 못 먹은 적 있어?",
            "A": "그런 적 없어요."
        },
        {
            "Q": "저녁에 집에 혼자 두고 어른들이 나갔던 적 있어?",
            "A": "아니요."
        },
        {
            "Q": "빨래가 되어 있지 않아서 더럽고 냄새나는 옷을 다시 입거나 사이즈에 맞지 않은 옷을 입거나 신발을 신은 적 있어?",
            "A": "아니요. 빨래는 언니가 세탁기 돌리고 옷은 언니 옷도 있고 해서 작은 거 없어요."
        },
        {
            "Q": "부모님이나 선생님 때문에 슬프거나 화난 적 있어?",
            "A": "엄마가 아빠 얘기하지 말라고 하면 좀 슬퍼요."
        },
        {
            "Q": "엄마한테 그런 이야기해 봤어?",
            "A": "아니요."
        },
        {
            "Q": "주위 어른들 중에 친구를 때린 적 있는 사람이 있을까?",
            "A": "아니요. 없어요."
        },
        {
            "Q": "내가 원하지 않는데 내 몸을 만지거나 보여달라고 한 적 있어?",
            "A": "아니요. 엄마가 그런 건 절대 안 된다고 했어요."
        },
        {
            "Q": "집에서 어른들끼리 소리 지르면서 싸우는 거 보거나 들은 적 있어?",
            "A": "아니요. 없어요."
        },
        {
            "Q": "친구들이 나를 놀리거나 괴롭힌다고 느낀 적 있어?",
            "A": "친구들 다 좋아요."
        },
        {
            "Q": "마음이 힘들어서 죽고 싶다는 생각 해본 적 있어?",
            "A": "아니요. 없어요."
        },
        {
            "Q": "주로 어떤 꿈 꾸는 거야?",
            "A": "엄마가 날 어두운 곳에 두고 떠나는 꿈이요."
        },
        {
            "Q": "엄마가 친구를 두고 떠난 적 있어?",
            "A": "아니요. 그런 적은 없어요."
        },
        {
            "Q": "그런 꿈은 일주일에 몇 번이나 꿔?",
            "A": "두 번? 세 번? 이 정도요."
        },
        {
            "Q": "꿈꿔서 일어나면 몸 상태는 어때?",
            "A": "심장이 쿵쾅거려요."
        },
        {
            "Q": "이런 안 좋은 꿈 꾸고 나면 어떻게 해?",
            "A": "그냥 화장실 갔다가 다시 자려고 해요."
        },
        {
            "Q": "친구 가출해본 적 있어?",
            "A": "아니요. 전 집이 좋아요."
        }
    ]
}