{
    "info": {
        "위기단계": "응급"
    },
    "kids_ment": [
        {
            "Q": "요즘 내 몸이 건강한 거 같아? 아니면 어디 아픈 곳이 있어?",
            "A": "여기저기 멍든 곳 아파요."
        },
        {
            "Q": "어디에 멍들었어?",
            "A": "팔이랑 다리요."
        },
        {
            "Q": "언제부터 멍든 거야?",
            "A": "멍이 많아서. 멍은 매일 있는데?"
        },
        {
            "Q": "왜 멍든 거야?",
            "A": "원장님한테 맞은 것도 있고 놀다가 다치기도 하고요."
        },
        {
            "Q": "친구는 뭐 할 때가 즐거워?",
            "A": "게임 할 때요."
        },
        {
            "Q": "게임이 왜 좋아?",
            "A": "그냥 게임에만 집중하면 되니까요."
        },
        {
            "Q": "최근 일주일 동안 짜증이나 화가 난 적이 있어?",
            "A": "매일 짜증 나고 화도 나요."
        },
        {
            "Q": "무엇 때문에 그래?",
            "A": "그냥 마음대로 할 수 있는 것도 없고 다른 애들처럼 좋은 곳에도 못 가고 원장님은 하지 말라는 것만 많아요."
        },
        {
            "Q": "평소에 그럼 어떻게 풀어?",
            "A": "그냥 게임해요."
        },
        {
            "Q": "몇 시에 자고 몇 시에 일어나?",
            "A": "아홉 시면 불 꺼지는데 열 시에 자서 일곱 시에 일어나요."
        },
        {
            "Q": "아침에 일어났을 때 몸 상태는 어때?",
            "A": "몰라요. 그냥 빨리 씻고 밥 먹고 가야 해서 그냥 별 느낌 없어요."
        },
        {
            "Q": "평소에 잠이 들기 힘들거나 잠자는 중간에 자주 깨?",
            "A": "중간에 깨지는 않는데 누워도 잠이 잘 안 와요."
        },
        {
            "Q": "왜 잠이 잘 안 와?",
            "A": "안 졸린데 자라고 하니까 계속 뒤척여요."
        },
        {
            "Q": "시설 선생님들 좋아, 싫어?",
            "A": "대답하기 싫어요."
        },
        {
            "Q": "왜 대답하기 싫어?",
            "A": "선생님들은 괜찮은데 원장님 미워요."
        },
        {
            "Q": "왜 그렇게 생각해?",
            "A": "선생님들은 잘해주려고 하는데 시간 되면 가시구요. 원장 선생님은 하지 말라는 게 너무 많아요."
        },
        {
            "Q": "원장 선생님 보면 어떤 느낌이 들어?",
            "A": "만나기 싫어요."
        },
        {
            "Q": "형제자매는 몇 명이야?",
            "A": "저 혼자요."
        },
        {
            "Q": "친구들이랑 주로 뭐 하고 놀아?",
            "A": "학교에서는 게임하고 시설 오면 그냥 운동장에서 놀아요."
        },
        {
            "Q": "주로 몇 명이랑 놀아?",
            "A": "학교 친구는 세 명이요. 여기서는 그냥 다 같이 놀아요."
        },
        {
            "Q": "담임선생님은 좋아, 싫어?",
            "A": "학교요?"
        },
        {
            "Q": "응. 학교 선생님.",
            "A": "잘 모르겠어요. 학교에서는 그냥 조용히 있어서 선생님이랑 말 안 해봤어요."
        },
        {
            "Q": "그래도 좋고 싫은 거 중에 하나만 선택해야 하면 어느 쪽이야?",
            "A": "좋은 쪽이요."
        },
        {
            "Q": "요즘 가장 큰 고민이 뭐야?",
            "A": "여기서 나가고 싶은데, 갈 데가 없어요."
        },
        {
            "Q": "그게 왜 고민이야?",
            "A": "나가서 돈 벌 것도 없고, 갈 데도 없고 그냥 혼자 있고 싶은데 할 수가 없어서요."
        },
        {
            "Q": "고민 때문에 생활이 불편하거나 힘들어?",
            "A": "고민 때문이라기보다 그냥 여기서 생활하는 게 힘들어요."
        },
        {
            "Q": "요즘 행복하다고 느껴?",
            "A": "아니요."
        },
        {
            "Q": "왜 불행하다고 생각해?",
            "A": "그냥 좋은 게 없는데요. 엄마, 아빠가 다 버려서 여기 있잖아요."
        },
        {
            "Q": "커서 어떤 사람이 되고 싶어? 꿈 있어?",
            "A": "그냥 돈 많이 버는 사람이요."
        },
        {
            "Q": "어떤 사람이 돼서 돈 많이 벌고 싶어?",
            "A": "돈 생기면 주식이나 로또 해서 저도 건물 살래요."
        },
        {
            "Q": "되고 싶은 사람 없을까?",
            "A": "그냥 돈만 많이 벌 수 있으면 좋겠어요."
        },
        {
            "Q": "시설에서 주로 돌봐주시는 어른이 누구야?",
            "A": "선생님들이랑 원장님이요."
        },
        {
            "Q": "배가 고픈데 먹을 게 없어서 굶은 적 있어?",
            "A": "밥은 잘 나와요. 근데 간식이 더 많았으면 좋겠어요."
        },
        {
            "Q": "아픈 곳이 있는데 병원에 데려가지 않은 적 있어?",
            "A": "병원 잘 안 가요. 심하지 않으면 그냥 참아요."
        },
        {
            "Q": "빨래가 되지 않아 더럽고 냄새나는 옷을 계속 입어야 했거나 사이즈에 맞지 않는 옷이나 신발을 입거나 신은 적 있어?",
            "A": "옷 더럽혀서 자주 갈아입으면 혼나요. 여름 아니면 옷 이틀 이상 입어야 해요. 옷은 그냥 몸에 맞는 거 입어요."
        },
        {
            "Q": "인터넷이나 휴대폰 가지고 노는 시간은 하루에 몇 시간 정도 돼?",
            "A": "휴대폰 없어요."
        },
        {
            "Q": "피시방 같은 곳에 얼마나 자주 가?",
            "A": "잘 안 가요."
        },
        {
            "Q": "주변 어른들 때문에 슬프거나 화가 난 적 있어?",
            "A": "네. 있어요."
        },
        {
            "Q": "누가 그랬어?",
            "A": "원장님이요."
        },
        {
            "Q": "원장님의 어떤 말이나 행동이 친구를 슬프게 했어?",
            "A": "이 쓸모없는 멍텅구리야. 똑바로 해라."
        },
        {
            "Q": "친구를 어디 가두고 못 나오게 한 적 있어?",
            "A": "아니요. 가두진 않아요."
        },
        {
            "Q": "다른 사람들 앞에서도 혼날 때 있어?",
            "A": "원장실에서만 혼나요."
        },
        {
            "Q": "주위 어른 중에 친구를 때린 적 있는 사람 있어?",
            "A": "원장님이요."
        },
        {
            "Q": "원장님이 친구를 때리는 이유는 뭐라고 생각해?",
            "A": "말 안 듣는다고요. 이번에는 가출해서요."
        },
        {
            "Q": "어느 부위를 무엇으로 맞았어?",
            "A": "파리채로 팔이나 허벅지 때려요."
        },
        {
            "Q": "원장님이 자주 때려?",
            "A": "자주는 아닌데 원장님 기분 별로 안 좋을 때 말 안 들으면 때려요."
        },
        {
            "Q": "맞아서 얼마나 다쳤어?",
            "A": "그냥 멍들었어요."
        },
        {
            "Q": "병원 가서 치료받았어?",
            "A": "아니요. 멍든 건 그냥 시간 지나면 괜찮아져요."
        },
        {
            "Q": "맞아서 병원에 입원한 적 있어?",
            "A": "아니요. 없어요."
        },
        {
            "Q": "원하지 않는데 내 몸을 만지려고 하거나 보여달라고 한 적 있어?",
            "A": "아니요. 없어요."
        },
        {
            "Q": "어른들끼리 소리 지르면서 싸우는 걸 듣거나 본 적이 있어?",
            "A": "아니요. 없어요."
        },
        {
            "Q": "친구들이 나를 자주 놀리거나 괴롭힌다고 느낀 적 있어?",
            "A": "아니요. 없어요."
        },
        {
            "Q": "마음이 힘들어서 죽고 싶다는 생각 한 적 있어?",
            "A": "아니요. 죽기 싫어요."
        },
        {
            "Q": "잠잘 때 주로 어떤 꿈을 꿔?",
            "A": "일단 잠들면 꿈은 안 꾸고 잘 자요."
        },
        {
            "Q": "가출해 본 적 있어?",
            "A": "네. 한 번 해봤어요."
        },
        {
            "Q": "언제 해봤어? 몇 살 때?",
            "A": "올해요."
        },
        {
            "Q": "최근 한 달 사이에 한 거야?",
            "A": "네. 2주 전에요."
        },
        {
            "Q": "왜 나갔어?",
            "A": "그냥 답답해서요. 같이 지내는 형이 나간다고 해서 따라 나갔어요."
        },
        {
            "Q": "가출해서 다른 가출 친구들이랑 같이 있었어?",
            "A": "아니요. 형이랑만 있었어요."
        },
        {
            "Q": "나가서 뭐 하면서 시간을 보냈어?",
            "A": "형이랑 피시방 갔다가 한강에서 자려고 했는데 경찰한테 걸렸어요."
        }
    ]
}