{
    "info": {
        "위기단계": "상담필요"
    },
    "kids_ment": [
        {
            "Q": "최근에 건강한가요? 아니면 아픈 곳이 있어요?",
            "A": "머리가 자주 아파요."
        },
        {
            "Q": "머리 어디가 어떻게 아파요?",
            "A": "전체가 지끈지끈하고요. 특히 머리 옆쪽이 쑤시는 것 같아요."
        },
        {
            "Q": "언제부터 아팠어요?",
            "A": "좀 된 것 같아요. 4월에 전학 오고 나서부터요."
        },
        {
            "Q": "한번 아프기 시작하면 얼마나 오랫동안 아파요?",
            "A": "약 먹으면 괜찮은데 학교에 있으면 내내 아픈 것 같아요. 그래서 보건실에 누워있을 때가 많아요."
        },
        {
            "Q": "최근에 다쳤던 적이 있나요?",
            "A": "없어요."
        },
        {
            "Q": "뭘 할 때 즐거워요?",
            "A": "딱히 없어요."
        },
        {
            "Q": "이전에도 즐겁다고 느낀 적이 없나요?",
            "A": "전에는 있었던 것 같아요."
        },
        {
            "Q": "즐겁다고 느끼지 못한 것이 언제부터예요?",
            "A": "이것도 전학 오고 나서부터 인 것 같아요."
        },
        {
            "Q": "최근 일주일 동안 짜증이나 화가 난 적이 있나요?",
            "A": "네. 엄마한테 짜증을 많이 내요."
        },
        {
            "Q": "무엇 때문에 짜증이 났어요?",
            "A": "요즘 엄마가 일어나라고 깨운다든지 자라고 한다든지 할 때 짜증이 나요."
        },
        {
            "Q": "그렇게 짜증이 나면 어떻게 할 때 마음이 풀려요?",
            "A": "나중에 생각해 보면 엄마한테 화낼 일도 아니었는데 하면서 사과를 드리면 괜찮아져요."
        },
        {
            "Q": "몇 시에 자고, 몇 시에 일어나요?",
            "A": "새벽 두세 시 정도에 잠들어요. 여덟 시 넘어서 일어나요."
        },
        {
            "Q": "아침에 일어났을 때 몸 상태는 어때요?",
            "A": "졸려요."
        },
        {
            "Q": "평소에 잠이 들기 힘들거나 잠자는 중간에 깨는 일이 있나요?",
            "A": "열두 시에 자려고 눕는데 잠이 잘 안 와서 두세 시에 자게 돼요."
        },
        {
            "Q": "아버지는 어떤 표정을 자주 짓나요?",
            "A": "자주 웃으세요. 퇴근하고 집에 오니까 좋다고 하세요."
        },
        {
            "Q": "아빠가 웃으시면 기분이 어때요?",
            "A": "좋죠."
        },
        {
            "Q": "어머니는 어떤 표정을 자주 짓나요?",
            "A": "엄마는 걱정이 많아요."
        },
        {
            "Q": "왜 걱정이 많으신 것 같아요?",
            "A": "원래 걱정이 많은 성격이세요."
        },
        {
            "Q": "그런 엄마를 볼 때 내 기분은 어때요?",
            "A": "저도 약간 불안해져요."
        },
        {
            "Q": "형제자매가 있나요?",
            "A": "형 한 명 있어요."
        },
        {
            "Q": "사이가 어때요?",
            "A": "좋아요."
        },
        {
            "Q": "부모님이 형과 나를 차별하는 것 같아요?",
            "A": "그런 것 같진 않아요."
        },
        {
            "Q": "친구들이랑 뭐 하고 놀아요?",
            "A": "친구 없어요."
        },
        {
            "Q": "왜 친구가 없어요?",
            "A": "전학 와서 동네에 아는 친구도 없구요. 학교 애들은 저랑 안 놀아요."
        },
        {
            "Q": "담임선생님을 좋아하나요, 싫어하나요?",
            "A": "좋아요."
        },
        {
            "Q": "어떤 점이 좋아요?",
            "A": "저한테 신경을 많이 써주세요."
        },
        {
            "Q": "요즘 제일 걱정되는 게 뭐예요?",
            "A": "학교에 친구가 없는 거요."
        },
        {
            "Q": "어떤 점에서 걱정이 돼요?",
            "A": "제 성격이 점점 변하는 것 같아요. 원래는 더 밝았는데 전학 오고 나니까 애들이 저한테 관심도 없고 제가 말 걸어도 피하고 말도 안 걸고, 점점 학교 가기가 싫어져요."
        },
        {
            "Q": "이런 걱정 때문에 어느 정도로 힘든가요?",
            "A": "월요일 날 학교 올 때마다 힘들고 집에 가고 싶다는 생각을 해요."
        },
        {
            "Q": "요즘 행복한 것 같아요?",
            "A": "아니요. 전 학교 다닐 때가 행복했던 것 같아요."
        },
        {
            "Q": "커서 어떤 사람이 되고 싶어요?",
            "A": "수의사요. 동물들을 치료해 주고 싶어요."
        },
        {
            "Q": "집에서 주로 나를 돌봐주는 어른은 누구인가요?",
            "A": "엄마요."
        },
        {
            "Q": "배가 고픈데 먹을 게 없어서 굶은 적이 있나요?",
            "A": "아니요."
        },
        {
            "Q": "저녁에 나를 집에 혼자 두고 어른들이 나갔던 적 있나요?",
            "A": "아니요."
        },
        {
            "Q": "어디 아픈 곳이 있는데 어른들이 병원에 데려가지 않은 적이 있나요?",
            "A": "아니요."
        },
        {
            "Q": "더럽고 냄새나는 옷을 입어야 한 적이 있거나 작은 옷이나 신발을 입거나 신고 다닌 적 있나요?",
            "A": "아니요."
        },
        {
            "Q": "인터넷이나 휴대폰을 가지고 노는 시간은 하루에 몇 시간 정도인가요?",
            "A": "두 시간 정도요."
        },
        {
            "Q": "어른들이 운동회나 참관 수업 또는 학부모 상담 같은 학교 행사에 잘 오시나요?",
            "A": "네."
        },
        {
            "Q": "부모님이나 선생님 때문에 슬프거나 화가 난 적이 있나요?",
            "A": "없어요."
        },
        {
            "Q": "주위 어른들 중 나를 때린 적이 있는 사람이 있나요?",
            "A": "아니요."
        },
        {
            "Q": "내가 원하지 않는데도 누군가가 내 몸을 만지거나 보여달라고 한 적 있어요?",
            "A": "아니요."
        },
        {
            "Q": "집에서 어른들끼리 소리 지르면서 싸우는 걸 듣거나 본 적이 있나요?",
            "A": "아니요."
        },
        {
            "Q": "친구들이 나를 자주 놀리거나 괴롭힌다고 느낀 적이 있나요?",
            "A": "전학 온 지 얼마 안 됐을 때는 반 애들이 제 이름에 제가 온 지역 이름을 붙여서 놀렸어요. 제가 참다가 하지 말라고 하니까 그 후로는 저를 없는 사람 취급하고 같이 놀려고도 안 해요."
        },
        {
            "Q": "반 친구들이 놀렸을 때 어떤 기분이었어요?",
            "A": "친하지도 않은데 놀리니까 기분이 안 좋았어요."
        },
        {
            "Q": "이렇게 괴롭힘을 당한 기간이 어떻게 되나요?",
            "A": "놀린 건 몇 주 안 되고요. 무시하는 건 그 후로 계속이요."
        },
        {
            "Q": "이 아이들 때문에 학교를 가지 않은 적이 있나요?",
            "A": "아니요. 엄마가 힘들면 안 가도 된다고 했는데 그냥 가요."
        },
        {
            "Q": "어떨 때 마음이 복잡하거나 힘든가요?",
            "A": "학교에 있으면 계속 힘들어요."
        },
        {
            "Q": "안 좋은 기억 때문에 괴로워서 죽고 싶다는 생각을 한 적이 있나요?",
            "A": "그런 적은 없는데요."
        },
        {
            "Q": "잠잘 때 주로 어떤 꿈을 꾸나요?",
            "A": "요즘 귀신 나오는 악몽을 자주 꿔요."
        },
        {
            "Q": "꿈을 꾸고 일어나면 몸 상태가 어떤가요?",
            "A": "보통 꿈속에서 도망치다 깨서 식은땀도 나고 소름이 끼쳐요."
        },
        {
            "Q": "부모님의 허락 없이 또는 말도 없이 집에 오랫동안 나와 있었던 적이 있나요?",
            "A": "아니요."
        }
    ]
}