{
    "info": {
        "위기단계": "응급"
    },
    "kids_ment": [
        {
            "Q": "최근에 건강한가요, 아니면 아픈 곳이 있나요?",
            "A": "건강해요."
        },
        {
            "Q": "최근에 다쳤던 적이 있었나요, 없었나요?",
            "A": "없어요."
        },
        {
            "Q": "뭘 할 때가 즐겁나요?",
            "A": "친구들이랑 얘기하고 놀 때 그나마 재밌구요. 나머지는 다 그냥 그래요."
        },
        {
            "Q": "친구들이랑 얘기할 때 어떤 점이 재밌어요?",
            "A": "그냥 얘기하면 스트레스가 풀리는 것 같아요."
        },
        {
            "Q": "최근 일주일 동안 짜증이나 화가 난 적이 있나요?",
            "A": "집에만 들어가면 화가 나고 답답해요."
        },
        {
            "Q": "무엇 때문에 화가 나고 답답해요?",
            "A": "우리 엄마, 아빠는 싸우거나 싸워서 말 한마디도 안 하거나 둘 중 하나거든요."
        },
        {
            "Q": "이렇게 화가 나고 답답할 때 뭘 하면 마음이 풀려요?",
            "A": "뭘 해서 풀리진 않구요. 그냥 시간 지나면 가라앉아요."
        },
        {
            "Q": "몇 시에 자고 몇 시에 일어나요?",
            "A": "새벽 한 시에 자는 거 같고 여덟 시에 일어나요."
        },
        {
            "Q": "일어났을 때 몸 상태는 어때요?",
            "A": "더 자고 싶어요."
        },
        {
            "Q": "평소에 잠이 들기 힘들거나 잠자는 중간에 자주 깨나요?",
            "A": "거실이 시끄러워서 깰 때 자주 있어요."
        },
        {
            "Q": "평상시에 아버지는 어떤 표정을 자주 짓나요?",
            "A": "아빠는 엄마한테도 관심이 없고 저한테도 관심이 없어요."
        },
        {
            "Q": "내 기분은 어때요?",
            "A": "그냥 답답해요."
        },
        {
            "Q": "평상시에 어머니는 어떤 표정을 자주 짓나요?",
            "A": "엄마는 화가 많이 나 있어요."
        },
        {
            "Q": "내 기분은 어때요?",
            "A": "왜 저렇게 화를 많이 내나 싶어요. 이해가 안 돼요."
        },
        {
            "Q": "형제자매가 있나요?",
            "A": "없어요."
        },
        {
            "Q": "친구들이랑 주로 뭘 하고 놀아요?",
            "A": "앉아서 이야기도 많이 하고 노래방도 가요."
        },
        {
            "Q": "주로 몇 명이 놀아요?",
            "A": "세 명이요. 이야기하는 친구는 한 명이에요."
        },
        {
            "Q": "담임선생님을 좋아하나요, 싫어하나요?",
            "A": "그냥 괜찮아요. 열심히 하시는 것 같아요."
        },
        {
            "Q": "요즘 가장 큰 걱정거리는 무엇인가요?",
            "A": "엄마랑 아빠가 매일 싸우는 거요."
        },
        {
            "Q": "어떤 게 가장 걱정이 돼요?",
            "A": "이러다 이혼할까 봐 걱정되기도 하고 매일매일 시끄러우니까 스트레스받아요."
        },
        {
            "Q": "요즘 행복하다고 느끼나요?",
            "A": "아니요."
        },
        {
            "Q": "왜 행복하지 않다고 느껴요?",
            "A": "행복할 일이 없어요."
        },
        {
            "Q": "커서 어떤 사람이 되고 싶어요?",
            "A": "생각을 안 해봐서 잘 모르겠어요."
        },
        {
            "Q": "해보고 싶은 일이 없나요?",
            "A": "아직 없어요."
        },
        {
            "Q": "집에서 주로 나를 돌봐주는 어른은 누구인가요?",
            "A": "엄마요."
        },
        {
            "Q": "배가 고픈데 먹을 게 없어서 굶은 적이 있나요?",
            "A": "네. 엄마랑 아빠가 싸우다가 밖으로 나가서 새벽까지 안 들어왔거든요. 그날은 그냥 굶고 잤어요."
        },
        {
            "Q": "얼마나 자주 이런 일이 있나요?",
            "A": "한 달에 한 번은 그래요."
        },
        {
            "Q": "어디 아픈 곳이 있는데 어른들이 병원에 데려가지 않은 적이 있나요?",
            "A": "건강해서 아픈 적이 없었어요."
        },
        {
            "Q": "더럽거나 사이즈가 작은 옷이나 신발을 입거나 신고 다닌 적이 있나요?",
            "A": "네. 가끔 빨래가 안 되어 있어서 벗어 놓은 옷을 다시 입고 갈 때가 있어요."
        },
        {
            "Q": "인터넷이나 휴대폰을 가지고 노는 시간은 하루에 몇 시간 정도인가요?",
            "A": "두 시간 정도요."
        },
        {
            "Q": "어른들이 운동회나 참관 수업 또는 학부모 상담 같은 학교 행사에 잘 오시나요?",
            "A": "거의 안 와요."
        },
        {
            "Q": "부모님이나 선생님 때문에 슬프거나 화가 난 적이 있나요?",
            "A": "네."
        },
        {
            "Q": "부모님이나 선생님의 어떤 말이나 행동이 나를 슬프게 하나요?",
            "A": "엄마, 아빠가 싸우는데 거슬리면 엄마가 저한테 꺼지라고 해요."
        },
        {
            "Q": "어른들이 나를 어디에 가두고 못 나오게 한 적이 있나요?",
            "A": "아니요."
        },
        {
            "Q": "다른 사람들 앞에서도 혼나거나 나를 다른 아이들과 비교할 때 있나요?",
            "A": "아니요."
        },
        {
            "Q": "어른들이 나를 집에서 쫓아내거나 버리겠다고 말하거나 진짜 쫓아낸 적이 있나요?",
            "A": "자기들끼리 얘기할 때 그럼 쟤는 어떻게 할 거냐고 하는 얘길 들은 적이 있어요."
        },
        {
            "Q": "내가 무엇을 하려고 할 때, 무조건 안 된다고 하거나, 하기 싫은데 무조건 하라고 할 때가 있나요?",
            "A": "저한테 그런 말을 잘 안 해요."
        },
        {
            "Q": "마음이 힘들 때, 가족에게 내 마음을 이야기하나요?",
            "A": "아니요. 친구한테만 이야기해요."
        },
        {
            "Q": "주위 어른들 중 나를 때린 적이 있는 사람이 있나요?",
            "A": "아니요."
        },
        {
            "Q": "내가 원하지 않는데도 누군가가 내 몸을 만지거나 보여달라고 한 적 있어요?",
            "A": "아니요."
        },
        {
            "Q": "집에서 어른들끼리 소리 지르면서 싸우는 걸 듣거나 본 적이 있나요?",
            "A": "거의 매일 보는 것 같아요. 엄마가 아빠한테 소리 지를 때가 많고 그냥 싸울 때도 있어요."
        },
        {
            "Q": "어른들이 술을 마신 상태였나요?",
            "A": "네. 대부분 술을 마시고 싸워요."
        },
        {
            "Q": "그렇게 싸울 때 나한테 안 좋은 소리를 한다거나 내가 다친 적이 있나요?",
            "A": "저를 때린 적은 없고요. 저한테도 아빠한테 하듯이 소리를 지른다거나 욕을 한 적이 많아서 방에 들어가 있어요."
        },
        {
            "Q": "이런 일 때문에, 집에 경찰이나 다른 사람이 온 적이 있나요?",
            "A": "매일 너무 시끄러우니까 옆집에서 경찰 부를 때가 있는데 그때만 잠잠하다가 며칠 뒤엔 똑같이 싸워요."
        },
        {
            "Q": "친구들이 나를 자주 놀리거나 괴롭힌다고 느낀 적이 있나요?",
            "A": "아니요."
        },
        {
            "Q": "어떨 때 마음이 복잡하거나 힘든가요?",
            "A": "집에 있으면 불편해요."
        },
        {
            "Q": "혹시 그런 생각 때문에 죽고 싶다는 생각을 한 적 있나요?",
            "A": "그런 적은 없어요. 그냥 지긋지긋해요."
        },
        {
            "Q": "잠잘 때 주로 어떤 꿈을 꾸나요?",
            "A": "꿈을 잘 안 꿔요."
        },
        {
            "Q": "잠자는 중간에 자주 깨는 건 어떤 이유인 것 같아요?",
            "A": "제가 자는 시간에도 엄마, 아빠가 싸울 때가 있어서 시끄러워요."
        },
        {
            "Q": "부모님의 허락 없이 또는 말도 없이 집에 오랫동안 나와 있었던 적이 있나요?",
            "A": "아니요."
        }
    ]
}