{
    "info": {
        "위기단계": "정상군"
    },
    "kids_ment": [
        {
            "Q": "최근에 건강한가요, 아니면 아픈 곳이 있나요?",
            "A": "아픈 곳 없어요."
        },
        {
            "Q": "최근에 다쳤던 적이 있었나요, 없었나요?",
            "A": "일주일 전에 축구하다가 엄지발가락 다쳤어요."
        },
        {
            "Q": "뭘 할 때가 즐겁나요?",
            "A": "친구들이랑 나가서 놀 때 즐거워요."
        },
        {
            "Q": "나가서 뭘 하고 놀아요?",
            "A": "축구랑 배드민턴이요."
        },
        {
            "Q": "어떤 점이 즐거운가요?",
            "A": "친구들이랑 뛰는 게 좋아요."
        },
        {
            "Q": "최근 일주일 동안 짜증이나 화가 난 적이 있어요?",
            "A": "친구가 공을 저한테 주지 않고 다른 친구한테 줘서 화났어요."
        },
        {
            "Q": "그런 일이 자주 일어나나요?",
            "A": "가끔이요. 한 달에 두세 번 정도요."
        },
        {
            "Q": "평소에 짜증이나 화가 났을 때, 어떻게 하면 마음이 풀려요?",
            "A": "장난식으로 이야기하고 아니면 그냥 게임해요. 그럼 풀려요."
        },
        {
            "Q": "몇 시에 자고, 몇 시에 일어나나요?",
            "A": "밤 열한 시에 자고 일곱 시에 일어나요."
        },
        {
            "Q": "아침에 일어났을 때, 몸 상태는 어때요?",
            "A": "그냥 졸려요."
        },
        {
            "Q": "평소에 잠이 들기 힘들거나, 잠자는 중간에 자주 깨나요?",
            "A": "잘 자요."
        },
        {
            "Q": "평상시에 아버지는 어떤 표정을 자주 짓나요?",
            "A": "아빠요? 표정이 없어요."
        },
        {
            "Q": "왜 표정이 없는 것 같아요?",
            "A": "그냥 피곤해서요."
        },
        {
            "Q": "그 표정을 지을 때, 친구 기분은 어때요?",
            "A": "아빠는 원래 그래서 딱히 기분이 나쁘거나 하지 않아요. 같이 놀러는 자주 가서 좋아요."
        },
        {
            "Q": "평상시에 어머니는 어떤 표정을 자주 짓나요?",
            "A": "엄마는 자상하세요."
        },
        {
            "Q": "왜 엄마는 그런 표정을 짓는 것 같아요?",
            "A": "저를 사랑하고 아껴주세요."
        },
        {
            "Q": "형제자매는 몇 명이에요?",
            "A": "저 외동이요."
        },
        {
            "Q": "친구들이랑 주로 뭐 하고 놀아요?",
            "A": "축구랑 배드민+ 배드민턴이랑 게임이요."
        },
        {
            "Q": "주로 몇 명이서 놀아요?",
            "A": "친한 애들은 네 명이요."
        },
        {
            "Q": "담임선생님을 좋아하나요, 싫어하나요?",
            "A": "담임선생님 좋아해요. 축구 잘하세요."
        },
        {
            "Q": "요즘 가장 큰 걱정거리는 무엇인가요?",
            "A": "친구가 담배를 피워서 걱정돼요. 그리고 학원을 여러 개 다녀서 힘들어요."
        },
        {
            "Q": "걱정거리 때문에 생활이 불편하거나 힘든가요?",
            "A": "학원을 일주일에 세 번 정도 가서 그게 힘들어요."
        },
        {
            "Q": "요즘 행복하다고 느끼나요?",
            "A": "네. 친구들이랑 놀 때 가족들이랑 놀러 갈 때 행복해요."
        },
        {
            "Q": "어떤 점에서 행복했어요?",
            "A": "노는 게 재밌어요."
        },
        {
            "Q": "커서 어떤 사람이 되고 싶은지, 꿈이 무엇인지 이야기해 줄래요?",
            "A": "아직 생각해 본 적이 없어요. 어떤 직업이 있는지 관심도 없어요."
        },
        {
            "Q": "집에서 주로 나를 돌봐주는 어른은 누구인가요?",
            "A": "엄마요."
        },
        {
            "Q": "배가 고픈데 먹을 게 없어서 굶은 적이 있나요?",
            "A": "아니요."
        },
        {
            "Q": "빨래가 되어 있지 않아서 더럽고 냄새나는 옷을 입어야 한 적이 있나요?",
            "A": "아니요."
        },
        {
            "Q": "인터넷이나 휴대폰을 가지고 노는 시간은 하루에 몇 시간 정도인가요?",
            "A": "하루에 두 시간 정도 신의 탑 새로운 게임해요."
        },
        {
            "Q": "인터넷이나 휴대폰 게임을 너무 많이 한다고 어른들이 뭐라고 하지는 않나요?",
            "A": "엄마랑 하루에 두 시간만 하기로 정했어요."
        },
        {
            "Q": "피시방 같은 곳을 얼마나 자주 가나요?",
            "A": "안 가요."
        },
        {
            "Q": "부모님이나 선생님 때문에 슬프거나 화가 난 적이 있어요?",
            "A": "아니요."
        },
        {
            "Q": "주위 어른들 중 나를 때린 적이 있는 사람이 있나요?",
            "A": "아니요."
        },
        {
            "Q": "내가 원하지 않는데도 누군가가 내 몸을 만지거나 보여달라고 한 적 있어요?",
            "A": "아니요."
        },
        {
            "Q": "어른들끼리 소리 지르면서 싸우는 걸 듣거나 본 적이 있나요?",
            "A": "아니요. 그런 적 없어요."
        },
        {
            "Q": "친구들이 나를 자주 놀리거나 괴롭힌다고 느낀 적이 있나요?",
            "A": "서로 욕해요. 서로 그런 거라 놀리는 거나 괴롭히는 거는 아니죠."
        },
        {
            "Q": "어떨 때 마음이 복잡하거나 힘든가요?",
            "A": "학원 가기 싫어요."
        },
        {
            "Q": "안 좋은 기억 때문에 괴로워서 죽고 싶다는 생각을 한 적이 있나요?",
            "A": "아니요."
        },
        {
            "Q": "잠잘 때 주로 어떤 꿈을 꾸나요?",
            "A": "꿈 안 꿔요."
        },
        {
            "Q": "부모님의 허락 없이 또는 말도 없이 집에 오랫동안 나와 있었던 적이 있나요?",
            "A": "아니요."
        }
    ]
}