{
    "info": {
        "위기단계": "상담필요"
    },
    "kids_ment": [
        {
            "Q": "최근에 건강한가요, 아니면 아픈 곳이 있나요?",
            "A": "요새 생리를 2개월 전부터 안 해요."
        },
        {
            "Q": "생리를 안하는 이유가 뭐라고 생각해요?",
            "A": "글쎄요. 생각이 많아서 그런 것 같아요."
        },
        {
            "Q": "어떤 생각이 많아요?",
            "A": "친구들이랑 노는 방법을 생각해 봐요."
        },
        {
            "Q": "이전에도 생리를 길게 안 하거나 한 적이 있어요?",
            "A": "아니요. 없어요."
        },
        {
            "Q": "최근에 다쳤던 적이 있었나요, 없었나요?",
            "A": "다친 적은 없어요."
        },
        {
            "Q": "뭘 할 때가 즐겁나요?",
            "A": "넷플릭스 볼 때요."
        },
        {
            "Q": "넷플릭스 어떤 점이 즐거운가요?",
            "A": "더 글로리가 재밌어요."
        },
        {
            "Q": "최근 일주일 동안 짜증이나 화가 난 적이 있나요?",
            "A": "급식 줄 설 때 새치기하는 것도 짜증 나고, 짝 피구할 때 저 혼자 남아서 선생님이 짝지어 주는 것도 싫어요."
        },
        {
            "Q": "그런 일이 자주 일어나나요?",
            "A": "올해부터 새치기는 한 달에 세 번 정도 있었고, 피구는 한 번 그랬어요."
        },
        {
            "Q": "평소에 짜증이나 화가 났을 때, 어떻게 하면 마음이 풀려요?",
            "A": "간식 먹어요."
        },
        {
            "Q": "몇 시에 자고, 몇 시에 일어나요?",
            "A": "밤 열 시에 자고 일곱 시에 일어나요."
        },
        {
            "Q": "아침에 일어났을 때, 몸 상태는 어때요?",
            "A": "몸 상태는 괜찮은데 그냥 학교가 가기 싫어요."
        },
        {
            "Q": "평소에 잠이 들기 힘들거나, 잠자는 중간에 자주 깨나요?",
            "A": "잘 자요."
        },
        {
            "Q": "평상시에 아버지는 어떤 표정을 자주 짓나요?",
            "A": "아빠는 웃어주세요."
        },
        {
            "Q": "왜 웃는 표정을 짓는 것 같아요?",
            "A": "저를 사랑해서요."
        },
        {
            "Q": "그 표정을 지을 때, 내 기분은 어때요?",
            "A": "아빠랑 계속 같이 있고 싶어요."
        },
        {
            "Q": "평상시에 어머니는 어떤 표정을 자주 짓나요?",
            "A": "안 계세요. 그 대신 할머니가 돌봐주세요."
        },
        {
            "Q": "평시에 할머니는 어떤 표정을 자주 짓나요?",
            "A": "어이구 내 새끼라면서 안아주고 웃어주세요."
        },
        {
            "Q": "왜 웃는 표정을 짓는 것 같아요?",
            "A": "제가 좋아서요."
        },
        {
            "Q": "그 표정을 지을 때, 내 기분은 어때요?",
            "A": "행복해요."
        },
        {
            "Q": "형제자매는 몇 명이에요?",
            "A": "위로 오빠가 한 명 있어요."
        },
        {
            "Q": "오빠랑 사이가 어때요?",
            "A": "오빠는 싫어요. 할머니가 슬퍼해요. 오빠가 늦게 들어오고, 무서운 언니 오빠들이랑 어울려요."
        },
        {
            "Q": "평소에 아빠랑 할머니가 오빠랑 나를 다르게 대하는 것 같아요?",
            "A": "아빠는 오빠한테 엄청 무섭게 대하는데, 할머니는 오빠 너무 좋아해요. 맛있는 반찬도 오빠 더 주고 저는 조금 주고, 심지어 제가 집안일 도와줘요. 오빠는 게임해도 안 시켜요. 오빠 너무 싫어요."
        },
        {
            "Q": "친구들이랑 주로 뭐 하고 놀아요?",
            "A": "친구요? 없어요."
        },
        {
            "Q": "왜 못 놀아요?",
            "A": "그냥 친구들이 저 엄마 없다고 안 좋아해요. 때리거나 놀리지는 않는데 그냥 잘 안 끼워줘요."
        },
        {
            "Q": "담임선생님을 좋아하나요, 싫어하나요?",
            "A": "담임선생님 너무 좋아요. 저 엄청 챙겨주세요. 친구들이랑 친해지게 케익만들기도 해서 조도 다 짜주시고 했는데."
        },
        {
            "Q": "요즘 가장 큰 걱정거리는 무엇인가요?",
            "A": "중학교에서도 혼자 다닐까 봐 걱정돼요."
        },
        {
            "Q": "걱정거리 때문에 생활이 불편하거나 힘든가요?",
            "A": "그냥 한 달에 한두 번 정도 문득 생각이 나요."
        },
        {
            "Q": "요즘 행복하다고 느끼나요?",
            "A": "아빠랑 있을 때는 행복해요."
        },
        {
            "Q": "어떤 점에서 행복해요?",
            "A": "아빠랑 있으면 웃을 일이 많아요. 간식도 사주고 놀아주고 그래요."
        },
        {
            "Q": "커서 어떤 사람이 되고 싶은지, 꿈이 무엇인지 이야기해 줄래요?",
            "A": "담임선생님 같은 선생님이 되고 싶어요. 아이들한테 좋은 선생님이 될래요."
        },
        {
            "Q": "집에서 주로 나를 돌봐주는 어른은 누구인가요?",
            "A": "아빠랑 할머니요."
        },
        {
            "Q": "배가 고픈데 먹을 게 없어서 굶은 적이 있나요?",
            "A": "아니요."
        },
        {
            "Q": "빨래가 되어 있지 않아서 더럽고 냄새나는 옷을 입어야 한 적이 있나요?",
            "A": "아니요."
        },
        {
            "Q": "인터넷이나 휴대폰을 가지고 노는 시간은 하루에 몇 시간 정도인가요?",
            "A": "하루에 세 시간 정도 휴대폰 해요. 넷플릭스도 보고 웹툰도 봐요."
        },
        {
            "Q": "인터넷이나 휴대폰 게임을 너무 많이 한다고 어른들이 뭐라고 하지 않나요?",
            "A": "할머니가 핸드폰 하지 말고 공부하라고 해요."
        },
        {
            "Q": "피시방 같은 곳을 얼마나 자주 가나요?",
            "A": "오빠는 자주 가는데 저는 안 가요."
        },
        {
            "Q": "아빠랑 할머니나 선생님 때문에 슬프거나 화가 난 적이 있나요?",
            "A": "아니요."
        },
        {
            "Q": "주위 어른들 중 나를 때린 적이 있는 사람이 있나요?",
            "A": "아니요."
        },
        {
            "Q": "내가 원치 않는데도 누군가가 내 몸을 만지거나 보여달라고 한 적 있어요?",
            "A": "아니요."
        },
        {
            "Q": "집에서 어른들끼리 소리 지르면서 싸우는 걸 듣거나 본 적이 있나요?",
            "A": "그런 적 없어요."
        },
        {
            "Q": "친구들이 나를 자주 놀리거나 괴롭힌다고 느낀 적이 있나요?",
            "A": "놀리거나 괴롭히지는 않아요. 그냥 잘 안 어울려 줘요. 그런데 담임선생님이 엄청 챙겨줘요."
        },
        {
            "Q": "친구들이 잘 놀아주지 않는다고 했는데 이것 때문에 학교를 가지 않은 적도 있나요?",
            "A": "가고 싶지 않을 때는 있었지만, 학교는 갔어요."
        },
        {
            "Q": "어떨 때 마음이 복잡하거나 힘든가요?",
            "A": "학교에서 혼자 밥 먹을 때랑 체험학습 갈 때 걱정돼요."
        },
        {
            "Q": "안 좋은 기억 때문에 괴로워서 죽고 싶다는 생각을 한 적이 있나요?",
            "A": "아니요."
        },
        {
            "Q": "잠잘 때 주로 어떤 꿈을 꾸나요?",
            "A": "친구들이랑 노는 꿈이요."
        },
        {
            "Q": "부모님 허락 없이 또는 말없+ 말도 없이 오랫동안 집 밖에 나와 있던 적이 있나요?",
            "A": "아니요."
        }
    ]
}