{
    "info": {
        "위기단계": "응급"
    },
    "kids_ment": [
        {
            "Q": "최근에 건강한가요, 아니면 아픈 곳이 있나요?",
            "A": "아픈 곳 없어요."
        },
        {
            "Q": "최근에 다쳤던 적이 있었나요, 없었나요?",
            "A": "머리에 혹이 나고, 멍이 들었어요."
        },
        {
            "Q": "언제 다쳤나요?",
            "A": "혹은 이틀 전에 났고, 멍은 일주일 전이요."
        },
        {
            "Q": "왜 다쳤나요?",
            "A": "그냥요."
        },
        {
            "Q": "뭘 할 때가 즐겁나요?",
            "A": "집 있을 때가 즐거워요."
        },
        {
            "Q": "집에서 뭘 하고 놀아요?",
            "A": "영화도 보고 그냥 쉬어요."
        },
        {
            "Q": "어떤 점이 즐거운가요?",
            "A": "쉬는 게 마음이 편해요."
        },
        {
            "Q": "최근 일주일 동안 짜증이나 화가 난 적이 있어요?",
            "A": "친구가 안경이랑 휴대폰을 깨뜨렸어요. 그래서 화가 났어요."
        },
        {
            "Q": "그런 일이 자주 일어나나요?",
            "A": "가끔이요. 한 달, 한두 달에 한 번 정도요."
        },
        {
            "Q": "평소에 짜증이나 화가 났을 때, 어떻게 하면 마음이 풀려요?",
            "A": "그냥 자거나 산책해요."
        },
        {
            "Q": "몇 시에 자고, 몇 시에 일어나나요?",
            "A": "밤 열 시에 자고 일곱 시에 일어나요."
        },
        {
            "Q": "아침에 일어났을 때, 몸 상태는 어때요?",
            "A": "그냥 졸려요."
        },
        {
            "Q": "평소에 잠이 들기 힘들거나, 잠자는 중간에 자주 깨나요?",
            "A": "누우면 바로 자고, 화장실 가고 싶어서 자주 깨기는 해요."
        },
        {
            "Q": "평상시에 아버지는 어떤 표정을 자주 짓나요?",
            "A": "아빠는 웃어주세요."
        },
        {
            "Q": "왜 웃는 표정이실까요?",
            "A": "장난기도 많고 사람이 좋아서요."
        },
        {
            "Q": "그 표정 지을 때, 내 기분은 어때요?",
            "A": "아빠랑 같이 있고 싶어요."
        },
        {
            "Q": "평상시에 어머니는 어떤 표정을 자주 짓나요?",
            "A": "엄마도 잘 웃으세요."
        },
        {
            "Q": "엄마는 왜 잘 웃으시는 것 같아요?",
            "A": "좋으니까요."
        },
        {
            "Q": "그 표정을 지을 때, 내 기분은 어때요?",
            "A": "저도 따라 웃게 돼요."
        },
        {
            "Q": "형제자매는 몇 명이에요?",
            "A": "형제자매 없어요."
        },
        {
            "Q": "친구들이랑 주로 뭐 하고 놀아요?",
            "A": "잘 안 놀아요."
        },
        {
            "Q": "이유가 있어요?",
            "A": "친구가 싫어요."
        },
        {
            "Q": "담임선생님을 좋아하나요, 싫어하나요?",
            "A": "담임선생님 좋아요. 저를 많이 아껴주세요."
        },
        {
            "Q": "요즘 가장 큰 걱정거리는 무엇인가요?",
            "A": "학교가 가기 싫어요."
        },
        {
            "Q": "걱정거리 때문에 생활이 불편하거나 힘든가요?",
            "A": "일주일에 세 번 정도 학교가 가기 싫어요. 아니요. 거의 매일 가기 싫어요."
        },
        {
            "Q": "요즘 행복하다고 느끼나요?",
            "A": "집에서 가족들이랑 있을 때는 행복해요."
        },
        {
            "Q": "어떤 점에서 행복했어요?",
            "A": "안전하고 편안해요."
        },
        {
            "Q": "가족들이랑 있지 않을 때는 어때요?",
            "A": "학교는 친구들이 싫어요."
        },
        {
            "Q": "커서 어떤 사람이 되고 싶은지, 꿈이 무엇인지 이야기해 줄래요?",
            "A": "판사가 되고 싶어요. 판사가 되면 저를 함부로 대하지 못할 것 같아요."
        },
        {
            "Q": "집에서 주로 나를 돌봐주는 어른은 누구인가요?",
            "A": "엄마요."
        },
        {
            "Q": "배가 고픈데 먹을 게 없어서 굶은 적이 있나요?",
            "A": "아니요."
        },
        {
            "Q": "빨래가 되어 있지 않아서 더럽고 냄새나는 옷을 입어야 한 적이 있나요?",
            "A": "아니요."
        },
        {
            "Q": "인터넷이나 휴대폰을 가지고 노는 시간은 하루에 몇 시간 정도인가요?",
            "A": "하루에 한 시간 정도 해요. 저는 영화를 좋아해서 게임은 잘 안 하고 영화 봐요."
        },
        {
            "Q": "어떤 영화 좋아해요?",
            "A": "마블이랑 해리포터요."
        },
        {
            "Q": "피시방 같은 곳을 얼마나 자주 가나요?",
            "A": "안 가요."
        },
        {
            "Q": "부모님이나 선생님 때문에 슬프거나 화가 난 적이 있나요?",
            "A": "아니요."
        },
        {
            "Q": "주위 어른들 중 나를 때린 적이 있는 사람이 있나요?",
            "A": "아니요."
        },
        {
            "Q": "내가 원하지 않는데도 누군가가 내 몸을 만지거나 보여달라고 한 적 있어요?",
            "A": "아니요."
        },
        {
            "Q": "집에서 어른들끼리 소리 지르면서 싸우는 걸 듣거나 본 적이 있나요?",
            "A": "그런 적 없어요."
        },
        {
            "Q": "친구들이 나를 자주 놀리거나 괴롭힌다고 느낀 적이 있어요?",
            "A": "네. 많아요."
        },
        {
            "Q": "어떻게 놀리고 괴롭히나요?",
            "A": "돈 가져오라고 해서 엄마한테 문제집 산다고 거짓말하고 가져다준 적도 있고요. 매점에서 먹을 거 사 오라고 시키고 또 안경이랑 휴대폰 가져가서 안 돌려줘요. 그래서 뺏으려다가 안경테가 부러지고 핸드폰 액정도 나간 적 있어요. 그리고 복도에서 마주치면 눈 썩었다면서 머리 때리고 밀치고 해서 팔에 피멍 들고 머리에는 혹이 났어요."
        },
        {
            "Q": "친구가 괴롭히거나 놀릴 때 어떤 기분인가요?",
            "A": "죽고 싶어요."
        },
        {
            "Q": "얼마나 자주 이런 일이 있었나요?",
            "A": "일주일에 두 번이요."
        },
        {
            "Q": "이렇게 괴롭힘을 당한 기간이 어떻게 되나요?",
            "A": "작년 여름부터요."
        },
        {
            "Q": "이 괴롭힘 때문에 다쳐서 양호실이나 병원에 간 적도 있나요?",
            "A": "양호실에 가서 양호 선생님이 치료해 주셨어요. 넘어졌다고 했어요."
        },
        {
            "Q": "이 아이들 때문에 학교를 가지 않은 적도 있나요?",
            "A": "가기 싫지만, 안 가면 걔네가 찾아올까 봐 무서워요."
        },
        {
            "Q": "어떨 때 마음이 복잡하거나 힘든가요?",
            "A": "애들이 때릴 때요."
        },
        {
            "Q": "안 좋은 기억 때문에 괴로워서 죽고 싶다는 생각을 한 적 있나요?",
            "A": "네."
        },
        {
            "Q": "얼마나 자주 이런 생각이 들었나요?",
            "A": "일주일에 두 번 정도요."
        },
        {
            "Q": "죽으려고 시도하거나 스스로를 아프게 한 적이 있어요?",
            "A": "죽으려고 한 적은 없고, 그냥 너무 화나면 주먹으로 제 허벅지를 때려요. 한 달에 한 번 정도요."
        },
        {
            "Q": "마지막으로 스스로를 아프게 한 적은 언제인가요?",
            "A": "지난주 화요일이요."
        },
        {
            "Q": "잠잘 때 주로 어떤 꿈을 꾸나요?",
            "A": "꿈 안 꿔요."
        },
        {
            "Q": "부모님의 허락 없이 또는 말도 없이 집에 오랫동안 나와 있었던 적이 있나요?",
            "A": "아니요."
        }
    ]
}