{
    "info": {
        "위기단계": "응급"
    },
    "kids_ment": [
        {
            "Q": "최근에 다친 곳이 있니?",
            "A": "네, 코뼈랑 명치랑 다리도 다쳤어요."
        },
        {
            "Q": "언제 다친 거야?",
            "A": "지난달에요."
        },
        {
            "Q": "뭐 하다가 다쳤어?",
            "A": "친구한테 맞았어요."
        },
        {
            "Q": "병원에는 갔었니?",
            "A": "네, 코뼈가 부러지고 멍들고, 다리 상처까지 해서 진단 3주 나왔어요."
        },
        {
            "Q": "뭘 할 때 즐거워?",
            "A": "저는 사진 찍어서 인스타 올리는 거 좋아해요."
        },
        {
            "Q": "사진 찍어서 올리는 게 어떤 점이 좋아?",
            "A": "제 사진을 사람들이 좋아요 많이 눌러주면 좋아요."
        },
        {
            "Q": "최근 일주일 동안 짜증이나 화가 난 적이 있어?",
            "A": "코가 다쳐서 깁스했는데 약간 숨쉬기도 불편하고 간지럽고 맨날 짜증 나요."
        },
        {
            "Q": "그럴 때는 보통 어떻게 하면 좀 짜증이 가라앉아?",
            "A": "예능프로 보거나 재밌는 거 보면서 신경 안 쓰려고 해요."
        },
        {
            "Q": "몇 시에 자고 몇 시에 일어나?",
            "A": "열두 시에 자고 일곱 시에 일어나요."
        },
        {
            "Q": "아침에 일어났을 때, 몸 상태는 어때?",
            "A": "괜찮아요."
        },
        {
            "Q": "평소에 잠이 들기 힘들거나, 잠자는 중간에 자주 깨니?",
            "A": "요즘 잠들기 전에 맞았던 기억이 떠올라서 잠자기 힘들어요."
        },
        {
            "Q": "평상시 아버지는 어떤 표정을 자주 지으시니?",
            "A": "아빠는 한심한 표정 잘 지으세요."
        },
        {
            "Q": "그 표정을 지을 때, 내 기분은 어때?",
            "A": "아빠 눈치 보여요."
        },
        {
            "Q": "왜 그런 표정을 지으시는 것 같아?",
            "A": "맞고 나서 걱정도 하시는데 좀 남자, 남자답지 못하다고 생각하시는 것 같아요."
        },
        {
            "Q": "어머니는 어떤 표정을 지으시니?",
            "A": "엄마는 그냥 걱정하는 표정이요."
        },
        {
            "Q": "왜 그런 표정을 지으시는 것 같아?",
            "A": "친구들한테 맞고 온 이후로 또 싸우거나 보복당할까 봐 조마조마해하세요."
        },
        {
            "Q": "엄마랑 관계는 어때?",
            "A": "다쳐서 미안한데 잘해주셔서 더 미안해요."
        },
        {
            "Q": "형제자매는 몇 명이야?",
            "A": "혼자예요."
        },
        {
            "Q": "친구들이랑은 주로 뭐 하고 놀아?",
            "A": "친구들이랑 맛있는 것 먹으러도 가고 농구도 하고 해요."
        },
        {
            "Q": "주로 몇 명이 놀아?",
            "A": "네 명이요."
        },
        {
            "Q": "친구들이랑 사이는 어때?",
            "A": "원래 잘 지냈는데 제가 지난번에 올린 인스타 때매 다른 애들이 저를 좀 왕따시켜요."
        },
        {
            "Q": "저번에는 왜 싸운 거야?",
            "A": "왜 나 왕따시키냐고 친구한테 따지고 있는데 그 친구가 다른 친구 시켜서 저를 때리라고 했어요."
        },
        {
            "Q": "어디 어디를 맞았어?",
            "A": "명치랑 다리를 때리고 또 발로 얼굴을 걷어찼어요."
        },
        {
            "Q": "담임 선생님은 좋아 싫어?",
            "A": "담임 선생님은 좋아요."
        },
        {
            "Q": "왜 좋은 것 같아?",
            "A": "싸워서 다쳤을 때 병원에 데려가 주셨어요."
        },
        {
            "Q": "요즘 가장 큰 걱정거리는 뭐야?",
            "A": "지금 좀 걱정되는 게 이거 맞은 거 신고하면 죽인다고 애들이 막 협박했거든요."
        },
        {
            "Q": "지금 얘기하는 거 나중에 보복당할까 봐 걱정되는 거야?",
            "A": "네, 지금 학교 안 가고 있는데 나중에 또 맞을까 봐 무서워요."
        },
        {
            "Q": "요즘 행복하다고 느껴?",
            "A": "요즘은 좀 무서워요."
        },
        {
            "Q": "어떤 점이 무서워?",
            "A": "학교 친구 사귀는 것도 무섭고, 밖에 나가는 것도 무서워요."
        },
        {
            "Q": "커서 어떤 사람이 되고 싶어?",
            "A": "사진 찍는 사람이 되고 싶어요."
        },
        {
            "Q": "왜 사진 찍는 사람이 되고 싶어?",
            "A": "사진 찍는 게 재밌어요."
        },
        {
            "Q": "집에서 주로 나를 돌봐주는 어른은 누구야?",
            "A": "엄마가 돌봐주세요."
        },
        {
            "Q": "배가 고픈데 먹을 게 없어서 굶은 적이 있어?",
            "A": "그런 적은 없어요."
        },
        {
            "Q": "빨래가 되어 있지 않아서 더럽고 냄새나는 옷을 입어야 한 적이 있어?",
            "A": "그런 적도 없는 것 같아요."
        },
        {
            "Q": "부모님이나 선생님 때문에 슬프거나 화가 난 적이 있어?",
            "A": "아니요, 없어요."
        },
        {
            "Q": "주위 어른들 중 나를 때린 적이 있는 사람이 있어?",
            "A": "아니요, 없어요."
        },
        {
            "Q": "내가 원하지 않는데도 누군가 내 몸을 만지거나 보여달라고 한 적 있어?",
            "A": "아니요, 없는 것 같아요."
        },
        {
            "Q": "집에서 어른들끼리 소리 지르면서 싸우는 걸 듣거나 본 적이 있어?",
            "A": "아니요, 없어요."
        },
        {
            "Q": "친구들이 나를 자주 놀리거나 괴롭힌다고 느낀 적이 있어?",
            "A": "이전에도 애들이 가끔씩 저를 왕따 시키다가 다시 놀아주고 그랬어요."
        },
        {
            "Q": "얼마나 자주 이런 일이 있었니?",
            "A": "한 2주에 한 번씩은 좀 그랬던 것 같아요."
        },
        {
            "Q": "이렇게 괴롭힘을 당한 기간이 어떻게 되니?",
            "A": "6학년 올라와서 계속 그랬어요."
        },
        {
            "Q": "그럴 때 어떻게 하고 싶어?",
            "A": "전학 가고 싶어요. 새로운 곳에 가서 새로운 친구를 사귀고 싶어요."
        },
        {
            "Q": "이 아이들 때문에 학교에 가지 않은 적도 있니?",
            "A": "가끔 가기 싫어서 안 간다고 했는데 엄마가 안 된다고 했어요."
        },
        {
            "Q": "어떨 때 마음이 복잡하거나 힘들어?",
            "A": "애들이 왕따시킬 때마다 좀 힘들었어요."
        },
        {
            "Q": "그럴 때 괴로워서 죽고 싶다는 생각을 한 적 있어?",
            "A": "다른 학교 전학 가고 싶다는 생각은 했는데 죽고 싶다는 생각은 안 해봤어요."
        },
        {
            "Q": "잠잘 때 주로 어떤 꿈을 꾸니?",
            "A": "쫓기거나 도망가는 꿈을 자주 꿔요."
        },
        {
            "Q": "걱정하던 일이나 실제 경험이 꿈으로 나타나는 거야?",
            "A": "네, 그때 싸운 이후로 자주 꾸는 것 같아요."
        },
        {
            "Q": "꿈을 꾸고 일어나면 몸 상태가 어때?",
            "A": "식은땀이 나고 엄청 깜짝 놀라서 깨요."
        },
        {
            "Q": "부모님의 허락 없이 또는 말도 없이 집에 오랫동안 나와 있었던 적이 있니?",
            "A": "아니요, 그런 적은 없어요."
        }
    ]
}