{
    "info": {
        "위기단계": "학대의심"
    },
    "kids_ment": [
        {
            "Q": "최근에 건강은 어때, 아픈 곳이 있었어?",
            "A": "아니요, 없었어요."
        },
        {
            "Q": "최근에 다친 적이 있었니?",
            "A": "다친 적도 없었어요."
        },
        {
            "Q": "무엇을 할 때가 즐거워?",
            "A": "아버지가 시설에 오셔서 함께 밥도 먹고 이야기할 때 즐거워요."
        },
        {
            "Q": "최근에 일주일 동안 짜증이나 화가 난 적 있어?",
            "A": "선생님이 꾸중하실 때 짜증이 나요."
        },
        {
            "Q": "선생님께서 왜 꾸중을 하시는데?",
            "A": "잘하는 게 없다고 또 너무 행동이 느리다고 잔소리를 하세요."
        },
        {
            "Q": "평소에 짜증이나 화가 났을 때 어떻게 하면 마음이 풀려?",
            "A": "시설에서 강아지를 몇 마리 키우는데 강아지랑 놀다 보면 마음이 풀려요."
        },
        {
            "Q": "몇 시에 자고 몇 시에 일어나니?",
            "A": "열 시 반에 자서 일곱 시 반쯤 일어나요."
        },
        {
            "Q": "아침에 일어났을 때 몸 상태는 어때?",
            "A": "괜찮아요."
        },
        {
            "Q": "평소에 잠이 들기 힘들거나, 잠자는 중간에 자주 깨는 것 같아?",
            "A": "아니요, 물을 많이 먹으면 깰 때는 있어요."
        },
        {
            "Q": "평소에 어머니 아버지는 어떤 표정을 자주 지으셔?",
            "A": "엄마는 없어요. 아버지가 그러는데 엄마는 저를 낳고 돌아가셨데요."
        },
        {
            "Q": "그럼, 아버지 표정은 어떤 것 같아?",
            "A": "시설에 있기 때문에 자주 보지는 못하지만 대체로 밝은 표정이세요."
        },
        {
            "Q": "아버지가 밝은 표정을 짓는 이유가 무엇인 것 같아?",
            "A": "아버지는 착하세요. 그래서 항상 웃을 때가 많아요."
        },
        {
            "Q": "형제자매는 몇 명이야?",
            "A": "오빠 한 명 있어요. 시설에서 오빠랑 함께 있어서 의지가 되고 좋아요."
        },
        {
            "Q": "부모님이 오빠랑 차별을 하는 것 같아?",
            "A": "아니요, 아버지는 오빠랑 저를 좋아해 주세요."
        },
        {
            "Q": "친구는 몇 명이고 주로 뭐 하고 놀아?",
            "A": "단짝 친구 한 명이 있고요. 강아지랑 함께 놀기도 하고 그림도 그리면서 놀아요."
        },
        {
            "Q": "선생님을 좋아하니, 싫어하니?",
            "A": "선생님을 별로 안 좋아해요."
        },
        {
            "Q": "어떤 부분에서 선생님이 안 좋아?",
            "A": "선생님은 저를 미워하시는 것 같아요."
        },
        {
            "Q": "왜 그렇게 느껴지는데 ?",
            "A": "다른 친구들한테는 잘 대해 주는데 저에게는 잔소리도 많고 못 한다고 혼을 많이 내요."
        },
        {
            "Q": "요즘에 가장 큰 걱정거리는 무엇이야?",
            "A": "제가 다른 애들보다 머리가 나빠서 선생님이 시키면 잘 못하는 거요."
        },
        {
            "Q": "왜 그렇게 느껴?",
            "A": "다른 아이들은 빨리빨리 하는 것 같은데 저는 너무 느려서 선생님이 뭐라 할 때가 있어요."
        },
        {
            "Q": "이런 걱정거리 때문에 생활이 불편하거나 힘드니?",
            "A": "네, 조금 힘들어요."
        },
        {
            "Q": "조금이라면 일주일에 몇 번 정도일까?",
            "A": "일주일에 한두 번요."
        },
        {
            "Q": "요즘 행복하다고 느끼니?",
            "A": "나름 행복해요."
        },
        {
            "Q": "어떤 점에서 행복했어?",
            "A": "단짝 친구랑 내가 좋아하는 강아지를 보면 즐거워요."
        },
        {
            "Q": "나중에 커서 어떤 사람이 되고 싶어, 꿈이 무엇인지 얘기해 줄래?",
            "A": "저는 강아지나 고양이들이 아플 때 고쳐주는 수의사가 되고 싶어요."
        },
        {
            "Q": "왜 수의사가 되고 싶어?",
            "A": "제가 동물들을 좋아하거든요. 그래서 아프지 않게 돌 봐주고 싶어요."
        },
        {
            "Q": "집에서 주로 나를 돌봐주는 어른은 누구인가?",
            "A": "시설 선생님들이요."
        },
        {
            "Q": "배가 고픈데 먹을 게 없어서 굶은 적이 있니?",
            "A": "없어요, 시설에서는 빵이랑 우유를 간식으로 주시기도 해요."
        },
        {
            "Q": "빨래가 되어 있지 않아서 더럽고 냄새나는 옷을 입어야 한 적이 있니?",
            "A": "시설에서 잘 챙겨 주세요."
        },
        {
            "Q": "옷이나 신발 사이즈가 작은 걸 입거나 신고 다닌 적이 있니?",
            "A": "옷이랑 신발도 시설에서 잘 챙겨 주세요."
        },
        {
            "Q": "어른들이 운동회나 참관 수업 또는 학부모 상담 같은 학교행사에 잘 오시니?",
            "A": "시설에서 생활하기 때문에 부모님이 오실 일이 없어요."
        },
        {
            "Q": "부모님이나 선생님 때문에 슬프거나 화가 난 적이 있니?",
            "A": "선생님 때문에 슬플 때가 많아요."
        },
        {
            "Q": "왜 선생님 때문에 슬픈데?",
            "A": "선생님이 다른 아이들과 비교하면서 막말도 많이 하고 꾸짖기도 해요."
        },
        {
            "Q": "막말이라면 어떤 말이야?",
            "A": "너는 다른 아이들과 똑같이 시키는데 도대체 왜 못 하냐고 그러시면서 똑바로 하라고 해요."
        },
        {
            "Q": "선생님이 나를 어디에 가두고 못 나오게 한 적이 있니?",
            "A": "네, 방에 들어가라고 하면서 무엇이 잘 못 됐는지 생각해 보라고 해요."
        },
        {
            "Q": "다른 사람들 앞에서도 혼날 때 있니?",
            "A": "네, 친구들 앞에서요."
        },
        {
            "Q": "얼마나 자주 그래?",
            "A": "일주일에 한 번은 꼭 그러시는 것 같아요."
        },
        {
            "Q": "주위 어른들 중 나를 때린 적이 있는 사람이 있니?",
            "A": "아니요, 없어요."
        },
        {
            "Q": "내가 원하지 않는데도 누군가가 내 몸을 만지거나 보여달라고 한 적 있어?",
            "A": "아니요, 그런 적은 없었어요."
        },
        {
            "Q": "집에서 어른들끼리 소리 지르면서 싸우는 걸 듣거나 본 적이 있니?",
            "A": "아니요, 없어요."
        },
        {
            "Q": "친구들이 나를 자주 놀리거나 괴롭힌다고 느낀 적이 있니?",
            "A": "조금 행동이 느리다고 말은 하지만 괴롭히지는 않아요."
        },
        {
            "Q": "어떨 때 마음이 복잡하거나 힘드니?",
            "A": "선생님이 다그치고 혼내킬 때 힘들어요."
        },
        {
            "Q": "그럼, 선생님 때문에 괴로워서 죽고 싶다는 생각을 한 적 있니?",
            "A": "선생님한테 혼나서 쓸모없는 사람으로 느껴질 때는 죽고 싶다는 생각을 해 봤어요."
        },
        {
            "Q": "얼마나 자주 이런 생각이 들어?",
            "A": "자주 들지는 않아요."
        },
        {
            "Q": "일주일에 몇 번이나 될까?",
            "A": "두세 달에 한 번 정도요."
        },
        {
            "Q": "자살 시도를 해본 적은 있니?",
            "A": "그런 적은 없어요. 아빠가 슬퍼할 것 같아서요."
        },
        {
            "Q": "부모님 허락 없이 또는 말도 없이 집에 오랫동안 나와 있었던 적이 있니?",
            "A": "아니요, 없어요."
        }
    ]
}