{
    "info": {
        "위기단계": "정상군"
    },
    "kids_ment": [
        {
            "Q": "최근에 건강은 어때, 아픈 곳이 있었어?",
            "A": "아픈 곳 없어요. 건강해요."
        },
        {
            "Q": "최근에 다친 적이 있었니?",
            "A": "다친 적도 없었던 것 같아요."
        },
        {
            "Q": "무엇을 할 때가 즐거워?",
            "A": "시설에 엄마가 오실 때요."
        },
        {
            "Q": "엄마가 시설에 오시면 어떤 부분이 즐거워?",
            "A": "한 달에 한 번씩 엄마가 시설에 오세요. 오시면 밥도 같이 먹고 함께 놀아서 즐거워요."
        },
        {
            "Q": "최근에 일주일 동안 짜증이나 화가 난 적 있어?",
            "A": "화가 난 적이 있어요."
        },
        {
            "Q": "무엇 때문에 화가 났어?",
            "A": "친구들이랑 노는데 한 친구가 욕을 해서 화가 났어요."
        },
        {
            "Q": "그런 일이 자주 일어나니?",
            "A": "자주 일어나지는 않지만, 간혹 그런 일 때문에 기분이 안 좋아요."
        },
        {
            "Q": "평소에 짜증이나 화가 났을 때 어떻게 하면 마음이 풀려?",
            "A": "시설에 있는 친구들과 이야기를 하면 풀려요."
        },
        {
            "Q": "몇 시에 자고 몇 시에 일어나니?",
            "A": "열 시에 자서 일곱 시에 일어나요."
        },
        {
            "Q": "아침에 일어났을 때 몸 상태는 어때?",
            "A": "규칙적인 생활을 해서 그런지 몸 상태는 좋아요."
        },
        {
            "Q": "평소에 잠이 들기 힘들거나, 잠자는 중간에 자주 깨는 것 같아?",
            "A": "잠은 잘 자는 것 같아요."
        },
        {
            "Q": "평소에 어머니 아버지는 어떤 표정을 자주 지으셔?",
            "A": "시설에서 살기 때문에 엄마 아버지 표정은 잘 모르겠어요."
        },
        {
            "Q": "언제부터 시설에서 살았어?",
            "A": "제가 초등학교 3학년 때 들어왔어요."
        },
        {
            "Q": "집에서 살 때 아버지 표정은 어떠셨어?",
            "A": "그냥 무표정이고 저희들에게 관심이 없었어요."
        },
        {
            "Q": "그럼, 집에서 살았을 때 어머니 표정은 어떠셨어?",
            "A": "엄마는 잘 웃으시고 좋았어요."
        },
        {
            "Q": "형제자매는 몇 명이야?",
            "A": "여동생 한 명 있어요."
        },
        {
            "Q": "동생하고는 사이가 좋아?",
            "A": "네, 여동생하고는 재미있게 지내요."
        },
        {
            "Q": "평소에 부모님이 동생하고 차별을 하는 것 같아?",
            "A": "아니요, 똑같이 대해 주세요."
        },
        {
            "Q": "친구들이랑 주로 뭐 하고 놀아?",
            "A": "시설에 있는 운동장에서 놀이도 하고 게임도 하고 놀아요."
        },
        {
            "Q": "선생님을 좋아하니, 싫어하니?",
            "A": "선생님 좋아해요."
        },
        {
            "Q": "어떤 부분에서 선생님이 좋아?",
            "A": "간식도 많이 주시고 선생님이 착하세요."
        },
        {
            "Q": "집에서 어른들끼리 소리 지르면서 싸우는 걸 듣거나 본 적이 있니?",
            "A": "시설에 들어오기 3년 전에는 부모님이 싸우는 소리를 들었는데 지금은 없어요."
        },
        {
            "Q": "요즘 행복하다고 느끼니?",
            "A": "예전보다는 지금이 더 행복해요."
        },
        {
            "Q": "어떤 점에서 행복했어?",
            "A": "시설에 오기 전에는 작은 집에 전기도 안 들어와서 깜깜하고 엄마가 일하러 가면 혼자 있어야 하는데 시설에 오니깐 애들도 활기차고 언니들도 있고 친구도 있어서 좋아요."
        },
        {
            "Q": "나중에 커서 어떤 사람이 되고 싶어, 꿈이 무엇인지 얘기해 줄래?",
            "A": "트럼펫 연주자가 되고 싶어요."
        },
        {
            "Q": "왜 트럼펫 연주자가 되고 싶어?",
            "A": "저의 트럼펫 연주를 듣고 마음이 힘든 사람들이 편안해지고 스트레스를 풀어 주고 싶어요."
        },
        {
            "Q": "집에서 주로 나를 돌봐주는 어른은 누구야?",
            "A": "시설에 계신 선생님이요."
        },
        {
            "Q": "배가 고픈데 먹을 게 없어서 굶은 적이 있니?",
            "A": "없어요, 시설에서는 간식도 많이 주세요."
        },
        {
            "Q": "빨래가 되어 있지 않아서 더럽고 냄새나는 옷을 입어야 한 적이 있니?",
            "A": "시설에서 잘 챙겨 주세요."
        },
        {
            "Q": "옷이나 신발 사이즈가 작은 걸 입거나 신고 다닌 적이 있니?",
            "A": "옷이랑 신발도 시설에서 잘 챙겨 주세요."
        },
        {
            "Q": "어른들이 운동회나 참관 수업 또는 학부모 상담 같은 학교행사에 잘 오시니?",
            "A": "시설에서 생활하기 때문에 부모님이 오실 일이 없어요."
        },
        {
            "Q": "부모님이나 선생님 때문에 슬프거나 화가 난 적이 있니?",
            "A": "아뇨, 없어요. 상담 선생님도 잘해주시고 너무 선생님들이 좋아요."
        },
        {
            "Q": "주위 어른들 중 나를 때린 적이 있는 사람이 있니?",
            "A": "아니요, 없어요."
        },
        {
            "Q": "내가 원하지 않는데도 누군가가 내 몸을 만지거나 보여달라고 한 적 있어?",
            "A": "아니요, 그런 적은 없었어요."
        },
        {
            "Q": "집에서 어른들끼리 소리 지르면서 싸우는 걸 듣거나 본 적이 있니?",
            "A": "들어 본 적 없어요."
        },
        {
            "Q": "친구들이 나를 자주 놀리거나 괴롭힌다고 느낀 적이 있니?",
            "A": "놀리거나 괴롭히는 친구는 없어요."
        },
        {
            "Q": "어떨 때 마음이 복잡하거나 힘드니?",
            "A": "시설에 들어오고 나서는 언니 동생 친구들이 있어 재미있게 지내요."
        },
        {
            "Q": "잠잘 때 주로 어떤 꿈을 꾸니?",
            "A": "꿈을 꾸어도 일어나면 잘 생각이 나지 않아요. 그런데 아주 가끔 귀신 나오는 꿈을 꿔요."
        },
        {
            "Q": "귀신 나오는 꿈 때문에 잠자는 중간에 자주 깨니?",
            "A": "아뇨, 일 년에 한두 번 꾸기 때문에 평소에는 깨지 않고 잘 자요."
        },
        {
            "Q": "부모님 허락 없이 또는 말도 없이 집에 오랫동안 나와 있었던 적이 있니?",
            "A": "아니요, 없어요."
        }
    ]
}