{
    "info": {
        "위기단계": "학대의심"
    },
    "kids_ment": [
        {
            "Q": "최근에 아픈 곳이 있어?",
            "A": "아니요, 없어요."
        },
        {
            "Q": "최근에 다친 적이 있어?",
            "A": "없었어요."
        },
        {
            "Q": "친구는 뭐 할 때가 즐거워?",
            "A": "학교 가는 것도 재밌고, 학교에서 친구들이랑 노는 것도 재밌어요."
        },
        {
            "Q": "어떤 점이 즐거운 거야?",
            "A": "제가 학교를 이제 막 다니기 시작해서 그런지 학교 가는 거 자체가 좋고요, 친구들이랑 만나서 같이 있는 게 좋아요."
        },
        {
            "Q": "최근 일주일 동안 짜증이나 화가 난 적 있어?",
            "A": "네, 짜증 난 적 있어요."
        },
        {
            "Q": "어떤 것 때문에 짜증이 났어?",
            "A": "왜 짜증 나는 건지 잘 모르겠는데요. 일주일에 두 번, 세 번은 갑자기 짜증 나고 슬프거나 무기력하기도 해요."
        },
        {
            "Q": "평소에 짜증이 나면 어떻게 했을 때 마음이 풀려?",
            "A": "노래 듣거나, 노래 불러요."
        },
        {
            "Q": "몇 시에 자고 몇 시에 일어나?",
            "A": "열 시에 자고 여덟 시에 일어나요."
        },
        {
            "Q": "아침에 일어났을 때 몸 상태는 어때?",
            "A": "잠은 많이 자는 거 같은데 일어나면 항상 힘들어요."
        },
        {
            "Q": "평소에 잠들기 힘들거나 잠자는 중간에 자주 깨?",
            "A": "그건 잘 모르겠는데 같이 지내는 친구들 말로는 제가 자다가 중간에 일어나서 눈을 감은 채로 걸어 다닌대요. 우는 걸 봤다는 친구도 있었고. 그런데 저는 기억이 잘 안 나요."
        },
        {
            "Q": "평소 아빠는 어떤 표정을 자주 지으셨어?",
            "A": "아빠는 항상 지쳐 보였고, 힘들어 보이셨어요. 저한테 관심은 없었고요. 집에서도 아는 척 안 했어요."
        },
        {
            "Q": "아빠가 왜 힘들어 보였던 거 같아?",
            "A": "아빠가 중국집에서 일을 하시는데 새벽에 나가서 밤늦게 들어오셨어요. 아마도 일하느라 힘들어 보였던 거 같아요."
        },
        {
            "Q": "아빠가 힘든 표정을 짓거나, 나한테 무관심한 거 같을 때 내 기분은 어땠어?",
            "A": "전에는 외롭고 슬프기도 했는데, 지금은 잘 모르겠어요. 같이 안 살아서 그런가?"
        },
        {
            "Q": "평소 엄마는 어떤 표정을 자주 지으셨어?",
            "A": "엄마는 몰라요. 제가 엄청 애기 때 집 나갔어요. 그리고 아빠랑 헤어졌대요. 확실한 건 엄마도 저한테 별로 관심이 없었어요."
        },
        {
            "Q": "그때 내 기분은 어땠어?",
            "A": "애기 때는 많이 울었겠죠? 엄마 찾으면서. 그런데 자라면서 점점 엄마를 덜 찾게 됐고, 지금은 원망스러워요. 나 버리고 가서."
        },
        {
            "Q": "시설 선생님은 어떤 표정을 자주 지으셔?",
            "A": "선생님들은 자주 웃어주세요. 항상 밝은 얼굴로 저랑 다른 친구들을 보살펴 주시는 것 같아요."
        },
        {
            "Q": "왜 밝은 얼굴로 자주 웃어주시는 거 같아?",
            "A": "그건 잘 모르겠어요."
        },
        {
            "Q": "그럼, 선생님들이 밝은 얼굴로 웃어주시면 내 기분은 어때?",
            "A": "저도 좋아요."
        },
        {
            "Q": "오빠나 언니, 동생이 있어?",
            "A": "없어요."
        },
        {
            "Q": "친구들이랑은 주로 뭐 하고 놀아?",
            "A": "같이 공부도 하고요. 오늘 있었던 일, 재밌었던 일들 이야기도 해요."
        },
        {
            "Q": "주로 몇 명이서 놀아?",
            "A": "다섯 명이서 노는 거 같아요."
        },
        {
            "Q": "학교 담임 선생님은 좋은 편이야, 안 좋은 편이야?",
            "A": "좋아요."
        },
        {
            "Q": "어떤 점에서 좋아?",
            "A": "모르는 거 물어볼 때 항상 웃는 얼굴로 친절하게 알려주기도 하고요. 제가 열심히 하면 항상 칭찬해 주세요."
        },
        {
            "Q": "요즘 가장 큰 걱정거리나 고민이 있어?",
            "A": "네, 있긴 해요. 요즘 학교에서 발표 수업이 많은데요. 수업 시간에 발표하거나, 자기소개하는 시간이 오면 너무 무섭고 떨려요."
        },
        {
            "Q": "어떤 것 때문에 무서운 거야?",
            "A": "엄청 많은 눈들이 저를 쳐다보는 게 무섭고요. 내가 엄청 작아지는 거 같아요. 목소리도 같이 작아지고요."
        },
        {
            "Q": "이런 걱정거리 때문에 생활이 불편하거나 힘들어?",
            "A": "가끔 힘들어요."
        },
        {
            "Q": "요즘 행복하다고 느껴?",
            "A": "아니요. 이번 주에 발표 수업이 많아서 매일 초조하고 불안해요. 그래서 더 무기력하기도 하고요."
        },
        {
            "Q": "커서 어떤 사람이 되고 싶은지, 꿈이 무엇인지 이야기 해줄래?",
            "A": "저는 요리사가 되고 싶어요!"
        },
        {
            "Q": "왜 요리사가 되고 싶어?",
            "A": "음/ 남을 행복하게 만들 수 있잖아요? 그래서 되고 싶어요. 그리고 제가 만들어서 먹어볼 수 있기도 해서요!"
        },
        {
            "Q": "집에서 주로 나를 돌봐주는 어른이 누구야?",
            "A": "지금은 시설에서 사는데 전에는 아빠랑 살기도 했고 고모네 집에서 산 적도 있어서요. 어디서 살았던 거 이야기해요? 아빠랑 살 때는 돌봐주는 사람 없었고, 고모네에서 살 때는 고모가 돌봐줬어요."
        },
        {
            "Q": "배가 고픈데 먹을 게 없어서 굶은 적이 있어?",
            "A": "네. 아빠랑 둘이 살 때 굶은 적 있어요. 아빠가 일하러 나가면 그동안엔 저 혼자 있었는데요. 집에 먹을 게 있으면 먹고 없으면 못 먹었어요."
        },
        {
            "Q": "저녁에 나를 집에 혼자 두고 어른들이 나간 적 있어?",
            "A": "네, 고모랑 살기 전까진 아빠 거의 매일 나갔어요."
        },
        {
            "Q": "가족 중에 나를 항상 돌봐주는 사람이 갑자기 말도 없이 집을 나가서 안 들어온 적 있어?",
            "A": "엄마가 저 애기 때 세 살 땐가 도망갔어요. 그 뒤에는 작년에 마지막으로 한 번 만났었어요."
        },
        {
            "Q": "어디 아픈 곳이 있었는데 병원에 데려가지 않았던 적이 있어?",
            "A": "네. 가끔요. 그런데 제가 다행히 잘 아프지 않았었어요."
        },
        {
            "Q": "빨래가 되어 있지 않아서 더럽고 냄새나는 옷을 입거나, 맞지 않는 옷이나 신발을 사용한 적 있어?",
            "A": "네. 고모랑 살기 전까지는 거의 항상 그랬어요. 아빠랑 살 때 저는 거의 투명 인간이었어요."
        },
        {
            "Q": "어른들이 운동회나 참관 수업 등 학교 행사에 잘 오셨어?",
            "A": "아니요. 저 이제 막 학교를 다니게 돼서요. 그런 적은 없어요."
        },
        {
            "Q": "부모님이나 선생님 때문에 슬프거나 화가 난 적 있어?",
            "A": "네, 있었어요. 기억은 잘 안 나지만 엄마가 집 나가기 전에 항상 울면서 저한테 소리쳤었어요. 그리고 \n최근에 엄마 만났었을 때 엄마가 그때는 내가 너무 힘들어서 내가 힘든 게 다 너 때문인 것 같았어. 앞으로도 각자 살자. 연락하지 마. 라고 했었는데 그래서 너무 슬펐어요. 엄마한테 두 번 버림받았어요."
        },
        {
            "Q": "어른들이 나를 어디에 가두고 못 나오게 한 적 있었어?",
            "A": "아니요."
        },
        {
            "Q": "다른 사람들 앞에서도 혼나거나 다른 아이들과 비교한 적도 있어?",
            "A": "아니요."
        },
        {
            "Q": "마음이 힘들 때 가족에게 내 마음을 이야기해?",
            "A": "아니요. 지금은 노래 듣거나 노래 불러요. 그러면 좀 마음이 괜찮아져요."
        },
        {
            "Q": "주위 어른들 중에 나를 때린 적이 있는 사람이 있어?",
            "A": "없어요."
        },
        {
            "Q": "내가 원하지 않는데도 누군가가 내 몸을 만지거나 보여달라고 한 적 있어?",
            "A": "아니요. 없어요."
        },
        {
            "Q": "집에서 어른들끼리 소리 지르면서 싸우는 걸 듣거나 본 적 있어?",
            "A": "아니요, 없어요."
        },
        {
            "Q": "친구들이 나를 자주 놀리거나 괴롭힌다고 느낀 적이 있어?",
            "A": "아니요. 친구들이랑 잘 지내요."
        },
        {
            "Q": "언제 마음이 복잡하거나 힘들어?",
            "A": "그냥 문득문득 그래요. 누군가 나한테 질문할 때나 제가 발표하는 시간에 그렇기도 하고. 그래서 지금도 사실 좀 힘들어요."
        },
        {
            "Q": "안 좋은 기억 때문에 괴로워서 죽고 싶다는 생각 한 적 있어?",
            "A": "아니요. 그런 적은 없어요."
        },
        {
            "Q": "잠잘 때 주로 어떤 꿈을 꿔?",
            "A": "꿈은 잘 안 꾸는데, 엄마랑 아빠랑 셋이서 행복하게 사는 꿈을 꿔요."
        },
        {
            "Q": "꿈을 꾸고 일어나면 몸 상태는 어때?",
            "A": "엄마 아빠 꿈꾸면 꿈에서 깨기 싫어요. 더 자고 싶어요. 꿈이 너무 행복해서 울고 있기도 하고요."
        },
        {
            "Q": "어른들의 허락이나 말도 없이 집에서 오랫동안 나가 있었던 적 있어?",
            "A": "아니요."
        }
    ]
}