{
    "info": {
        "위기단계": "정상군"
    },
    "kids_ment": [
        {
            "Q": "최근에 아픈 곳 없이 건강하니?",
            "A": "지금은 안 아파요."
        },
        {
            "Q": "다친 데도 없을까?",
            "A": "저번에 학교에서 친구들이랑 장난치다가 넘어져서 허벅지에 상처 좀 났어요."
        },
        {
            "Q": "우리 친구는 뭘 할 때가 즐거울까?",
            "A": "친구들이랑 놀 때가 제일 즐거워요."
        },
        {
            "Q": "어떤 점이 즐거운 것 같아?",
            "A": "그냥 신나고 재밌으니까요."
        },
        {
            "Q": "최근 일주일 동안 짜증 나거나 화난 적이 있을까?",
            "A": "네, 어제 동생이 괴롭혀서, 싸우면서 말 따라 하다가 짜증 나서 울었어요."
        },
        {
            "Q": "평소에 이렇게 짜증 났을 때 어떻게 하면 마음이 풀려?",
            "A": "혼자 학교 가면 풀리는 것 같아요."
        },
        {
            "Q": "우리 친구는 몇 시에 자고 몇 시에 일어나요?",
            "A": "아홉 시에 자서 일곱 시에 일어나요."
        },
        {
            "Q": "아침에 일어났을 때 몸 상태는 어때?",
            "A": "조금 찌뿌둥한데 나쁘지 않아요."
        },
        {
            "Q": "평소에 잠들기 힘들다거나 잠자는 중간에 자주 깬 적이 있을까?",
            "A": "잠 잘 자요."
        },
        {
            "Q": "평상시에 아버지는 어떤 표정을 자주 짓는 것 같아?",
            "A": "안 본 지 오래됐어요."
        },
        {
            "Q": "평상시에 어머니는 어떤 표정을 자주 짓는 것 같아?",
            "A": "엄마 돌아가셔서 기억 안 나요."
        },
        {
            "Q": "평상시에 시설 선생님은 어떤 표정을 자주 짓는 것 같아?",
            "A": "항상 웃고 계세요."
        },
        {
            "Q": "왜 웃고 계시는 것 같아?",
            "A": "선생님은 밝으시고 친절하니까요."
        },
        {
            "Q": "친구는 선생님 표정을 보면 기분이 어때?",
            "A": "즐거워요."
        },
        {
            "Q": "친구는 형제가 있나요?",
            "A": "네, 언니 한 명이랑 남동생 한 명 있어요."
        },
        {
            "Q": "친구는 언니랑 동생이랑 사이는 어때?",
            "A": "언니랑은 친한데요. 동생이랑은 좀 자주 놀리고 다퉈요."
        },
        {
            "Q": "시설 선생님이 동생이랑 차별을 많이 할까?",
            "A": "아니요, 차별 안 해요."
        },
        {
            "Q": "친구들이랑 주로 뭐 하고 놀아?",
            "A": "선생님 놀이도 하고요. 그냥 게임하면서 뛰어놀아요."
        },
        {
            "Q": "주로 몇 명이랑 놀아?",
            "A": "다섯 명이요."
        },
        {
            "Q": "담임 선생님은 어때? 좋은 것 같아?",
            "A": "네, 담임선생님도 좋아요. 담임선생님도 시설 선생님처럼 착하고 친절하거든요."
        },
        {
            "Q": "요즘 가장 큰 걱정거리가 있을까?",
            "A": "음/ 어쩌다 한 번씩 우리 집이 부자가 됐으면 좋겠다는 생각을 해요."
        },
        {
            "Q": "걱정거리 때문에 생활이 불편하거나 힘들진 않아?",
            "A": "전혀요. 진짜 어쩌다 한번 드는 생각이라 힘들진 않아요."
        },
        {
            "Q": "요즘 행복하다고 느껴?",
            "A": "네, 저는 여기에서도 학교에서도 친구들 많아서 행복해요."
        },
        {
            "Q": "우리 친구는 커서 어떤 사람이 되고 싶을까?",
            "A": "피아니스트요."
        },
        {
            "Q": "왜 되고 싶은 거야?",
            "A": "피아노 배우고 싶어서요."
        },
        {
            "Q": "친구를 돌봐주는 어른은 누군가요?",
            "A": "시설 선생님이요."
        },
        {
            "Q": "우리 친구는 배가 고픈데 밥이 없어서 굶은 적이 있을까?",
            "A": "없어요."
        },
        {
            "Q": "친구가 어디 아픈데 어른들이 병원에 안 데려간 적은 있을까?",
            "A": "아니요, 조금만 아파도 선생님들이 병원 데리고 가요."
        },
        {
            "Q": "빨래가 되지 않아서 더럽고 냄새나는 옷을 입는다거나 사이즈가 안 맞는 옷이나 신발을 착용한 적 있어?",
            "A": "없어요."
        },
        {
            "Q": "인터넷이나 휴대폰을 가지고 노는 시간은 하루에 몇 시간 정도일까?",
            "A": "휴대폰이 없어요."
        },
        {
            "Q": "어른들이 와야 하는 학교행사가 있을 때 잘 오실까?",
            "A": "네, 시설 선생님이 오시는데요. 가끔은 아빠도 와요."
        },
        {
            "Q": "부모님이나 선생님 때문에 슬프거나 화난 적 있을까?",
            "A": "아니요, 없어요."
        },
        {
            "Q": "주위 어른들 중에 나를 때린 적이 있는 사람이 있을까?",
            "A": "아니요."
        },
        {
            "Q": "내가 원하지 않았는데도 누군가가 내 몸을 만지거나 보여달라고 한 적 있을까?",
            "A": "없어요."
        },
        {
            "Q": "집에서 어른들끼리 소리 지르면서 싸우는 걸 듣거나 본 적 있을까?",
            "A": "아니요, 엄마 돌아가셔서 한 번도 싸우는 것을 본 적이 없어요."
        },
        {
            "Q": "친구들이 나를 자주 놀리거나 괴롭힌다고 느낀 적 있나요?",
            "A": "아니요, 저는 친구들도 많고요. 친구들이 있어서 학교 가는 게 제일 좋아요."
        },
        {
            "Q": "어떨 때 마음이 복잡하거나 힘들까?",
            "A": "저도 친구들처럼 휴대폰 갖고 싶을 때요."
        },
        {
            "Q": "그렇게 힘들 때 죽고 싶다는 생각을 한 적 있나요?",
            "A": "아니요, 휴대폰 없어도 친구들이랑 놀 수 있어요."
        },
        {
            "Q": "잠잘 때 주로 어떤 꿈을 꿀까?",
            "A": "꿈은 한 번도 꿔본 적이 없어요."
        },
        {
            "Q": "부모님의 허락 없이 또는 말도 없이 집에서 오랫동안 나와 있어야 한 적이 있을까?",
            "A": "그런 적 없어요."
        }
    ]
}