{
    "info": {
        "위기단계": "정상군"
    },
    "kids_ment": [
        {
            "Q": "요즘 건강은 어떤 것 같아? 아픈 곳은 없어?",
            "A": "네, 건강한 거 같아요."
        },
        {
            "Q": "최근에 다친 곳은 없어?",
            "A": "네."
        },
        {
            "Q": "뭘 할 때가 즐거워?",
            "A": "친구들이랑 얘기하고 노는 게 즐거워요."
        },
        {
            "Q": "어떤 점이 즐거운 것 같아?",
            "A": "제가 좋아하는 친구들이랑 이야기를 해서 좋은 거 같아요."
        },
        {
            "Q": "최근 일주일 동안 짜증이나 화가 난 적은 있어?",
            "A": "아니요, 그런 적은 없어요."
        },
        {
            "Q": "평소에 몇 시에 자고 몇 시에 일어나?",
            "A": "열 시에 자서 일곱 시 반에 일어나요."
        },
        {
            "Q": "아침에 일어나면 몸은 어때?",
            "A": "좋아요."
        },
        {
            "Q": "잠들기 힘들거나 자다가 중간에 깨진 않아?",
            "A": "네, 그런 거 없어요. 잘 자요."
        },
        {
            "Q": "같이 사는 가족은 누구누구야?",
            "A": "여기 사는 친구들이랑 선생님들이요."
        },
        {
            "Q": "여기에서 돌봐주시는 분의 평소 표정은 어때?",
            "A": "항상 웃고 잘해줘요."
        },
        {
            "Q": "어떨 때 그런 표정을 지으시는 것 같아?",
            "A": "그냥요. 이유는 모르겠어요."
        },
        {
            "Q": "그 표정을 보면 기분이 어때?",
            "A": "좋아요. 저는 여기 있는 사람들 다 좋아요."
        },
        {
            "Q": "친구한테 관심이 있는 것 같아?",
            "A": "네, 그런 것 같아요."
        },
        {
            "Q": "친구들이랑 주로 뭐 하고 놀아?",
            "A": "얘기하고 노는 걸 제일 많이 하고 술래잡기도 가끔 해요."
        },
        {
            "Q": "친구들이랑 놀면 기분이 어때?",
            "A": "좋아요. 재밌어요."
        },
        {
            "Q": "담임 선생님은 좋아, 싫어?",
            "A": "좋은 편인 것 같아요."
        },
        {
            "Q": "어떤 점이 좋은 것 같아?",
            "A": "맨날맨날 재밌는 놀이 알려줘서요."
        },
        {
            "Q": "요즘 걱정하는 게 있어?",
            "A": "없는 거 같아요."
        },
        {
            "Q": "요즘 행복한 것 같아?",
            "A": "네, 행복한 것 같아요."
        },
        {
            "Q": "1에서 5 사이에 몇 점 정도 행복한 것 같아?",
            "A": "4점이요."
        },
        {
            "Q": "어떤 점이 행복한 거 같아?",
            "A": "제가 좋아하는 사람들이랑 맨날맨날 재밌게 있어서요."
        },
        {
            "Q": "나중에 어떤 사람이 되고 싶어?",
            "A": "아직 잘 모르겠어요."
        },
        {
            "Q": "하고 싶은 일이 없어?",
            "A": "아니요, 그게 아니라 하고 싶은 일이 많은데 아직 어떤 사람이 되고 싶은지는 모르+ 못 정했어요."
        },
        {
            "Q": "시설 보호자가 배가 고픈데 밥을 챙겨주지 않아서 굶은 적이 있어?",
            "A": "아니요."
        },
        {
            "Q": "빨래가 안 돼서 냄새나고 불쾌한 옷을 입은 적 있어?",
            "A": "없어요."
        },
        {
            "Q": "아플 때 어른들이 병원에 데려가지 않은 적 있어?",
            "A": "없어요."
        },
        {
            "Q": "운동회나 수업 참관 같은 학교행사에 잘 오시는 편이야?",
            "A": "네, 잘 오시는 거 같아요."
        },
        {
            "Q": "다섯 번 중에 몇 번 정도 오시는 것 같아?",
            "A": "세 번은 오시는 거 같아요."
        },
        {
            "Q": "인터넷이나 휴대폰을 하루에 몇 시간 정도 하는 것 같아?",
            "A": "별로 안 해요. 휴대폰이 없어요."
        },
        {
            "Q": "피시방 같은 곳을 자주 가는 편이야? 한 달에 몇 번?",
            "A": "한 번도 안 가봤어요."
        },
        {
            "Q": "부모님이나 선생님 때문에 화가 나거나 슬픈 적 있어?",
            "A": "엄마랑 아빠가 데리러 안 와서 슬퍼요."
        },
        {
            "Q": "어떤 말이나 행동 때문에 그렇게 느꼈어?",
            "A": "다른 친구들은 오는 거 같은데 저는 안 와서요."
        },
        {
            "Q": "어른들이 방이나 다른 곳에 가두고 못 나오게 한 적 있어?",
            "A": "아니요."
        },
        {
            "Q": "다른 사람 앞에서 혼난 적 있어?",
            "A": "아니요."
        },
        {
            "Q": "어른들이 다른 아이들이랑 비교할 때 있어?",
            "A": "없어요."
        },
        {
            "Q": "어른들이 집에서 쫓아낸다고 하거나 버리겠다고 하거나 진짜 쫓아낸 적 있어?",
            "A": "아니요."
        },
        {
            "Q": "뭔가 하려고 할 때 무조건 안 된다고 하거나, 하기 싫은데도 무조건 하라고 한 적 있어?",
            "A": "아니요."
        },
        {
            "Q": "마음이 힘들 때 누구에게 말해?",
            "A": "선생님이요."
        },
        {
            "Q": "주위 어른들 중 때린 사람이 있어?",
            "A": "그런 적 없어요."
        },
        {
            "Q": "누군가 원하지 않는데도 몸을 만지거나 보여달라고 한 적 있어?",
            "A": "아니요."
        },
        {
            "Q": "집에서 어른들이 소리 지르면서 싸우는 걸 듣거나 본 적 있어?",
            "A": "그런 적 없어요."
        },
        {
            "Q": "친구들이 자주 놀리거나 괴롭힌다고 느낀 적 있어?",
            "A": "장난으로 놀리는 거 말고는 없어요. 기분 안 나빠요."
        },
        {
            "Q": "어떨 때 마음이 복잡하거나 힘들어?",
            "A": "가끔 친구들이랑 놀 때 제 생각이랑 친구 생각이랑 다르면 조금 힘들어요."
        },
        {
            "Q": "그런 것 때문에 괴로워서 죽고 싶다고 생각한 적 있어?",
            "A": "아니요. 그런 건 아니에요."
        },
        {
            "Q": "잠잘 때 어떤 꿈을 꾸는 편이야?",
            "A": "꿈을 잘 안 꿔요."
        },
        {
            "Q": "부모님 허락 없이 또는 말도 없이 집에서 오랫동안 나와 있었던 적 있어?",
            "A": "아니요."
        }
    ]
}