{
    "info": {
        "위기단계": "응급"
    },
    "kids_ment": [
        {
            "Q": "요즘 건강은 어떤 것 같아? 아픈 곳은 없어?",
            "A": "감기 걸렸어요."
        },
        {
            "Q": "어디가 어떻게 아파?",
            "A": "기침도 하고 콧물도 많이 나요."
        },
        {
            "Q": "언제부터 아팠어? 지금도 아파?",
            "A": "일주일 전에 감기 걸렸는데 아직도 안 나았어요."
        },
        {
            "Q": "예전에도 지금처럼 아팠던 적 있어?",
            "A": "에어컨 바람 많이 쐬면 감기 자주 걸렸던 것 같아요."
        },
        {
            "Q": "한 달에 몇 번 정도 아팠어?",
            "A": "보통 감기 한 달에 두 번 정도 걸려서 일주일에서 2주일 동안 아팠던 거 같아요."
        },
        {
            "Q": "어떤 것 때문에 아픈 것 같아?",
            "A": "에어컨 바람 많이 쐬거나 갑자기 비 오는 날 비 맞거나 그러면 감기 걸리는 것 같아요."
        },
        {
            "Q": "최근에 다친 곳은 없어?",
            "A": "네, 없어요."
        },
        {
            "Q": "뭘 할 때가 즐거워?",
            "A": "문화센터에서 춤도 추고 노래 부를 때 즐거워요."
        },
        {
            "Q": "어떤 점이 즐거운 것 같아?",
            "A": "제가 좋아하는 걸 하니까 즐거운 거 같아요."
        },
        {
            "Q": "최근 일주일 동안 짜증이나 화가 난 적 있어?",
            "A": "네, 그냥 갑자기 화난 적 있어요."
        },
        {
            "Q": "뭐 때문에 갑자기 화가 난 것 같아?",
            "A": "그냥 제 맘대로 안 되면 자꾸 화가 나요."
        },
        {
            "Q": "그렇게 화가 나면 어떻게 해?",
            "A": "연습실 비어 있으면 가서 노래도 하고 춤도 춰요."
        },
        {
            "Q": "평소에 몇 시에 자고 몇 시에 일어나?",
            "A": "열 시 반쯤에 자서 일곱 시 반에 일어나요."
        },
        {
            "Q": "아침에 일어나면 몸은 어때?",
            "A": "괜찮아요."
        },
        {
            "Q": "잠들기 힘들거나 자다가 중간에 깨진 않아?",
            "A": "네, 잘 자요."
        },
        {
            "Q": "같이 사는 가족은 누구누구야?",
            "A": "원래 엄마랑 새아빠랑 같이 살았는데 지금은 여기서 살아요."
        },
        {
            "Q": "새아버지의 표정은 어땠어?",
            "A": "모르겠어요. 기억 안 하고 싶어요. 새아빠는 싫어요."
        },
        {
            "Q": "엄마랑 살 때 엄마의 표정은 어땠어?",
            "A": "항상 짜증 나 있고 귀찮아하는 표정이었어요."
        },
        {
            "Q": "어떨 때 그런 표정을 지으셨던 것 같아?",
            "A": "제가 뭐 해달라고 하면 그랬던 거 같아요."
        },
        {
            "Q": "그런 표정을 보면 기분이 어땠어?",
            "A": "제가 잘못한 거 같은 기분이 들었어요."
        },
        {
            "Q": "여기에서 돌봐주시는 분의 평소 표정은 어때?",
            "A": "잘 웃으시는 것 같아요."
        },
        {
            "Q": "어떨 때 그런 표정을 지으시는 것 같아?",
            "A": "그냥 그 표정이 기본인 거 같아요."
        },
        {
            "Q": "그 표정을 보면 기분이 어때?",
            "A": "그냥 그래요. 그래도 웃고 있으니까 무섭거나 그러진 않아요."
        },
        {
            "Q": "친구한테 관심이 있는 것 같아?",
            "A": "네, 저한테 불편한 거 없냐고 자주 물어보세요."
        },
        {
            "Q": "친구들이랑 주로 뭐 하고 놀아?",
            "A": "노래하고 놀아요."
        },
        {
            "Q": "친구들이랑 놀면 기분이 어때?",
            "A": "재밌어요. 같이 노래하면 더 재밌어요."
        },
        {
            "Q": "담임 선생님은 좋아, 싫어?",
            "A": "좋은 편인 것 같아요."
        },
        {
            "Q": "어떤 점이 좋은 것 같아?",
            "A": "잘 챙겨주고 제가 싫어하는 거 강제로 하라고 안 해서요."
        },
        {
            "Q": "요즘 걱정하는 게 있어?",
            "A": "같이 문화센터에서 춤추고 노래하는 친구들 보다 못하는 거 같아서 걱정돼요."
        },
        {
            "Q": "뭐 때문에 그게 걱정인 것 같아?",
            "A": "다른 친구들은 저보다 먼저 배워서 잘하는데 저는 늦게 배워서 그렇게 못 하는 거 같아서요."
        },
        {
            "Q": "그 걱정 때문에 평소에 힘들거나 불편하다고 느껴?",
            "A": "네, 조금요. 저만 뒤처져서 친구들이나 선생님이 저를 안 좋아하면 어떡해요."
        },
        {
            "Q": "한 달에 몇 번이나 그런 생각이 들어?",
            "A": "세 번 넘게요."
        },
        {
            "Q": "요즘 행복한 것 같아?",
            "A": "예전보다는 행복한 거 같아요."
        },
        {
            "Q": "1에서 5 사이에 몇 점 정도 행복한 것 같아?",
            "A": "2점이요."
        },
        {
            "Q": "어떤 점이 행복한 거 같아?",
            "A": "제가 좋아하는 춤도 배우고 노래도 배울 수 있어서요."
        },
        {
            "Q": "그런데 왜 두 번밖에 안 행복한 거 같아?",
            "A": "가끔 안 좋은 생각도 들고 자꾸 불안하고 아무것도 아닌 거에 화도 많이 내서요."
        },
        {
            "Q": "나중에 어떤 사람이 되고 싶어?",
            "A": "뮤지컬 배우 하고 싶어요."
        },
        {
            "Q": "그렇게 되고 싶다고 생각한 이유는 뭐야?",
            "A": "춤추고 노래하는 사람 중에 제일 멋있는 거 같아서요."
        },
        {
            "Q": "시설에서 돌봐주시는 분이 배가 고픈데 밥을 챙겨주지 않아서 굶은 적이 있어?",
            "A": "아니요."
        },
        {
            "Q": "빨래가 안 돼서 냄새나고 불쾌한 옷을 입은 적 있어?",
            "A": "아니요."
        },
        {
            "Q": "크기가 맞지 않는 옷을 입거나 신발을 신은 적 있어?",
            "A": "아니요."
        },
        {
            "Q": "아플 때 어른들이 병원에 데려가지 않은 적 있어?",
            "A": "네, 엄마가 그랬어요."
        },
        {
            "Q": "한 달에 몇 번 정도 그런 일이 있어?",
            "A": "딱 한 번 그런 일 있었어요."
        },
        {
            "Q": "운동회나 수업 참관 같은 학교행사에 어른들이 잘 오시는 편이야?",
            "A": "아니요, 엄마도 잘 안 왔고 여기 있는 선생님들도 잘 못 오세요."
        },
        {
            "Q": "인터넷이나 휴대폰을 하루에 몇 시간 정도 하는 것 같아?",
            "A": "두 시간이요."
        },
        {
            "Q": "인터넷이나 휴대폰을 너무 많이 한다고 어른들이 뭐라고 하진 않아?",
            "A": "네, 저 노래 연습하려고 유튜브 보는 거 알아서 뭐라고 안 해요."
        },
        {
            "Q": "피시방 같은 곳을 자주 가는 편이야?",
            "A": "안 가요."
        },
        {
            "Q": "부모님이나 선생님 때문에 화나거나 슬픈 적 있어?",
            "A": "네, 엄마 때문에 화난 적 있어요."
        },
        {
            "Q": "어떤 말이나 행동 때문에 그렇게 느꼈어?",
            "A": "새아빠 때문에 아프고 무섭고 그랬는데 엄마가 나보고 참으라고 해서요."
        },
        {
            "Q": "어른들이 방이나 다른 곳에 가두고 못 나오게 한 적 있어?",
            "A": "아니요."
        },
        {
            "Q": "다른 사람 앞에서 혼난 적 있어?",
            "A": "아니요."
        },
        {
            "Q": "어른들이 다른 아이들이랑 비교할 때 있어?",
            "A": "없어요."
        },
        {
            "Q": "어른들이 집에서 쫓아낸다고 하거나 버리겠다고 하거나 진짜 쫓아낸 적 있어?",
            "A": "없어요."
        },
        {
            "Q": "뭔가 하려고 할 때 무조건 안 된다고 하거나, 하기 싫은데도 무조건 하라고 한 적 있어?",
            "A": "저는 참기 싫다고 했는데 엄마가 참으라고 했어요."
        },
        {
            "Q": "마음이 힘들 때 누구에게 말해?",
            "A": "지금은 여기 있는 선생님한테 이야기해요. 친구들한테도 말하고요."
        },
        {
            "Q": "주위 어른들 중에 때린 사람이 있어?",
            "A": "때린 사람은 없어요."
        },
        {
            "Q": "누군가 원하지 않는데도 몸을 만지거나 보여달라고 한 적 있어?",
            "A": "네, 새아빠가 만졌어요."
        },
        {
            "Q": "한 달에 몇 번 정도 그랬어?",
            "A": "두 번이요."
        },
        {
            "Q": "부끄럽고 창피한 걸 시킨 사람이 있어?",
            "A": "새아빠가 옷 벗으라고 시키고 이상한 자세로 앉으라고 하고 누우라고 하고 그랬어요."
        },
        {
            "Q": "속옷 입는 부위에 상처가 나거나 다쳐서 병원에 간 적 있어?",
            "A": "네, 새아빠 때문에 밑에가 피나서 병원 갔어요."
        },
        {
            "Q": "그 상처 때문에 입원하거나 수술한 적 있어?",
            "A": "그건 안 했어요."
        },
        {
            "Q": "친구의 몸을 사진이나 동영상을 찍기 싫은데 찍은 사람이 있어?",
            "A": "아니요."
        },
        {
            "Q": "인터넷이나 휴대폰을 통해 알게 된 사람이 속옷 입는 부위를 사진이나 영상으로 찍어서 보내달라고 한 적 있어?",
            "A": "아니요."
        },
        {
            "Q": "그런 사진이나 동영상을 찍어서 보내주면 돈을 주겠다고 한 사람은 있어?",
            "A": "아니요."
        },
        {
            "Q": "친구의 신체 사진이나 동영상이 인터넷에 올라오거나 그걸 누가 본 적 있어?",
            "A": "아니요."
        },
        {
            "Q": "싫다고 했는데 계속 연락하거나 따라다니는 사람이 있어?",
            "A": "없어요."
        },
        {
            "Q": "인터넷이나 휴대폰을 통해 알게 된 사람을 실제로 만난 적 있어?",
            "A": "없어요."
        },
        {
            "Q": "집에서 어른들이 소리 지르면서 싸우는 걸 듣거나 본 적 있어?",
            "A": "안 싸웠어요."
        },
        {
            "Q": "친구들이 자주 놀리거나 괴롭힌다고 느낀 적이 있어?",
            "A": "아니요. 괴롭힐까 봐 걱정했는데 잘해주고 잘 대해줘서 잘 지내요."
        },
        {
            "Q": "어떨 때 마음이 복잡하거나 힘들어?",
            "A": "가끔 새아빠가 그랬던 거 생각날 때랑 엄마가 내 편 안 들어주고 참으라 한 거 생각날 때요."
        },
        {
            "Q": "그런 것 때문에 괴로워서 죽고 싶다고 생각한 적 있어?",
            "A": "네."
        },
        {
            "Q": "일주일에 몇 번 정도 그런 생각을 하는 것 같아?",
            "A": "지금은 안 그러는데 그러고 나서 매일 그런 생각 했어요. 지금은 세 번 정도 갑자기 떠올라요."
        },
        {
            "Q": "자살 시도를 한 적 있어?",
            "A": "네."
        },
        {
            "Q": "어떤 걸로 어떻게 했는지 말해줄 수 있어?",
            "A": "그냥 날카로운 거, 그걸로 팔 찔렀어요."
        },
        {
            "Q": "최근에도 그런 시도를 한 적 있어?",
            "A": "그냥 가끔 맘대로 일이 안 풀리면 그럴 때 있어요."
        },
        {
            "Q": "잠잘 때 어떤 꿈을 꾸는 편이야?",
            "A": "꿈 꿀 때도 있고 안 꿀 때도 있어서 기억이 잘 안 나요."
        },
        {
            "Q": "꿈 꿀 때는 기분 나쁜 꿈인 것 같아?",
            "A": "네. 그런 것 같아요."
        },
        {
            "Q": "그 꿈이 실제로 있었던 일 같아?",
            "A": "새아빠가 나온 적이 많았던 것 같아요 그냥 그때 같은 거요."
        },
        {
            "Q": "그렇게 꿈을 꾸고 일어나면 몸 상태는 어때?",
            "A": "머리가 너무 아파요."
        },
        {
            "Q": "생각하기 싫은데도 자꾸 그 기억이 떠오른 적 있어?",
            "A": "네. 가끔 새아빠랑 엄마랑 그렇게 했던 게 생각나요."
        },
        {
            "Q": "일주일에 몇 번 정도 떠오르는 것 같아?",
            "A": "두 번 정도요."
        },
        {
            "Q": "그런 기억이 떠오르면 어떻게 해?",
            "A": "노래 불러요."
        },
        {
            "Q": "부모님 허락 없이 또는 말도  없이 집에서 오랫동안 나와있었던 적 있어?",
            "A": "아니요."
        }
    ]
}