{
    "info": {
        "위기단계": "응급"
    },
    "kids_ment": [
        {
            "Q": "우리 친구 최근에 몸 상태는 어떤 것 같아? 건강한 것 같아? 아니면 아픈 곳이 있어?",
            "A": "허리가 아+ 아파요."
        },
        {
            "Q": "왜 아픈지 알려줄 수 있어?",
            "A": "매+ 맨날 허+ 허리 굽히고 있어서 허리에 디 디스크인가 그+ 그게 왔다고 그랬어요."
        },
        {
            "Q": "언제부터 아팠던 거야?",
            "A": "저+ 저번달에 아파서 벼+ 병원에 갔는데 의사 선생님이 그+ 그렇게 말했어요."
        },
        {
            "Q": "다친 곳은 있어?",
            "A": "아니요."
        },
        {
            "Q": "우리 친구는 뭘 할 때가 가장 즐거워?",
            "A": "채+ 책 읽고 영화 같은 거 보면 즈+ 즐거워요."
        },
        {
            "Q": "최근 일주일 동안 짜증이나 화가 난 적 있어?",
            "A": "따+ 딱히 없는 것 같아요."
        },
        {
            "Q": "평소에 짜증이나 화가 났을 때, 어떻게 하면 마음이 풀리는 것 같아?",
            "A": "그+ 그냥 책 이+ 읽거나 노래를 드+ 듣는 것 같아요."
        },
        {
            "Q": "보통 몇 시에 자고, 몇 시에 일어나는 것 같아?",
            "A": "열+ 열한 시에 누우면 여+ 열두 시 전에 자서 여섯 시쯤에 이+ 일어나는 것 같아요."
        },
        {
            "Q": "아침에 일어났을 때, 몸 상태는 어때?",
            "A": "매+ 매일매일 피곤하고 일어나기 힘들어요."
        },
        {
            "Q": "평소에 잠들기 힘들다거나, 잠자는 중간에 자주 깨는 편이야?",
            "A": "주+ 중간에 자주 깨+ 깨는 것 같아요."
        },
        {
            "Q": "평상시에 어머니, 아버지는 어떤 표정을 자주 짓는 것 같아?",
            "A": "어+ 엄마는 잘 안 봐서 모 모르겠어요. 아+ 아빠는 화난 표정이에요."
        },
        {
            "Q": "아빠가 왜 화난 표정을 지으시는 것 같아?",
            "A": "아+ 아빠는 마음에 안 드는 게 마+ 많아서 그런 것 같아요."
        },
        {
            "Q": "그럼, 엄마는 왜 잘 안 보는 것 같아? 바쁘셔?",
            "A": "그+ 그냥 잘 못 만나서요. 저+ 절 안 보러와요."
        },
        {
            "Q": "친구를 주로 돌봐주시는 시설의 보호자는 어떤 표정을 자주 지으셔?",
            "A": "그+ 그냥 저 보면 늘 우+ 웃으면서 대해주세요."
        },
        {
            "Q": "우리 친구는 형제자매는 몇 명이야?",
            "A": "나+ 남동생이 있어요."
        },
        {
            "Q": "남동생이랑 사이는 어때?",
            "A": "그+ 그냥 잘 안 봐서 모르겠어요. 벼+ 별로 안 친해요."
        },
        {
            "Q": "남동생이랑은 같은 시설에 있는 거야?",
            "A": "네+ 네."
        },
        {
            "Q": "그럼, 부모님께서 친구랑 남동생을 어떻게 대하셔? 차별하신다거나 그런 걸 느낀 적 있어?",
            "A": "어+ 없어요. 그냥 저희 둘한테 과+ 관심이 없어서."
        },
        {
            "Q": "그럼 시설에 계신 보호자는 친구랑 남동생을 어떻게 대하시는 거 같아? 차별하는거 같아?",
            "A": "아+ 아니요. 모+ 모든 애들한테 치+ 친절하세요."
        },
        {
            "Q": "친구들이랑은 주로 뭐 하면서 놀아?",
            "A": "치+ 친구 없어요."
        },
        {
            "Q": "왜 못 노는 거야?",
            "A": "애+ 애들이 저 말 더+ 더듬는다고 같이 아+ 안 놀아줘요."
        },
        {
            "Q": "담임선생님은 어때? 좋아해 아니면 안 좋아해?",
            "A": "좋아요."
        },
        {
            "Q": "담임선생님이 어떤 부분이 좋아?",
            "A": "자+ 잘 대해주시고 애+ 애들이랑 잘 어울릴 수 이 있도록 노+ 노력해 주세요. 자+ 잘 안되지만."
        },
        {
            "Q": "요즈음 우리 친구 고민은 뭐야?",
            "A": "아+ 아빠가 자꾸 하+ 할머니 할아버지가 찾는다고 가+ 같이 가자고 그래요. 가+ 가기 싫은데."
        },
        {
            "Q": "그 고민 때문에 생활이 불편하거나 힘든 적 있어?",
            "A": "매+ 매일 아빠가 또 찾아오진 않을까, 가+ 같이 가게 되는 건 아닌가 걱정이에요."
        },
        {
            "Q": "그럼, 요즈음 행복하다고 느껴?",
            "A": "아+ 아니요."
        },
        {
            "Q": "왜 행복을 느끼지 못하는 것 같아?",
            "A": "아+ 아빠가 저 데려가려고 하니까요. 가+ 가기 무서워요."
        },
        {
            "Q": "그럼 어떻게 하면 행복을 느낄 수 있을 것 같아?",
            "A": "아+ 아빠가 그만 차+ 찾아왔으면 좋겠어요."
        },
        {
            "Q": "우리 친구는 커서 어떤 사람이 되고 싶어?",
            "A": "자+ 작가가 되고 싶어요."
        },
        {
            "Q": "왜 작가가 되고 싶어?",
            "A": "저+ 저는 말을 더듬지만, 그+ 글은 더듬지 않으니까요. 자+ 작가가 돼서 멋진 그+ 글을 쓰고 싶어요. 제+ 제가 하고 싶은 말+ 말을 잘 표현하고 싶어요."
        },
        {
            "Q": "시설에서 주로 친구를 돌봐주는 어른은 누구야?",
            "A": "시+ 시설에 있는 선생님이요."
        },
        {
            "Q": "배가 고픈데 시설에 먹을 게 없어서 굶은 적 있어?",
            "A": "어+ 없어요."
        },
        {
            "Q": "저녁에 친구를 시설에 혼자 두고 어른들이 나갔던 적 있어?",
            "A": "아+ 아니요."
        },
        {
            "Q": "시설에 있는 친구를 항상 돌봐주는 사람이 갑자기 말도 없이 시설을 나가서 안 들어온 적 있어?",
            "A": "아+ 아니요."
        },
        {
            "Q": "우리 친구가 어디 아픈 곳이 있는데 보호자들이 병원에 데려가지 않은 적이 있어?",
            "A": "어+ 없어요."
        },
        {
            "Q": "빨래가 안 되어 있어서 더럽고 냄새나는 옷을 입어야 한 적 있어?",
            "A": "어+ 없어요."
        },
        {
            "Q": "옷이나 신발 사이즈가 작은 걸 입거나 신고 다닌 적이 있어?",
            "A": "아+ 아니요."
        },
        {
            "Q": "하루에 인터넷이나 휴대폰을 가지고 노는 시간은 몇 시간 정도야?",
            "A": "하+ 한 시간 하는 것 같아요."
        },
        {
            "Q": "피시방도 가고 그래?",
            "A": "아+ 아니요."
        },
        {
            "Q": "보호자들이 운동회나 참관 수업 같은 학교에 오는 행사에 오셔?",
            "A": "그+ 그런 건 잘 못 오세요."
        },
        {
            "Q": "부모님이나 선생님 때문에 슬프거나 화난 적 있었어?",
            "A": "아+ 아빠가 막 욕하고 그래서 화났었어요."
        },
        {
            "Q": "아빠가 어떻게 말하셨는지 말해줄 수 있어?",
            "A": "마+ 막 쓸모없다고 <욕설> 이라고 그랬어요."
        },
        {
            "Q": "어른들이 친구를 어디에 가두고 못 나오게 한 적 있어?",
            "A": "아+ 아니요."
        },
        {
            "Q": "부모님이나 시설 보호자들이 다른 사람들 앞에서도 혼내실 때가 있었어?",
            "A": "어+ 없어요."
        },
        {
            "Q": "어른들이 우리 친구를 다른 아이들과 비교하는 편이야?",
            "A": "아+ 아니요."
        },
        {
            "Q": "어른들이 친구를 집에서 쫓아내거나 버리겠다고 말한 적 있어?",
            "A": "아+ 아니요."
        },
        {
            "Q": "우리 친구가 뭘 하려고 할 때, 무조건 안 된다고 하거나, 하기 싫은데도 무조건 하라고 할 때가 있어?",
            "A": "아+ 아빠가 자 자꾸 같이 가자고 그래요. 가 가기 싫은데."
        },
        {
            "Q": "마음이 힘들 때, 가족에게 친구 마음을 이야기해?",
            "A": "아+ 아무한테도 말 안 해요."
        },
        {
            "Q": "주위 어른들 중 우리 친구를 때린 적이 있는 사람이 있어?",
            "A": "아+ 아빠가요."
        },
        {
            "Q": "최근에 아빠가 친구를 때리신 적이 있어?",
            "A": "최+ 최근에는 없어요."
        },
        {
            "Q": "아빠가 친구를 때리시는 이유는 뭐라고 생각해?",
            "A": "아+ 아빠가 수+ 술 먹고 화나면 때 때리는 것 같아요. 마+ 막 물건도 던지고."
        },
        {
            "Q": "아빠에게 어느 부위를 무엇으로 맞았어?",
            "A": "그+ 그냥 물건을 머리 쪽에 더+ 던지고 그랬어요."
        },
        {
            "Q": "평소에 아빠가 자주 때리셨어?",
            "A": "이+ 일주일에 두세 번이요."
        },
        {
            "Q": "아빠한테 맞아서 얼마나 다쳤어?",
            "A": "머+ 머리에서 피 나고 머+ 멍이 들고 그랬어요."
        },
        {
            "Q": "이렇게 다친 것 때문에, 병원에 가서 치료를 받은 적 있어?",
            "A": "아+ 아니요."
        },
        {
            "Q": "우리 친구가 원하지 않는데도 누군가가 친구 몸을 만지거나 보여달라고 한 적 있었을까?",
            "A": "아+ 아니요."
        },
        {
            "Q": "집에서 어른들끼리 소리 지르면서 싸우는 걸 듣거나 본 적 있어?",
            "A": "네+ 네."
        },
        {
            "Q": "얼마나 자주 있었어?",
            "A": "이+ 일주일에 두세 번 정도 그랬어요."
        },
        {
            "Q": "누가 어떻게 싸웠었어?",
            "A": "어+ 엄마랑 아빠랑 그랬어요. 아+ 아빠가 막 무+ 물건을 던지고 소+ 소리 지르고 욕하고 그+ 그랬어요."
        },
        {
            "Q": "어른들이 술을 마시고 무섭게 행동할 때가 많아?",
            "A": "네+ 네. 아빠가 그랬어요."
        },
        {
            "Q": "그렇게 싸울 때 친구한테 안 좋은 소리도 해?",
            "A": "마+ 막 욕하고 물건도 던지고 그랬어요."
        },
        {
            "Q": "이런 일 때문에, 집에 나와서 있었어야 한 적이 있어?",
            "A": "지+ 지금 여기 온 게 처음이에요. 이+ 이전에는 어+ 없었는데."
        },
        {
            "Q": "이런 일 때문에 경찰이나 다른 사람이 온 적 있어?",
            "A": "싸+ 싸울 때마다 여+ 옆집 아줌마가 겨+ 경찰에 신고했는데 계속 그랬어요."
        },
        {
            "Q": "친구들이 자주 놀리거나 괴롭힌다고 느낀 적이 있어?",
            "A": "네+ 네. 마+ 말 더듬는다고 노+ 놀리고 무시하고 아+ 안 놀아줘요."
        },
        {
            "Q": "그 애들이 괴롭히거나 놀릴 때 어떤 기분이야?",
            "A": "히+ 힘들어요. 저+ 저도 더듬거리기 싫은데 아+ 안되니까 속상하고 스+ 슬퍼요."
        },
        {
            "Q": "얼마나 자주 이런 일이 있었어?",
            "A": "매 +맨날 놀려요. 저+ 전학간 이후부터 계속이요."
        },
        {
            "Q": "이 괴롭힘 때문에 다쳐서 양호실이나 병원에 간 적도 있어?",
            "A": "저+ 절 때리고 그+ 그런 것 없었어요."
        },
        {
            "Q": "그 아이들 때문에 학교를 가지 않은 적도 있어?",
            "A": "아+ 아니요."
        },
        {
            "Q": "우리 친구는 어떨 때 마음이 복잡하거나 힘들어?",
            "A": "아+ 아빠가 자꾸 찾아올 때요."
        },
        {
            "Q": "그런 상황 때문에 괴로워서 죽고 싶다는 생각을 한 적 있어?",
            "A": "새+ 생각은 한 적 있는데 지+ 진짜로 한 적은 없어요."
        },
        {
            "Q": "얼마나 자주 그런 생각이 들었어?",
            "A": "이+ 일주일에 한두 번 정도요."
        },
        {
            "Q": "잠잘 때 주로 어떤 꿈을 꾸는 것 같아?",
            "A": "마+ 막 괴물이 잡아먹고 고+ 공격하는 꿈이요."
        },
        {
            "Q": "중간에 잠에서 깨는 이유가 무섭거나 끔찍하거나 힘들었던 경험 때문인 것 같아?",
            "A": "그+ 그런 것 같아요."
        },
        {
            "Q": "생각하고 싶지 않은 데도 자꾸 그 기억이 떠오른 적이 있어?",
            "A": "아+ 아빠랑 비슷하게 생긴 사람을 보면 그런 것 같아요."
        },
        {
            "Q": "얼마나 자주 그래?",
            "A": "하+ 한 달에 한두 번이요."
        },
        {
            "Q": "이런 싫은 기억이 떠오를 때 어떻게 해?",
            "A": "그+ 그냥 눈을 감고 이+ 잊으려고 노력하는 것 같아요."
        },
        {
            "Q": "꿈을 꾸고 일어나면 몸 상태가 어때?",
            "A": "따+ 땀이 엄청 나요."
        },
        {
            "Q": "부모님 또는 시설의 보호자 허락이나 말도 없이 집이나 시설에 오랫동안 나와 있었던 적이 있어?",
            "A": "어+ 없어요."
        }
    ]
}