{
    "info": {
        "위기단계": "학대의심"
    },
    "kids_ment": [
        {
            "Q": "최근에 몸이 건강한 거 같아? 아니면 어디 아픈 곳 있어?",
            "A": "아픈 데 없는데요."
        },
        {
            "Q": "최근에 다쳤던 적이 있어?",
            "A": "멍든 것도 다친 거예요?"
        },
        {
            "Q": "응. 멍이 왜 들었어?",
            "A": "뛰어다니다가 의자에 걸려서요."
        },
        {
            "Q": "언제 다쳤어?",
            "A": "다섯 밤 전에요."
        },
        {
            "Q": "어디가 멍들었어?",
            "A": "여기 무릎이요."
        },
        {
            "Q": "친구는 뭐할 때가 즐거워?",
            "A": "인형 놀이 하는 거요."
        },
        {
            "Q": "인형 놀이할 때 어떤 점이 즐거워?",
            "A": "엄마 아빠 놀이할 수 있어요."
        },
        {
            "Q": "최근 일주일 동안 짜증이나 화가 난 적이 있어?",
            "A": "아니요. 없어요."
        },
        {
            "Q": "몇 시에 자고 몇 시에 일어나?",
            "A": "밤 열 시에 자고요, 아침에는 일곱 시에 일어나요."
        },
        {
            "Q": "아침에 일어났을 때 몸 상태는 어때?",
            "A": "몸 상태요? 잘 모르겠는데요. 매일 똑같은데."
        },
        {
            "Q": "어떻게 똑같아?",
            "A": "음/ 그냥 어제랑 똑같아요."
        },
        {
            "Q": "평소에 잠이 들기 힘들거나 잠자는 중간에 자주 깨?",
            "A": "중간중간 많이 깨요."
        },
        {
            "Q": "왜 깨는 거야?",
            "A": "자다가 놀라서요."
        },
        {
            "Q": "왜 놀라는 거야?",
            "A": "어/ 무서운 꿈 꿔서요."
        },
        {
            "Q": "아빠는 평소에 어떤 표정을 많이 지으셔?",
            "A": "이렇게 화난 표정이요."
        },
        {
            "Q": "왜 화난 표정을 짓는 거 같아?",
            "A": "매일 화나 있는 거 같아요. 소리도 지르고."
        },
        {
            "Q": "그 표정을 보면 친구는 기분이 어때?",
            "A": "무서워요. 막 심장이 두근두근해요."
        },
        {
            "Q": "엄마는 평소에 어떤 표정으로 친구를 볼까?",
            "A": "엄마는 표정이 없는데요."
        },
        {
            "Q": "왜 그렇게 생각해?",
            "A": "화내지는 않는데 웃지도 않아요."
        },
        {
            "Q": "그런 엄마 보면 어떤 기분이 들어?",
            "A": "내가 뭐 잘 못했나 걱정이 돼요."
        },
        {
            "Q": "같이 살던 아저씨는 어떤 표정인 거 같아?",
            "A": "뱀 같아요."
        },
        {
            "Q": "왜 그렇게 느껴?",
            "A": "보면 좀 으스스하고 소름 돋아요."
        },
        {
            "Q": "아저씨 보면 어떤 기분이 들어?",
            "A": "같이 있기 싫어요. 기분이 이상해요."
        },
        {
            "Q": "형제자매는 누구누구 있어?",
            "A": "없어요. 저 혼자에요."
        },
        {
            "Q": "친구들이랑 주로 뭐 하고 놀아?",
            "A": "저는 인형 놀이 하고 싶은데 친구들은 싫어해요."
        },
        {
            "Q": "친구들이랑 잘 못 놀아?",
            "A": "네, 친구들 노는 거 잘 모르겠어요."
        },
        {
            "Q": "잘 모르겠다는 게 무슨 뜻이야?",
            "A": "애들이 노는 거 이해를 잘 못해서 같이 놀자고 못 했어요. 그래도 여기 언니들은 저 잘 챙겨줘요."
        },
        {
            "Q": "담임 선생님 좋아? 싫어?",
            "A": "선생님 좋아요."
        },
        {
            "Q": "어떤 점이 좋아?",
            "A": "선생님 매일 인사해 줘요."
        },
        {
            "Q": "요즘 가장 큰 걱정거리가 뭐야?",
            "A": "여기에서 계속 살게 될까봐 걱정이에요."
        },
        {
            "Q": "무엇 때문에 그게 걱정이 되는 거야?",
            "A": "엄마랑 영원히 떨어져 있게 되면 어떡해요."
        },
        {
            "Q": "걱정 때문에 생활이 불편하거나 힘들어?",
            "A": "그건 아닌 거 같아요."
        },
        {
            "Q": "요즘 행복하다고 느껴?",
            "A": "지금은 좋아요."
        },
        {
            "Q": "어떤 점에서 좋아?",
            "A": "무섭게 하는 사람 없어서 좋아요."
        },
        {
            "Q": "커서 어떤 사람이 되고 싶어?",
            "A": "다정한 사람이요."
        },
        {
            "Q": "왜 다정한 사람이 되고 싶어?",
            "A": "세상에 다정한 사람이 많으면 좋으니까요."
        },
        {
            "Q": "하고 싶은 직업 같은 거 없을까?",
            "A": "음/ 그건 잘 모르겠어요."
        },
        {
            "Q": "집에서 주로 친구를 돌봐주는 어른은 누구야?",
            "A": "엄마요."
        },
        {
            "Q": "배가 고픈데 먹을 게 없어서 굶은 적 있어?",
            "A": "여기 오기 전에 엄마가 밥 잘 안 줬어요."
        },
        {
            "Q": "저녁에 친구를 집에 혼자 두고 엄마가 나간 적 있어? 있으면 얼마나 자주 그랬어?",
            "A": "저 자라고 하고 엄마 거의 매일 나갔어요."
        },
        {
            "Q": "엄마가 갑자기 말도 없이 집을 나가서 안 들어온 적은 있어?",
            "A": "집에 오기는 왔어요."
        },
        {
            "Q": "어디 아픈 곳이 있는데 병원에 데려가지 않은 적 있어? 몇 번이나 있었어?",
            "A": "밤에 열나고 아팠는데 엄마가 없어서 병원 못 갔어요. 어쩌다 아플 때요."
        },
        {
            "Q": "빨래가 되어 있지 않아 더럽고 냄새나는 옷을 입어야 한 적 있어? 얼마나 자주 그랬어?",
            "A": "냄새는 모르겠고 더러워서 입기 싫은데 입은 적은 있어요. 일주일에 두 번 정도요."
        },
        {
            "Q": "옷이나 신발 사이즈가 작은 걸 입거나 신고 다닌 적 있어?",
            "A": "옷이랑 신발 작은 게 아니고 다 커요."
        },
        {
            "Q": "인터넷이나 휴대폰 가지고 노는 시간은 하루에 몇 시간 정도야?",
            "A": "휴대폰 없어요. 인터넷 거의 안 해요."
        },
        {
            "Q": "부모님이나 선생님의 어떤 말이나 행동이 나를 슬프거나 화나게 한 적 있어?",
            "A": "네, 있어요. 엄마가 나를 슬프게 해요."
        },
        {
            "Q": "엄마의 어떤 말이나 행동이 친구를 슬프게 해?",
            "A": "이 쓸모없는 녀석. 너 바보라 잘 모르잖아. 그냥 모른다고 해. 이런 말 할 때랑요. 아저씨 싫은데 아저씨가 예뻐하는 거니까 이상한 말 하지 말라고 할 때요."
        },
        {
            "Q": "어른들이 나를 어디에 가두고 못 나오게 한 적 있어?",
            "A": "그런 적은 없어요."
        },
        {
            "Q": "다른 사람들 앞에서도 혼날 때 있어? 있으면 얼마나 자주 그래?",
            "A": "집에서만 혼난 거 같아요."
        },
        {
            "Q": "어른들이 나를 다른 아이들과 비교해? 있으면 얼마나 자주 그래?",
            "A": "다른 애들이랑 비교는 안 했어요."
        },
        {
            "Q": "어른들이 나를 집에서 쫓아내거나 버리겠다고 말하거나 진짜 쫓아낸 적 있어?",
            "A": "진짜 쫓아낸 적은 없는데 제가 잘 못하면 같이 못산다고 매일 그랬어요."
        },
        {
            "Q": "친구가 뭔가 하려 할 때 무조건 안 된다고 하거나 하기 싫은데 무조건 하라고 할 때 있어?",
            "A": "저는 그냥 아저씨랑 있기 싫은데 아저씨 말 잘 들으라고 해요."
        },
        {
            "Q": "마음이 힘들 때 가족에게 내 마음을 이야기해?",
            "A": "아니요."
        },
        {
            "Q": "주위 어른들 중에 나를 때린 적이 있는 사람이 있어?",
            "A": "아니요, 없어요."
        },
        {
            "Q": "내가 원하지 않는데 누군가가 내 몸을 만지거나 보여달라고 한 적 있어?",
            "A": "네, 있어요."
        },
        {
            "Q": "누가 그랬어?",
            "A": "아저씨가요."
        },
        {
            "Q": "어떻게 했어?",
            "A": "아저씨가 씻겨 준다고 하면서 목욕탕에서 오줌 나오는데 계속 만지면서 오줌 마려운 느낌 드냐고 그러기도 하고 안쪽도 깨끗하게 씻어야 한다고 아저씨 손가락을 아래 구멍 어디에다 넣기도 했어요."
        },
        {
            "Q": "누가 친구한테 부끄럽고 창피한 것을 시킨 적 있어? 어떤 거 시켰어?",
            "A": "아저씨가 샤워하면서 아저씨 고추 만져보라고 제 손 억지로 잡고 막 만지게 했어요."
        },
        {
            "Q": "소중한 부위에 상처가 나거나 다쳐서 병원에 간 적 있어?",
            "A": "병원은 안 갔고 따끔거려서 엄마한테 말했는데 그냥 엄마가 잘 닦으라고 했어요."
        },
        {
            "Q": "누가 내 몸 사진을 찍거나 동영상을 찍은 적이 있어?",
            "A": "아니요, 없어요."
        },
        {
            "Q": "나의 신체 부위를 사진이나 영상을 찍어서 보내주면 돈을 준다고 한 적 있어?",
            "A": "아니요. 없어요."
        },
        {
            "Q": "집에서 어른들끼리 소리 지르면서 싸우는 걸 듣거나 본 적 있어?",
            "A": "엄마랑 아저씨랑도 가끔 싸우고 전에 엄마랑 아빠는 매일 싸웠어요."
        },
        {
            "Q": "그때 어른들이 술 마신 상태였니?",
            "A": "아니요."
        },
        {
            "Q": "그렇게 싸울 때 친구한테 안 좋은 소리 하거나 다치게 한 적 있어?",
            "A": "저는 싸우면 방으로 도망가서 그런 적 없어요."
        },
        {
            "Q": "혹시 이런 일 때문에, 집에 경찰이나 다른 사람이 온 적 있어?",
            "A": "다른 사람 온 적 없어요."
        },
        {
            "Q": "친구들이 나를 자주 놀리거나 괴롭힌다고 느낀 적 있어?",
            "A": "괴롭히진 않고 그냥 잘 안 놀아 주니까."
        },
        {
            "Q": "친구들이 안 놀아주면 기분이 어때?",
            "A": "슬퍼요."
        },
        {
            "Q": "그런 일 자주 있었어?",
            "A": "어느 순간 그냥 혼자 놀아요."
        },
        {
            "Q": "그런 기간이 얼마나 됐어?",
            "A": "두 달 정도요."
        },
        {
            "Q": "친구들 때문에 학교 가지 않은 적도 있어?",
            "A": "아니요, 없어요."
        },
        {
            "Q": "마음이 복잡하거나 힘들어서 죽고 싶다는 생각 한 적 있어?",
            "A": "아니요. 죽기 싫어요."
        },
        {
            "Q": "잠잘 때 주로 어떤 꿈 꿔?",
            "A": "엄마가 여기 두고 떠나던 날이 계속 반복돼요."
        },
        {
            "Q": "그 장면이 자꾸 생각나? 얼마나 자주 그래?",
            "A": "가만히 있으면 생각나요. 일주일에 네 번, 다섯 번이요."
        },
        {
            "Q": "그런 싫은 기억이 떠오르면 어떻게 해?",
            "A": "그냥 방에 가서 인형 놀이 해요."
        },
        {
            "Q": "꿈꾸고 일어나면 몸 상태가 어때?",
            "A": "숨도 차고 좀 긴장돼요."
        },
        {
            "Q": "가출해 본 적 있어?",
            "A": "아니요, 없어요."
        }
    ]
}