{
    "info": {
        "위기단계": "정상군"
    },
    "kids_ment": [
        {
            "Q": "최근에 건강한가요, 아니면 아픈 곳이 있나요?",
            "A": "아이스크림을 너무 많이 먹어서 배가 아팠어요."
        },
        {
            "Q": "언제부터 아팠나요?",
            "A": "일주일 전에 한 번 그랬어요."
        },
        {
            "Q": "이전에도 자주 그랬나요?",
            "A": "아니요. 이번에만 그랬어요."
        },
        {
            "Q": "최근에 다쳤던 적이 있었나요?",
            "A": "아니요. 없어요."
        },
        {
            "Q": "뭘 할 때가 즐겁나요?",
            "A": "친구들이랑 놀 때요."
        },
        {
            "Q": "친구들이랑 있을 때 어떤 점이 즐거운가요?",
            "A": "아이유나 에스파 덕질해요."
        },
        {
            "Q": "최근 일주일 동안 짜증이나 화가 난 적이 있나요?",
            "A": "네. 센터에서 공부 시간이 있는데 작년보다 양이 많아져서 짜증 나요."
        },
        {
            "Q": "얼마나 자주 짜증이 나요?",
            "A": "그냥 일주일 한 번 정도요. 너무 공부하기 싫을 때가 있어요."
        },
        {
            "Q": "평소에 짜증이나 화가 났을 때, 어떻게 하면 마음이 풀려요?",
            "A": "아이유의 아이와 나의 바다처럼 제가 좋아하는 노래 들어요. 선생님 아이유 이 노래 아세요?"
        },
        {
            "Q": "몇 시에 자고, 몇 시에 일어나나요?",
            "A": "열한 시에 자고 아침 일곱 시에 일어나요."
        },
        {
            "Q": "아침에 일어났을 때, 몸 상태는 어때요?",
            "A": "빨리 일어나서 놀고 싶어요."
        },
        {
            "Q": "평소에 잠이 들기 힘들거나, 잠자는 중간에 자주 깨나요?",
            "A": "아니요. 그런 적 없어요."
        },
        {
            "Q": "아버지는 어떤 표정을 자주 짓나요?",
            "A": "아 저는 엄마아빠 안 계시고 시설에서 선생님이랑 친구들이랑 살아요."
        },
        {
            "Q": "그럼, 평상시에 선생님은 어떤 표정을 자주 짓나요?",
            "A": "밝아요. 너무 좋아요."
        },
        {
            "Q": "왜 밝은 표정을 짓는 것 같아요?",
            "A": "저희를 좋아해서요. 아침마다 학교 끝나고 올 때마다 반겨주세요."
        },
        {
            "Q": "그런 표정을 지을 때, 내 기분은 어때요?",
            "A": "선생님이 제 친엄마면 좋겠어요. 행복해요."
        },
        {
            "Q": "형제자매는 몇 명이에요?",
            "A": "저 외동이요."
        },
        {
            "Q": "친구들이랑 주로 뭐 하고 놀아요?",
            "A": "덕질도 하고 보드게임도 해요."
        },
        {
            "Q": "주로 몇 명이 놀아요?",
            "A": "여섯 명이요."
        },
        {
            "Q": "담임 선생님을 좋아하나요, 싫어하나요?",
            "A": "담임 선생님 제가 어려워하는 것을 천천히 잘 가르쳐주셔서 너무 좋아요. 선생님이 알려주면 이해가 쉬워요."
        },
        {
            "Q": "요즘 가장 큰 걱정거리는 무엇인가요?",
            "A": "요즘 가장 큰 걱정은 영어가 너무 어려워요. 다른 친구들은 영어를 배우고 와서 잘하는데 저는 잘 몰라요."
        },
        {
            "Q": "영어를 잘 못하면 어떻게 될 것 같아요?",
            "A": "시험성적이 떨어지면 센터 선생님이 속상해할 것 같아요. 또 말하기도 하는데 못하면 부끄러워요."
        },
        {
            "Q": "걱정거리 때문에 생활이 불편하거나 힘든가요?",
            "A": "심하지는 않고 그냥 한 달에 한 번 정도 걱정돼요."
        },
        {
            "Q": "요즘 행복하다고 느끼나요?",
            "A": "네, 센터에서 맛있는 간식도 먹고, 놀거리도 친구도 많아서 행복해요."
        },
        {
            "Q": "커서 어떤 사람이 되고 싶은지, 꿈이 무엇인지 이야기해 줄래요?",
            "A": "저는 제빵사가 되고 싶어요. 빵이 너무 맛있어서 많이 만들어서 친구들 나눠줄래요."
        },
        {
            "Q": "시설에서 주로 나를 돌봐주는 어른은 누구인가요?",
            "A": "선생님들이요."
        },
        {
            "Q": "배가 고픈데 먹을 게 없어서 굶은 적이 있나요?",
            "A": "아니요. 없어요."
        },
        {
            "Q": "어디 아픈 곳이 있는데 어른들이 병원에 데려가지 않은 적이 있나요?",
            "A": "아니요."
        },
        {
            "Q": "인터넷이나 휴대폰을 가지고 노는 시간은 하루에 몇 시간 정도인가요?",
            "A": "하루에 세 시간 정도요."
        },
        {
            "Q": "인터넷이나 휴대폰 게임을 너무 많이 한다고 어른들이 뭐라고 하지는 않나요?",
            "A": "자기 전에 많이 하면 선생님이 아침에 돌려주세요."
        },
        {
            "Q": "피시방 같은 곳을 얼마나 자주 가나요?",
            "A": "안 가요."
        },
        {
            "Q": "부모님이나 선생님 때문에 슬프거나 화가 난 적이 있어요?",
            "A": "아니요."
        },
        {
            "Q": "다른 사람들 앞에서도 혼날 때가 있나요?",
            "A": "혼날 때는 원장실이나 상담실에 가서 혼나요."
        },
        {
            "Q": "어른들이 나를 다른 아이들과 비교하나요?",
            "A": "선생님들이 다 이쁘다고 하세요."
        },
        {
            "Q": "내가 무엇을 하려고 할 때, 무조건 안 된다고 하거나, 하기 싫은데도 무조건 하라고 할 때가 있나요?",
            "A": "공부하기 싫은데 자꾸 시켜요."
        },
        {
            "Q": "마음이 힘들 때, 누구에게 내 마음을 이야기하나요?",
            "A": "친구랑 시설 선생님한테요."
        },
        {
            "Q": "주위 어른들 중 나를 때린 적이 있는 사람이 있나요?",
            "A": "아니요."
        },
        {
            "Q": "내가 원하지 않는데도 누군가가 내 몸을 만지거나 보여달라고 한 적 있어요?",
            "A": "아니요."
        },
        {
            "Q": "어른들이 소리 지르면서 싸우는 걸 듣거나 본 적 있나요?",
            "A": "아니요. 없어요."
        },
        {
            "Q": "친구들이 나를 자주 놀리거나 괴롭힌다고 느낀 적이 있나요?",
            "A": "아니요. 친구들 다 착해요."
        },
        {
            "Q": "어떨 때 마음이 복잡하거나 힘든가요?",
            "A": "엄마, 아빠 이야기 나올 때요."
        },
        {
            "Q": "그런 적이 자주 있어요?",
            "A": "아니요. 그냥 가끔 엄마, 아빠가 친구들 데리러 올 때 슬퍼요."
        },
        {
            "Q": "안 좋은 기억 때문에 괴로워서 죽고 싶다는 생각을 한 적 있나요?",
            "A": "아니요."
        },
        {
            "Q": "잠잘 때 주로 어떤 꿈을 꾸나요?",
            "A": "카리나랑 푸바오 나오는 꿈이요."
        },
        {
            "Q": "선생님의 허락 없이 또는 말도 없이 쉼터에서 오랫동안 나와 있었던 적 있나요?",
            "A": "아니요. 없어요."
        }
    ]
}