{
    "info": {
        "위기단계": "응급"
    },
    "kids_ment": [
        {
            "Q": "최근에 아픈 곳이 있어요?",
            "A": "아니요. 아픈 곳 없어요."
        },
        {
            "Q": "최근에 다쳤던 적이 있나요?",
            "A": "친구들이랑 센터에서 놀다가 넘어져서 멍이 들었어요."
        },
        {
            "Q": "언제 넘어졌어요?",
            "A": "지난주 수요일이요."
        },
        {
            "Q": "친구들이랑 어떻게 놀다가 넘어졌나요?",
            "A": "센터 안에서 그냥 뛰어서 놀았어요."
        },
        {
            "Q": "뭘 할 때가 즐겁나요?",
            "A": "달리기랑 축구할 때가 재밌어요."
        },
        {
            "Q": "달리기나 축구할 때 어떤 점이 재밌어요?",
            "A": "신나고 다른 생각 안하고 달리기랑 축구에만 집중할 수 있어요."
        },
        {
            "Q": "최근 일주일 동안 짜증이나 화가 난 적이 있나요?",
            "A": "수학 공부하는데 문제가 잘 안 풀려서 화가 났어요."
        },
        {
            "Q": "그런 일이 자주 일어나나요?",
            "A": "자주 있어요. 수학 시간마다 일주일에 두 번은 그래요. 수학이 너무 어려워요."
        },
        {
            "Q": "평소에 짜증이나 화가 났을 때, 어떻게 하면 마음이 풀려요?",
            "A": "친구들하고 놀거나 대화하면 기분이 괜찮아져요."
        },
        {
            "Q": "몇 시에 자고, 몇 시에 일어나나요?",
            "A": "센터에서는 자는 시간이 정해져 있어요. 보통 열 시에 자고 일곱 시에 일어나요."
        },
        {
            "Q": "아침에 일어났을 때, 몸 상태는 어때요?",
            "A": "좋아요."
        },
        {
            "Q": "평소에 잠이 들기 힘들거나, 잠자는 중간에 자주 깨나요?",
            "A": "작년에는 자기 힘들 때도 있었지만, 지금은 잘 자고 안 깨요."
        },
        {
            "Q": "평상시에 아버지는 어떤 표정을 자주 짓나요?",
            "A": "아빠는 1년에 서너 번 정도 왔었는데 이제는 안 와요. 핸드폰 번호를 몰라서 연락하고 싶지만, 연락도 못 해요."
        },
        {
            "Q": "아빠는 언제부터 안 왔을까요?",
            "A": "작년 봄부터 안 왔어요."
        },
        {
            "Q": "아빠가 왔을 때 우리 친구를 보면 어떤 표정을 지었나요?",
            "A": "웃으면서 이야기했어요. 그런데 엄마 이야기만 하면 싫어했어요. 이제는 안 오니까 너무 슬퍼요."
        },
        {
            "Q": "엄마도 친구를 보러 오신 적이 있나요?",
            "A": "아니요. 없어요."
        },
        {
            "Q": "센터 선생님은 친구를 볼 때 어떤 표정을 짓나요?",
            "A": "많이 웃어주시고, 저를 아껴주세요."
        },
        {
            "Q": "그 표정을 지을 때, 친구 기분은 어때요?",
            "A": "감사하고 좋아요."
        },
        {
            "Q": "형제자매는 몇 명이에요?",
            "A": "남동생 두 명 있어요."
        },
        {
            "Q": "사이가 어때요?",
            "A": "동생들이랑 자주 이야기해요. 좋아요."
        },
        {
            "Q": "센터에서 선생님이 다른 친구와 친구를 다르게 대한다고 느낄 때가 있어요?",
            "A": "아니요. 다 잘해주세요."
        },
        {
            "Q": "친구들이랑 주로 뭐 하고 놀아요?",
            "A": "핸드폰 게임해요."
        },
        {
            "Q": "주로 몇 명이서 놀아요?",
            "A": "다섯 명이요."
        },
        {
            "Q": "담임 선생님을 좋아하나요, 싫어하나요?",
            "A": "담임 선생님 친절해서 좋아요."
        },
        {
            "Q": "요즘 가장 큰 걱정거리는 무엇인가요?",
            "A": "최근에 배운 리코더가 너무 어려워요."
        },
        {
            "Q": "걱정거리 때문에 생활이 불편하거나 힘든가요?",
            "A": "친구들 앞에서 리코더를 해야 하는데 못하면 너무 창피할 것 같아요. 그래서 일주일에 한 번 음악 수업마다 걱정돼요."
        },
        {
            "Q": "요즘 행복하다고 느끼나요?",
            "A": "네. 행복한 것 같아요."
        },
        {
            "Q": "어떤 점에서 행복했어요?",
            "A": "동생들이랑 같이 지낼 수 있어서요."
        },
        {
            "Q": "커서 어떤 사람이 되고 싶은지, 꿈이 무엇인지 이야기해 줄래요?",
            "A": "축구선수가 되고 싶어요."
        },
        {
            "Q": "왜 축구선수가 되고 싶나요?",
            "A": "축구할 때 너무 신나고 재밌어요. 그리고 선수들이 너무 멋있어요."
        },
        {
            "Q": "센터에서 주로 나를 돌봐주는 어른은 누구인가요?",
            "A": "센터 선생님이요."
        },
        {
            "Q": "배가 고픈데 먹을 게 없어서 굶은 적이 있나요?",
            "A": "아니요. 없어요. 점심은 학교에서 먹고 저녁은 센터에서 주세요."
        },
        {
            "Q": "어디 아픈 곳이 있는데 어른들이 병원에 데려가지 않은 적이 있나요?",
            "A": "아니요. 아프면 병원 가요."
        },
        {
            "Q": "빨래가 되어 있지 않아서 더럽고 냄새나는 옷을 입어야 한 적이 있나요?",
            "A": "없어요."
        },
        {
            "Q": "인터넷이나 휴대폰을 가지고 노는 시간은 하루에 몇 시간 정도인가요?",
            "A": "센터에서 정해진 시간이 있어서 보통 두 시간 정도 해요."
        },
        {
            "Q": "피시방 같은 곳을 얼마나 자주 가나요?",
            "A": "거의 안 가요."
        },
        {
            "Q": "부모님이나 선생님 때문에 슬프거나 화가 난 적이 있나요?",
            "A": "아빠가 이제 찾아오지 않아서 너무 슬퍼요."
        },
        {
            "Q": "어른들이 나를 어디에 가두고 못 나오게 한 적이 있나요?",
            "A": "아니요."
        },
        {
            "Q": "내가 무엇을 하려고 할 때, 무조건 안 된다고 하거나, 하기 싫은데도 무조건 하라고 할 때가 있나요?",
            "A": "아니요. 센터 규칙에 벗어나지 않는다면 괜찮다고 하세요."
        },
        {
            "Q": "마음이 힘들 때, 누구에게 내 마음을 이야기하나요?",
            "A": "센터 선생님께 말해요."
        },
        {
            "Q": "주위 어른들 중 나를 때린 적이 있는 사람이 있나요?",
            "A": "때린 사람은 없어요."
        },
        {
            "Q": "내가 원하지 않는데도 누군가 수영복 입었을 때 가려지는 내 몸을 만지거나 보여달라고 한 적 있어요?",
            "A": "아니요. 없어요."
        },
        {
            "Q": "집에서 어른들끼리 소리 지르면서 싸우는 걸 듣거나 본 적이 있나요?",
            "A": "예전에 엄마랑 아빠랑 같이 살 때, 아빠가 물건을 엄마에게 던지기도 하고 많이 싸웠어요."
        },
        {
            "Q": "언제 일인가요?",
            "A": "유치원 때요. 제가 센터에 초등학교 1학년 때 들어왔는데 그전에 그랬어요."
        },
        {
            "Q": "부모님이 자주 싸우셨나요? 한 달에 몇 번 정도 싸우셨나요?",
            "A": "일주일에 한 번은 싸웠어요."
        },
        {
            "Q": "그때 어른들이 술을 마신 상태였나요?",
            "A": "아빠는 술 마실 때도 있고, 아닐 때도 있었어요."
        },
        {
            "Q": "어른들이 술을 마시고 집에서 무섭게 행동할 때가 많나요?",
            "A": "아빠랑 엄마랑 술 마실 때도 아닐 때도 싸웠어요."
        },
        {
            "Q": "그렇게 싸울 때 나한테 안 좋은 소리를 하나요? 그 상황에서 내가 다친 적이 있나요?",
            "A": "방에 들어가 있으라고 소리친 적이 있어요. 방 안에서 동생들이랑 안고 있어요. 다친 적은 없었어요."
        },
        {
            "Q": "이런 일 때문에, 집에 경찰이나 다른 사람이 온 적이 있나요?",
            "A": "경찰 아저씨가 왔던 것 같은데. 너무 오래전이라 몇 번 왔는지 모르겠어요. 두세 번은 왔던 것 같아요."
        },
        {
            "Q": "친구들이 나를 자주 놀리거나 괴롭힌다고 느낀 적이 있나요?",
            "A": "아니요. 없어요."
        },
        {
            "Q": "어떨 때 마음이 복잡하거나 힘든가요?",
            "A": "아빠랑 엄마 생각하면 마음이 아파요. 아빠랑 엄마가 보고 싶고 걱정돼요. 한 달에도 네다섯 번은 울고 싶어요."
        },
        {
            "Q": "안 좋은 기억 때문에 괴로워서 죽고 싶다는 생각을 한 적이 있나요?",
            "A": "네. 너무 힘들 때 죽고 싶은 생각이 들어요."
        },
        {
            "Q": "실제로 친구를 스스로 아프게 한 적이 있나요?",
            "A": "아니요."
        },
        {
            "Q": "그러면 친구는 죽고 싶다고 생각한 적이 있다고 했는데 실제로 죽으려고 행동한 적이 있나요?",
            "A": "없어요."
        },
        {
            "Q": "잠잘 때 주로 어떤 꿈을 꾸나요?",
            "A": "꿈 안 꿔요."
        },
        {
            "Q": "부모님이나 선생님의 허락 없이 또는 말도 없이 집이나 센터 밖에 오랫동안 나와 있었던 적이 있나요?",
            "A": "아니요. 없어요."
        }
    ]
}