{
    "info": {
        "위기단계": "응급"
    },
    "kids_ment": [
        {
            "Q": "최근에 건강하다고 느껴, 아니면 아픈 곳이 있어?",
            "A": "손목을 다쳤어요."
        },
        {
            "Q": "다른 데 아픈 곳은 없어?",
            "A": "요즘 너무 더워서 어지러워요."
        },
        {
            "Q": "언제부터 그랬어?",
            "A": "한 달 정도 된 것 같아요."
        },
        {
            "Q": "손목을 어쩌다 다쳤니?",
            "A": "체육 시간에 축구할 때 골키퍼였는데요. 공을 막다가 공에 맞아서 손목을 다쳤어요."
        },
        {
            "Q": "병원은 바로 가서 치료받았니?",
            "A": "네, 바로 병원 갔는데 뼈에 금이 갔다고 했어요. 깁스해서 너무 불편해요."
        },
        {
            "Q": "뭘 할 때 즐거움을 느껴?",
            "A": "모르겠어요."
        },
        {
            "Q": "평소에 재밌는 일이 있어?",
            "A": "잘 모르겠어요."
        },
        {
            "Q": "최근 일주일 동안 짜증이나 화가 난 적이 있어?",
            "A": "더워서 짜증 나요."
        },
        {
            "Q": "짜증 나면 어떻게 해?",
            "A": "샤워를 하거나 찬 음료수를 마셔요."
        },
        {
            "Q": "보통 몇 시에 자고 몇 시에 일어나?",
            "A": "아홉 시에 자서 일곱 시 반에 일어나요."
        },
        {
            "Q": "아침에 일어났을 때 몸 상태는 어때?",
            "A": "모르겠어요."
        },
        {
            "Q": "평소에 잠이 들기 힘들거나, 잠자는 중간에 깨니?",
            "A": "잠이 들기 힘들어요. 항상 졸리고 피곤해요."
        },
        {
            "Q": "센터 선생님은 평소에 어떤 표정을 자주 지으시니?",
            "A": "음/ 기억이 안 나요."
        },
        {
            "Q": "선생님이 너한테 잘해주시는 것 같니?",
            "A": "음/ 그냥 그래요."
        },
        {
            "Q": "선생님이 좋은 편에 속해, 나쁜 편에 속해?",
            "A": "음/ 좋은 편이요."
        },
        {
            "Q": "형제자매는 누가 있어?",
            "A": "남동생이요."
        },
        {
            "Q": "쉼터에 같이 있니?",
            "A": "네."
        },
        {
            "Q": "남동생이랑 사이는 어때?",
            "A": "저를 쫓아다녀요. 저는 그냥 신경 안 써요."
        },
        {
            "Q": "친구들이랑은 주로 뭐 하고 놀아?",
            "A": "친구들이랑 안 놀아요."
        },
        {
            "Q": "왜 안 놀아?",
            "A": "제가 가면 다들 피해요."
        },
        {
            "Q": "친구들이 왜 피하는 것 같아?",
            "A": "글쎄요. 저를 싫어하는 것 같아요."
        },
        {
            "Q": "그럴 때 어떤 기분이 들어?",
            "A": "우울하고 비참해요."
        },
        {
            "Q": "학교 담임 선생님은 좋아, 싫어?",
            "A": "모르겠어요."
        },
        {
            "Q": "좋은 편인 것 같아, 싫은 편인 것 같아?",
            "A": "그냥 좋은 편이요."
        },
        {
            "Q": "요즘 가장 큰 걱정거리는 뭐야?",
            "A": "손목을 다쳤을 때 엄청 울었어요."
        },
        {
            "Q": "손목을 다쳐서 많이 힘드니?",
            "A": "네. 너무 덥고 간지럽고 불편해요."
        },
        {
            "Q": "요즘 행복하다고 느껴?",
            "A": "모르겠어요."
        },
        {
            "Q": "영 이 행복하지 않다 10이 행복하다라고 할 때 몇 점 정도인 것 같아?",
            "A": "3점이요."
        },
        {
            "Q": "왜 3점인 것 같아?",
            "A": "나도 엄마랑 같이 살고 싶어요."
        },
        {
            "Q": "커서 어떤 사람이 되고 싶어?",
            "A": "모르겠어요."
        },
        {
            "Q": "생각을 안 해봤어? 생각해 봤는데 되고 싶은 사람이 없는 거야?",
            "A": "생각해 봤는데 잘 모르겠어요."
        },
        {
            "Q": "센터에서 주로 나를 돌봐주는 어른은 누구야?",
            "A": "선생님이요."
        },
        {
            "Q": "어디 아픈 곳이 있는데 나를 병원에 데려가지 않은 적이 있어?",
            "A": "모르겠어요."
        },
        {
            "Q": "아플 때 선생님한테 말하면 잘 챙겨 주셔?",
            "A": "네."
        },
        {
            "Q": "선생님이나 어른들 때문에 슬프거나 화가 난 적이 있어?",
            "A": "아니요."
        },
        {
            "Q": "주위 어른들이 나를 때린 적이 있는 사람이 있어?",
            "A": "아니요."
        },
        {
            "Q": "내가 원하지 않는데도 누군가가 내 몸을 만지거나 보여달라고 한 적이 있어?",
            "A": "없어요."
        },
        {
            "Q": "어른들끼리 소리 지르면서 싸우는 걸 듣거나 본 적이 있어?",
            "A": "기억이 안 나요."
        },
        {
            "Q": "친구들이 나를 자주 놀리거나 괴롭힌다고 느낀 적이 있어?",
            "A": "친구들이 같이 안 놀아요."
        },
        {
            "Q": "친구들이 일부러 안 놀아 주는 것 같아?",
            "A": "네, 내가 가면 다 피해요."
        },
        {
            "Q": "그럴 때 어떤 기분이 들어?",
            "A": "슬퍼요."
        },
        {
            "Q": "얼마나 자주 이런 일이 있어?",
            "A": "매일이요."
        },
        {
            "Q": "언제부터 그랬던 것 같아?",
            "A": "어려서부터 쭉 그랬어요."
        },
        {
            "Q": "어떨 때 마음이 복잡하니?",
            "A": "학교에서 맨날 혼자 있을 때요."
        },
        {
            "Q": "그럴 때 괴로워서 죽고 싶다는 생각을 한 적이 있어?",
            "A": "네, 죽고 싶어요."
        },
        {
            "Q": "얼마나 자주 이런 생각을 하니?",
            "A": "거의 매일이요."
        },
        {
            "Q": "자살 시도를 해본 적 있어?",
            "A": "옥상에서 뛰어 내리려고 하다가 무서워서 못 했어요."
        },
        {
            "Q": "잠잘 때 주로 어떤 꿈을 꿔?",
            "A": "글쎄요. 잘 모르겠어요."
        },
        {
            "Q": "선생님의 허락 없이 또는 말도 없이 센터를 오랫동안 나와 있었던 적이 있어?",
            "A": "아니요. 그런 적은 없어요."
        }
    ]
}