{
    "info": {
        "위기단계": "응급"
    },
    "kids_ment": [
        {
            "Q": "최근에 건강해요?",
            "A": "네, 건강해요."
        },
        {
            "Q": "최근에 다쳤던 적이 있었어요?",
            "A": "네."
        },
        {
            "Q": "어디가 아팠어요?",
            "A": "아빠가 때려서 멍들었어요."
        },
        {
            "Q": "언제 다쳤어요?",
            "A": "3일 전에 맞았어요."
        },
        {
            "Q": "친구는 뭘 할 때가 제일 즐거워요?",
            "A": "즐거운 적 없어요."
        },
        {
            "Q": "언제부터 즐거움을 못 느꼈어요?",
            "A": "엄청 오래 지났는데 몇 년은 된 거 같아요."
        },
        {
            "Q": "최근 일주일 동안 짜증이나 화가 난 적 있어요?",
            "A": "아니요. 그런 기분 느껴본 적 없어요."
        },
        {
            "Q": "감정을 잘 못 느끼는 거 같아요?",
            "A": "슬픈 적은 있는데 짜증이나 화는 잘 모르겠어요."
        },
        {
            "Q": "그럼, 어떨 때 짜증이나 화가 났을 때, 어떻게 하면 마음이 풀려요?",
            "A": "그냥 혼자 조용히 있어요."
        },
        {
            "Q": "몇 시에 자고, 몇 시에 일어나요?",
            "A": "저는 열두 시에 자서 일곱 시에 일어나요."
        },
        {
            "Q": "아침에 일어났을 때, 몸 상태는 어때요?",
            "A": "그냥 몸이 아파요."
        },
        {
            "Q": "평소에 잠이 들기 힘들거나, 잠자는 중간에 자주 깨요?",
            "A": "네, 자주 깨요."
        },
        {
            "Q": "평상시에 아버지는 어떤 표정을 자주 지어요?",
            "A": "맨날 화내요."
        },
        {
            "Q": "그 표정을 짓는 이유가 뭐인 거 같아요?",
            "A": "그냥 화가 많아서요."
        },
        {
            "Q": "그 표정을 볼 때, 친구 기분은 어때요?",
            "A": "무서워요. 또 맞을까 봐."
        },
        {
            "Q": "평상시에 어머니는 어떤 표정을 자주 지어요?",
            "A": "엄마는 저랑 있으면 자주 웃어요."
        },
        {
            "Q": "엄마가 그런 표정을 짓는 이유가 뭐인 거 같아요?",
            "A": "아빠 있으면 안 그런 데 저랑 있으면 좋은가 봐요."
        },
        {
            "Q": "그 표정을 볼 때, 친구 기분은 어때요?",
            "A": "엄마가 웃어주면 저도 마음이 편안해요."
        },
        {
            "Q": "형제자매 있어요?",
            "A": "아니요. 없어요."
        },
        {
            "Q": "친구들이랑 주로 뭐 하고 놀아요?",
            "A": "저 친구 없어요."
        },
        {
            "Q": "친구가 없는 이유가 있을까요?",
            "A": "그냥 제가 학교에서 말도 안 하고 그러니까 재미없나 봐요."
        },
        {
            "Q": "담임 선생님 좋아해요? 아니면 싫어해요?",
            "A": "담임 선생님 좋아해요."
        },
        {
            "Q": "좋아하는 이유가 있을까요?",
            "A": "저 막 도와주려고 하고, 그래서 좋아요."
        },
        {
            "Q": "요즘 가장 큰 걱정거리가 있어요?",
            "A": "아빠랑 같이 살기 싫어요."
        },
        {
            "Q": "아빠 때문에 걱정이 되는 이유가 있을까요?",
            "A": "아빠가 저랑 엄마 맨날 때려요."
        },
        {
            "Q": "그 걱정거리 때문에 생활이 불편하거나 힘들어요?",
            "A": "네, 아빠만 있으면 힘들어요."
        },
        {
            "Q": "요즘 행복하다고 느껴요?",
            "A": "아니요."
        },
        {
            "Q": "불행하다고 느끼는 이유가 있어요?",
            "A": "아빠가 있어서 저랑 엄마는 불행해요."
        },
        {
            "Q": "친구는 꿈이 있어요?",
            "A": "아니요. 없어요."
        },
        {
            "Q": "해보고 싶은 일이 없어요?",
            "A": "네, 그냥 저는 아빠랑 같이 살기가 싫어요."
        },
        {
            "Q": "집에서 주로 나를 돌봐주는 어른은 누구예요?",
            "A": "엄마요."
        },
        {
            "Q": "엄마가 밥이나 빨래, 옷은 잘 챙겨주시나요?",
            "A": "네, 엄마는 그런 거 잘 챙겨줘요."
        },
        {
            "Q": "어디 아픈 곳이 있는데 어른들이 병원에 데려가지 않은 적이 있어요?",
            "A": "아니요."
        },
        {
            "Q": "옷이나 신발 사이즈가 작은 걸 입거나 신고 다닌 적 있어요?",
            "A": "네, 있긴 해요. 근데 너무 작으면 사줘요."
        },
        {
            "Q": "인터넷이나 휴대폰을 가지고 노는 시간은 하루에 몇 시간 정도 해요?",
            "A": "저는 핸드폰 없어요."
        },
        {
            "Q": "피시방 같은 곳을 자주 가요?",
            "A": "아니요. 안 가요."
        },
        {
            "Q": "어른들이 학교에 참석해야 하는 행사에 잘 오세요?",
            "A": "아니요. 엄마가 못 가겠다고 미안하다고 그래요. 항상."
        },
        {
            "Q": "부모님이나 선생님 때문에 슬프거나 화가 난 적이 있어요?",
            "A": "네, 아빠 때문에요."
        },
        {
            "Q": "아빠의 어떤 말이나 행동이 친구를 슬프게 해요?",
            "A": "아빠가 저만 없었으면 이렇게 되진 않았을 거라고 막 그래요."
        },
        {
            "Q": "아빠가 친구를 어디에 가두고 못 나오게 한 적이 있어요?",
            "A": "그냥 꼴도 보기 싫다고 방에 들어가라고 그래요."
        },
        {
            "Q": "집에서 쫓아내거나 버리겠다고 말한 적 있어요?",
            "A": "그런 적은 없어요."
        },
        {
            "Q": "친구가 뭘 하려고 할 때, 무조건 안 된다고 하거나, 하기 싫은데도 무조건 하라고 할 때가 있어요?",
            "A": "네, 그냥 공부만 하라고 그래요."
        },
        {
            "Q": "마음이 힘들 때, 누구에게 속마음을 얘기해요?",
            "A": "엄마랑 맨날 아빠 욕해요."
        },
        {
            "Q": "주위 어른들 중에 나를 때린 적이 있는 사람이 있어요?",
            "A": "네, 아빠요."
        },
        {
            "Q": "아빠가 친구를 때리시는 이유는 뭐라고 생각해요?",
            "A": "아빠는 저를 싫어하니까요."
        },
        {
            "Q": "아빠한테 어느 부위를 무엇으로 맞았어요?",
            "A": "그냥 어디든 손으로 막 때려요."
        },
        {
            "Q": "평소 아빠가 자주 때리세요?",
            "A": "네, 일주일에 한두 번은 맞는 거 같아요."
        },
        {
            "Q": "아빠한테 맞아서 얼마나 다쳤어요?",
            "A": "멍도 들고, 저번에는 병원 가서 깁스도 한 적 있어요."
        },
        {
            "Q": "병원에 입원한 적도 있어요?",
            "A": "아니요."
        },
        {
            "Q": "친구가 원하지 않는데도 누가 몸을 만지거나 보여달라고 한 적 있어요?",
            "A": "아니요. 그런 적 없어요."
        },
        {
            "Q": "집에서 어른들끼리 소리 지르면서 싸우는 걸 듣거나 본 적 있어요?",
            "A": "네, 아빠가 엄마한테 막 소리 지르면서 때려요."
        },
        {
            "Q": "그때 아빠가 술을 마신 상태였어요?",
            "A": "술 마실 땐 더 심해요."
        },
        {
            "Q": "아빠가 술 마시고 집에서 무섭게 행동할 때가 많아요?",
            "A": "네, 술 마시면 항상 그래요. 술 마시면 때려요."
        },
        {
            "Q": "부모님이 그렇게 싸울 때 친구한테 안 좋은 소리를 하나요?",
            "A": "꼴도 보기 싫으니까, 방에 들어가라고 하고, 엄마는 저 방에서 못 나오게 해요. 저도 맞는다고 그러면서요."
        },
        {
            "Q": "이런 일 때문에, 집에 나와서 있었어야 한 적 있어요?",
            "A": "네, 저번에 한 번 엄마랑 집에서 나와서 잤어요."
        },
        {
            "Q": "이런 일 때문에, 집에 경찰이나 다른 사람이 온 적 있어요?",
            "A": "네, 옆집에서 신고해 줬었어요."
        },
        {
            "Q": "경찰이 오고 나서도 이런 비슷한 일이 일어난 적이 있어요?",
            "A": "네, 아빠는 항상 똑같아요."
        },
        {
            "Q": "친구들이 자주 놀리거나 괴롭힌다고 느낀 적 있어요?",
            "A": "아니요. 그런 적 없어요."
        },
        {
            "Q": "어떨 때 마음이 복잡하거나 힘들어요?",
            "A": "아빠가 그럴 때 힘들어요."
        },
        {
            "Q": "그 상황 때문에 괴로워서 죽고 싶다는 생각을 한 적 있어요?",
            "A": "네, 그럴 때마다 죽고 싶어요."
        },
        {
            "Q": "얼마나 자주 이런 생각이 들어요?",
            "A": "아빠랑 같이 살면 항상 그래요."
        },
        {
            "Q": "자살 시도나 스스로 때리기도 했었나요?",
            "A": "아니요."
        },
        {
            "Q": "잘 때 주로 어떤 꿈을 꿔요?",
            "A": "아빠가 저랑 엄마 막 때리는 꿈이요."
        },
        {
            "Q": "잠자는 중간에 자주 깼던 이유가 이런 꿈 때문인가요?",
            "A": "네."
        },
        {
            "Q": "생각하고 싶지 않은데도 자꾸 이 기억이 떠오른 적이 있어요?",
            "A": "네, 맨날 그런 생각이 들어요."
        },
        {
            "Q": "이런 싫은 기억이 떠오를 때 어떻게 해요?",
            "A": "엄마한테 가거나 선생님한테 가서 울어요."
        },
        {
            "Q": "꿈을 꾸고 나면 몸 상태가 어때요?",
            "A": "막 가슴이 쿵쾅쿵쾅 뛰고, 땀나요."
        },
        {
            "Q": "가출했던 적 있어요?",
            "A": "아니요. 가출 해 본 적 없어요."
        }
    ]
}