{
    "info": {
        "위기단계": "관찰필요"
    },
    "kids_ment": [
        {
            "Q": "최근에 건강해요?",
            "A": "네, 저 엄청 건강해요. 하나도 안 아파요."
        },
        {
            "Q": "최근에 다쳤던 적이 있었어요?",
            "A": "네, 저 친구들이랑 농구하다가 손가락뼈에 금 가서 깁스했어요."
        },
        {
            "Q": "언제 다쳤어요?",
            "A": "3일 전이요."
        },
        {
            "Q": "농구하다가 어떻게 다쳤어요?",
            "A": "그냥 친구가 패스했는데 제가 제대로 못 받아서 그랬어요."
        },
        {
            "Q": "친구는 뭘 할 때가 제일 즐거워요?",
            "A": "친구들이랑 농구하는 것도 좋아하고, 핸드폰 게임 좋아해요."
        },
        {
            "Q": "친구들이랑 농구할 때랑 핸드폰 게임 할 때 어떤 점이 즐거워요?",
            "A": "농구는 제가 좋아하고요. 핸드폰 게임은 그냥 재밌어요."
        },
        {
            "Q": "최근 일주일 동안 짜증이나 화가 난 적이 있어요?",
            "A": "네, 아빠가 자꾸 술 먹고 막 괴롭히는 것도 짜증 나고, 아빠가 저 일찍 자라고 하거나 공부시키는 것도 싫어요."
        },
        {
            "Q": "그런 일이 자주 일어나요?",
            "A": "일주일에 한두 번은 그러는 거 같아요."
        },
        {
            "Q": "그렇게 평소에 짜증이나 화가 났을 때, 어떻게 하면 마음이 풀려요?",
            "A": "그냥 저는 옛날부터 엄마가 제가 막 흥분하고 그럴 때 눈 감고 심호흡하라고 시켜서 그렇게 하면 좀 풀려요."
        },
        {
            "Q": "몇 시에 자고, 몇 시에 일어나요?",
            "A": "저는 한 시에 자서 일곱 시에 일어나요."
        },
        {
            "Q": "아침에 일어났을 때, 몸 상태는 어때요?",
            "A": "피곤해요."
        },
        {
            "Q": "평소에 잠이 들기 힘들거나, 잠자는 중간에 자주 깨요?",
            "A": "네, 좀 자기 힘들어요. 열한 시에서 열두 시에 엄청 졸린데 그냥 핸드폰 게임하고 싶어서 버티면 자려고 하면 잠이 안 와요."
        },
        {
            "Q": "그럼, 핸드폰 게임을 안 하고 졸린 시간에 자려고 하면 잠이 잘 와요?",
            "A": "네, 가끔 아빠가 핸드폰 압수하면 열한 시에서 열두 시에 자요."
        },
        {
            "Q": "평상시에 아버지는 어떤 표정을 자주 지어요?",
            "A": "아빠 엄청 엄한데 술 먹고 기분 좋으면 막 웃으면서 저 괴롭혀요."
        },
        {
            "Q": "아빠가 그런 표정을 짓는 이유가 뭐인 거 같아요?",
            "A": "술 먹으면 기분이 좋아지니까요. 근데 전 그거 싫어요."
        },
        {
            "Q": "그 표정을 볼 때, 친구 기분은 어때요?",
            "A": "술 먹고 그러면 짜증 나요. 그리고 평소에는 그냥 아빠가 무서워요."
        },
        {
            "Q": "평상시에 어머니는 어떤 표정을 자주 지어요?",
            "A": "엄마는 엄청 잘 웃어요."
        },
        {
            "Q": "엄마가 그런 표정을 짓는 이유가 뭐인 거 같아요?",
            "A": "엄마는 그냥 엄청 착해서 잘 웃어요."
        },
        {
            "Q": "그 표정을 볼 때, 친구 기분은 어때요?",
            "A": "저도 엄마랑 있으면 편하고 좋아요."
        },
        {
            "Q": "형제자매 있어요?",
            "A": "아니요. 없어요."
        },
        {
            "Q": "친구들이랑 주로 뭐 하고 놀아요?",
            "A": "농구도 하고, 축구도 하고, 핸드폰 게임도 하고 그래요."
        },
        {
            "Q": "주로 몇 명이 놀아요?",
            "A": "한 일곱에서 여덟 명 정도요."
        },
        {
            "Q": "담임 선생님 좋아해요? 아니면 싫어해요?",
            "A": "담임 선생님 좋아해요."
        },
        {
            "Q": "좋아하는 이유가 있을까요?",
            "A": "저희랑 같이 농구나 축구도 같이하고, 청소도 같이하고 엄청 착하고 재밌어요."
        },
        {
            "Q": "요즘 가장 큰 걱정거리가 있어요?",
            "A": "네, 아빠가 술 취하는 거 싫어요."
        },
        {
            "Q": "아빠가 술 취하는 게 걱정이 되는 이유가 있을까요?",
            "A": "술 냄새도 싫고, 그냥 술 먹고 저 막 껴안고 그러는 거 싫어요."
        },
        {
            "Q": "그 걱정거리 때문에 생활이 불편하거나 힘들어요?",
            "A": "네, 일주일에 한두 번은 맨날 취해서 들어오는데 그때마다 힘들고 짜증 나요."
        },
        {
            "Q": "요즘 행복하다고 느껴요?",
            "A": "네, 친구들이 저 손 다쳤다고 농구 안 하고 같이 축구해 줘서 고맙고 행복해요."
        },
        {
            "Q": "친구는 꿈이 있어요?",
            "A": "네, 저 나중에 페이커처럼 엄청 유명한 프로게이머가 되고 싶어요."
        },
        {
            "Q": "프로게이머가 되고 싶은 이유가 있어요?",
            "A": "돈도 많이 벌고, 페이커처럼 유명해지면 한국도 유명해지고 그래서요."
        },
        {
            "Q": "집에서 주로 나를 돌봐주는 어른은 누구예요?",
            "A": "엄마요."
        },
        {
            "Q": "엄마가 밥이나 빨래, 옷 잘 챙겨주시나요?",
            "A": "네, 우리 엄마 엄청 착해요."
        },
        {
            "Q": "어디 아픈 곳이 있는데 어른들이 병원에 데려가지 않은 적이 있어요?",
            "A": "아니요. 없어요."
        },
        {
            "Q": "인터넷이나 휴대폰을 가지고 노는 시간은 하루에 몇 시간 정도 해요?",
            "A": "네 시간 정도 하는 거 같아요."
        },
        {
            "Q": "인터넷이나 휴대폰 게임을 너무 많이 한다고 어른들이 뭐라고 하지는 않아요?",
            "A": "그만하라고 많이 그래요."
        },
        {
            "Q": "피시방 같은 곳을 자주 가요?",
            "A": "일주일에 한, 두 번 정도는 친구들이랑 가서 게임해요."
        },
        {
            "Q": "어른들이 학교에 참석해야 하는 행사에 잘 오세요?",
            "A": "네, 항상 오셨어요."
        },
        {
            "Q": "부모님이나 선생님 때문에 슬프거나 화가 난 적 있어요?",
            "A": "아빠가 술 먹으면 좀 짜증도 나고 그래요."
        },
        {
            "Q": "아빠가 술 먹고 하는 어떤 말이나 행동이 친구를 슬프게 해요?",
            "A": "그냥 자꾸 껴안고 그러는 것도 싫고, 막 게임 좀 그만하라고 하고 공부시키려고 할 때도 싫어요."
        },
        {
            "Q": "다른 아이들과 비교해요?",
            "A": "아니요."
        },
        {
            "Q": "집에서 쫓아내거나 버리겠다고 말한 적 있어요?",
            "A": "아니요."
        },
        {
            "Q": "마음이 힘들 때, 가족에게 마음을 얘기해요?",
            "A": "엄마한테 얘기해요. 그래서 아빠가 그럴 때 엄마가 아빠 엄청 혼내요."
        },
        {
            "Q": "주위 어른들 중에 나를 때린 적이 있는 사람이 있어요?",
            "A": "아니요."
        },
        {
            "Q": "친구가 원하지 않는데도 누가 몸을 만지거나 보여달라고 한 적 있어요?",
            "A": "아니요."
        },
        {
            "Q": "집에서 어른들끼리 소리 지르면서 싸우는 걸 듣거나 본 적 있어요?",
            "A": "아니요."
        },
        {
            "Q": "어른들이 술을 마시고 집에서 무섭게 행동할 때가 많나요?",
            "A": "한 달에 한 번 정도는 아빠가 무섭게도 하는데 보통 막 껴안으면서 짜증 나게 해요."
        },
        {
            "Q": "친구들이 자주 놀리거나 괴롭힌다고 느낀 적 있어요?",
            "A": "아니요."
        },
        {
            "Q": "어떨 때 마음이 복잡하거나 힘들어요?",
            "A": "복잡한 적 없어요."
        },
        {
            "Q": "잘 때 주로 어떤 꿈을 꿔요?",
            "A": "저도 꿈꿔보고 싶어요."
        },
        {
            "Q": "가출했던 적 있어요?",
            "A": "아니요."
        }
    ]
}