{
    "info": {
        "위기단계": "상담필요"
    },
    "kids_ment": [
        {
            "Q": "최근에 아픈 곳 없이 건강하니?",
            "A": "네, 아픈 데 없어요."
        },
        {
            "Q": "다친 데도 없을까?",
            "A": "다친 데도 없어요."
        },
        {
            "Q": "우리 친구는 뭘 할 때가 즐거울까?",
            "A": "잘 모르겠어요."
        },
        {
            "Q": "언제부터 즐겁지 않았을까?",
            "A": "그냥 완전 어릴 때 엄마랑 아빠랑 헤어지고 나서부터요."
        },
        {
            "Q": "최근 일주일 동안 짜증 나거나 화난 적이 있을까?",
            "A": "네, 오늘도 짜증 났어요. 그냥 매일 기분이 좋지 않아요."
        },
        {
            "Q": "평소에 이렇게 화날 때 어떻게 하면 마음이 풀려?",
            "A": "친구 한 명 있는데요. 그 친구 만나면 마음 풀려요."
        },
        {
            "Q": "우리 친구는 몇 시에 자고 몇 시에 일어나요?",
            "A": "열 시에 자고 여덟 시에 일어나요."
        },
        {
            "Q": "아침에 일어났을 때 몸 상태는 어때?",
            "A": "그냥 그래요."
        },
        {
            "Q": "평소에 잠들기 힘들거나 잠자는 중간에 자주 깬 적이 있을까?",
            "A": "아니요. 저는 잘 자요."
        },
        {
            "Q": "평상시에 시설 선생님은 어떤 표정을 자주 짓는 것 같아?",
            "A": "항상 기분 좋은 표정을 하고 있어요."
        },
        {
            "Q": "왜 그러시는 것 같아?",
            "A": "착해서요."
        },
        {
            "Q": "친구는 선생님 표정을 보면 기분이 어때?",
            "A": "그냥 그래요."
        },
        {
            "Q": "친구는 형제가 있나요?",
            "A": "아니요. 없어요."
        },
        {
            "Q": "친구들이랑 주로 뭐 하고 놀아?",
            "A": "잡기 놀이하면서 놀아요."
        },
        {
            "Q": "주로 몇 명이서 놀아?",
            "A": "한 명이요."
        },
        {
            "Q": "담임 선생님은 어때? 좋은 것 같아?",
            "A": "네, 좋아요. 저랑 친하거든요."
        },
        {
            "Q": "요즘 가장 큰 걱정거리가 있을까?",
            "A": "네, 엄마 사진은 있는데 아빠 사진만 없는 거요."
        },
        {
            "Q": "걱정거리 때문에 생활이 불편하거나 힘들진 않아?",
            "A": "일주일에 한 번씩 선생님이 사진 보여주는데요. 그때마다 힘들어요."
        },
        {
            "Q": "요즘 행복하다고 느껴?",
            "A": "아니요. 엄마 아빠도 모르는데 어떻게 행복해요."
        },
        {
            "Q": "우리 친구는 커서 어떤 사람이 되고 싶을까?",
            "A": "요리사요."
        },
        {
            "Q": "왜 되고 싶은 거야?",
            "A": "시설이랑 학교에서 먹는 밥이 너무 맛있어서 저도 요리사 선생님 되고 싶어요."
        },
        {
            "Q": "친구를 돌봐주는 어른은 누군가요?",
            "A": "시설 선생님이요."
        },
        {
            "Q": "우리 친구는 배가 고픈데 밥이 없어서 굶은 적이 있을까?",
            "A": "아니요."
        },
        {
            "Q": "친구가 어디 아픈데 어른들이 병원에 안 데려간 적은 있을까?",
            "A": "아니요. 병원 자주 가요."
        },
        {
            "Q": "빨래가 되지 않아서 더럽고 냄새나는 옷을 입는다거나 사이즈가 안 맞는 옷이나 신발을 착용한 적이 있어?",
            "A": "없어요."
        },
        {
            "Q": "인터넷이나 휴대폰을 가지고 노는 시간은 하루에 몇 시간 정도일까?",
            "A": "휴대폰이 없어요."
        },
        {
            "Q": "어른들이 와야 하는 학교행사가 있을 때 잘 오실까?",
            "A": "네, 시설 선생님이 오세요."
        },
        {
            "Q": "부모님이나 선생님 때문에 슬프거나 화난 적이 있을까?",
            "A": "엄마는 사진으로 볼 수 있어서 다행인데 아빠는 얼굴이 기억이 안 나서 슬퍼요."
        },
        {
            "Q": "주위 어른들 중에 나를 때린 적이 있는 사람이 있을까?",
            "A": "아니요. 없어요."
        },
        {
            "Q": "내가 원하지 않았는데도 누군가가 내 몸을 만지거나 보여달라고 한 적이 있을까?",
            "A": "아니요."
        },
        {
            "Q": "집에서 어른들끼리 소리 지르면서 싸우는 걸 듣거나 본 적이 있을까?",
            "A": "아니요. 너무 어렸을 때라 기억 안 나요."
        },
        {
            "Q": "친구들이 나를 자주 놀리거나 괴롭힌다고 느낀 적이 있나요?",
            "A": "네, 친구 몇 명이 저 엄마 아빠 없고 시설에 버려졌다고 놀렸어요. 그치만 담임 선생님이랑 시설 선생님이 좋게 말해줘서 괜찮아요."
        },
        {
            "Q": "어떨 때 마음이 복잡하거나 힘들까?",
            "A": "학교에 친구들 부모님 올 때요."
        },
        {
            "Q": "그렇게 힘들 때 죽고 싶다는 생각을 한 적 있나요?",
            "A": "아니요. 저 빨리 커서 엄마 아빠 보러 갈 거예요."
        },
        {
            "Q": "잠잘 때 주로 어떤 꿈을 꿀까?",
            "A": "항상 재밌는 꿈 꾸는 것 같아요."
        },
        {
            "Q": "부모님의 허락 없이 또는 말도 없이 집에서 오랫동안 나와 있었던 적이 있을까?",
            "A": "아니요. 없어요."
        }
    ]
}