{
    "info": {
        "위기단계": "상담필요"
    },
    "kids_ment": [
        {
            "Q": "우리 친구 몸은 어떤 것 같아? 건강해? 아니면 아파?",
            "A": "멀쩡해요."
        },
        {
            "Q": "그럼 다친 곳은 있을까?",
            "A": "아니요. 다친 곳도 없는데요."
        },
        {
            "Q": "우리 친구는 뭘 할 때 가장 즐거움을 느껴?",
            "A": "저 영화 볼 때요. 아무거나 영화 보는 거 좋아해요. 영화관 가는 것도 좋고."
        },
        {
            "Q": "최근 일주일 동안 짜증이나 화가 난 적 있어?",
            "A": "그런 적 없는 것 같아요."
        },
        {
            "Q": "그럼, 평소에 짜증이나 화가 났을 때, 어떻게 하면 마음이 풀려?",
            "A": "좋아하는 영화 정주행하거나 아니면 좀 걷는 것 같아요. 산책하면 기분이 나아져요."
        },
        {
            "Q": "보통 몇 시에 자고, 몇 시에 일어나는 편이야?",
            "A": "열한 시에 자서 여섯 시에 일어나요."
        },
        {
            "Q": "아침에 일어났을 때, 몸 상태는 어때?",
            "A": "좋아요."
        },
        {
            "Q": "평소에 잠들기 힘들다거나, 잠자는 중간에 자주 깨고 그래?",
            "A": "아니요. 잘 자고 깊게 잠드는 편이에요."
        },
        {
            "Q": "평상시에 어머니, 아버지는 어떤 표정을 자주 짓는 것 같아?",
            "A": "둘 다 피곤한 표정이에요."
        },
        {
            "Q": "왜 그런 표정을 지으시는 것 같아?",
            "A": "둘 다 일 끝나고 집에 오면 늦은 밤이거든요."
        },
        {
            "Q": "그럼, 부모님께서 집에 오셔서 우리 친구를 보면 어떻게 하셔?",
            "A": "그냥 빨리 씻고 자라고 하세요. 별로 눈길도 안 주고 피곤한가 봐요."
        },
        {
            "Q": "우리 친구는 형제자매는 몇 명이야?",
            "A": "외동이요."
        },
        {
            "Q": "친구들이랑은 주로 뭐 하면서 놀아?",
            "A": "그냥 수다 떨거나 아이돌 얘기하고 맛있는 거 먹으러 가고 그래요."
        },
        {
            "Q": "담임선생님은 어때? 좋아해, 아니면 안 좋아해?",
            "A": "별로예요."
        },
        {
            "Q": "담임 선생님의 어떤 부분이 별로야?",
            "A": "맨날 조용히 해라, 자리에 앉아라, 뛰지 마라 잔소리만 해요. 듣기 싫어요."
        },
        {
            "Q": "요즈음 우리 친구 고민은 어떤 거야?",
            "A": "내년이면 중학교 올라가는데 걱정이에요. 적응하는 것도 그렇고, 공부도 그렇고."
        },
        {
            "Q": "그 고민 때문에 생활에 불편함이나 힘든 적 있어?",
            "A": "가끔 학원에서 공부하다가 그러는 것 같아요."
        },
        {
            "Q": "일주일에 몇 번 정도 그런 것 같아?",
            "A": "일주일에 한두 번?"
        },
        {
            "Q": "그럼, 요즈음 행복하다고 느껴?",
            "A": "네. 행복은 해요."
        },
        {
            "Q": "어떤 점에서 행복한 것 같아?",
            "A": "제가 좋아하는 영화 다음 편이 곧 개봉해서 보러 갈 생각하니까 행복해요."
        },
        {
            "Q": "우리 친구는 커서 어떤 사람이 되고 싶어?",
            "A": "저는 커서 피부 미용사가 되고 싶어요."
        },
        {
            "Q": "왜 피부 미용사가 되고 싶어?",
            "A": "그냥 유튜브에서 뷰티 유튜버 보다가 피부 관리에 관심이 생겼어요."
        },
        {
            "Q": "집에서 주로 친구를 돌봐주는 어른은 누구야?",
            "A": "엄마요."
        },
        {
            "Q": "배가 고픈데 집에 먹을 게 없어서 굶은 적 있어?",
            "A": "아니요. 집에 밥이랑 반찬 있어요."
        },
        {
            "Q": "저녁에 친구를 집에 혼자 두고 어른들이 나갔던 적 있어?",
            "A": "늦게 들어오긴 하는데 그런 적은 없어요."
        },
        {
            "Q": "가족 중에 친구를 항상 돌봐주는 사람이 갑자기 말도 없이 집을 나가서 안 들어온 적 있어?",
            "A": "없어요."
        },
        {
            "Q": "우리 친구가 어디 아픈 곳이 있는데 부모님이 병원에 데려가지 않은 적 있어?",
            "A": "아니요."
        },
        {
            "Q": "빨래가 안 되어 있어서 더럽고 냄새나는 옷을 입어야 했던 적은?",
            "A": "그것도 없어요."
        },
        {
            "Q": "옷이나 신발 사이즈가 작은 걸 입거나 신고 다닌 적은 있어?",
            "A": "아니요."
        },
        {
            "Q": "하루에 인터넷이나 휴대폰을 가지고 노는 시간은 몇 시간 정도 되는 것 같아?",
            "A": "세네 시간 하는 것 같아요."
        },
        {
            "Q": "인터넷이나 휴대폰 너무 많이 한다고 어른들이 뭐라고 하진 않아?",
            "A": "부모님이 늦게 오셔서 몰라요."
        },
        {
            "Q": "피시방도 가고 그래?",
            "A": "피시방은 안 가요."
        },
        {
            "Q": "주위 어른들 중에 우리 친구를 때린 적 있어?",
            "A": "옛날에 있어요. 사실 옛날에 유치원 때 친아빠가 저 때리고 그랬어요."
        },
        {
            "Q": "친아빠가 친구를 때렸던 이유가 뭐라고 생각해?",
            "A": "그냥 저 바보라고 멍청하다고 그러면서 때렸어요."
        },
        {
            "Q": "어느 부위를 무엇으로 맞았어?",
            "A": "손으로 머리 치고 그랬어요."
        },
        {
            "Q": "자주 그러셨어?",
            "A": "그냥 눈에 띄면 불러서 머리 치고 그랬어요."
        },
        {
            "Q": "친아빠한테 맞아서 얼마나 다쳤어?",
            "A": "다치진 않았어요."
        },
        {
            "Q": "우리 친구가 원하지 않는데도 어떤 사람이 친구 몸을 만지거나 보여달라고 한 적 있었을까?",
            "A": "아니요."
        },
        {
            "Q": "집에서 어른들끼리 소리 지르면서 싸우는 걸 듣거나 본 적이 있어?",
            "A": "없어요. 대화도 잘 안 하는 것 같은데."
        },
        {
            "Q": "친구들이 자주 놀리거나 괴롭힌다고 느낀 적이 있어?",
            "A": "아니요. 다 착해요."
        },
        {
            "Q": "우리 친구는 어떨 때 마음이 복잡하거나 힘들어?",
            "A": "없는 것 같은데요."
        },
        {
            "Q": "잠잘 때 주로 어떤 꿈을 꾸는 것 같아?",
            "A": "꿈도 안 꾸고 잘 자요."
        },
        {
            "Q": "부모님의 허락이나 말도 없이 집에서 오랫동안 나와 있던 적 있어?",
            "A": "없어요."
        }
    ]
}