{
    "info": {
        "위기단계": "관찰필요"
    },
    "kids_ment": [
        {
            "Q": "최근 내 몸이 건강한 거 같아요, 아니면 아픈 곳이 있어요?",
            "A": "저 몸 엄청 튼튼해요."
        },
        {
            "Q": "최근에 다친 적 있어요?",
            "A": "네, 있어요."
        },
        {
            "Q": "어디를 얼마큼 다쳤어요?",
            "A": "손톱 정리하다가 거스러미 잘 못 정리해서 살 뜯겼어요."
        },
        {
            "Q": "그 외에는 다친 적 없어요?",
            "A": "네, 없어요."
        },
        {
            "Q": "뭐 할 때가 즐거워요?",
            "A": "네일아트 할 때요."
        },
        {
            "Q": "네일아트 하면 뭐가 즐거워요?",
            "A": "손톱 예쁘게 하면 좋잖아요. 하는 동안 딴생각도 안 들고."
        },
        {
            "Q": "최근 일주일 동안 짜증이나 화가 난 적이 있어요?",
            "A": "네, 화난 적 있어요."
        },
        {
            "Q": "무엇 때문에 화가 나는 거예요?",
            "A": "엄마한테 전화 왔는데 자기 내보내 달라고 그냥 막 짜증만 내니까요."
        },
        {
            "Q": "그런 일이 자주 일어나요?",
            "A": "가끔 엄마한테 전화와요. 한 달에 한두 번 정도요."
        },
        {
            "Q": "평소에 짜증이나 화가 났을 때 어떻게 하면 풀려요?",
            "A": "그냥 제 손톱이나 친구들 손톱 관리 해줘요."
        },
        {
            "Q": "몇 시에 자고 몇 시에 일어나요?",
            "A": "할아버지가 일찍 주무셔서 아홉 시에 자서 다섯 시에 일어나요."
        },
        {
            "Q": "아침에 일어났을 때 몸 상태는 어때요?",
            "A": "많이 자서 개운하긴 해요."
        },
        {
            "Q": "평소에 잠이 들기 힘들거나, 잠자는 중간에 자주 깨요?",
            "A": "잠도 잘 자고 깨지도 않아요."
        },
        {
            "Q": "아빠 생각하면 어때요?",
            "A": "아빠 잘 기억나지 않아요."
        },
        {
            "Q": "왜 그런 거예요?",
            "A": "저 어릴 때 돈 벌러 간다. 그러고, 연락 안된지 오래됐어요."
        },
        {
            "Q": "엄마 생각하면 어때요?",
            "A": "지금은 짜증 나요. 다시 만나기 싫어요."
        },
        {
            "Q": "왜 그래요?",
            "A": "술만 마시면 저 위협하고 이상한 소리하고 <욕설> 같아서요."
        },
        {
            "Q": "그런 엄마를 보면 친구는 어떤 느낌이 들어요?",
            "A": "그냥 엄마 맞나? 이런 생각이요."
        },
        {
            "Q": "할아버지는 좋아요?",
            "A": "네, 할아버지 좋아요."
        },
        {
            "Q": "어떤 점이 좋아요?",
            "A": "엄마가 막 저러는 거 알고는 바로 저 데려와서 계속 같이 살고 있어요."
        },
        {
            "Q": "형제자매는 몇 명이에요?",
            "A": "없어요, 저 혼자예요."
        },
        {
            "Q": "친구들이랑 주로 뭐 하고 놀아요?",
            "A": "그냥 이야기하면서 제가 네일아트 해줘요."
        },
        {
            "Q": "주로 몇 명이서 놀아요?",
            "A": "네 명이서 놀아요."
        },
        {
            "Q": "담임 선생님은 좋아요, 싫어요?",
            "A": "담임 선생님 잘 모르겠어요."
        },
        {
            "Q": "그래도 둘 중 하나 선택해야 한다면 어느 쪽이에요?",
            "A": "싫어요."
        },
        {
            "Q": "왜 그렇게 생각해요?",
            "A": "우리들한테 관심이 없어요."
        },
        {
            "Q": "요즘 가장 큰 걱정거리는 뭐예요?",
            "A": "걱정하는 거 없어요."
        },
        {
            "Q": "요즘 행복하다고 느껴요?",
            "A": "지금은 괜찮은 거 같아요."
        },
        {
            "Q": "어떤 점에서 괜찮은 거 같아요?",
            "A": "큰 걱정 없이 잘 지내고 있으니까요."
        },
        {
            "Q": "친구는 커서 어떤 사람이 되고 싶어요? 꿈 있어요?",
            "A": "그냥 고등학교 졸업하고 돈 벌어서 네일아트 샵 차리고 싶어요."
        },
        {
            "Q": "왜 그 일이 하고 싶어요?",
            "A": "제가 잘하는 일이고 재미도 있고 빨리 돈 벌고 싶어요."
        },
        {
            "Q": "주로 돌봐주는 어른은 누구예요?",
            "A": "할아버지요."
        },
        {
            "Q": "배가 고픈데 먹을 게 없어서 굶은 적 있어요?",
            "A": "아니요. 제가 먹고 싶은 건 다 사주세요."
        },
        {
            "Q": "빨래가 되어 있지 않아서 더럽고 냄새나는 옷을 입어야 한 적 있어요?",
            "A": "할아버지랑 저랑 둘 다 깔끔해서 청소 빨래 잘해요."
        },
        {
            "Q": "옷이나 신발 사이즈가 작은 걸 입거나 신고 다닌 적 있나요?",
            "A": "아니요. 없어요."
        },
        {
            "Q": "부모님이나 선생님 때문에 슬프거나 화가 난 적이 있어요?",
            "A": "예전에 엄마 때문에요."
        },
        {
            "Q": "어른들이 어디에 가두고 못 나오게 한 적 있어요?",
            "A": "아니요. 없어요."
        },
        {
            "Q": "주위 어른들 중 친구를 때린 적이 있는 사람이 있어요?",
            "A": "때리는 사람 없어요."
        },
        {
            "Q": "내가 원하지 않는데도 누군가가 내 몸을 만지거나 보여달라고 한 적 있어요?",
            "A": "그런 적 없어요."
        },
        {
            "Q": "집에서 어른들끼리 소리 지르면서 싸우는 걸 듣거나 본 적이 있어요?",
            "A": "아니요, 엄마 혼자 술 먹고 화만 내서."
        },
        {
            "Q": "친구들이 나를 자주 놀리거나 괴롭힌다고 느낀 적 있어요?",
            "A": "친구들이랑 잘 놀고 네일아트 해주니까 반 친구들이랑 다 친해요."
        },
        {
            "Q": "안 좋은 기억 때문에 마음이 힘들어서 죽고 싶다는 생각해 본 적 있어요?",
            "A": "예전에 엄마가 막 위협할 때는 죽고 싶다 생각해 본 적 있는 거 같아요."
        },
        {
            "Q": "죽고 싶다는 생각만 했어요? 아니면 시도해 본 적 있어요?",
            "A": "시도는 안 해봤어요. 무섭잖아요."
        },
        {
            "Q": "잠잘 때 주로 어떤 꿈 꿔요?",
            "A": "지금은 꿈 안 꾸고 잘 자요."
        },
        {
            "Q": "가출 해 본 경험 있어요?",
            "A": "아니요. 가출 안 해봤어요."
        }
    ]
}