{
    "info": {
        "위기단계": "상담필요"
    },
    "kids_ment": [
        {
            "Q": "최근에 건강한가요, 아니면 아픈 곳이 있나요?",
            "A": "아니요. 없어요."
        },
        {
            "Q": "최근에 다쳤던 적이 있었나요, 없었나요?",
            "A": "네, 있어요."
        },
        {
            "Q": "어디를 다쳤나요?",
            "A": "무릎을 다쳤어요."
        },
        {
            "Q": "왜 다쳤나요?",
            "A": "학원 가다가 넘어졌어요."
        },
        {
            "Q": "뭘 할 때가 즐겁나요?",
            "A": "유튜브 영상 볼 때 즐거워요."
        },
        {
            "Q": "유튜브 영상 볼 때 어떤 점이 즐거운가요?",
            "A": "그냥 다양한 영상이 올라와서 보면 즐거워요."
        },
        {
            "Q": "최근 일주일 동안 짜증이나 화가 난 적이 있나요?",
            "A": "아니요. 없어요."
        },
        {
            "Q": "몇 시에 자고, 몇 시에 일어나나요?",
            "A": "열 시에 자서 일곱 시에 일어나요."
        },
        {
            "Q": "아침에 일어났을 때, 몸 상태는 어때요?",
            "A": "괜찮아요."
        },
        {
            "Q": "평상시에 아버지는 어떤 표정을 자주 짓나요?",
            "A": "조금 화난 표정이에요."
        },
        {
            "Q": "왜 그런 표정을 짓는 것 같아요?",
            "A": "아빠는 평소에 무엇이든 심각하게 생각하세요."
        },
        {
            "Q": "그 표정을 지을 때, 내 기분은 어때요?",
            "A": "아무 생각 안 나요."
        },
        {
            "Q": "평상시에 어머니는 어떤 표정을 자주 짓나요?",
            "A": "엄마는 즐거운 표정이에요."
        },
        {
            "Q": "왜 그런 표정을 짓는 것 같아요?",
            "A": "엄마는 운동도 하시고 재밌게 사시는 것 같아요."
        },
        {
            "Q": "그 표정을 지을 때, 내 기분은 어때요?",
            "A": "저도 기분이 좋아져요."
        },
        {
            "Q": "형제자매는 몇 명이에요?",
            "A": "한 명이에요."
        },
        {
            "Q": "형제자매는 누구누구가 있어요?",
            "A": "언니 있어요."
        },
        {
            "Q": "언니와는 사이가 어때요?",
            "A": "사이 좋아요."
        },
        {
            "Q": "평소에 부모님이 언니와 나를 차별하는 것 같아요?",
            "A": "아니요."
        },
        {
            "Q": "친구들이랑 주로 뭐 하고 놀아요?",
            "A": "친구들이랑 안 놀아요."
        },
        {
            "Q": "왜 못 놀아요?",
            "A": "친구들이 저를 따돌리고, 안 껴줘서 안 놀아요."
        },
        {
            "Q": "담임 선생님을 좋아하나요, 싫어하나요?",
            "A": "담임 선생님을 좋아해요."
        },
        {
            "Q": "담임 선생님이 어떤 부분에서 좋아요?",
            "A": "저를 많이 챙겨주세요. 비가 올 때 우산도 빌려주셨어요."
        },
        {
            "Q": "요즘 가장 큰 걱정거리는 무엇인가요?",
            "A": "친구들이 안 놀아줘서 너무나 걱정이에요."
        },
        {
            "Q": "요즘 행복하다고 느끼나요?",
            "A": "네, 행복해요."
        },
        {
            "Q": "어떤 점에서 행복했어요?",
            "A": "가족이랑 맛있는 거 먹으러 갔어요."
        },
        {
            "Q": "커서 어떤 사람이 되고 싶은지, 꿈이 무엇인지 이야기해 줄래요?",
            "A": "미용사가 되고 싶어요."
        },
        {
            "Q": "왜 그 직업이 되고 싶나요?",
            "A": "다른 사람을 멋지게 만들어 줄 수 있으니까요."
        },
        {
            "Q": "집에서 주로 나를 돌봐주는 어른은 누구인가요?",
            "A": "엄마예요."
        },
        {
            "Q": "배가 고픈데 먹을 게 없어서 굶은 적이 있나요? 왜 그랬나요?",
            "A": "그런 적은 없어요."
        },
        {
            "Q": "저녁에 나를 집에 혼자 두고 어른들이 나갔던 적 있나요? 얼마나 자주 이런 일이 있나요?",
            "A": "그런 적은 없어요."
        },
        {
            "Q": "가족 중에 나를 항상 돌봐주는 사람이 갑자기 말도 없이 집을 나가서 안 들어온 적이 있나요?",
            "A": "그런 적은 없어요."
        },
        {
            "Q": "어디 아픈 곳이 있는데 어른들이 병원에 데려가지 않은 적이 있나요? 몇 번이나 있나요?",
            "A": "그런 적은 없어요."
        },
        {
            "Q": "옷이나 신발 사이즈가 작은 걸 입거나 신고 다닌 적이 있나요? 기간은 어느 정도인가요?",
            "A": "그런 적은 없어요."
        },
        {
            "Q": "부모님이나 선생님 때문에 슬프거나 화가 난 적이 있나요?",
            "A": "그런 적은 없어요."
        },
        {
            "Q": "주위 어른들 중 나를 때린 적이 있는 사람이 있나요?",
            "A": "그런 적은 없어요."
        },
        {
            "Q": "내가 원치 않는데도 누군가가 내 몸을 만지거나 보여달라고 한 적 있어요?",
            "A": "그런 적은 없어요."
        },
        {
            "Q": "집에서 어른들끼리 소리 지르면서 싸우는 걸 듣거나 본 적이 있나요? 있다면 얼마나 자주 있나요?",
            "A": "네, 있어요."
        },
        {
            "Q": "누가 어떻게 싸웠었나요?",
            "A": "엄마랑 아빠랑 조금 말다툼했어요."
        },
        {
            "Q": "그때 어른들이 술을 마신 상태였나요?",
            "A": "아니요."
        },
        {
            "Q": "친구들이 나를 자주 놀리거나 괴롭힌다고 느낀 적이 있나요?",
            "A": "그런 적은 없어요."
        },
        {
            "Q": "어떨 때 마음이 복잡하거나 힘든가요?",
            "A": "나중에 커서 잘 살 수 있을지 궁금하긴 해요."
        },
        {
            "Q": "안 좋은 기억 때문에 괴로워서 죽고 싶다는 생각을 한 적 있나요?",
            "A": "아니요."
        },
        {
            "Q": "잠잘 때 주로 어떤 꿈을 꾸나요?",
            "A": "잘 때 꿈을 안 꿔요."
        },
        {
            "Q": "부모님의 허락 없이 또는 말도 없이 집에 오랫동안 나와 있었던 적이 있나요?",
            "A": "아니요. 없어요."
        }
    ]
}