{
    "info": {
        "위기단계": "관찰필요"
    },
    "kids_ment": [
        {
            "Q": "최근에 건강한가요, 아니면 아픈 곳이 있나요?",
            "A": "지난주부터 감기 걸렸어요."
        },
        {
            "Q": "왜 아팠나요?",
            "A": "비염도 있고, 기관지가 좀 약하대요."
        },
        {
            "Q": "이전에도 자주 그랬나요?",
            "A": "네. 거의 매년 여름에도 감기 걸려요."
        },
        {
            "Q": "최근에 다쳤던 적이 있었나요?",
            "A": "네. 지난 주말에 손가락 베였어요."
        },
        {
            "Q": "왜 다쳤나요?",
            "A": "김밥 만들기 시간에 김밥 썰다가 실수로 그랬어요."
        },
        {
            "Q": "뭘 할 때가 즐겁나요?",
            "A": "우크렐레 배울 때요."
        },
        {
            "Q": "우크렐레 할 때 어떤 점이 즐거운가요?",
            "A": "손가락이 아프기도 하지만 하다 보면 좋은 소리가 나서 재밌어요."
        },
        {
            "Q": "최근 일주일 동안 짜증이나 화가 난 적이 있어요?",
            "A": "마라탕 먹는데 흰옷에 튀어서 화가 났어요."
        },
        {
            "Q": "그런 일이 자주 일어나나요?",
            "A": "가끔 김치찌개 먹을 때도 그런데 이번에는 좀 많이 튀어서 화가 났어요."
        },
        {
            "Q": "평소에 짜증이나 화가 났을 때, 어떻게 하면 마음이 풀려요?",
            "A": "친구들이랑 이야기하거나 귀여운 동물 영상 봐요."
        },
        {
            "Q": "몇 시에 자고, 몇 시에 일어나나요?",
            "A": "열한 시에 자고 아침 일곱 시에 일어나요."
        },
        {
            "Q": "아침에 일어났을 때, 몸 상태는 어때요?",
            "A": "자고 싶어요."
        },
        {
            "Q": "평소에 잠이 들기 힘들거나, 잠자는 중간에 자주 깨나요?",
            "A": "아니요. 그런 적 없어요."
        },
        {
            "Q": "평상시에 선생님은 어떤 표정을 자주 짓나요?",
            "A": "화낼 때는 무서운데 평소에는 상냥한 표정이세요."
        },
        {
            "Q": "왜 상냥한 표정을 짓는 것 같아요?",
            "A": "선생님은 저희 모두 이뻐해 주세요."
        },
        {
            "Q": "그 표정을 지을 때, 내 기분은 어때요?",
            "A": "선생님이 저를 더 많이 사랑해 주면 좋겠어요."
        },
        {
            "Q": "형제자매는 몇 명이에요?",
            "A": "여동생이 있어요."
        },
        {
            "Q": "여동생과 사이가 어때요?",
            "A": "시설에서 지내니까 서로 막 의지하게 돼요."
        },
        {
            "Q": "친구들이랑 주로 뭐 하고 놀아요?",
            "A": "마라탕 먹으러 가고, 유튜브 봐요."
        },
        {
            "Q": "주로 몇 명이 놀아요?",
            "A": "네 명이요."
        },
        {
            "Q": "담임 선생님을 좋아하나요, 싫어하나요?",
            "A": "담임 선생님 숙제 많이 내줘서 싫어요."
        },
        {
            "Q": "요즘 가장 큰 걱정거리는 무엇인가요?",
            "A": "다음 주에 할 신체검사가 걱정돼요."
        },
        {
            "Q": "신체검사가 어떤 이유로 걱정이 되나요?",
            "A": "저는 키가 크지 않아서 부끄러워요."
        },
        {
            "Q": "걱정거리 때문에 생활이 불편하거나 힘든가요?",
            "A": "아니요. 신체검사가 다가올 때만 신경 쓰여요. 키가 크면 좋겠어요."
        },
        {
            "Q": "요즘 행복하다고 느끼나요?",
            "A": "네. 센터에 친구들이 많아서 너무 좋아요. 그리고 주는 간식도 너무 맛있어요."
        },
        {
            "Q": "커서 어떤 사람이 되고 싶은지, 꿈이 무엇인지 이야기해 줄래요?",
            "A": "카리나처럼 사랑스럽고 춤 잘 추는 연예인이 되고 싶어요."
        },
        {
            "Q": "왜 연예인이 되고 싶나요?",
            "A": "많은 사람에게 사랑받고 응원받고 싶어요."
        },
        {
            "Q": "시설에서 주로 나를 돌봐주는 어른은 누구인가요?",
            "A": "선생님들이요."
        },
        {
            "Q": "배가 고픈데 먹을 게 없어서 굶은 적이 있나요?",
            "A": "아니요."
        },
        {
            "Q": "어디 아픈 곳이 있는데 어른들이 병원에 데려가지 않은 적이 있나요?",
            "A": "아니요."
        },
        {
            "Q": "인터넷이나 휴대폰을 가지고 노는 시간은 하루에 몇 시간 정도인가요?",
            "A": "하루에 세 시간 정도요."
        },
        {
            "Q": "인터넷이나 휴대폰 게임을 너무 많이 한다고 어른들이 뭐라고 하지는 않나요?",
            "A": "유튜브 그만 보라고 이야기하세요. 가끔 혼나요."
        },
        {
            "Q": "피시방 같은 곳을 얼마나 자주 가나요?",
            "A": "안 가요."
        },
        {
            "Q": "부모님이나 선생님 때문에 슬프거나 화가 난 적이 있나요?",
            "A": "네. 시설에 어떤 친구는 엄마 아빠가 선물을 보내주는데 저는 그런 게 없어서 슬플 때가 있어요."
        },
        {
            "Q": "다른 사람들 앞에서도 혼날 때가 있나요?",
            "A": "아니요. 저희는 선생님이 따로 데리고 가서 혼내세요."
        },
        {
            "Q": "어른들이 나를 다른 아이들과 비교하나요?",
            "A": "아니요. 비교 안 해요."
        },
        {
            "Q": "내가 무엇을 하려고 할 때, 무조건 안 된다고 하거나, 하기 싫은데도 무조건 하라고 할 때가 있나요?",
            "A": "없는 것 같아요."
        },
        {
            "Q": "마음이 힘들 때, 누구에게 내 마음을 이야기하나요?",
            "A": "친구한테 이야기해요."
        },
        {
            "Q": "주위 어른들 중 나를 때린 적이 있는 사람이 있나요?",
            "A": "아니요."
        },
        {
            "Q": "내가 원하지 않는데도 누군가가 내 몸을 만지거나 보여달라고 한 적 있어요?",
            "A": "아니요."
        },
        {
            "Q": "어른들끼리 소리 지르면서 싸우는 걸 듣거나 본 적이 있나요?",
            "A": "아니요. 없어요."
        },
        {
            "Q": "친구들이 나를 자주 놀리거나 괴롭힌다고 느낀 적이 있나요?",
            "A": "아니요. 학교 친구도 시설 친구도 다 같이 잘 놀아요."
        },
        {
            "Q": "어떨 때 마음이 복잡하거나 힘든가요?",
            "A": "공부가 하기 싫어요. 춤을 배우고 싶어요."
        },
        {
            "Q": "자주 그래요?",
            "A": "공부는 매일 하기 싫어요."
        },
        {
            "Q": "안 좋은 기억 때문에 괴로워서 죽고 싶다는 생각을 한 적 있나요?",
            "A": "아니요."
        },
        {
            "Q": "잠잘 때 주로 어떤 꿈을 꾸나요?",
            "A": "동화책 내용이 꿈에 나오기도 하고 애니 본 게 나오기도 해요."
        },
        {
            "Q": "선생님의 허락 없이 또는 말도 없이 쉼터에서 오랫동안 나와 있었던 적이 있나요?",
            "A": "아니요. 없어요."
        }
    ]
}