{
    "info": {
        "위기단계": "상담필요"
    },
    "kids_ment": [
        {
            "Q": "최근에 건강한가요, 아니면 아픈 곳이 있나요?",
            "A": "건강해요. 아픈 곳 없어요."
        },
        {
            "Q": "최근에 다쳤던 적이 있었나요?",
            "A": "시설에서 다 같이 놀이공원 가서 바이킹 탔는데 타다가 실수로 턱 부딪혀서 멍들었어요."
        },
        {
            "Q": "언제 다쳤나요?",
            "A": "한 달 전이요."
        },
        {
            "Q": "뭘 할 때가 즐겁나요?",
            "A": "그림 그릴 때요."
        },
        {
            "Q": "그림 그릴 때 어떤 점이 즐거운가요?",
            "A": "그냥 제 상상을 표현할 수 있다는 게 좋아요. 그리고 친구들이 그림 잘 그린다고 칭찬해 주는 것도 좋아요."
        },
        {
            "Q": "최근 일주일 동안 짜증이나 화가 난 적이 있나요?",
            "A": "같이 지내는 친구가 아침에 알람 시끄럽게 해서 화가 났어요."
        },
        {
            "Q": "그런 일이 자주 일어나나요?",
            "A": "자주는 아니고 한 달에 한 번 정도요."
        },
        {
            "Q": "평소에 짜증이나 화가 났을 때, 어떻게 하면 마음이 풀려요?",
            "A": "마이쭈 좋아해서 마이쭈 먹어요."
        },
        {
            "Q": "몇 시에 자고, 몇 시에 일어나나요?",
            "A": "열한 시에 자고 아침 일곱 시에 일어나요."
        },
        {
            "Q": "아침에 일어났을 때, 몸 상태는 어때요?",
            "A": "피곤해요."
        },
        {
            "Q": "평소에 잠이 들기 힘들거나, 잠자는 중간에 자주 깨나요?",
            "A": "가끔 가위눌려서 깨요."
        },
        {
            "Q": "언제 가위가 눌려요?",
            "A": "그냥 고민 있을 때요."
        },
        {
            "Q": "어떤 고민이 있어요?",
            "A": "그냥 밤에 어두운 게 무서워요."
        },
        {
            "Q": "밤이 무서운 이유가 있을까요?",
            "A": "예전에 공포영화 봤는데 그때 귀신이 저를 잡으러 올 것 같아요."
        },
        {
            "Q": "평상시에 선생님은 어떤 표정을 자주 짓나요?",
            "A": "웃으세요."
        },
        {
            "Q": "왜 웃는 표정을 짓는 것 같아요?",
            "A": "선생님이 착한 사람이라서요."
        },
        {
            "Q": "그 표정을 지을 때, 내 기분은 어때요?",
            "A": "저도 같이 웃어요."
        },
        {
            "Q": "형제자매는 몇 명이에요?",
            "A": "남동생이 있어요."
        },
        {
            "Q": "남동생과 사이가 어때요?",
            "A": "선생님이 저를 더 이뻐해 주면 좋겠는데 동생이 어려서 더 이뻐하는 것 같아요. 그래서 가끔 동생이 미워요."
        },
        {
            "Q": "친구들이랑 주로 뭐 하고 놀아요?",
            "A": "탕후루 먹으러 가요."
        },
        {
            "Q": "주로 몇 명이서 놀아요?",
            "A": "다섯 명이요."
        },
        {
            "Q": "담임 선생님을 좋아하나요, 싫어하나요?",
            "A": "담임 선생님 숙제 많이 내줘서 싫어요."
        },
        {
            "Q": "요즘 가장 큰 걱정거리는 무엇인가요?",
            "A": "수학이 어려워요."
        },
        {
            "Q": "걱정거리 때문에 생활이 불편하거나 힘든가요?",
            "A": "매일 있는 수학 시간이 안 오면 좋겠어요."
        },
        {
            "Q": "요즘 행복하다고 느끼나요?",
            "A": "시설에서 다 같이 체험도 가고, 시설 안에서 다른 선생님이 와서 케익 꾸미기도 해요. 다 즐거워요."
        },
        {
            "Q": "커서 어떤 사람이 되고 싶은지, 꿈이 무엇인지 이야기해 줄래요?",
            "A": "의사가 되고 싶어요. 의사가 되면 돈도 많이 벌고, 사람들도 치료해 줄 수 있으니까요."
        },
        {
            "Q": "시설에서 주로 나를 돌봐주는 어른은 누구인가요?",
            "A": "선생님들이요."
        },
        {
            "Q": "배가 고픈데 먹을 게 없어서 굶은 적이 있나요?",
            "A": "아니요."
        },
        {
            "Q": "어디 아픈 곳이 있는데 어른들이 병원에 데려가지 않은 적이 있나요?",
            "A": "아니요. 없어요."
        },
        {
            "Q": "인터넷이나 휴대폰을 가지고 노는 시간은 하루에 몇 시간 정도인가요?",
            "A": "하루에 두 시간 정도요."
        },
        {
            "Q": "인터넷이나 휴대폰 게임을 너무 많이 한다고 어른들이 뭐라고 하지는 않나요?",
            "A": "공부할 때 휴대폰 하면 뭐라고 하세요."
        },
        {
            "Q": "피시방 같은 곳을 얼마나 자주 가나요?",
            "A": "안 가요."
        },
        {
            "Q": "부모님이나 선생님 때문에 슬프거나 화가 난 적이 있나요?",
            "A": "선생님이 공부 안 줄여줘서 화가 났어요."
        },
        {
            "Q": "다른 사람들 앞에서도 혼날 때가 있나요?",
            "A": "아니요."
        },
        {
            "Q": "어른들이 나를 다른 아이들과 비교하나요?",
            "A": "아니요. 안 그래요."
        },
        {
            "Q": "내가 무엇을 하려고 할 때, 무조건 안 된다고 하거나, 하기 싫은데도 무조건 하지 말라고 할 때가 있나요?",
            "A": "없어요."
        },
        {
            "Q": "마음이 힘들 때, 누구에게 내 마음을 이야기하나요?",
            "A": "친구랑 상담 선생님한테 이야기해요."
        },
        {
            "Q": "주위 어른들 중 나를 때린 적이 있는 사람이 있나요?",
            "A": "아니요."
        },
        {
            "Q": "내가 원하지 않는데도 누군가가 내 몸을 만지거나 보여달라고 한 적 있어요?",
            "A": "아니요."
        },
        {
            "Q": "어른들끼리 소리 지르면서 싸우는 걸 듣거나 본 적 있어요?",
            "A": "아니요. 없어요."
        },
        {
            "Q": "친구들이 나를 자주 놀리거나 괴롭힌다고 느낀 적이 있나요?",
            "A": "아니요."
        },
        {
            "Q": "어떨 때 마음이 복잡하거나 힘든가요?",
            "A": "친구가 삐질 때요."
        },
        {
            "Q": "자주 그래요?",
            "A": "아니요. 아주 가끔이요."
        },
        {
            "Q": "안 좋은 기억 때문에 괴로워서 죽고 싶다는 생각을 한 적 있나요?",
            "A": "아니요."
        },
        {
            "Q": "잠잘 때 주로 어떤 꿈을 꾸나요?",
            "A": "꿈 안 꿔요."
        },
        {
            "Q": "선생님의 허락 없이 또는 말도 없이 쉼터에서 오랫동안 나와 있었던 적이 있나요?",
            "A": "아니요. 없어요."
        }
    ]
}