{
    "info": {
        "위기단계": "정상군"
    },
    "kids_ment": [
        {
            "Q": "최근에 건강하다고 느껴, 아니면 아픈 곳이 있어?",
            "A": "아프냐고요? 아프지 않은데요?"
        },
        {
            "Q": "최근에 다쳤던 적이 있어?",
            "A": "아니요, 없어요."
        },
        {
            "Q": "뭘 할 때 즐거움을 느껴?",
            "A": "만들기 할 때요."
        },
        {
            "Q": "어떤 점이 재밌어?",
            "A": "새로운 장난감을 만들 수 있잖아요."
        },
        {
            "Q": "최근 일주일 동안 짜증이나 화가 난 적이 있어?",
            "A": "요즘은 별로 짜증은 안 나요."
        },
        {
            "Q": "예전에는 짜증 난 적이 있어?",
            "A": "예전에는 동생이 장난을 많이 쳐서 짜증 났어요."
        },
        {
            "Q": "왜 요즘은 짜증이 안 나?",
            "A": "동생이 이제 제 말을 잘 듣거든요."
        },
        {
            "Q": "왜 잘 듣게 된 거야?",
            "A": "제가 선생님한테 배워서 하지 말라고 단호하게 말하면 안 해요."
        },
        {
            "Q": "보통 몇 시에 자고 몇 시에 일어나?",
            "A": "열한 시에 자고 일곱 시에 일어나요."
        },
        {
            "Q": "아침에 일어났을 때 몸 상태는 어때?",
            "A": "몸 상태는 나쁘지 않아요."
        },
        {
            "Q": "평소에 잠이 들기 힘들거나, 잠자는 중간에 깨니?",
            "A": "가끔 애기들이 울면 잠을 깨긴 하는데 보통 잘 자요."
        },
        {
            "Q": "쉼터 선생님은 평소에 어떤 표정을 자주 지으시니?",
            "A": "잘 웃으세요."
        },
        {
            "Q": "웃으실 때 친구 기분은 어때?",
            "A": "좀 불안한 마음이 사라져요."
        },
        {
            "Q": "왜 웃으신다고 생각해?",
            "A": "선생님이 엄청 친절하고 잘해주세요."
        },
        {
            "Q": "형제자매는 누가 있어?",
            "A": "여동생이 있어요."
        },
        {
            "Q": "쉼터에 같이 있니?",
            "A": "네, 같이 있어요."
        },
        {
            "Q": "동생이랑 사이는 어때?",
            "A": "엄마가 없을 때 엄마 대신 동생 잘 챙기라고 해서 잘 챙겨요."
        },
        {
            "Q": "친구들이랑은 주로 뭐 하고 놀아?",
            "A": "친구들이랑 놀이터에서 놀아요."
        },
        {
            "Q": "주로 몇 명이서 같이 놀아?",
            "A": "세 명이서 같이 놀아요."
        },
        {
            "Q": "친구들이랑 사이는 어때?",
            "A": "가끔 삐지기는 하는데 요즘은 잘 놀아요."
        },
        {
            "Q": "학교 담임 선생님은 좋아, 싫어?",
            "A": "선생님은 좋아요."
        },
        {
            "Q": "어떤 점이 좋은 것 같아?",
            "A": "수업을 일찍 끝내 주시거든요."
        },
        {
            "Q": "요즘 가장 큰 걱정거리는 뭐야?",
            "A": "엄마가 저 보러 잘 안 오셔서 걱정이에요."
        },
        {
            "Q": "엄마가 왜 안 오시는 것 같아?",
            "A": "저번에 올 때 엄마가 일이 생겨서 한동안 보러 못 온다고 했어요."
        },
        {
            "Q": "엄마가 안 오셔서 마음이 많이 힘들어?",
            "A": "엄마가 보고 싶긴 한데, 연락은 할 수 있어서 괜찮아요."
        },
        {
            "Q": "요즘 행복하다고 느껴?",
            "A": "요즘 괜찮은데 가족이 다 같이 살면 더 행복할 것 같아요."
        },
        {
            "Q": "0이 행복하지 않다 10이 행복하다라고 할 때 몇 점 정도인 것 같아?",
            "A": "한 6점 정도요."
        },
        {
            "Q": "왜 6점이야?",
            "A": "엄마 아빠가 같이 안 있어서 6점이에요."
        },
        {
            "Q": "커서 어떤 사람이 되고 싶어?",
            "A": "저는 천문학자가 되고 싶어요."
        },
        {
            "Q": "왜 천문학자가 되고 싶어?",
            "A": "우주에 가보고 싶어서요."
        },
        {
            "Q": "센터에서 주로 나를 돌봐주는 어른은 누구야?",
            "A": "선생님이요."
        },
        {
            "Q": "어디 아픈 곳이 있는데 나를 병원에 데려가지 않은 적이 있어?",
            "A": "아니요. 없어요."
        },
        {
            "Q": "빨래가 되어 있지 않아서 더럽고 냄새나는 옷을 입어야 한 적이 있어?",
            "A": "가끔 빨래를 안 내놔서 입을 옷이 없을 때 어쩔 수 없이 입어요."
        },
        {
            "Q": "선생님이나 어른들 때문에 슬프거나 화가 난 적이 있어?",
            "A": "엄마 아빠가 이혼했을 때요."
        },
        {
            "Q": "어떤 행동이나 말이 나를 힘들게 했어?",
            "A": "엄마랑 아빠랑 이제 따로 살기로 했다고 했어요."
        },
        {
            "Q": "다른 사람 앞에서 혼날 때 있어?",
            "A": "아니요. 그런 기억은 없어요."
        },
        {
            "Q": "주위 어른들이 나를 때린 적이 있는 사람이 있어?",
            "A": "아니요."
        },
        {
            "Q": "내가 원하지 않는데도 누군가가 내 몸을 만지거나 보여달라고 한 적이 있어?",
            "A": "없어요."
        },
        {
            "Q": "어른들끼리 소리 지르면서 싸우는 걸 듣거나 본 적 있어?",
            "A": "네, 예전에 이혼 전에 엄마 아빠가 많이 싸웠어요."
        },
        {
            "Q": "그때 어른들이 술을 마신 상태였니?",
            "A": "아니요."
        },
        {
            "Q": "그렇게 싸울 때 나한테 안 좋은 소리를 했어?",
            "A": "그렇지는 않았어요."
        },
        {
            "Q": "친구들이 나를 자주 놀리거나 괴롭힌다고 느낀 적이 있어?",
            "A": "아니요. 가끔 삐지기는 하는데 잘 놀아요."
        },
        {
            "Q": "어떨 때 마음이 복잡하니?",
            "A": "엄마랑 전화 통화하고 나서 엄마 보고 싶어서요."
        },
        {
            "Q": "그럴 때 괴로워서 죽고 싶다는 생각을 한 적이 있어?",
            "A": "아니요. 엄마가 곧 같이 산다고 했거든요."
        },
        {
            "Q": "잠잘 때 주로 어떤 꿈을 꿔?",
            "A": "엄마랑 같이 사는 꿈을 꿔요."
        },
        {
            "Q": "꿈을 꾸고 일어나면 몸 상태는 어때?",
            "A": "그냥 평소랑 비슷해요."
        },
        {
            "Q": "선생님의 허락 없이 또는 말도 없이 센터를 오랫동안 나와 있었던 적이 있어?",
            "A": "꼭 말하고 나가요."
        }
    ]
}