{
    "info": {
        "위기단계": "정상군"
    },
    "kids_ment": [
        {
            "Q": "최근에 아픈 곳이 있었어?",
            "A": "최근에 아팠던 적은 없는 것 같아요."
        },
        {
            "Q": "최근에 다쳤던 적이 있었어?",
            "A": "다친 적은 없어요."
        },
        {
            "Q": "뭘 할 때가 즐거워?",
            "A": "블로그를 만들어서 여러 사진을 올리고 다른 사람들이 방문해 줄 때요."
        },
        {
            "Q": "최근 일주일 동안 짜증이나 화가 난 적이 있어?",
            "A": "이번 일주일은 재미있게 보낸 것 같아요."
        },
        {
            "Q": "평소에 짜증이나 화가 났을 때 어떻게 하면 마음이 풀려?",
            "A": "사촌 동생들과 아파트 놀이터에서 놀면 기분이 좋아져요."
        },
        {
            "Q": "몇 시에 자고 몇 시에 일어나니?",
            "A": "열 시 반쯤 자서 일곱 시 반쯤 일어나요."
        },
        {
            "Q": "아침에 일어났을 때 몸 상태는 어때?",
            "A": "잠을 많이 자서 그런지 배고파요."
        },
        {
            "Q": "평소에 잠이 들기 힘들거나 잠자는 중간에 자주 깨니?",
            "A": "중간에 안 깨고 계속 잘 자는 것 같아요."
        },
        {
            "Q": "평소에 부모님은 어떤 표정을 지으셔?",
            "A": "부모님 두 분 다 잘해주시고 항상 밝은 표정이세요."
        },
        {
            "Q": "형제자매는 몇 명이야?",
            "A": "열두 살 먹은 언니하고 네 살 된 여동생이 있어요."
        },
        {
            "Q": "언니하고 동생 사이는 어때?",
            "A": "언니는 매일 저를 구박하고 심부름도 시켜서 싸우는 일이 많아요."
        },
        {
            "Q": "동생하고는 어때?",
            "A": "동생하고 사이는 괜찮아요."
        },
        {
            "Q": "부모님이 언니, 동생과 차별을 하는 것 같아?",
            "A": "차별은 하지 않아요."
        },
        {
            "Q": "친구들은 몇 명이고 주로 뭐 하고 놀아?",
            "A": "친구는 일곱 명 정도 되고 SNS 를 하고 놀아요."
        },
        {
            "Q": "담임 선생님은 좋아해, 아니면 싫어해?",
            "A": "담임 선생님은 좋아요."
        },
        {
            "Q": "선생님이 어떤 부분에서 좋아?",
            "A": "선생님은 재미있는 이야기를 많이 해주시고 혼도 별로 내지 않아요."
        },
        {
            "Q": "요즘 가장 걱정되는 것이 무엇이야?",
            "A": "반장 선거에 나가려고 하는데 반장이 될 수 있을지 걱정이 좀 돼요."
        },
        {
            "Q": "무엇 때문에 걱정이 되니?",
            "A": "반장이 꼭 되고 싶은데 안 되면 어떡하나 실망할 것 같아서요."
        },
        {
            "Q": "그 걱정거리 때문에 생활이 불편하거나 힘드니?",
            "A": "불편하거나 힘들 정도는 아니에요."
        },
        {
            "Q": "요즘 행복하다고 느끼니?",
            "A": "네, 행복해요."
        },
        {
            "Q": "어떤 점에서 행복하게 느껴져?",
            "A": "제 블로그에 사람들이 많이 방문해 줘서요."
        },
        {
            "Q": "앞으로 커서 어떤 사람이 되고 싶어? 꿈이 뭐야?",
            "A": "저는 크리에이터가 되고 싶어요."
        },
        {
            "Q": "왜 그런 직업이 되고 싶어?",
            "A": "저는 뷰티와 관련해서 관심이 많아요. 그래서 사람들과 뷰티와 관련 이야기를 나누고 싶어요."
        },
        {
            "Q": "집에서 주로 나를 돌봐주는 어른은 누구야?",
            "A": "엄마요."
        },
        {
            "Q": "배가 고픈데 먹을 게 없어서 굶은 적이 있니?",
            "A": "우리 엄마는 대개 잘해주세요."
        },
        {
            "Q": "빨래가 되어 있지 않아서 더럽고 냄새나는 옷을 입어야 한 적이 있니?",
            "A": "아니요. 없어요."
        },
        {
            "Q": "옷이나 신발 사이즈가 작은 걸 입거나 신고 다닌 적이 있니?",
            "A": "아니요. 없어요."
        },
        {
            "Q": "어른들이 운동회나 참관 수업 또 학부모 상담 같은 학교 행사에 잘 오시니?",
            "A": "저희 엄마는 학교 일에 관심이 많아요. 항상 오세요."
        },
        {
            "Q": "부모님이나 선생님 때문에 슬프거나 화가 난 적이 있니?",
            "A": "부모님이나 선생님 모두 잘 해주세요."
        },
        {
            "Q": "주위 어른들 중 나를 때린 적이 있는 사람이 있니?",
            "A": "때린 사람 한 명도 없어요."
        },
        {
            "Q": "내가 원하지 않는데도 누군가가 내 몸을 만지거나 보여달라고 한 적 있어?",
            "A": "그런 적 없어요."
        },
        {
            "Q": "집에서 어른들끼리 소리 지르면서 싸우는 걸 듣거나 본 적이 있니?",
            "A": "저희 부모님들은 사이가 너무 좋아서 싸우는 걸 별로 본 적이 없어요."
        },
        {
            "Q": "친구들이 나를 자주 놀리거나 괴롭힌다고 느낀 적이 있니?",
            "A": "친구들하고는 재미있게 노는 편이에요."
        },
        {
            "Q": "어떨 때 마음이 복잡하거나 힘들어?",
            "A": "친구들과 놀기에 바빠서 그런 생각 잘 안 해요."
        },
        {
            "Q": "부모님의 허락 없이 또는 말도 없이 집에 오랫동안 나와 있었던 적이 있니?",
            "A": "부모님과 여행 가느라 집을 비운 적은 있어요."
        }
    ]
}