{
    "info": {
        "위기단계": "상담필요"
    },
    "kids_ment": [
        {
            "Q": "최근에 건강해요?",
            "A": "건강하긴 한데, 머리가 좀 아파요."
        },
        {
            "Q": "어떻게 아파요?",
            "A": "그냥 왼쪽이 지끈지끈 아파요."
        },
        {
            "Q": "언제부터 아팠어요?",
            "A": "오늘 아팠어요."
        },
        {
            "Q": "이전에도 해당 부위가 자주 아팠어요?",
            "A": "네. 3년 전부터 그냥 한 달에 한 번은 아팠던 거 같아요."
        },
        {
            "Q": "최근에 다쳤던 적이 있었어요?",
            "A": "아니요. 다친 적은 없어요."
        },
        {
            "Q": "친구는 뭘 할 때가 제일 즐거워요?",
            "A": "별로 즐겁다고 느낀 적 없어요."
        },
        {
            "Q": "언제부터 즐겁다고 느끼지 못했어요?",
            "A": "저도 잘 모르겠어요."
        },
        {
            "Q": "최근 일주일 동안 짜증이나 화가 난 적이 있어요?",
            "A": "네. 그냥 엄마랑 아빠가 미워서 화가 나요."
        },
        {
            "Q": "그런 일이 자주 일어나요?",
            "A": "네. 그냥 엄마랑 아빠 생각만 하면 짜증 나요."
        },
        {
            "Q": "그렇게 평소에 짜증이나 화가 났을 때, 어떻게 하면 마음이 풀려요?",
            "A": "아무것도 안 해요. 그냥 생각을 안 하다가 시간 지나면 좀 풀려요."
        },
        {
            "Q": "몇 시에 자고, 몇 시에 일어나요?",
            "A": "열두 시에 자서 일곱 시에 일어나요."
        },
        {
            "Q": "아침에 일어났을 때, 몸 상태는 어때요?",
            "A": "좀 졸려요."
        },
        {
            "Q": "평소에 잠이 들기 힘들거나, 잠자는 중간에 자주 깨요?",
            "A": "네, 저는 좀 자주 깨요."
        },
        {
            "Q": "평상시에 아버지는 어떤 표정을 자주 지어요?",
            "A": "모르겠어요. 자주 안 만나서. 근데 그냥 무표정인 거 같아요."
        },
        {
            "Q": "아빠가 그런 표정을 짓는 이유가 뭐인 거 같아요?",
            "A": "저희를 별로 안 좋아하니까요."
        },
        {
            "Q": "그 표정을 볼 때, 친구 기분은 어때요?",
            "A": "별로 안 좋아요."
        },
        {
            "Q": "평상시에 어머니는 어떤 표정을 자주 지어요?",
            "A": "같이 살 땐 맨날 짜증 내고, 지금은 보면 귀찮아하는 표정인 거 같아요."
        },
        {
            "Q": "엄마가 그런 표정을 짓는 이유가 뭐인 거 같아요?",
            "A": "엄마도 저희를 싫어하니까요."
        },
        {
            "Q": "그 표정을 볼 때, 친구 기분은 어때요?",
            "A": "저도 싫어요."
        },
        {
            "Q": "평상시에 원장님은 어떤 표정을 자주 지어요?",
            "A": "원장님은 자주 웃으세요."
        },
        {
            "Q": "원장님이 그런 표정을 짓는 이유가 뭐인 거 같아요?",
            "A": "원장님은 저희를 좋아하는 거 같아요."
        },
        {
            "Q": "그 표정을 볼 때, 친구 기분은 어때요?",
            "A": "그냥 원장님은 저도 좋아해서 좋아요."
        },
        {
            "Q": "형제자매 있어요?",
            "A": "네, 오빠 한 명 있어요."
        },
        {
            "Q": "오빠랑은 사이가 어때요?",
            "A": "오빠랑 사이좋아요. 오빠랑 떨어져 있었는데 오빠랑 살고 싶어서 여기로 왔어요."
        },
        {
            "Q": "평소에 어른들이 오빠랑 친구를 차별하는 것 같아요?",
            "A": "아니요."
        },
        {
            "Q": "친구들이랑 주로 뭐 하고 놀아요?",
            "A": "친구들이랑은 그냥 핸드폰 가지고 많이 노는 거 같아요."
        },
        {
            "Q": "주로 몇 명이 놀아요?",
            "A": "여기 있는 친구들이랑 다 같이 놀아요."
        },
        {
            "Q": "담임 선생님 좋아해요? 아니면 싫어해요?",
            "A": "담임 선생님 좋아해요."
        },
        {
            "Q": "좋아하는 이유가 있을까요?",
            "A": "담임 선생님 착해서 좋아요. 항상 챙겨주려고 하셔서 감사해요."
        },
        {
            "Q": "요즘 가장 큰 걱정거리가 있어요?",
            "A": "네. 엄마랑 아빠가 진짜 저랑 오빠 버릴까 봐 무서워요."
        },
        {
            "Q": "부모님이 친구랑 오빠를 버릴 것 같다는 생각이 드는 이유가 뭐예요?",
            "A": "그냥 요즘 자주 오지도 않고, 이제는 다시 같이 살 수 없을 거라는 생각이 들어서 무서워요."
        },
        {
            "Q": "그 걱정거리 때문에 생활이 불편하거나 힘들어요?",
            "A": "네. 그런 생각이 일주일에 한두 번은 들어서 힘들어요."
        },
        {
            "Q": "요즘 행복하다고 느껴요?",
            "A": "아니요."
        },
        {
            "Q": "행복하지 못한 이유가 있을까요?",
            "A": "저랑 오빠는 이제 평생 부모님이랑 같이 못 살 거 같아서요."
        },
        {
            "Q": "친구는 꿈이 있어요?",
            "A": "네, 저는 선생님이 돼서 화목한 가정을 꾸리고 싶어요."
        },
        {
            "Q": "그 꿈을 가진 이유가 있을까요?",
            "A": "네, 저는 지금 가족처럼 말고 화목한 가정을 가지고 싶어서요."
        },
        {
            "Q": "센터에서 주로 나를 돌봐주는 어른은 누구예요?",
            "A": "원장님이요."
        },
        {
            "Q": "원장님이 밥이나 빨래, 옷은 잘 챙겨주시나요?",
            "A": "네. 원장님은 항상 저희 다 잘 챙겨주세요."
        },
        {
            "Q": "어디 아픈 곳이 있는데 어른들이 병원에 데려가지 않은 적이 있어요?",
            "A": "아니요. 없어요."
        },
        {
            "Q": "인터넷이나 휴대폰을 가지고 노는 시간은 하루에 몇 시간 정도에요?",
            "A": "두세 시간 정도 하는 거 같아요."
        },
        {
            "Q": "인터넷이나 휴대폰 게임을 너무 많이 한다고 어른들이 뭐라고 하지는 않아요?",
            "A": "너무 많이 하지 말라고 그러시긴 해요."
        },
        {
            "Q": "피시방 같은 곳을 자주 가요?",
            "A": "아니요."
        },
        {
            "Q": "어른들이 학교에 참석해야 하는 행사에 잘 오세요?",
            "A": "원장님이나 다른 선생님들이 항상 와주세요."
        },
        {
            "Q": "부모님이나 선생님 때문에 슬프거나 화가 난 적이 있어요?",
            "A": "옛날에 같이 살 때는 부모님이 자주 싸우셔서 그랬는데 지금은 아니에요."
        },
        {
            "Q": "주위 어른들 중에 나를 때린 적이 있는 사람이 있어요?",
            "A": "아니요. 저는 그런 적 없어요."
        },
        {
            "Q": "친구가 원하지 않는데도 누가 몸을 만지거나 보여달라고 한 적 있어요?",
            "A": "아니요. 그런 적 없어요."
        },
        {
            "Q": "센터에서 어른들끼리 소리 지르면서 싸우는 걸 듣거나 본 적이 있어요?",
            "A": "아니요. 그런 적 없어요."
        },
        {
            "Q": "친구들이 자주 놀리거나 괴롭힌다고 느낀 적 있어요?",
            "A": "아니요. 그런 적 없어요."
        },
        {
            "Q": "어떨 때 마음이 복잡하거나 힘들어요?",
            "A": "그냥 부모님 생각하면 좀 힘들긴 해요."
        },
        {
            "Q": "그런 생각 때문에 괴로워서 죽고 싶다는 생각을 한 적 있어요?",
            "A": "아니요. 없어요."
        },
        {
            "Q": "잘 때 주로 어떤 꿈을 꿔요?",
            "A": "아빠, 엄마가 저희를 완전히 버리는 꿈을 가끔 꿔요."
        },
        {
            "Q": "중간에 자주 깼던 이유가 그런 꿈을 꿔서 그런 건가요?",
            "A": "네."
        },
        {
            "Q": "생각하고 싶지 않은 데도 자꾸 그 기억이 떠오른 적이 있어요?",
            "A": "네. 꿈꾸는 날에는 그래요."
        },
        {
            "Q": "이런 싫은 기억이 떠오를 때 어떻게 해요?",
            "A": "그냥 오빠랑 같이 있어요."
        },
        {
            "Q": "꿈을 꾸고 일어나면 몸 상태가 어때요?",
            "A": "그냥 좀 땀이 많이 나요."
        },
        {
            "Q": "가출했던 적 있어요?",
            "A": "아니요."
        }
    ]
}