{
    "info": {
        "위기단계": "관찰필요"
    },
    "kids_ment": [
        {
            "Q": "우리 친구 몸은 어때? 건강해? 아니면 아픈 곳이 있어?",
            "A": "저 무릎 아파요."
        },
        {
            "Q": "어떻게 아파?",
            "A": "달리기 시험 본다고 연습하다가 잘못해서 넘어졌어요. 그래서 무릎이 까져서 피 났어요."
        },
        {
            "Q": "치료는 어떻게 했어?",
            "A": "보건실에 가서 소독하고 약 발랐어요."
        },
        {
            "Q": "우리 친구는 뭘 할 때가 가장 즐거워?",
            "A": "저, 야구 볼 때요. 재밌어요."
        },
        {
            "Q": "최근 일주일 동안 짜증이나 화가 난 적이 있을까?",
            "A": "네. 엄마가 그만 놀고 공부하라고 해서 짜증 났어요."
        },
        {
            "Q": "엄마가 자주 그런 잔소리를 하셔?",
            "A": "네. 맨날 그래요."
        },
        {
            "Q": "평소에 짜증이나 화가 났을 때, 어떻게 하면 마음이 풀려?",
            "A": "야구 보거나 친구들이랑 게임하면 풀려요."
        },
        {
            "Q": "보통 몇 시에 자고, 몇 시에 일어나?",
            "A": "열한 시에 자서 일곱 시에 일어나요."
        },
        {
            "Q": "아침에 일어났을 때, 몸 상태는 어때?",
            "A": "좋은 것 같아요."
        },
        {
            "Q": "평소에 잠들기 힘들다거나, 잠자는 중간에 자주 깨?",
            "A": "아니요."
        },
        {
            "Q": "평상시에 어머니, 아버지는 어떤 표정을 자주 짓는 것 같아?",
            "A": "엄마는 화난 표정이고요. 아빠는 잘 웃어요."
        },
        {
            "Q": "아빠는 왜 잘 웃는 것 같아?",
            "A": "저희 가족을 사랑하니까요."
        },
        {
            "Q": "엄마는 왜 화난 표정을 짓는 것 같아?",
            "A": "맨날맨날 잔소리한다고 화난 표정이에요."
        },
        {
            "Q": "엄마는 주로 어떤 잔소리를 하셔?",
            "A": "맨날 공부해라, 젓가락질 똑바로 해라, 숙제는 다 했냐, 휴대폰 그만 해라 그래요."
        },
        {
            "Q": "우리 친구는 형제자매가 몇 명이야?",
            "A": "형 한 명 있어요."
        },
        {
            "Q": "형이랑 사이는 어때?",
            "A": "싫어요. 형이 너무 잘나서 제가 힘들어요."
        },
        {
            "Q": "부모님이 형이랑 우리 친구를 어떻게 대하셔? 차별하는 것 같아?",
            "A": "네. 엄마는 형만 좋아해요. 뭐만 하면 형처럼 하라고 형을 본받아라 그래요. 그래서 싫어요."
        },
        {
            "Q": "친구들이랑은 주로 뭐 하면서 놀아?",
            "A": "축구하고 야구하고 게임하고 얘기하고 그러는 것 같은데요."
        },
        {
            "Q": "담임 선생님은 어때? 좋아해 아니면 안 좋아해?",
            "A": "완전 좋아요."
        },
        {
            "Q": "담임 선생님이 어떤 부분이 좋아?",
            "A": "칭찬도 많이 해주고요. 수업도 너무 재밌어요."
        },
        {
            "Q": "요즈음 우리 친구 고민은 뭐야?",
            "A": "고민 없는 것 같은데요."
        },
        {
            "Q": "요즈음 행복하다고 느껴?",
            "A": "네."
        },
        {
            "Q": "어떤 점에서 행복한 것 같아?",
            "A": "제가 응원하는 야구팀 성적이 좋거든요. 우승할 것 같아서 행복해요."
        },
        {
            "Q": "우리 친구는 커서 어떤 사람이 되고 싶어?",
            "A": "야구선수요."
        },
        {
            "Q": "왜 야구선수가 되고 싶어?",
            "A": "야구가 재밌어서 나중에 꼭 멋진 야구선수가 돼서 골든글러브상 받고 싶어요."
        },
        {
            "Q": "집에서 주로 친구를 돌봐주는 어른은 누구야?",
            "A": "엄마요."
        },
        {
            "Q": "배가 고픈데 집에 먹을 게 없어서 굶은 적 있어?",
            "A": "아니요."
        },
        {
            "Q": "저녁에 친구를 집에 혼자 두고 어른들이 나갔던 적 있어?",
            "A": "그런 적 없어요."
        },
        {
            "Q": "집에서 친구를 항상 돌봐주는 사람이 갑자기 말도 없이 집을 나가서 안 들어온 적 있어?",
            "A": "아니요."
        },
        {
            "Q": "우리 친구가 어디 아픈 곳이 있는데 부모님이 병원에 데려가지 않은 적이 있어?",
            "A": "아니요. 잘 데려가 주세요."
        },
        {
            "Q": "빨래가 안 되어 있어서 더럽고 냄새나는 옷을 입어야 한 적은?",
            "A": "없어요."
        },
        {
            "Q": "옷이나 신발 사이즈가 작은 걸 입거나 신고 다닌 적은 있어?",
            "A": "아니요."
        },
        {
            "Q": "하루에 인터넷이나 휴대폰을 가지고 노는 시간은 몇 시간 정도야?",
            "A": "한 시간 정도? 그 이상은 엄마가 잔소리해서 못 해요."
        },
        {
            "Q": "피시방도 가고 그래?",
            "A": "아니요. 가다가 걸리면 엄마한테 혼날걸요?"
        },
        {
            "Q": "보호자들이 운동회나 참관 수업 같은 학교에 오는 행사에 오셔?",
            "A": "엄마가 오세요."
        },
        {
            "Q": "부모님이나 선생님 때문에 슬프거나 화난 적 있었어?",
            "A": "엄마가 형만 좋아하는 것 같아서 화나요."
        },
        {
            "Q": "엄마의 어떤 말이나 행동이 우리 친구를 화나게 만드는 것 같아?",
            "A": "그냥 형처럼 되길 바라는 것 같아서 화나요. 형 칭찬을 엄청 하거든요. 형이 똑똑하고 성실해서."
        },
        {
            "Q": "그럼, 반대로 친구한테는 뭐라고 하셔?",
            "A": "그냥 형처럼 공부 열심히 해야 한다고 그러죠."
        },
        {
            "Q": "그런 말을 들었을 때 우리 친구 기분은 어때?",
            "A": "별로긴 한데 저도 형보다 더 잘해서 형을 뛰어넘고 싶어요. 그래서 엄마한테 형보다 더 사랑받고 싶어요."
        },
        {
            "Q": "어른들이 친구를 어디에 가두고 못 나오게 한 적 있어?",
            "A": "아니요."
        },
        {
            "Q": "부모님이 다른 사람들 앞에서도 혼내실 때가 있어?",
            "A": "아니요. 다른 사람들한테는 자랑만 하세요."
        },
        {
            "Q": "어른들이 우리 친구를 다른 아이들과 비교하는 편이야?",
            "A": "형이랑 비교는 하는데 다른 애들은 아니에요."
        },
        {
            "Q": "어른들이 친구를 집에서 쫓아내거나 버리겠다고 말한 적 있어?",
            "A": "아니요."
        },
        {
            "Q": "우리 친구가 무엇을 하려고 할 때 무조건 안 된다고 하거나, 하기 싫은데도 무조건 하라고 할 때가 있어?",
            "A": "없는 것 같아요."
        },
        {
            "Q": "마음이 힘들 때, 가족에게 친구 마음을 이야기해?",
            "A": "네. 아빠한테 말해요."
        },
        {
            "Q": "주위 어른들 중 우리 친구를 때린 적이 있는 사람이 있어?",
            "A": "없어요."
        },
        {
            "Q": "우리 친구가 원하지 않는데도 누군가가 친구 몸을 만지거나 보여달라고 한 적 있었을까?",
            "A": "아니요."
        },
        {
            "Q": "집에서 어른들끼리 소리 지르면서 싸우는 걸 듣거나 본 적이 있어?",
            "A": "없어요."
        },
        {
            "Q": "친구들이 자주 놀리거나 괴롭힌다고 느낀 적이 있어?",
            "A": "아니요."
        },
        {
            "Q": "우리 친구는 어떨 때 마음이 복잡하거나 힘들어?",
            "A": "그런 건 없는 것 같아요."
        },
        {
            "Q": "잠잘 때 주로 어떤 꿈을 꾸는 것 같아?",
            "A": "한 번 자면 깊게 자서 꿈을 잘 안 꿔요."
        },
        {
            "Q": "부모님의 허락이나 말도 없이 집에 오랫동안 나와 있었던 적이 있어?",
            "A": "없어요."
        }
    ]
}