{
    "info": {
        "위기단계": "학대의심"
    },
    "kids_ment": [
        {
            "Q": "최근 내 몸이 건강한 거 같아요, 아니면 어디 아픈 곳 있어요?",
            "A": "몸이 아프지는 않아요."
        },
        {
            "Q": "최근에  다친 적이 있었나요?",
            "A": "네, 치료받는 데 있어요."
        },
        {
            "Q": "어디를 다쳤어요?",
            "A": "여기 아랫부분 멍들고 안쪽에는 열상? 암튼 그런 거 때문에 병원 다녀요."
        },
        {
            "Q": "언제 왜 다쳤어요?",
            "A": "저번 주 주말에 새아빠가 저한테 이상한 짓 해서 그래요."
        },
        {
            "Q": "뭐 할 때가 즐거워요?",
            "A": "즐거운 거 모르겠어요."
        },
        {
            "Q": "즐겁다고 느끼지 못한 것이 언제부터였어요?",
            "A": "4학년 때부터요."
        },
        {
            "Q": "최근 일주일 동안 짜증이나 화가 난 적이 있어요?",
            "A": "화가 나는 것 같아요."
        },
        {
            "Q": "무엇 때문에 화나 짜증이 났어요?",
            "A": "잘 모르겠는데 갑자기 화도 나고 짜증도 나는 거 같기도 하고 그래요."
        },
        {
            "Q": "그런 일이 자주 일어나요?",
            "A": "자주 기분이 왔다 갔다 하는 거 같아요. 이삼일에 한 번은 기분이 이렇게 오르락내리락해요."
        },
        {
            "Q": "평소에 짜증이나 화가 났을 때 어떻게 하면 풀려요?",
            "A": "푸는 방법 없어요. 그냥 울어요."
        },
        {
            "Q": "몇 시에 자고 몇 시에 일어나요?",
            "A": "한 시에 자서 일곱 시 반쯤이요."
        },
        {
            "Q": "아침에 일어났을 때 몸 상태는 어때요?",
            "A": "찌뿌둥하죠, 뭐."
        },
        {
            "Q": "평소에 잠이 들기 힘들거나, 잠자는 중간에 자주 깨나요?",
            "A": "네, 잠들기 무섭고 깊게 못 자니까 중간에 잘 깨요."
        },
        {
            "Q": "아빠 하면 어떤 느낌이에요?",
            "A": "새아빠요? 소름 끼쳐요."
        },
        {
            "Q": "왜 그렇게 느껴요?",
            "A": "저 보는 눈빛도 좀 이상하고 자꾸 저랑 있으면 이상한 짓 하려고 해서요."
        },
        {
            "Q": "그런 아빠를 보면 친구는 기분이 어때요?",
            "A": "진짜 싫어요. 미쳐버릴 것 같아요."
        },
        {
            "Q": "평소 엄마는 어떤 표정으로 계실까요?",
            "A": "엄마랑 눈도 안 마주쳐요."
        },
        {
            "Q": "왜 그래요?",
            "A": "엄마도 피하고 저도 피하고 그러다 보니 서로 얼굴 잘 안 봐요."
        },
        {
            "Q": "그런 엄마를 보면 친구는 기분이 어때요?",
            "A": "별로예요. 서먹하고, 서운하고, 그래요."
        },
        {
            "Q": "형제자매는 몇 명이에요?",
            "A": "여동생 한 명 있어요."
        },
        {
            "Q": "여동생이랑 사이가 어때요?",
            "A": "사이 좋아요. 여동생 내가 지켜줘야 해요."
        },
        {
            "Q": "평소 부모님이 여동생이랑 차별하는 것처럼 느껴져요?",
            "A": "그런 건 못 느끼겠어요."
        },
        {
            "Q": "친구랑 주로 뭐 하고 놀아요?",
            "A": "친구랑 안 놀아요."
        },
        {
            "Q": "왜 못 놀아요?",
            "A": "애들이 저에 대해 막 물어보고 이런 거 싫어서 같이 얘기 안 해요."
        },
        {
            "Q": "담임 선생님을 좋아해요, 싫어해요?",
            "A": "좋아요."
        },
        {
            "Q": "어떤 부분에서 좋아요?",
            "A": "계속 저한테 관심 가져주시고 제 고민 들어주시고 암튼 저 도와주시려고 막 노력하세요."
        },
        {
            "Q": "요즘 가장 큰 걱정거리는 어떤 거예요?",
            "A": "아빠가 동생도 건드리면 어떡하지? 이런 생각 하면 무서워져요."
        },
        {
            "Q": "왜 그런 생각이 들어요?",
            "A": "아빠가 처음에 저한테 이상한 짓 한 게 4학년 때인데 내년이면 동생이 4학년 되거든요. 저는 중학교 가니까 집에 늦게 가는데 그사이에 무슨 일 생길까 봐요."
        },
        {
            "Q": "걱정거리 때문에 생활이 불편하거나 힘들어요?",
            "A": "그 생각하면 숨도 막히고 너무 불안하고 무서워요."
        },
        {
            "Q": "요즘 행복하다고 느끼나요?",
            "A": "아니요. 행복하지 않아요."
        },
        {
            "Q": "왜 불행하다고 느껴요?",
            "A": "다른 친구들은 이런 걱정 안 하는 거 같은데 전 하니까요."
        },
        {
            "Q": "커서 어떤 사람이 되고 싶어요?",
            "A": "외교관 되고 싶어요."
        },
        {
            "Q": "왜 외교관이 되고 싶어요?",
            "A": "다른 나라 가서 살아보고 싶기도 하고 외국어도 잘하고 멋있는 거 같아요."
        },
        {
            "Q": "집에서 주로 돌봐주는 어른이 누구예요?",
            "A": "엄마요."
        },
        {
            "Q": "배가 고픈데 먹을 게 없어서 굶은 적이 있어요?",
            "A": "아니요. 굶지는 않아요."
        },
        {
            "Q": "빨래가 되어 있지 않아서 더럽고 냄새나는 옷을 입어야 한 적이 있었나요?",
            "A": "그렇지는 않아요."
        },
        {
            "Q": "부모님이나 선생님 때문에 슬프거나 화가 난 적이 있나요?",
            "A": "부모님 때문에 화나요."
        },
        {
            "Q": "어떤 말이나 행동이 친구를 화나게 했어요?",
            "A": "새아빠는 저한테 이상한 짓 하고 엄마는 알면서도 아무 말 안 해요."
        },
        {
            "Q": "주위 어른들 중 친구를 때린 적이 있는 사람이 있나요?",
            "A": "때리는 건 아닌데 못 움직이게 꽉 잡거나 그래요."
        },
        {
            "Q": "내가 원하지 않는데도 누군가가 내 몸을 만지거나 보여달라고 한 적 있어요?",
            "A": "네, 새아빠가 막 만지기도 하고 벗으라고 하고 그래요."
        },
        {
            "Q": "새아빠가 부끄럽고 창피한 것을 시킨 적 있어요? 어떤 걸 시켰어요?",
            "A": "개 목걸이 채우고 개처럼 행동하라고 하고 다 벗으라고 하고서는 배라는 명령어에는 개처럼 천장 보면서 양다리를 벌리라고 했어요."
        },
        {
            "Q": "새아빠가 소중한 부위를 아프게 한 적이 있어요? 어떤 걸로 했어요?",
            "A": "손가락을 막 거기에 넣기도 하고 왁싱 테이프로 거기 털도 없애고 저번에는 막 목을 조르면서 자기 고추를 제 꺼에 넣었어요."
        },
        {
            "Q": "소중한 부위에 상처가 나거나 다쳐서 병원에 간 적 있어요?",
            "A": "네, 그래서 지금 병원 다녀요."
        },
        {
            "Q": "누가 친구 몸을 사진 찍거나 동영상을 찍은 적이 있어요? 누가 그랬어요?",
            "A": "있어요. 새아빠가 그때 개처럼 시키고서는 제 몸 찍었어요."
        },
        {
            "Q": "인터넷이나 휴대폰으로 친구의 몸 사진이나 영상을 찍어 보내달라고 요청한 사람 있어요?",
            "A": "아니요. 없어요."
        },
        {
            "Q": "집에서 어른들끼리 소리 지르면서 싸우는 걸 듣거나 본 적이 있나요?",
            "A": "새아빠가 엄마 있을 때 큰소리 안 내요."
        },
        {
            "Q": "친구들이 나를 자주 놀리거나 괴롭힌다고 느낀 적이 있나요?",
            "A": "놀리거나 괴롭히는 친구 없어요. 제가 안 어울리는 거예요."
        },
        {
            "Q": "마음이 복잡하고 힘들 때 죽고 싶다는 생각해 본 적 있어요?",
            "A": "아직은 없어요."
        },
        {
            "Q": "곧 그런 생각을 할 거 같다는 의미일까요?",
            "A": "잘 모르겠어요."
        },
        {
            "Q": "잠잘 때 주로 어떤 꿈을 꿔요?",
            "A": "안 꿀 때는 잘 자는데 꾸면 누가 자꾸 제 옷을 벗기고 저를 괴롭혀요."
        },
        {
            "Q": "경험했던 일 때문에 그런 꿈을 꿀까요?",
            "A": "그런 것 같아요. 그때 일처럼 생생하게 느껴져요."
        },
        {
            "Q": "생각하기 싫은데 자꾸 그 기억이 떠오른 적 있어요? 얼마나 자주 그래요?",
            "A": "당했던 일이 일주일에 네다섯 번은 생각나는 것 같아요."
        },
        {
            "Q": "이런 싫은 기억이 떠오를 때 어떻게 해요?",
            "A": "노래방 가서 막 소리 지르면서 노래해요."
        },
        {
            "Q": "꿈을 꾸고 일어나면 몸 상태는 어때요?",
            "A": "몸이 막 떨리고 숨도 잘 안 쉬어지고 힘이 하나도 없어요."
        },
        {
            "Q": "가출 해 본 적 있어요?",
            "A": "동생 때문에 가출해 본 적 없어요."
        }
    ]
}