{
    "info": {
        "위기단계": "정상군"
    },
    "kids_ment": [
        {
            "Q": "최근에 건강한가요, 아니면 아픈 곳이 있나요?",
            "A": "아니요. 없어요."
        },
        {
            "Q": "최근에 다쳤던 적이 있었나요, 없었나요?",
            "A": "네, 있어요."
        },
        {
            "Q": "어디를 다쳤나요?",
            "A": "다리를 다쳤어요."
        },
        {
            "Q": "왜 다쳤나요?",
            "A": "무릎을 다쳤는데 다리도 아파요."
        },
        {
            "Q": "뭘 할 때가 즐겁나요?",
            "A": "리코더 불 때 즐거워요."
        },
        {
            "Q": "리코더 할 때 어떤 점이 즐거운가요?",
            "A": "악기를 연주한다는 게 저는 즐거워요."
        },
        {
            "Q": "최근 일주일 동안 짜증이나 화가 난 적이 있나요?",
            "A": "네, 있어요."
        },
        {
            "Q": "무엇 때문에 짜증이나 화가 났나요?",
            "A": "친구들이 저를 때려서 화가 나요."
        },
        {
            "Q": "그런 일이 자주 일어나나요?",
            "A": "일주일에 두세 번이요."
        },
        {
            "Q": "평소에 짜증이나 화가 났을 때, 어떻게 하면 마음이 풀려요?",
            "A": "그냥 가만히 있어요."
        },
        {
            "Q": "몇 시에 자고, 몇 시에 일어나나요?",
            "A": "밤 열두 시에 자서, 아침 일곱 시에 일어나요."
        },
        {
            "Q": "아침에 일어났을 때, 몸 상태는 어때요?",
            "A": "나쁘진 않아요."
        },
        {
            "Q": "평소에 잠이 들기 힘들거나, 잠자는 중간에 자주 깨나요?",
            "A": "아니요."
        },
        {
            "Q": "평상시에 아버지는 어떤 표정을 자주 짓나요?",
            "A": "아버지는 무표정이세요."
        },
        {
            "Q": "왜 그런 표정을 짓는 것 같아요?",
            "A": "습관적으로 그런 것 같아요."
        },
        {
            "Q": "그 표정을 지을 때, 내 기분은 어때요?",
            "A": "아무런 생각 없어요."
        },
        {
            "Q": "평상시에 어머니는 어떤 표정을 자주 짓나요?",
            "A": "어머니는 웃고 계세요."
        },
        {
            "Q": "왜 그런 표정을 짓는 것 같아요?",
            "A": "평소 밝은 생각을 많이 하시는 것 같아요."
        },
        {
            "Q": "그 표정을 지을 때, 내 기분은 어때요?",
            "A": "저도 밝아져요."
        },
        {
            "Q": "형제자매는 몇 명이에요?",
            "A": "한 명이에요."
        },
        {
            "Q": "형제자매는 누구누구가 있어요?",
            "A": "여동생이에요."
        },
        {
            "Q": "여동생과는 사이가 어때요?",
            "A": "사이 좋아요."
        },
        {
            "Q": "평소에 부모님이 여동생과 나를 차별하는 것 같아요?",
            "A": "아니요."
        },
        {
            "Q": "친구들이랑 주로 뭐 하고 놀아요?",
            "A": "게임하고 유튜브 보며 놀아요."
        },
        {
            "Q": "주로 몇 명이 놀아요?",
            "A": "두 명과 놀아요."
        },
        {
            "Q": "담임 선생님을 좋아하나요, 싫어하나요?",
            "A": "좋지도 싫지도 않아요."
        },
        {
            "Q": "담임 선생님이 어떤 부분에서 좋아요?",
            "A": "이따금씩 챙겨주세요."
        },
        {
            "Q": "담임 선생님이 어떤 부분에서 안 좋아요?",
            "A": "저를 많이 예뻐하시지는 않아요."
        },
        {
            "Q": "요즘 가장 큰 걱정거리는 무엇인가요?",
            "A": "친구들과 잘 못 지내서 걱정이 돼요."
        },
        {
            "Q": "무엇 때문에 그런 걱정이 되나요?",
            "A": "친구들이 저를 때려요."
        },
        {
            "Q": "걱정거리 때문에 생활이 불편하거나 힘든가요?",
            "A": "네, 불편해요."
        },
        {
            "Q": "요즘 행복하다고 느끼나요?",
            "A": "그렇게 행복하진 않아요."
        },
        {
            "Q": "왜 불행하다고 느끼나요?",
            "A": "친구들과 잘 못 지내요."
        },
        {
            "Q": "커서 어떤 사람이 되고 싶은지, 꿈이 무엇인지 이야기해 줄래요?",
            "A": "되고 싶은 것이 없어요."
        },
        {
            "Q": "해보고 싶은 일이 없나요?",
            "A": "네, 없어요."
        },
        {
            "Q": "집에서 주로 나를 돌봐주는 어른은 누구인가요?",
            "A": "엄마예요."
        },
        {
            "Q": "배가 고픈데 먹을 게 없어서 굶은 적이 있나요? 왜 그랬나요?",
            "A": "아니요. 없어요."
        },
        {
            "Q": "저녁에 나를 집에 혼자 두고 어른들이 나갔던 적 있나요? 얼마나 자주 이런 일이 있나요?",
            "A": "아니요. 없어요."
        },
        {
            "Q": "가족 중에 나를 항상 돌봐주는 사람이 갑자기 말도 없이 집을 나가서 안 들어온 적이 있나요?",
            "A": "아니요. 없어요."
        },
        {
            "Q": "어디 아픈 곳이 있는데 어른들이 병원에 데려가지 않은 적이 있나요? 몇 번이나 있나요?",
            "A": "아니요. 없어요."
        },
        {
            "Q": "옷이나 신발 사이즈가 작은 걸 입거나 신고 다닌 적이 있나요? 기간은 어느 정도인가요?",
            "A": "아니요. 없어요."
        },
        {
            "Q": "부모님이나 선생님 때문에 슬프거나 화가 난 적이 있나요?",
            "A": "아니요. 없어요."
        },
        {
            "Q": "주위 어른들 중 나를 때린 적이 있는 사람이 있나요?",
            "A": "아니요. 없어요."
        },
        {
            "Q": "내가 원하지 않는데도 누군가가 내 몸을 만지거나 보여달라고 한 적 있어요?",
            "A": "아니요. 없어요."
        },
        {
            "Q": "집에서 어른들끼리 소리 지르면서 싸우는 걸 듣거나 본 적이 있나요? 있다면 얼마나 자주 있나요?",
            "A": "아니요. 없어요."
        },
        {
            "Q": "친구들이 나를 자주 놀리거나 괴롭힌다고 느낀 적이 있나요?",
            "A": "네, 있어요."
        },
        {
            "Q": "어떻게 놀리나요?",
            "A": "이유 없이 저를 때려요."
        },
        {
            "Q": "친구가 괴롭히거나 놀릴 때 어떤 기분인가요?",
            "A": "죽고 싶어요."
        },
        {
            "Q": "얼마나 자주 이런 일이 있었나요?",
            "A": "네, 1주일에 두세 번이요."
        },
        {
            "Q": "이렇게 괴롭힘을 당한 기간이 어떻게 되나요?",
            "A": "올해 초 3월부터예요."
        },
        {
            "Q": "이 아이들 때문에 학교를 가지 않은 적도 있나요?",
            "A": "네, 있어요."
        },
        {
            "Q": "어떨 때 마음이 복잡하거나 힘든가요?",
            "A": "친구들이 저를 때릴 때예요."
        },
        {
            "Q": "안 좋은 기억 때문에 괴로워서 죽고 싶다는 생각을 한 적 있나요?",
            "A": "그렇지는 않아요."
        },
        {
            "Q": "잠잘 때 주로 어떤 꿈을 꾸나요?",
            "A": "꿈은 잘 안 꿔요."
        },
        {
            "Q": "부모님의 허락 없이 또는 말도 없이 집에 오랫동안 나와 있었던 적이 있나요?",
            "A": "아니요. 없어요."
        }
    ]
}