{
    "info": {
        "위기단계": "정상군"
    },
    "kids_ment": [
        {
            "Q": "최근에 건강한가요, 아니면 아픈 곳이 있나요?",
            "A": "복숭아털 알레르기가 있는데, 복숭아가 너무 먹고 싶어서 먹었다가 몸에 뭐가 났어요."
        },
        {
            "Q": "언제부터 아팠나요?",
            "A": "3일 전에 그랬어요. 지금은 병원 가서 괜찮아요."
        },
        {
            "Q": "이전에도 이런 적이 있나요?",
            "A": "한 번 있었어요."
        },
        {
            "Q": "최근에 다쳤던 적이 있었나요?",
            "A": "아니요, 최근에 특별히 다친 적은 없어요."
        },
        {
            "Q": "뭘 할 때가 즐겁나요?",
            "A": "웹툰 보거나 친구들이랑 놀 때 즐거워요."
        },
        {
            "Q": "어떤 점이 즐거운가요?",
            "A": "친구들이랑 보내는 시간이 즐거워요."
        },
        {
            "Q": "최근 일주일 동안 짜증이나 화가 난 적이 있나요?",
            "A": "제 친구가 약속 시간에 늦게 와서 기다리는 동안 좀 짜증이 났었어요. 그리고 학교에서 수학 문제를 풀다가 잘 안 풀려서 화가 좀 났던 것 같아요."
        },
        {
            "Q": "그런 일이 자주 일어나나요?",
            "A": "그렇게 자주 일어나지는 않아요. 대부분의 친구들은 약속 시간을 잘 지켜요."
        },
        {
            "Q": "평소에 짜증이나 화가 났을 때, 어떻게 하면 마음이 풀려요?",
            "A": "좋아하는 음악 들으면서, 간식 먹어요."
        },
        {
            "Q": "몇 시에 자고, 몇 시에 일어나요?",
            "A": "학교가 있으니까 보통 저녁 아홉 시쯤에, 잠자리에 들고, 아침 일곱 시에 일어나요."
        },
        {
            "Q": "아침에 일어났을 때, 몸 상태는 어때요?",
            "A": "일어나면 보통 몸 상태는 괜찮아요. 하지만 아침에 일찍 일어나야 하니까 가끔은 좀 졸리긴 해요."
        },
        {
            "Q": "평소에 잠이 들기 힘들거나, 잠자는 중간에 자주 깨나요?",
            "A": "아니요."
        },
        {
            "Q": "평상시에 아버지는 어떤 표정을 자주 짓나요?",
            "A": "아빠는 대체로 밝은 표정을 많이 짓는 편이에요."
        },
        {
            "Q": "아빠는 친구를 볼 때 왜 밝은 표정을 짓는 것 같아요?",
            "A": "저를 사랑해서요."
        },
        {
            "Q": "그 표정을 지을 때, 내 기분은 어때요?",
            "A": "행복해요."
        },
        {
            "Q": "평상시에 어머니는 어떤 표정을 자주 짓나요?",
            "A": "대체로 따뜻하고 친절한 표정을 자주 짓는 편이에요."
        },
        {
            "Q": "엄마는 친구를 볼 때 왜 그런 표정을 짓는 것 같아요?",
            "A": "저를 좋아해서요."
        },
        {
            "Q": "그 표정을 지을 때, 내 기분은 어때요?",
            "A": "기분이 좋아요."
        },
        {
            "Q": "형제자매는 몇 명이에요?",
            "A": "남동생이 한 명 있어요."
        },
        {
            "Q": "남동생이랑 사이가 어때요?",
            "A": "남동생이랑은 대체로 잘 지내요."
        },
        {
            "Q": "평소에 부모님이 남동생이랑 친구를 차별하는 것 같아요?",
            "A": "아니요."
        },
        {
            "Q": "친구들이랑 주로 뭐 하고 놀아요?",
            "A": "보드게임도 하고 배드민턴도 해요."
        },
        {
            "Q": "주로 몇 명이서 놀아요?",
            "A": "네 명이요."
        },
        {
            "Q": "담임선생님을 좋아하나요, 싫어하나요?",
            "A": "좋지만, 가끔 숙제를 너무 많이 내줄 때는 조금 그래요."
        },
        {
            "Q": "왜 좋아하나요?",
            "A": "친절해요."
        },
        {
            "Q": "요즘 가장 큰 걱정거리는 무엇인가요?",
            "A": "걱정이 없어요."
        },
        {
            "Q": "요즘 행복하다고 느끼나요?",
            "A": "네, 저는 대체로 행복하게 생활하고 있어요. 친구들과 재미있게 놀 수 있고, 가족들이랑 에버랜드도 가요."
        },
        {
            "Q": "커서 어떤 사람이 되고 싶은지, 꿈이 무엇인지 이야기해 줄래요?",
            "A": "저는 커서 동물을 치료하는 수의사가 되고 싶어요. 작은 동물들이 아프거나 고통받을 때 동물을 도와줄 수 있는 사람이 되고 싶어요."
        },
        {
            "Q": "집에서 주로 나를 돌봐주는 어른은 누구인가요?",
            "A": "엄마 아빠요."
        },
        {
            "Q": "배가 고픈데 먹을 게 없어서 굶은 적이 있나요?",
            "A": "굶은 적 없어요."
        },
        {
            "Q": "저녁에 나를 집에 혼자 두고 어른들이 나갔던 적이 있나요?",
            "A": "아니요."
        },
        {
            "Q": "인터넷이나 휴대폰을 가지고 노는 시간은 하루에 몇 시간 정도인가요?",
            "A": "두 시간이요. 정해져 있어요."
        },
        {
            "Q": "어른들이 운동회나 참관 수업 또는 학부모 상담 같은 학교 행사에 잘 오시나요?",
            "A": "네. 대부분 오세요."
        },
        {
            "Q": "부모님이나 선생님 때문에 슬프거나 화가 난 적이 있나요?",
            "A": "엄마가 이 썩는다고 탕후루 안 사줘서 화났어요."
        },
        {
            "Q": "다른 사람들 앞에서도 혼날 때가 있나요?",
            "A": "아니요."
        },
        {
            "Q": "어른들이 나를 다른 아이들과 비교하나요?",
            "A": "아니요. 안 그래요."
        },
        {
            "Q": "내가 무엇을 하려고 할 때, 무조건 안 된다고 하거나, 싫은데도 무조건 하라고 할 때가 있나요?",
            "A": "없어요."
        },
        {
            "Q": "마음이 힘들 때, 누구에게 내 마음을 이야기하나요?",
            "A": "친구한테 바로 페메해요."
        },
        {
            "Q": "주위 어른들 중 나를 때린 적이 있는 사람이 있나요?",
            "A": "아니요."
        },
        {
            "Q": "내가 원하지 않는데도 누군가가 내 몸을 만지거나 보여달라고 한 적 있어요?",
            "A": "아니요."
        },
        {
            "Q": "어른들끼리 소리 지르면서 싸우는 걸 듣거나 본 적이 있나요?",
            "A": "아니요. 없어요."
        },
        {
            "Q": "친구들이 나를 자주 놀리거나 괴롭힌다고 느낀 적이 있나요?",
            "A": "아니요."
        },
        {
            "Q": "어떨 때 마음이 복잡하거나 힘든가요?",
            "A": "시험 기간에 공부할 게 많을 때 힘들어요."
        },
        {
            "Q": "안 좋은 기억 때문에 괴로워서 죽고 싶다는 생각을 한 적 있나요?",
            "A": "아니요."
        },
        {
            "Q": "잠잘 때 주로 어떤 꿈을 꾸나요?",
            "A": "학교에서 친구들과 놀거나, 좋아하는 동물과 함께하는 꿈을 꾸곤 해요. 가끔은 저를 수의사로 상상하면서 동물을 치료하는 꿈도 꿔요."
        },
        {
            "Q": "부모님의 허락 없이 또는 말도 없이 집에서 오랫동안 나와 있었던 적이 있나요?",
            "A": "아니요. 없어요."
        }
    ]
}