{
    "info": {
        "위기단계": "정상군"
    },
    "kids_ment": [
        {
            "Q": "최근에 건강한가요, 아니면 아픈 곳이 있나요?",
            "A": "얼마 전에 배탈 나서 설사했어요."
        },
        {
            "Q": "왜 배탈이 났어요?",
            "A": "엄마 말이 굴을 잘못 먹은 것 같다고 하셨어요."
        },
        {
            "Q": "아파서 병원에 갔어요?",
            "A": "네, 의사 선생님이 장염이라고 약 지어주셨어요."
        },
        {
            "Q": "최근에 다쳤던 적이 있었나요?",
            "A": "아니요, 없었어요."
        },
        {
            "Q": "우리 친구는 뭘 할 때가 즐거워요?",
            "A": "인형 옷 만들 때가 즐거워요."
        },
        {
            "Q": "왜 인형 옷 만들 때가 즐거워요?",
            "A": "제가 직접 옷 만들어서 인형한테 입혀주면 뿌듯하고 어른들이 다들 칭찬해 주세요."
        },
        {
            "Q": "우리 친구 최근 일주일 동안 짜증이나 화가 난 적 있었어요?",
            "A": "네, 있었어요."
        },
        {
            "Q": "왜 짜증이나 화가 났어요?",
            "A": "친구랑 말다툼해서 짜증 났어요."
        },
        {
            "Q": "왜 친구랑 말다툼했어요?",
            "A": "좋아하는 가수가 달라서요."
        },
        {
            "Q": "평소에 짜증이 나면 어떻게 하면 마음이 풀려요?",
            "A": "좋아하는 음악 듣거나 유튜브로 옷 만들기 같은 거 봐요."
        },
        {
            "Q": "우리 친구는 몇 시에 자고 몇 시에 일어나요?",
            "A": "열한 시에 자고 일곱 시에 일어나요."
        },
        {
            "Q": "아침에 일어났을 때 몸 상태는 어때요?",
            "A": "좋아요."
        },
        {
            "Q": "평소에 잠이 들기 힘들거나 잠자는 중간에 자주 깬 적이 있을까요?",
            "A": "아니요, 없어요."
        },
        {
            "Q": "아빠는 평상시에 어떤 표정을 짓고 계세요?",
            "A": "멍한 표정을 짓고 계세요."
        },
        {
            "Q": "아빠는 왜 멍한 표정을 짓고 계신 것 같아?",
            "A": "아빠가 본인은 멍때리는 게 좋다고 하셨어요."
        },
        {
            "Q": "아빠가 그런 표정을 짓고 계시면 친구는 기분이 어때?",
            "A": "그냥 웃겨요."
        },
        {
            "Q": "아빠가 친구랑 이야기하실 때는 어떤 표정을 짓고 계셔?",
            "A": "저랑 이야기하실 때는 많이 웃어주세요."
        },
        {
            "Q": "엄마는 평상시에 어떤 표정을 짓고 계셔?",
            "A": "항상 온화한 표정을 짓고 계세요."
        },
        {
            "Q": "엄마는 왜 온화한 표정을 짓고 계신 것 같아?",
            "A": "우리가 예쁘게 잘 커서 행복하시대요."
        },
        {
            "Q": "그럼, 엄마 표정을 보면 친구 기분이 어때?",
            "A": "좋아요."
        },
        {
            "Q": "엄마가 친구랑 이야기하실 때는 어떤 표정을 짓고 계셔?",
            "A": "온화한 표정이요."
        },
        {
            "Q": "우리 친구 형제자매는 몇 명이에요?",
            "A": "여동생 한 명 있어요."
        },
        {
            "Q": "여동생이랑 사이는 어때?",
            "A": "좋아요. 여동생이랑 놀면 재미있고 제가 언니니깐 동생 챙기는 건 당연하잖아요."
        },
        {
            "Q": "엄마 아빠가 여동생이랑 친구를 차별하시나요?",
            "A": "아니요, 그런 적 없었어요."
        },
        {
            "Q": "우리 친구는 친구들이랑 주로 뭐 하면서 놀아요?",
            "A": "스티커 사진도 찍고 좋아하는 연예인 이야기도 해요."
        },
        {
            "Q": "주로 몇 명이랑 놀아요?",
            "A": "세 명이요."
        },
        {
            "Q": "우리 친구는 담임 선생님을 좋아하나요?",
            "A": "네, 좋아요."
        },
        {
            "Q": "담임 선생님이 왜 좋아요?",
            "A": "그냥 좋은 분이세요."
        },
        {
            "Q": "우리 친구 요즘 가장 큰 걱정거리는 뭘까요?",
            "A": "엄마가 영어 잘해야 한다고 하시는데 영어 공부하기 싫어요."
        },
        {
            "Q": "영어 공부하는 게 걱정인 거야?",
            "A": "네, 영어 공부 어려워요."
        },
        {
            "Q": "걱정거리 때문에 생활이 불편하거나 힘들어?",
            "A": "아니요."
        },
        {
            "Q": "우리 친구는 요즈음 행복하다고 느끼나요?",
            "A": "네."
        },
        {
            "Q": "왜 행복하다고 느낄까?",
            "A": "별로 나쁠 게 없어서요."
        },
        {
            "Q": "별로 나쁠 게 없다는 게 구체적으로 무슨 뜻이야?",
            "A": "학교도 재미있고 집도 좋아요."
        },
        {
            "Q": "우리 친구 꿈이 무엇인지 말해줄 수 있을까요?",
            "A": "패션 디자이너가 되고 싶어요."
        },
        {
            "Q": "왜 패션 디자이너가 되고 싶어요?",
            "A": "예쁜 옷 입는 것도 좋고 만들어 보고도 싶어요."
        },
        {
            "Q": "주로 친구를 돌봐주는 어른은 누구예요?",
            "A": "엄마요."
        },
        {
            "Q": "배가 고픈데 먹을 게 없어서 굶은 적이 있나요?",
            "A": "아니요, 없었어요."
        },
        {
            "Q": "저녁에 친구를 혼자 두고 어른들이 나갔던 적이 있었어요?",
            "A": "아니요, 없었어요."
        },
        {
            "Q": "혹시 친구가 아픈데 어른들이 병원에 데려가지 않은 적이 있었어요?",
            "A": "아니요, 없었어요."
        },
        {
            "Q": "그러면 빨래가 되어 있지 않아서 더럽고 냄새나는 옷을 입어야 한 적이 있었나요?",
            "A": "아니요, 없었어요."
        },
        {
            "Q": "우리 친구 인터넷이나 휴대폰을 가지고 노는 시간은 하루에 몇 시간 정도인가요?",
            "A": "두 시간 정도 해요."
        },
        {
            "Q": "휴대폰 많이 한다고 어른들이 뭐라고 하지는 않나요?",
            "A": "네, 하세요. 이제 그만 하라고."
        },
        {
            "Q": "부모님이나 선생님 때문에 슬프거나 화가 난 적 있어요?",
            "A": "아니요, 없었어요."
        },
        {
            "Q": "혹시 어른들이 다른 아이들 있는 곳에서 친구를 혼내신 적이 있니?",
            "A": "아니요, 없었어요."
        },
        {
            "Q": "혹시 어른들이 친구를 가두고 못 나오게 한 적이 있나요?",
            "A": "아니요, 없었어요."
        },
        {
            "Q": "어른들이 친구를 다른 아이들과 비교하나요?",
            "A": "아니요, 그런 적 없었어요."
        },
        {
            "Q": "마음이 힘들 때 친구 마음을 누구에게 이야기하나요?",
            "A": "엄마랑 아빠요."
        },
        {
            "Q": "주위 어른들 중 친구를 때린 어른이 있나요?",
            "A": "아니요, 없어요."
        },
        {
            "Q": "혹시 친구가 원하지 않는데도 누군가 친구 몸을 만지거나 보여달라고 한 적이 있을까요?",
            "A": "아니요, 없었어요."
        },
        {
            "Q": "집에서 어른들끼리 소리 지르면서 싸우는 걸 듣거나 본 적이 있나요?",
            "A": "아니요, 없었어요."
        },
        {
            "Q": "다른 아이들이 우리 친구를 자주 놀리거나 괴롭힌다고 느낀 적이 있나요?",
            "A": "아니요, 없어요."
        },
        {
            "Q": "우리 친구는 어떨 때 마음이 복잡하거나 힘든가요?",
            "A": "공부해야 하는데 집중이 잘 안될 때요."
        },
        {
            "Q": "그런 일 때문에 괴로워서 죽고 싶다는 생각을 한 적이 있나요?",
            "A": "아니요, 그런 적 없어요."
        },
        {
            "Q": "우리 친구는 잠잘 때 주로 어떤 꿈을 꾸나요?",
            "A": "제가 꿈을 잘 기억을 못해서요. 모르겠어요."
        },
        {
            "Q": "어른들 허락 없이 또는 말도 없이 집에서 오랫동안 나와 있었던 적이 있나요?",
            "A": "아니요, 없었어요."
        }
    ]
}