{
    "info": {
        "위기단계": "상담필요"
    },
    "kids_ment": [
        {
            "Q": "최근에 아픈 곳이 있었어?",
            "A": "일주일 전에 감기에 걸려서 열도 나고 아팠어요."
        },
        {
            "Q": "이전에도 해당 부위가 자주 아팠니?",
            "A": "보일러가 고장 나서 춥게 지내다 보니 가끔 감기에 걸렸어요."
        },
        {
            "Q": "최근에 다쳤던 적이 있었어?",
            "A": "다친 적은 없어요."
        },
        {
            "Q": "뭐 할 때가 즐거워?",
            "A": "동생이랑 보드게임 할 때 즐거워요."
        },
        {
            "Q": "어떤 점이 즐거워?",
            "A": "동생이랑 함께하니까 그냥 좋아요."
        },
        {
            "Q": "최근 일주일 동안 짜증이나 화가 난 적이 있어?",
            "A": "없어요."
        },
        {
            "Q": "평소에 짜증이나 화가 났을 때 어떻게 하면 마음이 풀려?",
            "A": "동생이랑 함께 공원에 가서 놀면 풀려요."
        },
        {
            "Q": "몇 시에 자고 몇 시에 일어나니?",
            "A": "열한 시에 자서 여덟 시에 일어나요."
        },
        {
            "Q": "아침에 일어났을 때 몸 상태는 어때?",
            "A": "괜찮아요."
        },
        {
            "Q": "평소에 잠이 들기 힘들거나 잠자는 중간에 자주 깨니?",
            "A": "보일러가 고장 나서 추워서 깰 때가 있어요."
        },
        {
            "Q": "평소에 부모님은 어떤 표정을 지으셔?",
            "A": "아버지는 화난 표정을 많이 지으세요."
        },
        {
            "Q": "아버지가 왜 화난 표정을 지으시는 것 같아?",
            "A": "모르겠어요. 아버지는 늘 술을 드시고 오셔서 잔소리를 하세요."
        },
        {
            "Q": "평소 아버지와의 관계는 어때?",
            "A": "아버지는 무서워요. 동생이랑 저를 잘 챙겨주지도 않고, 관심도 없는 것 같아요."
        },
        {
            "Q": "평소에 엄마는 어떤 표정을 지으셔?",
            "A": "엄마는 안 계세요. 제가 어렸을 때 집을 나가셨대요."
        },
        {
            "Q": "형제, 자매는 몇 명이야?",
            "A": "남동생이 한 명 있어요."
        },
        {
            "Q": "동생과의 사이는 어때?",
            "A": "함께 놀기도 하고, 좋아요."
        },
        {
            "Q": "친구들은 몇 명이고 주로 뭐 하고 놀아?",
            "A": "친구는 세 명 정도이고 학교 운동장에서 축구하고 놀아요."
        },
        {
            "Q": "담임선생님을 좋아해 아니면 싫어해?",
            "A": "선생님은 축구도 잘하시고 저에게 잘해주세요."
        },
        {
            "Q": "요즘 가장 걱정되는 것이 무엇이야?",
            "A": "걱정되는 것 없어요."
        },
        {
            "Q": "요즘 행복하다고 느끼니?",
            "A": "친구들이랑 제가 좋아하는 축구를 자주 해서 행복해요."
        },
        {
            "Q": "앞으로 커서 어떤 사람이 되고 싶어? 꿈이 뭐야?",
            "A": "유명한 축구선수가 되고 싶어요."
        },
        {
            "Q": "왜 축구선수가 되고 싶어?",
            "A": "남들보다 축구를 잘하고 있고, 축구를 할 때 가장 기분이 좋아요."
        },
        {
            "Q": "집에서 주로 나를 돌봐주는 어른은 누구야?",
            "A": "아버지요."
        },
        {
            "Q": "배가 고픈데 먹을 게 없어서 굶은 적이 있니?",
            "A": "굶은 적이 많아요. 아버지가 식사를 챙겨주지 않아요."
        },
        {
            "Q": "빨래가 되어 있지 않아서 더럽고 냄새나는 옷을 입어야 한 적이 있니?",
            "A": "네. 옷이 없어서 매일 똑같은 옷을 입으니까, 냄새도 나고 더러워요."
        },
        {
            "Q": "옷이나 신발 사이즈가 작은 걸 입거나 신고 다닌 적이 있니?",
            "A": "옷이 없어서 할아버지랑 고모할머니가 가끔 옷을 구해서 주세요."
        },
        {
            "Q": "어른들이 운동회나 창간 수업, 또 학부모 상담 같은 학교 행사에 잘 오시니?",
            "A": "아버지는 저에게 관심이 없어서 학교에 잘 오시지 않아요."
        },
        {
            "Q": "부모님이나 선생님 때문에 슬프거나 화가 난 적이 있니?",
            "A": "아니요, 없어요."
        },
        {
            "Q": "주위 어른들 중 나를 때린 적이 있는 사람이 있니?",
            "A": "때린 사람은 없어요."
        },
        {
            "Q": "내가 원하지 않는데도 누군가가 내 몸을 만지거나 보여달라고 한 적이 있어?",
            "A": "그런 적 없어요."
        },
        {
            "Q": "집에서 어른들끼리 소리 지르면서 싸우는 걸 듣거나 본 적이 있니?",
            "A": "집에는 아버지 혼자 계셔서 싸우는 소리는 못 들었어요."
        },
        {
            "Q": "친구들이 나를 자주 놀리거나 괴롭힌다고 느낀 적이 있니?",
            "A": "놀리거나 괴롭힌 적 없어요."
        },
        {
            "Q": "어떨 때 마음이 복잡하거나 힘들어?",
            "A": "마음은 복잡한 거 없어요."
        },
        {
            "Q": "부모님의 허락 없이 또는 말도 없이 집에 오랫동안 나와 있었던 적이 있니?",
            "A": "늘 집에서 지내요."
        }
    ]
}