{
    "info": {
        "위기단계": "학대의심"
    },
    "kids_ment": [
        {
            "Q": "최근에 아픈 적이 있었니?",
            "A": "네. 저번 주에 교회 전도사님이 목을 잡아 눌러서 목이 아팠고, 주먹으로 가슴을 때려서 아팠어요."
        },
        {
            "Q": "이런 일이 자주 있었니?",
            "A": "이번이 처음이에요."
        },
        {
            "Q": "그래서 병원에 가서 치료를 받았니?",
            "A": "네. 병원에 가서 치료를 받았어요."
        },
        {
            "Q": "최근에 다친 적이 있었니?",
            "A": "다친 적은 없어요."
        },
        {
            "Q": "뭐 할 때가 즐거워?",
            "A": "교회에서 율동 연습할 때가 즐거워요."
        },
        {
            "Q": "어떤 점이 즐거워?",
            "A": "제가 춤추는 거 좋아하거든요. 그래서 친구들이랑 같이할 때 좋아요."
        },
        {
            "Q": "최근 일주일 동안 짜증이나 화가 난 적 있어?",
            "A": "짜증이나 화가 난 적 없어요."
        },
        {
            "Q": "평소에 짜증이나 화가 났을 때 어떻게 하면 마음이 풀려?",
            "A": "교회 가서 친구들이랑 율동 연습하고 기도하면 마음이 편해져요."
        },
        {
            "Q": "몇 시에 자고 몇 시에 일어나니?",
            "A": "열 시 반에 자서 일곱 시에 일어나요."
        },
        {
            "Q": "아침에 일어났을 때 몸 상태는 어때?",
            "A": "잠을 많이 잤는데도 아침에 일어나기가 싫어요."
        },
        {
            "Q": "평소에 잠이 들기 힘들거나 잠자는 중간에 자주 깨니?",
            "A": "잠자는 중간에 꿈을 꾸고 나서 몇 번 깼던 것 같아요."
        },
        {
            "Q": "잠자는 중간에 자주 깼던 이유가 무섭거나 끔찍하거나 힘들었던 경험 때문인 것 같아?",
            "A": "전도사님한테 심하게 맞고 나서부터 이런 꿈을 꾸는 것 같아요."
        },
        {
            "Q": "생각하고 싶지 않은데도 자꾸 그 기억이 떠오른 적이 있니? 있으면 일주일에 몇 번이나 될까?",
            "A": "한 달에 한두 번이요."
        },
        {
            "Q": "평소에 부모님은 어떤 표정을 지으셔?",
            "A": "부모님 두 분 다 밝은 표정이시고 저에게 잘해주세요."
        },
        {
            "Q": "형제, 자매는 몇 명이야?",
            "A": "중학교 다니는 오빠가 있어요."
        },
        {
            "Q": "오빠하고는 사이가 어때?",
            "A": "오빠하고는 다섯 살 차이가 나요. 그래서 그런지 오빠가 저를 예뻐해 줘요."
        },
        {
            "Q": "친구들은 몇 명이고 주로 뭐 하고 놀아?",
            "A": "친구들은 교회 친구들과 합해서 일곱 명 정도 되고요. 교회도 가고 카톡을 많이 해요."
        },
        {
            "Q": "담임선생님을 좋아해 아니면 싫어해?",
            "A": "담임선생님은 나쁘지 않아요."
        },
        {
            "Q": "요즘 가장 걱정되는 것이 무엇이야?",
            "A": "걱정되는 거 없어요."
        },
        {
            "Q": "요즘 행복하다고 느끼니?",
            "A": "네. 친구들과 핸드폰으로 카톡을 하니까 좋아요. 그리고 유튜브로 춤을 배워서 좋아요."
        },
        {
            "Q": "앞으로 커서 어떤 사람이 되고 싶어? 꿈이 뭐야?",
            "A": "댄서가 되고 싶어요."
        },
        {
            "Q": "왜 댄서가 되고 싶어?",
            "A": "노래에 맞춰서 신나게 춤을 추면 재미있고 사람들한테 보여줄 수 있어서 좋은 것 같아요."
        },
        {
            "Q": "집에서 주로 나를 돌봐주는 어른은 누구야?",
            "A": "엄마요."
        },
        {
            "Q": "배가 고픈데 먹을 게 없어서 굶은 적이 있니?",
            "A": "없어요."
        },
        {
            "Q": "빨래가 되어 있지 않아서 더럽고 냄새나는 옷을 입어야 한 적이 있니?",
            "A": "없어요."
        },
        {
            "Q": "옷이나 신발 사이즈가 작은 걸 입거나 신고 다닌 적이 있니?",
            "A": "없어요."
        },
        {
            "Q": "어른들이 운동회나 참관수업 또 학부모 상담 같은 학교 행사에 잘 오시니?",
            "A": "엄마가 잘 오세요."
        },
        {
            "Q": "부모님이나 선생님 때문에 슬프거나 화가 난 적이 있니?",
            "A": "슬프거나 화가 난 적 없어요."
        },
        {
            "Q": "주위 어른들 중 나를 때린 적이 있는 사람이 있니?",
            "A": "네. 교회 전도사님이 때렸어요."
        },
        {
            "Q": "무엇 때문에 전도사님이 때렸어?",
            "A": "전도사님이 조용히 앉아있으라고 했는데 싫다고 말대꾸를 했다고 때렸어요."
        },
        {
            "Q": "어느 부위를 무엇으로 맞았어?",
            "A": "손으로 제 가슴을 다섯 번이나 밀었고, 목을 잡아 누르기도 했어요. 그리고 바닥에 넘어뜨린 후 올라타서 주먹으로 때렸어요."
        },
        {
            "Q": "이런 일이 자주 있었니?",
            "A": "이번이 처음이에요."
        },
        {
            "Q": "내가 원하지 않는데도 누군가가 내 몸을 만지거나 보여달라고 한 적 있어?",
            "A": "그런 적 없어요."
        },
        {
            "Q": "집에서 어른들끼리 소리 지르면서 싸우는 걸 듣거나 본 적이 있니?",
            "A": "아니요, 없어요."
        },
        {
            "Q": "친구들이 나를 자주 놀리거나 괴롭힌다고 느낀 적이 있니?",
            "A": "친구들하고는 사이가 좋아요."
        },
        {
            "Q": "어떨 때 마음이 복잡하거나 힘들어?",
            "A": "힘들 때 없어요."
        },
        {
            "Q": "부모님의 허락 없이 또는 말도 없이 집에 오랫동안 나와 있었던 적이 있니?",
            "A": "집을 나가본 적 없어요."
        }
    ]
}