{
    "info": {
        "위기단계": "관찰필요"
    },
    "kids_ment": [
        {
            "Q": "친구는 최근에 건강해요?",
            "A": "아니요. 저 자꾸 배탈 나요."
        },
        {
            "Q": "어떻게 아팠어요?",
            "A": "그냥 자꾸 설사도 하고 배 안이 막 꼬이는 것 같아요."
        },
        {
            "Q": "언제부터 아팠어요?",
            "A": "오늘 아침 먹고 그랬어요."
        },
        {
            "Q": "아팠던 이유가 있어요?",
            "A": "아침 먹으면 그래요."
        },
        {
            "Q": "이전에도 해당 부위가 자주 아팠어요?",
            "A": "그냥 가끔 아파요."
        },
        {
            "Q": "최근에 다쳤던 적 있었어요?",
            "A": "다친 적은 없었어요."
        },
        {
            "Q": "친구는 뭘 할 때가 제일 즐거워요?",
            "A": "저는 친구들이랑 포켓몬 잡을 때가 제일 재밌어요. 포켓몬 좋아해요."
        },
        {
            "Q": "친구들이랑 포켓몬 잡을 때 어떤 점이 즐거워요?",
            "A": "포켓몬 엄청 좋아하는데 그냥 친구들이랑 하면 더 재밌어요."
        },
        {
            "Q": "최근 일주일 동안 짜증이나 화가 난 적 있어요?",
            "A": "네. 아빠랑 엄마가 동생만 이뻐해요."
        },
        {
            "Q": "그런 일이 자주 일어나요?",
            "A": "네. 맨날 동생만 이뻐해요."
        },
        {
            "Q": "그렇게 평소에 짜증이나 화가 났을 때, 어떻게 하면 마음이 풀려요?",
            "A": "저는 그냥 친구들이랑 놀러 나가거나 혼자 방에 들어가서 포켓몬 보면 풀려요."
        },
        {
            "Q": "몇 시에 자고, 몇 시에 일어나요?",
            "A": "그건 잘 모르겠는데 여덟 시간 정도 자는 거 같아요."
        },
        {
            "Q": "아침에 일어났을 때, 몸 상태는 어때요?",
            "A": "개운해요."
        },
        {
            "Q": "평소에 잠이 들기 힘들거나, 잠자는 중간에 자주 깨요?",
            "A": "아니요. 저는 잘 자는데, 화장실 가고 싶으면 깨요."
        },
        {
            "Q": "평상시에 아버지는 어떤 표정을 자주 지어요?",
            "A": "그냥 저한테는 맨날 표정이 없는 거 같아요."
        },
        {
            "Q": "아빠가 그런 표정을 짓는 이유가 뭐인 거 같아요?",
            "A": "동생만 좋아해서 그런 것 같아요."
        },
        {
            "Q": "그 표정을 볼 때, 친구 기분은 어때요?",
            "A": "짜증 나고 화나요. 동생이 싫어요."
        },
        {
            "Q": "평상시에 어머니는 어떤 표정을 자주 지어요?",
            "A": "엄마도 아빠랑 똑같아요."
        },
        {
            "Q": "엄마가 그런 표정을 짓는 이유가 뭐인 거 같아요?",
            "A": "엄마도 저는 싫어하고 동생만 좋아하니까요."
        },
        {
            "Q": "그 표정을 볼 때, 친구 기분은 어때요?",
            "A": "너무 미워요. 아빠랑 엄마가."
        },
        {
            "Q": "형제자매 있어요?",
            "A": "네. 여동생 있어요."
        },
        {
            "Q": "친구랑 여동생이랑 사이는 어때요?",
            "A": "동생은 어리고 저는 동생한테 관심 없어요."
        },
        {
            "Q": "평소에 부모님이 친구랑 동생을 차별하는 것 같아요?",
            "A": "네. 차별해요. 동생만 엄청 이뻐해요."
        },
        {
            "Q": "친구들이랑 주로 뭐 하고 놀아요?",
            "A": "친구들이랑 돌아다니면서 포켓몬 잡으러 다니거나, 같이 몬스터 잡아요."
        },
        {
            "Q": "주로 몇 명이 놀아요?",
            "A": "저 네 명이요."
        },
        {
            "Q": "담임 선생님 좋아해요? 아니면 싫어해요?",
            "A": "네. 우리 담임 선생님은 다 좋아해요."
        },
        {
            "Q": "좋아하는 이유가 있을까요?",
            "A": "우리 담임 선생님도 우리랑 같이 포켓몬도 잡아서 재밌어요."
        },
        {
            "Q": "요즘 가장 큰 걱정거리가 있어요?",
            "A": "아빠랑 엄마가 동생만 이뻐하는 것 같아요."
        },
        {
            "Q": "그런 걱정 때문에 생활이 불편하거나 힘들어요?",
            "A": "네. 속상해요. 맨날 집 가면 동생만 신경 쓰고, 동생은 어리니까 이해해달라고 그래요."
        },
        {
            "Q": "동생이 몇 살이에요?",
            "A": "작년에 태어났어요."
        },
        {
            "Q": "요즘 행복하다고 느껴요?",
            "A": "네. 최근에 뮤츠 잡아서 엄청 좋았어요."
        },
        {
            "Q": "뮤츠를 잡은 게 어떤 점에서 행복했어요?",
            "A": "뮤츠가 포켓몬에서 제일 강한 몬스터라서요."
        },
        {
            "Q": "친구는 꿈이 있어요?",
            "A": "네. 저 소방관이 되고 싶어요."
        },
        {
            "Q": "소방관이 되고 싶은 이유가 있어요?",
            "A": "소방관은 우리나라를 위해 일하는 직업이잖아요. 멋있어요."
        },
        {
            "Q": "집에서 주로 나를 돌봐주는 어른은 누구예요?",
            "A": "엄마요."
        },
        {
            "Q": "엄마가 밥이나 빨래, 옷은 잘 챙겨주세요?",
            "A": "네. 그건 잘 챙겨주세요."
        },
        {
            "Q": "어른들이 집에 친구를 혼자 두고 나가거나, 갑자기 말도 없이 나가서 안 들어온 적 있어요?",
            "A": "아니요. 없어요."
        },
        {
            "Q": "어디 아픈 곳이 있는데 어른들이 병원에 데려가지 않은 적이 있어요?",
            "A": "아니요. 그런 적 없어요."
        },
        {
            "Q": "인터넷이나 휴대폰을 가지고 노는 시간은 하루에 몇 시간 정도 해요?",
            "A": "저는 핸드폰 게임 두 시간제한이라서 두 시간밖에 못 해요."
        },
        {
            "Q": "피시방 같은 곳을 자주 가요?",
            "A": "자주 안 가는데 그냥 일주일에 한 번 정도 가는 거 같아요."
        },
        {
            "Q": "어른들이 학교에 참석해야 하는 행사에 잘 오세요?",
            "A": "네. 항상 오셨어요."
        },
        {
            "Q": "부모님이나 선생님 때문에 슬프거나 화가 난 적이 있어요?",
            "A": "아빠랑 엄마가 요즘 동생만 챙겨서 슬퍼요."
        },
        {
            "Q": "부모님의 어떤 말이나 행동이 나를 슬프게 해요?",
            "A": "그냥 동생이 너무 어려서 전보다 저랑 있는 시간이 줄어들었어요."
        },
        {
            "Q": "친구가 뭘 하려고 할 때, 무조건 안 된다고 하거나, 하기 싫은데도 무조건 하라고 할 때가 있어요?",
            "A": "아니요. 그렇지는 않아요."
        },
        {
            "Q": "마음이 힘들 때, 누구한테 마음을 얘기해요?",
            "A": "그냥 부모님한테 얘기할 때도 있고, 친구들한테 얘기할 때도 있어요."
        },
        {
            "Q": "주위 어른들 중 나를 때린 적이 있는 사람이 있어요?",
            "A": "아니요. 그런 적 없어요."
        },
        {
            "Q": "친구가 원하지 않는데도 누가 몸을 만지거나 보여달라고 한 적 있어요?",
            "A": "아니요. 그러지도 않았어요."
        },
        {
            "Q": "집에서 어른들끼리 소리 지르면서 싸우는 걸 듣거나 본 적이 있어요?",
            "A": "아니요. 아빠랑 엄마 싸우는 거 본 적 없어요."
        },
        {
            "Q": "친구들이 자주 놀리거나 괴롭힌다고 느낀 적 있어요?",
            "A": "아니요. 저는 친구들이랑 엄청 잘 놀아요."
        },
        {
            "Q": "어떨 때 마음이 복잡하거나 힘들어요?",
            "A": "막 그런 기분 들어본 적은 없는 것 같아요."
        },
        {
            "Q": "잘 때 주로 어떤 꿈을 꿔요?",
            "A": "저는 아빠랑 엄마랑 동생이랑 나중에 동생 좀 크면 놀이동산 가는 꿈 꿔요."
        },
        {
            "Q": "가출했던 적 있어요?",
            "A": "아니요. 가출한 적 없어요."
        }
    ]
}