{
    "info": {
        "위기단계": "응급"
    },
    "kids_ment": [
        {
            "Q": "최근에 아픈 곳 없이 건강하니?",
            "A": "아픈데 없이 건강해요."
        },
        {
            "Q": "최근에 다친 데는 없을까?",
            "A": "다친 데 없어요."
        },
        {
            "Q": "우리 친구는 뭘 할 때가 즐거울까?",
            "A": "지금은 즐거울 수 없어요."
        },
        {
            "Q": "언제부터 즐겁지 않았을까?",
            "A": "1주일 전이요."
        },
        {
            "Q": "최근 일주일 동안 짜증 나거나 화난 적이 있을까?",
            "A": "짜증 나거나 화난 적은 없었어요."
        },
        {
            "Q": "평소에 짜증 날 때 어떻게 하면 마음이 풀려?",
            "A": "티브이 보면 괜찮아져요."
        },
        {
            "Q": "우리 친구는 몇 시에 자고 몇 시에 일어나요?",
            "A": "열 시에 자고 일곱 시에 일어나요."
        },
        {
            "Q": "아침에 일어났을 때 몸 상태는 어때?",
            "A": "피곤해요."
        },
        {
            "Q": "평소에 잠들기 힘들다거나 잠자는 중간에 자주 깬 적이 있을까?",
            "A": "네. 꿈을 꿔서 자주 깼어요."
        },
        {
            "Q": "평상시 아버지는 어떤 표정을 자주 짓는 것 같아?",
            "A": "아빠는 항상 기분 좋은 미소를 짓고 계세요."
        },
        {
            "Q": "왜 그런 표정을 하고 있는 것 같아?",
            "A": "저희 아빠는 온화하시거든요."
        },
        {
            "Q": "그런 표정일 때 친구 기분은 어때?",
            "A": "저도 마음이 좋아져요."
        },
        {
            "Q": "평상시 어머니는 어떤 표정을 자주 짓는 것 같아?",
            "A": "엄마는 엄청 즐거운 표정을 많이 하고 있어요."
        },
        {
            "Q": "왜 그런 표정을 하고 있는 것 같아?",
            "A": "저희 엄마는 활발하고 밝은 분이라서요."
        },
        {
            "Q": "그런 표정일 때 친구 기분은 어때?",
            "A": "기분이 밝아져요."
        },
        {
            "Q": "친구는 형제가 있나요?",
            "A": "네. 여동생 한 명이요."
        },
        {
            "Q": "여동생이랑 사이는 어때요?",
            "A": "사이는 좋은데 자주 다투는 것 같아요."
        },
        {
            "Q": "평소에 부모님이 동생이랑 차별을 하실까?",
            "A": "아니요."
        },
        {
            "Q": "친구들이랑 주로 뭐 하고 놀아?",
            "A": "주로 집에서 장난감 가져와서 놀아요."
        },
        {
            "Q": "주로 몇 명이서 놀아?",
            "A": "네 명이요."
        },
        {
            "Q": "담임선생님은 어때? 좋은 것 같아?",
            "A": "네. 담임선생님은 착해서 좋아요."
        },
        {
            "Q": "요즘 가장 큰 걱정거리가 있을까?",
            "A": "네. 창피해서 학교 가기 싫어요."
        },
        {
            "Q": "걱정거리 때문에 생활이 불편하거나 힘들진 않아?",
            "A": "친구들 눈치 보게 되고 조금 힘들어요."
        },
        {
            "Q": "요즘 행복하다고 느껴?",
            "A": "행복했는데 불안해졌어요. 친구들 많이 있는데 체육관 선생님이 창피하게 해서요."
        },
        {
            "Q": "우리 친구는 커서 어떤 사람이 되고 싶을까?",
            "A": "간호사가 되고 싶어요."
        },
        {
            "Q": "왜 되고 싶은 거야?",
            "A": "예쁘고 멋있어서요."
        },
        {
            "Q": "친구를 돌봐주는 어른은 누군가요?",
            "A": "엄마요."
        },
        {
            "Q": "우리 친구는 배가 고픈데 밥이 없어서 굶은 적이 있을까?",
            "A": "아니요."
        },
        {
            "Q": "친구가 어디 아픈데 어른들이 병원에 안 데려간 적이 있을까?",
            "A": "아니요."
        },
        {
            "Q": "빨래가 되지 않아서 더럽고 냄새나는 옷을 입는다거나 사이즈가 안 맞는 옷이나 신발을 착용한 적이 있어?",
            "A": "없어요."
        },
        {
            "Q": "인터넷이나 휴대폰을 가지고 노는 시간은 하루에 몇 시간 정도일까?",
            "A": "하루에 한두 시간 정도 해요."
        },
        {
            "Q": "피시방 같은 곳은 얼마나 자주 가나요?",
            "A": "피시방은 안 가요."
        },
        {
            "Q": "어른들이 와야 하는 학교행사가 있을 때 잘 오실까?",
            "A": "네."
        },
        {
            "Q": "부모님이나 선생님 때문에 슬프거나 화난 적 있을까?",
            "A": "아니요. 없어요."
        },
        {
            "Q": "주위 어른들 중에 나를 때린 적이 있는 사람이 있을까?",
            "A": "아니요."
        },
        {
            "Q": "내가 원하지 않았는데도 누군가가 내 몸을 만지거나 보여달라고 한 적이 있을까?",
            "A": "그런 적은 없는데 저번에 체육관 선생님이 친구들 앞에서 바지랑 팬티를 벗겼어요."
        },
        {
            "Q": "집에서 어른들끼리 소리 지르면서 싸우는 걸 듣거나 본 적 있을까?",
            "A": "저희 부모님은 잘 안 싸워요."
        },
        {
            "Q": "친구들이 나를 자주 놀리거나 괴롭힌다고 느낀 적 있나요?",
            "A": "없어요."
        },
        {
            "Q": "어떨 때 마음이 복잡하거나 힘들까?",
            "A": "체육관 선생님이 바지랑 팬티 벗겨서 학교 가는 게 너무 창피하고 힘들어요."
        },
        {
            "Q": "그렇게 힘들 때 죽고 싶다는 생각을 한 적이 있나요?",
            "A": "아니요."
        },
        {
            "Q": "잠잘 때 주로 어떤 꿈을 꿀까?",
            "A": "꿈에서 자꾸 남자 아저씨가 제 바지를 벗겨요. 그래서 잘 때 자주 깨요."
        },
        {
            "Q": "꿈꾸고 일어나면 몸 상태가 어때?",
            "A": "땀나고 무서워서 두근거려요."
        },
        {
            "Q": "부모님의 허락 없이 또는 말도 없이 오래동안 나와 있었던 적이 있을까?",
            "A": "아니요. 없어요."
        }
    ]
}