{
    "info": {
        "위기단계": "관찰필요"
    },
    "kids_ment": [
        {
            "Q": "최근에 아픈 곳 없이 건강하니?",
            "A": "건강한 편이에요."
        },
        {
            "Q": "다친 데도 없을까?",
            "A": "급하게 움직이다가 종이에 손가락 살짝 베었어요."
        },
        {
            "Q": "우리 친구는 뭘 할 때가 즐거울까?",
            "A": "만화책 읽을 때가 즐거운 것 같아요."
        },
        {
            "Q": "어떤 점이 즐거운 것 같아?",
            "A": "만화책 재밌잖아요."
        },
        {
            "Q": "최근 일주일 동안 짜증 나거나 화난 적이 있을까?",
            "A": "최근에는 없어요."
        },
        {
            "Q": "평소에 짜증 나거나 화날 때 어떻게 하면 마음이 풀리는 것 같아?",
            "A": "바깥 공기 쐬면 마음이 좋아져요."
        },
        {
            "Q": "우리 친구는 몇 시에 자고 몇 시에 일어나요?",
            "A": "저 열한 시쯤 자서 일곱 시에 일어나요."
        },
        {
            "Q": "아침에 일어났을 때 몸 상태는 어때?",
            "A": "개운하게 잘 자고 일어나요."
        },
        {
            "Q": "평소에 잠들기 힘들다거나 잠자는 중간에 자주 깬 적이 있을까?",
            "A": "아니요. 그런 적 없어요."
        },
        {
            "Q": "평상시에 아버지는 어떤 표정을 자주 짓는 것 같아?",
            "A": "아빠는 항상 진지한 표정이에요."
        },
        {
            "Q": "왜 그런 것 같아?",
            "A": "진지한 사람인 것 같아요."
        },
        {
            "Q": "친구는 아빠의 표정을 볼 때 기분이 어때?",
            "A": "그냥 그래요."
        },
        {
            "Q": "평상시에 어머니는 어떤 표정을 자주 짓는 것 같아?",
            "A": "엄마는 항상 화가 좀 나 있어요."
        },
        {
            "Q": "왜 그런 것 같아?",
            "A": "엄마는 이기적이에요."
        },
        {
            "Q": "엄마의 표정을 보면 기분이 어때?",
            "A": "또 뭘로 혼낼까, 싶어서 무서워요."
        },
        {
            "Q": "친구는 형제나 자매가 있나요?",
            "A": "네. 저 언니 한 명 있어요."
        },
        {
            "Q": "언니랑 사이는 어때?",
            "A": "좀 자주 싸우는 편이에요."
        },
        {
            "Q": "평소에 부모님이 언니랑 친구를 차별하진 않을까?",
            "A": "네. 차별은 안 해요."
        },
        {
            "Q": "친구들이랑 주로 뭐 하고 놀아?",
            "A": "저는 친구랑 못 놀아요."
        },
        {
            "Q": "왜 못 놀아?",
            "A": "엄마가 못 놀게 해요."
        },
        {
            "Q": "담임선생님은 어때? 좋은 것 같아?",
            "A": "네. 선생님은 착하고 좋아요."
        },
        {
            "Q": "요즘 가장 큰 걱정거리가 있을까?",
            "A": "네. 빨리 크고 싶어요. 엄마가 간섭 안 했으면 좋겠어요."
        },
        {
            "Q": "걱정거리 때문에 생활이 불편하거나 힘들진 않아?",
            "A": "친구랑 못 놀고 제가 하고 싶은 것도 못 하는 것 때문에 좀 힘들어요."
        },
        {
            "Q": "요즘 행복한 것 같아?",
            "A": "네. 그래도 행복해요."
        },
        {
            "Q": "우리 친구는 커서 어떤 사람이 되고 싶을까?",
            "A": "의사요."
        },
        {
            "Q": "왜 되고 싶은 거야?",
            "A": "엄마가 의사 돼야 한대요."
        },
        {
            "Q": "친구를 돌봐주는 어른은 누군가요?",
            "A": "엄마요."
        },
        {
            "Q": "우리 친구는 배가 고픈데 밥이 없어서 굶은 적이 있을까?",
            "A": "없어요."
        },
        {
            "Q": "친구가 어디 아픈데 어른들이 병원에 안 데려간 적은 있을까?",
            "A": "아니요."
        },
        {
            "Q": "빨래가 되지 않아서 더럽고 냄새나는 옷을 입는다거나 사이즈가 안 맞는 옷이나 신발을 착용한 적이 있어?",
            "A": "없어요."
        },
        {
            "Q": "인터넷이나 휴대폰을 가지고 노는 시간은 하루에 몇 시간 정도일까?",
            "A": "엄마가 못하게 해서 아무것도 못 해요."
        },
        {
            "Q": "피시방 같은 곳은 얼마나 자주 가나요?",
            "A": "피시방도 못가요."
        },
        {
            "Q": "어른들이 와야 하는 학교행사가 있을 때 잘 오실까?",
            "A": "네. 항상 잘 오세요."
        },
        {
            "Q": "부모님이나 선생님 때문에 슬프거나 화난 적 있을까?",
            "A": "슬프거나 화난 적은 없는 것 같아요."
        },
        {
            "Q": "주위 어른들 중에 나를 때린 적이 있는 사람이 있을까?",
            "A": "아니요."
        },
        {
            "Q": "내가 원하지 않았는데도 누군가가 내 몸을 만지거나 보여달라고 한 적이 있을까?",
            "A": "아니요."
        },
        {
            "Q": "집에서 어른들끼리 소리 지르면서 싸우는 걸 듣거나 본 적이 있을까?",
            "A": "아니요. 저희 부모님은 잘 안 싸워요."
        },
        {
            "Q": "친구들이 나를 자주 놀리거나 괴롭힌다고 느낀 적이 있나요?",
            "A": "아니요. 그런 적은 없어요."
        },
        {
            "Q": "어떨 때 마음이 복잡하거나 힘들까?",
            "A": "친구들이랑 놀고 싶은데 엄마가 못 놀게 할 때요."
        },
        {
            "Q": "그렇게 힘들 때 죽고 싶다는 생각을 한 적이 있나요?",
            "A": "아니요."
        },
        {
            "Q": "잠잘 때 주로 어떤 꿈을 꿀까?",
            "A": "꿈 안 꿔요."
        },
        {
            "Q": "부모님의 허락 없이 또는 말도 없이 집에서 오랫동안 나와 있었던 적이 있을까?",
            "A": "그런 적 없어요."
        }
    ]
}