{
    "info": {
        "위기단계": "학대의심"
    },
    "kids_ment": [
        {
            "Q": "요즘 건강은 어떤 것 같아? 아픈 곳은 없어?",
            "A": "배가 아파요."
        },
        {
            "Q": "어디가 어떻게 아파?",
            "A": "배가 콕콕 쑤셔요."
        },
        {
            "Q": "언제부터 아팠어? 지금도 아파?",
            "A": "3월부터 아팠어요. 지금도 아파요."
        },
        {
            "Q": "예전에도 지금처럼 아팠던 적 있어?",
            "A": "네. 1월에도 이렇게 아팠던 적 있어요."
        },
        {
            "Q": "한 달에 몇 번 정도 아팠어?",
            "A": "다섯 번 넘게 아팠어요."
        },
        {
            "Q": "어떤 것 때문에 아픈 것 같아?",
            "A": "배가 너무 고파서 아픈 것 같아요."
        },
        {
            "Q": "최근에 다친 곳은 없어?",
            "A": "네. 안 다쳤어요."
        },
        {
            "Q": "뭘 할 때가 즐거워?",
            "A": "안 즐거워요."
        },
        {
            "Q": "언제부터 즐겁지 않다고 느낀 것 같아?",
            "A": "올해 되고 나서부터요."
        },
        {
            "Q": "왜 즐겁다고 느끼지 못하는 것 같아?",
            "A": "밥을 잘 못 먹어서요."
        },
        {
            "Q": "누구 때문에 즐겁다고 느끼지 못하는 것 같아?",
            "A": "엄마 때문에요."
        },
        {
            "Q": "최근 일주일 동안 짜증이나 화가 난 적 있어?",
            "A": "네, 짜증 난 적 있어요."
        },
        {
            "Q": "뭐 때문에 그렇게 느낀 것 같아?",
            "A": "배고픈데 학교 숙제부터 할 게 너무 많아서요."
        },
        {
            "Q": "평소에 그런 기분이 들면 어떻게 해?",
            "A": "그냥 이불 안에 들어가요."
        },
        {
            "Q": "평소에 몇 시에 자고 몇 시에 일어나?",
            "A": "열한 시에 자서 일곱 시에 일어나요."
        },
        {
            "Q": "아침에 일어나면 몸은 어때?",
            "A": "조금 피곤한 것 같은데 괜찮아요."
        },
        {
            "Q": "잠들기 힘들거나 자다가 중간에 깨진 않아?",
            "A": "잠들기 힘들어요."
        },
        {
            "Q": "한 달에 몇 번 정도 그러는 것 같아?",
            "A": "네 번 정도 그런 것 같아요."
        },
        {
            "Q": "같이 사는 가족은 누구누구야?",
            "A": "엄마랑 둘이 살아요."
        },
        {
            "Q": "평소 엄마의 표정은 어때?",
            "A": "화난 표정이거나 무표정일 때가 많아요."
        },
        {
            "Q": "어떨 때 그런 표정을 지으시는 것 같아?",
            "A": "모르겠어요."
        },
        {
            "Q": "그 표정을 보면 기분이 어때?",
            "A": "무서워요."
        },
        {
            "Q": "엄마는 친구한테 관심 있는 것 같아?",
            "A": "아니요. 저를 귀찮아하는 것 같아요."
        },
        {
            "Q": "친구들이랑 주로 뭐 하고 놀아?",
            "A": "친구 없어서 안 놀아요."
        },
        {
            "Q": "친구들이랑 왜 놀지 않아?",
            "A": "새 학기 시작할 때 친구를 못 만들어서요."
        },
        {
            "Q": "아이들이랑 친구 할 수 있으면 같이 놀고 싶어?",
            "A": "네. 그런데 제가 소심해서 애들한테 말을 못 걸겠어요."
        },
        {
            "Q": "담임선생님은 좋아, 싫어?",
            "A": "좋아요."
        },
        {
            "Q": "어떤 점이 좋은 것 같아?",
            "A": "숙제 잘해오면 간식 주니까요."
        },
        {
            "Q": "요즘 걱정하는 게 있어?",
            "A": "네. 있어요."
        },
        {
            "Q": "어떤 게 걱정이야?",
            "A": "엄마가 오늘도 밥을 안 줄까 봐요."
        },
        {
            "Q": "엄마가 왜 밥을 안 챙겨준다고 생각해?",
            "A": "저한테 밥해주는 거 귀찮대요. 알아서 하라는데 저는 돈도 없어서 못 먹으니까 항상 배고파요."
        },
        {
            "Q": "한 달에 몇 번 정도 힘들거나 불편하다고 느끼는 것 같아?",
            "A": "매일이요."
        },
        {
            "Q": "그 걱정 때문에 평소에 힘들거나 불편하다고 느껴?",
            "A": "네. 매일 배고프니까요."
        },
        {
            "Q": "요즘 행복한 것 같아?",
            "A": "아니요."
        },
        {
            "Q": "어떤 것 때문에 행복하지 않은 것 같아?",
            "A": "엄마가 저를 싫어해서요."
        },
        {
            "Q": "언제부터 행복하지 않았던 것 같아?",
            "A": "올해 되고 나서부터요."
        },
        {
            "Q": "나중에 어떤 사람이 되고 싶어?",
            "A": "되고 싶은 사람 없어요."
        },
        {
            "Q": "하고 싶은 일이 없어?",
            "A": "네. 없어요. 생각도 안 해봤어요."
        },
        {
            "Q": "주로 집에서 돌봐주는 사람은 누구야?",
            "A": "엄마요."
        },
        {
            "Q": "배가 고픈데 밥을 챙겨주지 않아서 굶은 적이 있어?",
            "A": "네."
        },
        {
            "Q": "한 달에 몇 번 정도 그런 일이 있어?",
            "A": "매일 그래요. 3월에 밥 한번 챙겨준 거 말고는 집에선 엄마가 밥 안 챙겨줬어요."
        },
        {
            "Q": "빨래가 안 돼서 냄새나고 불쾌한 옷을 입은 적 있어?",
            "A": "가끔 입어요."
        },
        {
            "Q": "일주일에 몇 번이나 그런 일이 있었어?",
            "A": "한 달에 한 번 정도요."
        },
        {
            "Q": "크기가 맞지 않는 옷을 입거나 신발을 신은 적 있어?",
            "A": "아니요."
        },
        {
            "Q": "아플 때 어른들이 병원에 데려가지 않은 적 있어?",
            "A": "네. 있어요."
        },
        {
            "Q": "한 달에 몇 번 정도 그런 일이 있어?",
            "A": "두 달에 한 번 정도요. 제가 배 아프다고 했는데 엄마가 무시해서 이제는 아프다고 말 안 해요."
        },
        {
            "Q": "운동회나 수업 참관 같은 학교행사에 잘 오시는 편이야?",
            "A": "아니요. 안 와요."
        },
        {
            "Q": "다섯번 중에 몇 번 정도 오시는 것 같아?",
            "A": "한 번도 안 와요."
        },
        {
            "Q": "인터넷이나 휴대폰을 하루에 몇 시간 정도 하는 것 같아?",
            "A": "두 시간이요."
        },
        {
            "Q": "인터넷이나 휴대폰을 너무 많이 한다고 어른들이 뭐라고 하진 않아?",
            "A": "몰래 숨어서 해서 뭐라고 안 해요."
        },
        {
            "Q": "피시방 같은 곳을 자주 가는 편이야?",
            "A": "안 가요."
        },
        {
            "Q": "부모님이나 선생님 때문에 화나거나 슬픈 적 있어?",
            "A": "네. 엄마 때문에 슬펐어요."
        },
        {
            "Q": "어떤 말이나 행동 때문에 그렇게 느꼈어?",
            "A": "엄마가 저보고 귀찮게 한다고 저리 좀 꺼지라고 했어요."
        },
        {
            "Q": "어른들이 방이나 다른 곳에 가두고 못 나오게 한 적 있어?",
            "A": "아니요. 그런 적은 없어요."
        },
        {
            "Q": "다른 사람 앞에서 혼난 적 있어?",
            "A": "아니요."
        },
        {
            "Q": "어른들이 다른 아이들이랑 비교할 때 있어?",
            "A": "네. 엄마가 엄마는 다른 엄마들이 부럽다고 그 애들이 더 착하고 이쁘다고 그랬어요."
        },
        {
            "Q": "한 달에 몇 번 정도 그런 일이 있어?",
            "A": "세 번 정도인 것 같아요."
        },
        {
            "Q": "어른들이 집에서 쫓아낸다고 하거나 버리겠다고 하거나 진짜 쫓아낸 적 있어?",
            "A": "아니요. 그런 말은 안 했어요."
        },
        {
            "Q": "뭔가 하려고 할 때 무조건 안 된다고 하거나, 하기 싫은데도 무조건 하라고 한 적 있어?",
            "A": "저한테 관심 없어서 그런 말 안 해요."
        },
        {
            "Q": "마음이 힘들 때 누구에게 말해?",
            "A": "아무한테도 말 안 해요."
        },
        {
            "Q": "주위 어른들 중 때린 사람이 있어?",
            "A": "아니요."
        },
        {
            "Q": "누군가 원하지 않는데도 몸을 만지거나 보여달라고 한 적 있어?",
            "A": "아니요."
        },
        {
            "Q": "집에서 어른들이 소리 지르면서 싸우는 걸 듣거나 본 적 있어?",
            "A": "아니요."
        },
        {
            "Q": "친구들이 자주 놀리거나 괴롭힌다고 느낀 적 있어?",
            "A": "아니요. 그러진 않아요. 그냥 저랑 안 친하니까 놀자고 안 하는 거예요."
        },
        {
            "Q": "어떨 때 마음이 복잡하거나 힘들어?",
            "A": "엄마가 저한테 뭐라고 할 때랑 배고플 때요."
        },
        {
            "Q": "그런 것 때문에 괴로워서 죽고 싶다고 생각한 적 있어?",
            "A": "죽고 싶은 적은 없어요."
        },
        {
            "Q": "잠잘 때 어떤 꿈을 꾸는 편이야?",
            "A": "기분 나쁜 꿈이요."
        },
        {
            "Q": "그 꿈이 실제로 있었던 일 같아?",
            "A": "아니요. 그런 건 아닌데 그럴까 봐 걱정되던 거예요."
        },
        {
            "Q": "어떤 내용이야?",
            "A": "제가 막 뭐 먹고 있는데 엄마가 와서 다 뺏어가는 내용이요."
        },
        {
            "Q": "그렇게 꿈을 꾸고 일어나면 몸 상태는 어때?",
            "A": "가슴이 쿵쿵거려요."
        },
        {
            "Q": "생각하기 싫은데도 자꾸 그 기억이 떠오른 적 있어?",
            "A": "아니요. 그런 거 없어요."
        },
        {
            "Q": "부모님 허락 없이 또는 말도 없이 집에서 오랫동안 나와 있었던 적이 있어?",
            "A": "아니요."
        }
    ]
}