{
    "info": {
        "위기단계": "응급"
    },
    "kids_ment": [
        {
            "Q": "요즘 건강은 어떤 것 같아? 아픈 곳은 없어?",
            "A": "네. 아픈 곳 없어요."
        },
        {
            "Q": "최근에 다친 곳은 없어?",
            "A": "네. 안 다쳤어요."
        },
        {
            "Q": "뭘 할 때가 즐거워?",
            "A": "별로 안 즐거워요."
        },
        {
            "Q": "언제부터 즐겁지 않다고 느낀 것 같아?",
            "A": "석 달 정도 된 거 같아요."
        },
        {
            "Q": "왜 즐겁다고 느끼지 못하는 것 같아?",
            "A": "즐거운 일이 없어서요."
        },
        {
            "Q": "누구 때문에 즐겁다고 느끼지 못하는 것 같아?",
            "A": "아빠요."
        },
        {
            "Q": "최근 일주일 동안 짜증이나 화가 난 적 있어?",
            "A": "화난 적 있어요."
        },
        {
            "Q": "뭐 때문에 그렇게 느낀 것 같아?",
            "A": "제가 약해서 누나를 못 지켜 주는 거 같아서 화나요."
        },
        {
            "Q": "평소에 그런 기분이 들면 어떻게 해?",
            "A": "아무것도 못 해요. 그냥 가만히 있어요."
        },
        {
            "Q": "평소에 몇 시에 자고 몇 시에 일어나?",
            "A": "열한 시에 자서 일곱 시 반에 일어나요."
        },
        {
            "Q": "아침에 일어나면 몸은 어때?",
            "A": "조금 피곤해요."
        },
        {
            "Q": "잠들기 힘들거나 자다가 중간에 깨진 않아?",
            "A": "중간에 깰 때 있어요."
        },
        {
            "Q": "한 달에 몇 번 정도 그러는 것 같아?",
            "A": "세 번 정도 그러는 것 같아요."
        },
        {
            "Q": "같이 사는 가족은 누구누구야?",
            "A": "아빠랑 누나랑 살아요."
        },
        {
            "Q": "평소 아빠의 표정은 어때?",
            "A": "화난 표정이요."
        },
        {
            "Q": "어떨 때 그런 표정을 지으시는 것 같아?",
            "A": "그냥 항상 그런 표정이에요."
        },
        {
            "Q": "그 표정을 보면 기분이 어때?",
            "A": "무서워요."
        },
        {
            "Q": "누나가 있다고 했는데 몇 명이야?",
            "A": "한 명이요."
        },
        {
            "Q": "사이는 어때?",
            "A": "좋아요. 누나랑 저랑 잘 지내요."
        },
        {
            "Q": "어떤 점 때문에 그렇게 느껴?",
            "A": "누나도 저 아껴주고 저도 누나 아껴요. 소중한 가족이에요."
        },
        {
            "Q": "아빠가 누나랑 차별한다고 느낀 적 있어?",
            "A": "아니요. 차별 안 해요."
        },
        {
            "Q": "친구들이랑 주로 뭐 하고 놀아?",
            "A": "축구하고 놀아요."
        },
        {
            "Q": "친구들이랑 놀면 기분이 어때?",
            "A": "재밌긴 해요."
        },
        {
            "Q": "담임선생님은 좋아 싫어?",
            "A": "좋은 거 같아요."
        },
        {
            "Q": "어떤 점이 좋은 것 같아?",
            "A": "그냥 제가 말하면 잘 들어주셔서요."
        },
        {
            "Q": "요즘 걱정하는 게 있어?",
            "A": "네. 있어요."
        },
        {
            "Q": "어떤게 걱정이야?",
            "A": "누나가 걱정돼요."
        },
        {
            "Q": "뭐 때문에, 그게 걱정인 것 같아?",
            "A": "저는 아빠가 뭐라 하는 거 괜찮은데 누나한테도 뭐라고 해서요."
        },
        {
            "Q": "한 달에 몇 번 정도 그런 걱정이 되는 것 같아?",
            "A": "다섯 번 넘어요."
        },
        {
            "Q": "그 걱정 때문에 평소에 힘들거나 불편하다고 느껴?",
            "A": "네."
        },
        {
            "Q": "한 달에 몇 번 정도 힘들거나 불편하다고 느끼는 것 같아?",
            "A": "일곱 번 넘는 거 같아요."
        },
        {
            "Q": "요즘 행복한 것 같아?",
            "A": "아니요."
        },
        {
            "Q": "어떤 것 때문에 행복하지 않은 것 같아?",
            "A": "아빠가 저랑 누나한테 자꾸 안 좋은 말 해서요."
        },
        {
            "Q": "언제부터 행복하지 않았던 것 같아?",
            "A": "석 달 정도 된 거 같아요."
        },
        {
            "Q": "나중에 어떤 사람이 되고 싶어?",
            "A": "경찰이요."
        },
        {
            "Q": "그렇게 되고 싶다고 생각한 이유는 뭐야?",
            "A": "경찰 돼서 누나 지켜주려고요."
        },
        {
            "Q": "주로 집에서 돌봐주는 사람은 누구야?",
            "A": "아빠랑 누나요."
        },
        {
            "Q": "배가 고픈데 밥을 챙겨주지 않아서 굶은 적이 있어?",
            "A": "아니요."
        },
        {
            "Q": "빨래가 안 돼서 냄새나고 불쾌한 옷을 입은 적 있어?",
            "A": "아니요."
        },
        {
            "Q": "크기가 맞지 않는 옷을 입거나 신발을 신은 적 있어?",
            "A": "아니요."
        },
        {
            "Q": "아플 때 어른들이 병원에 데려가지 않은 적 있어?",
            "A": "아니요."
        },
        {
            "Q": "운동회나 수업 참관 같은 학교행사에 잘 오시는 편이야?",
            "A": "안 와요."
        },
        {
            "Q": "다섯 번 중에 몇 번 정도 오시는 것 같아?",
            "A": "한 번도 안 왔어요."
        },
        {
            "Q": "인터넷이나 휴대폰을 하루에 몇 시간 정도 하는 것 같아?",
            "A": "한 시간이요."
        },
        {
            "Q": "피시방 같은 곳을 자주 가는 편이야? 한 달에 몇 번?",
            "A": "안 가요."
        },
        {
            "Q": "부모님이나 선생님 때문에 화나거나 슬픈 적 있어?",
            "A": "아빠 때문에 화나서 슬픈 적 있어요."
        },
        {
            "Q": "어떤 말이나 행동 때문에 그렇게 느꼈어?",
            "A": "애들이랑 축구하고 오면 여덟 시쯤인데 아빠가 그걸로 늦게 들어온다고 무섭게 했어요. 누나 목에 칼 들이대면서 일찍 안 들어오면 누나 죽일 거라고 협박했어요."
        },
        {
            "Q": "어른들이 방이나 다른 곳에 가두고 못 나오게 한 적 있어?",
            "A": "아니요."
        },
        {
            "Q": "다른 사람 앞에서 혼난 적 있어?",
            "A": "아니요."
        },
        {
            "Q": "어른들이 다른 아이들이랑 비교할 때 있어?",
            "A": "아니요."
        },
        {
            "Q": "어른들이 집에서 쫓아낸다고 하거나 버리겠다고 하거나 진짜 쫓아낸 적 있어?",
            "A": "아니요."
        },
        {
            "Q": "뭔가 하려고 할 때 무조건 안 된다고 하거나, 하기 싫은데도 무조건 하라고 한 적 있어?",
            "A": "네. 일찍 들어오라고 한 거요."
        },
        {
            "Q": "마음이 힘들 때 누구에게 말해?",
            "A": "누나요."
        },
        {
            "Q": "주위 어른들 중 때린 사람이 있어? 누구?",
            "A": "때린 사람은 없어요."
        },
        {
            "Q": "누군가 원하지 않는데도 몸을 만지거나 보여달라고 한 적 있어?",
            "A": "아니요."
        },
        {
            "Q": "집에서 어른들이 소리 지르면서 싸우는 걸 듣거나 본 적 있어?",
            "A": "아니요."
        },
        {
            "Q": "친구들이 자주 놀리거나 괴롭힌다고 느낀 적 있어?",
            "A": "아무도 안 그래요."
        },
        {
            "Q": "어떨 때 마음이 복잡하거나 힘들어?",
            "A": "아빠가 저 혼낼 때 누나한테도 그럴 때 너무 괴롭고 힘들어요."
        },
        {
            "Q": "그런 것 때문에 괴로워서 죽고 싶다고 생각한 적 있어?",
            "A": "아니요. 제가 죽으면 누나는 누가 지켜줘요."
        },
        {
            "Q": "잠잘 때 어떤 꿈을 꾸는 편이야?",
            "A": "아빠가 누나 죽이는 꿈 꿔요."
        },
        {
            "Q": "그렇게 꿈을 꾸고 일어나면 몸 상태는 어때?",
            "A": "심장이 쿵쾅거려요."
        },
        {
            "Q": "생각하기 싫은데도 자꾸 그 기억이 떠오른 적 있어?",
            "A": "누나한테 칼 들이댔던 게 자꾸 생각나요."
        },
        {
            "Q": "일주일에 몇 번 정도 떠오르는 것 같아?",
            "A": "한 번씩요."
        },
        {
            "Q": "그런 기억이 떠오르면 어떻게 해?",
            "A": "엎드려서 자려고 해요. 기억하기 싫어서요."
        },
        {
            "Q": "부모님 허락 없이 또는 말도 없이 집에서 오랫동안 나와 있었던 적이 있어?",
            "A": "아니요."
        }
    ]
}