{
    "info": {
        "위기단계": "관찰필요"
    },
    "kids_ment": [
        {
            "Q": "요즘 건강은 어떤 것 같아? 아픈 곳은 없어?",
            "A": "아픈 곳 있어요."
        },
        {
            "Q": "어디가 어떻게 아파?",
            "A": "머리가 지끈지끈거려요."
        },
        {
            "Q": "언제부터 아팠어? 지금도 아파?",
            "A": "한 달 전부터 아팠는데 지금도 아파요."
        },
        {
            "Q": "예전에도 지금처럼 아팠던 적 있어?",
            "A": "네. 한 달 전부터 계속 아파요."
        },
        {
            "Q": "일주일에 몇 번 정도 아팠어?",
            "A": "맨날 아파요."
        },
        {
            "Q": "어떤 것 때문에 아픈 것 같아?",
            "A": "잘 모르겠어요."
        },
        {
            "Q": "최근에 다친 곳은 없어?",
            "A": "네. 다친 곳은 없어요."
        },
        {
            "Q": "뭘 할 때가 즐거워?",
            "A": "아빠랑 같이 저녁 먹을 때가 제일 즐거워요."
        },
        {
            "Q": "어떤 점이 즐거운 것 같아?",
            "A": "아빠랑 얘기도 하고 맛있는 저녁도 같이 먹어서요."
        },
        {
            "Q": "최근 일주일 동안 짜증이나 화가 난 적 있어?",
            "A": "네. 화난 적 있어요."
        },
        {
            "Q": "뭐 때문에 그렇게 느낀 것 같아?",
            "A": "제가 다른 친구들보다 발표 더 잘할 수 있는데 손을 빨리 못 들어서 저한테 화가 났어요."
        },
        {
            "Q": "평소에 그런 기분이 들면 어떻게 해?",
            "A": "아빠한테 말하거나 그림책 읽어요."
        },
        {
            "Q": "평소에 몇 시에 자고 몇 시에 일어나?",
            "A": "열한 시에 자서 일곱 시에 일어나요."
        },
        {
            "Q": "아침에 일어나면 몸은 어때?",
            "A": "피곤해요. 머리도 너무 멍하고 아파요."
        },
        {
            "Q": "잠들기 힘들거나 자다가 중간에 깨진 않아?",
            "A": "중간에 엄청 자주 깨요."
        },
        {
            "Q": "한 달에 몇 번 정도 그러는 것 같아?",
            "A": "거의 매일 그러는 것 같아요."
        },
        {
            "Q": "같이 사는 가족은 누구누구야?",
            "A": "아빠랑 둘이 살아요."
        },
        {
            "Q": "평소 아빠의 표정은 어때?",
            "A": "항상 웃어줘요."
        },
        {
            "Q": "어떨 때 그런 표정을 지으시는 것 같아?",
            "A": "항상 웃는 표정이에요. 아빠가 저를 사랑해서 그런 거 아닐까요."
        },
        {
            "Q": "그 표정을 보면 기분이 어때?",
            "A": "기분 좋아요. 아빠랑 같이 있는 시간이 더 많으면 좋겠어요."
        },
        {
            "Q": "아빠는 친구한테 관심이 있는 것 같아?",
            "A": "아빠는 저를 제일 좋아해요. 항상 준비물 뭔지도 물어보고 먹고 싶은 거 뭔지도 물어봐 줘요."
        },
        {
            "Q": "친구들이랑 주로 뭐 하고 놀아?",
            "A": "얘기도 하고 종이접기도 하고 이것저것하고 노는 거 같아요."
        },
        {
            "Q": "친구들이랑 놀면 기분이 어때?",
            "A": "재밌긴 한데 저는 아빠랑 같이 노는 게 더 좋아요."
        },
        {
            "Q": "담임선생님은 좋아 싫어?",
            "A": "좋은 거 같아요."
        },
        {
            "Q": "어떤 점이 좋은 것 같아?",
            "A": "별로 싫은 게 없으니까 좋은 거 같아요."
        },
        {
            "Q": "요즘 걱정하는 게 있어?",
            "A": "네. 아빠가 조금 걱정돼요."
        },
        {
            "Q": "뭐 때문에, 그게 걱정인 것 같아?",
            "A": "아빠 일이 힘든 거 같아서요. 일하고 집에 왔을 때 아빠가 너무 힘들어 보여요."
        },
        {
            "Q": "한 달에 몇 번 정도 그런 걱정이 되는 것 같아?",
            "A": "한두 번 정도 걱정되는 거 같아요."
        },
        {
            "Q": "그 걱정 때문에 평소에 힘들거나 불편하다고 느껴?",
            "A": "아니요. 그렇진 않아요."
        },
        {
            "Q": "요즘 행복한 것 같아?",
            "A": "네. 행복한 거 같아요."
        },
        {
            "Q": "어떤 점이 행복한 거 같아?",
            "A": "그냥 매일매일 즐거운 거 같아서요."
        },
        {
            "Q": "나중에 어떤 사람이 되고 싶어?",
            "A": "아직 잘 모르겠어요."
        },
        {
            "Q": "하고 싶은 일이 없어?",
            "A": "돈 많이 벌고 훌륭한 사람 하고 싶은데 뭐가 있는지 잘 모르겠어요."
        },
        {
            "Q": "주로 집에서 돌봐주는 사람은 누구야?",
            "A": "아빠요."
        },
        {
            "Q": "배가 고픈데 밥을 챙겨주지 않아서 굶은 적이 있어?",
            "A": "아니요."
        },
        {
            "Q": "빨래가 안 돼서 냄새나고 불쾌한 옷을 입은 적 있어?",
            "A": "아니요."
        },
        {
            "Q": "크기가 맞지 않는 옷을 입거나 신발을 신은 적 있어?",
            "A": "아니요."
        },
        {
            "Q": "아플 때 어른들이 병원에 데려가지 않은 적 있어?",
            "A": "없어요."
        },
        {
            "Q": "운동회나 수업 참관 같은 학교행사에 잘 오시는 편이야?",
            "A": "아빠는 일 때문에 못 오고 할머니가 와요."
        },
        {
            "Q": "다섯 번 중에 몇 번 정도 오시는 것 같아?",
            "A": "세 번은 오시는 거 같아요."
        },
        {
            "Q": "인터넷이나 휴대폰을 하루에 몇 시간 정도 하는 것 같아?",
            "A": "한 시간이요."
        },
        {
            "Q": "피시방 같은 곳을 자주 가는 편이야?",
            "A": "안 가요."
        },
        {
            "Q": "부모님이나 선생님 때문에 화나거나 슬픈 적 있어?",
            "A": "아니요."
        },
        {
            "Q": "주위 어른들 중 때린 사람이 있어?",
            "A": "없어요."
        },
        {
            "Q": "누군가 원하지 않는데도 몸을 만지거나 보여달라고 한 적 있어?",
            "A": "없어요."
        },
        {
            "Q": "집에서 어른들이 소리 지르면서 싸우는 걸 듣거나 본 적 있어?",
            "A": "없어요."
        },
        {
            "Q": "친구들이 자주 놀리거나 괴롭힌다고 느낀 적 있어?",
            "A": "없어요."
        },
        {
            "Q": "어떨 때 마음이 복잡하거나 힘들어?",
            "A": "아빠가 힘들어 보일 때 저도 힘든 거 같아요."
        },
        {
            "Q": "그런 것 때문에 괴로워서 죽고 싶다고 생각한 적 있어?",
            "A": "아니요. 안 해봤어요."
        },
        {
            "Q": "잠잘 때 어떤 꿈을 꾸는 편이야?",
            "A": "안 꾸는 것 같아요. 맨날 중간에 깨서요."
        },
        {
            "Q": "부모님 허락 없이 또는 말도 없이 집에서 오랫동안 나와 있었던 적이 있어?",
            "A": "아니요."
        }
    ]
}