{
    "info": {
        "위기단계": "학대의심"
    },
    "kids_ment": [
        {
            "Q": "우리 친구 건강은 어때? 어디 아픈 곳이 있어?",
            "A": "네. 저 가슴이 아파요."
        },
        {
            "Q": "왜 가슴이 아파?",
            "A": "병원에서 기흉이라고 그랬어요."
        },
        {
            "Q": "언제부터 아팠어?",
            "A": "의사 선생님 만난 건 한 달 전이었고, 그때부터 계속 똑같이 아파서 병원 갔어요."
        },
        {
            "Q": "한번 아플 때 며칠씩 아팠던 것 같아?",
            "A": "한번 아프면 3, 4일 정도 아팠던 것 같아요."
        },
        {
            "Q": "그럼 다친 곳은 있어?",
            "A": "다친 적은 없어요."
        },
        {
            "Q": "우리 친구는 뭘 할 때가 가장 즐거워?",
            "A": "친구들이랑 슬라임 가지고 놀 때가 제일 재밌어요."
        },
        {
            "Q": "친구들이랑 슬라임 가지고 노는 게 왜 재밌어?",
            "A": "친구들 슬라임이랑 제 슬라임을 섞어서 여러 슬라임 만드는 것도 재밌고 그냥 말랑말랑한 게 만지면 기분이 좋아져요."
        },
        {
            "Q": "최근 일주일 동안 짜증이나 화가 난 적이 있을까?",
            "A": "친구가 내 슬라임을 바닥에 떨어뜨려서 더러워져서 화났어요."
        },
        {
            "Q": "그 이후에 어떻게 했어?",
            "A": "친구한테 화내니까 친구가 미안하다고 자기 슬라임을 저한테 줬어요."
        },
        {
            "Q": "평소에 짜증이나 화가 났을 때, 어떻게 하면 마음이 풀려?",
            "A": "화난 이유 말하면서 대화하거나 짜증 나면 그냥 슬라임 만지거나 좋아하는 아이돌 오빠들 보면서 풀어요."
        },
        {
            "Q": "보통 몇 시에 자고, 몇 시에 일어나?",
            "A": "열두 시에 침대에 눕는데 자는 건 새벽 한 시쯤인 것 같고 일곱 시에 일어나요."
        },
        {
            "Q": "아침에 일어났을 때, 몸 상태는 어떤 것 같아?",
            "A": "일어나기가 힘든 것 같아요."
        },
        {
            "Q": "왜 일어나기가 힘들어?",
            "A": "저 자꾸 무서운 꿈 꿔서 잠자기가 힘들어요. 그래서 맨날 늦게 자니까 피곤해요."
        },
        {
            "Q": "평소에 잠자는 중간에 자주 깨는 편이야?",
            "A": "네. 자주 깨요."
        },
        {
            "Q": "평상시에 어머니, 아버지는 어떤 표정을 자주 짓는 것 같아?",
            "A": "엄마는 화난 표정이고요. 아빠는 무표정이에요."
        },
        {
            "Q": "아빠가 왜 무표정인 것 같아?",
            "A": "그냥 일 갔다가 집에 오면 아무 표정 없이 있어요."
        },
        {
            "Q": "그럼, 아빠가 집에 와서 우리 친구를 보면 어떻게 하셔?",
            "A": "아무 말도 없는데요. 그냥 뉴스 보거나 자요."
        },
        {
            "Q": "엄마는 왜 화난 표정 이셔?",
            "A": "제가 아프고 나서 병원 갈 때 돈이 많이 든다고 엄청 싫어해요. 그냥 죽었으면 좋겠다고 했어요."
        },
        {
            "Q": "우리 친구는 형제자매는 몇 명이야?",
            "A": "언니 한 명 있어요."
        },
        {
            "Q": "언니랑은 사이가 어때?",
            "A": "좋아요. 저 엄청 챙겨주고 이뻐해 줘요."
        },
        {
            "Q": "그럼, 부모님께서 우리 친구랑 언니를 어떻게 대하셔? 공평하게 대하시는 것 같아? 아니면 좀 차별하시는 것 같아?",
            "A": "그냥 둘 다 똑같이 대하는 것 같은데요. 엄마 아빠는 언니랑 저를 별로 안 사랑하는 것 같아요."
        },
        {
            "Q": "친구들이랑은 주로 뭐 하면서 놀아?",
            "A": "슬라임 만지면서 놀거나 아이돌 춤 따라 연습하고 그래요."
        },
        {
            "Q": "담임선생님은 어때? 좋아해 아니면 안 좋아해?",
            "A": "완전 좋아요."
        },
        {
            "Q": "담임선생님이 어떤 부분이 좋아?",
            "A": "저희 엄청 잘 해주고요. 수업도 재밌고 저 아플 때도 엄청 신경 써줬어요."
        },
        {
            "Q": "요즘 우리 친구 고민은 뭐야?",
            "A": "엄마가 절 엄청 싫어해서 어떻게 하면 좋을지 모르겠어요."
        },
        {
            "Q": "그 고민 때문에 생활이 불편하거나 힘들어?",
            "A": "네. 학교에서는 괜찮은데 집에 가면 엄마 볼 때마다 눈치 보게 돼요."
        },
        {
            "Q": "일주일에 몇 번 정도 그런 것 같아?",
            "A": "매일이요."
        },
        {
            "Q": "그럼, 요즘 행복하다고 느껴?",
            "A": "아니요."
        },
        {
            "Q": "어떤 점에서 행복하지 않은 것 같아?",
            "A": "엄마가 저 죽었으면 좋겠다고 하니까요."
        },
        {
            "Q": "우리 친구는 커서 어떤 사람이 되고 싶어?",
            "A": "모르겠어요."
        },
        {
            "Q": "하고 싶은 직업 같은 게 없어?",
            "A": "모르겠어요. 전 어른이 안 될 것 같아요. 계속 아프니까요."
        },
        {
            "Q": "집에서 주로 친구를 돌봐주는 어른은 누구야?",
            "A": "엄마인 것 같아요."
        },
        {
            "Q": "배가 고픈데 집에 먹을 게 없어서 굶은 적 있어?",
            "A": "아니요."
        },
        {
            "Q": "저녁에 친구를 집에 혼자 두고 어른들이 나갔던 적 있어?",
            "A": "그런 적 없어요."
        },
        {
            "Q": "친구를 항상 돌봐주는 사람이 갑자기 말도 없이 집을 나가서 안 들어온 적 있어?",
            "A": "아니요."
        },
        {
            "Q": "우리 친구가 어디 아픈 곳이 있는데 부모님이 병원에 데려가지 않은 적이 있어?",
            "A": "네. 얼마 전에 숨이 잘 안 쉬어지고 가슴이 아팠는데 엄마가 병원에 안 데려가 줬어요. 그래서 엄청 아팠어요."
        },
        {
            "Q": "최근 다섯 번 중에 몇 번 정도 그랬어?",
            "A": "한 두세 번 그랬던 것 같아요."
        },
        {
            "Q": "빨래가 안 되어 있어서 더럽고 냄새나는 옷을 입어야 한 적은 있어?",
            "A": "없어요."
        },
        {
            "Q": "옷이나 신발 사이즈가 작은 걸 입거나 신고 다닌 적은 있어?",
            "A": "아니요."
        },
        {
            "Q": "하루에 인터넷이나 휴대폰을 가지고 노는 시간은 몇 시간 정도야?",
            "A": "한 시간 정도밖에 안 해요."
        },
        {
            "Q": "피시방도 가고 그래?",
            "A": "아니요."
        },
        {
            "Q": "부모님이나 선생님 때문에 슬프거나 화난 적 있었어?",
            "A": "엄마가 저보고 죽으라고 해서 엄청 슬펐어요."
        },
        {
            "Q": "어른들이 친구를 어디에 가두고 못 나오게 한 적 있어?",
            "A": "그런 적은 없어요."
        },
        {
            "Q": "부모님이 다른 사람들 앞에서도 혼내실 때가 있어?",
            "A": "아니요."
        },
        {
            "Q": "어른들이 우리 친구를 다른 아이들과 비교하는 편이야?",
            "A": "엄마가 다른 애들은 잘만 크는데 저는 왜 자꾸 아프냐고 막 그래요."
        },
        {
            "Q": "얼마나 자주 그러셔?",
            "A": "그냥 병원 갈 때마다요."
        },
        {
            "Q": "병원은 일주일에 몇 번 정도 가?",
            "A": "일주일에 한 번씩 가요."
        },
        {
            "Q": "어른들이 친구를 집에서 쫓아내거나 버리겠다고 말한 적 있어?",
            "A": "아니요."
        },
        {
            "Q": "우리 친구가 뭘 하려고 할 때, 무조건 안 된다고 하거나, 하기 싫은데도 무조건 하라고 할 때가 있어?",
            "A": "아니요. 그러진 않아요."
        },
        {
            "Q": "마음이 힘들 때, 가족에게 친구 마음을 이야기해?",
            "A": "언니한테 얘기해요. 힘들 때."
        },
        {
            "Q": "주위 어른들 중 우리 친구를 때린 적이 있는 사람이 있어?",
            "A": "아니요."
        },
        {
            "Q": "우리 친구가 원하지 않는데도 누군가가 친구 몸을 만지거나 보여달라고 한 적 있었을까?",
            "A": "없어요."
        },
        {
            "Q": "집에서 어른들끼리 소리 지르면서 싸우는 걸 듣거나 본 적이 있어?",
            "A": "없어요."
        },
        {
            "Q": "친구들이 자주 놀리거나 괴롭힌다고 느낀 적이 있어?",
            "A": "아니요. 제 친구들 엄청 착해요. 저 아프면 선생님한테 말해주고 괜찮냐고 걱정도 해줘요."
        },
        {
            "Q": "우리 친구는 어떨 때 마음이 복잡하거나 힘들어?",
            "A": "엄마가 저 싫어할 때요."
        },
        {
            "Q": "이런 안 좋은 상황 때문에 괴로워서 죽고 싶다는 생각을 한 적 있어?",
            "A": "엄마 말대로 죽으면 어떨까, 생각한 적 있어요."
        },
        {
            "Q": "얼마나 자주 그런 생각이 들었어?",
            "A": "엄마가 병원 갈 때마다 그런 말 하면 그때마다 그런 생각 해요. 일주일에 한 번?"
        },
        {
            "Q": "그럼, 행동으로 옮긴 적도 있어?",
            "A": "그러진 않았어요. 어떻게 해야 할지도 모르겠고, 무섭기도 하고 그냥 이대로 있으면 죽지 않을까요?"
        },
        {
            "Q": "잠잘 때 주로 어떤 꿈을 꾸는 것 같아?",
            "A": "무서운 꿈이요."
        },
        {
            "Q": "잠들기 힘들고, 잠자는 중간에 자주 깨는 이유가 엄마의 말 때문에 그런 것 같아? 아니면 다른 이유도 있을까?",
            "A": "엄마가 죽었으면 좋겠다고 말한 걸 듣고 나서부턴 막 무서운 사람이 저 죽이러 오는 꿈을 꿔요. 그래서 엄마 말 때문에 그런 것 같아요."
        },
        {
            "Q": "그럼, 생각하고 싶지 않은 데도 자꾸 그 말이나 기억이 떠오른 적 있어?",
            "A": "네. 아프면 계속 떠올라요. 요즘은 맨날 그래요."
        },
        {
            "Q": "이런 싫은 기억이 떠오를 때 어떻게 해?",
            "A": "그냥 슬라임 만지거나 그냥 일기 쓰고 그래요."
        },
        {
            "Q": "자고 일어나면 몸 상태가 어때?",
            "A": "땀이 엄청나고 힘들어요."
        },
        {
            "Q": "부모님 허락이나 말도 없이 집에 오랫동안 나와 있었던 적이 있어?",
            "A": "없어요."
        }
    ]
}