{
    "info": {
        "위기단계": "상담필요"
    },
    "kids_ment": [
        {
            "Q": "최근 내 몸이 건강한 거 같아요. 아니면 아픈 곳이 있어요?",
            "A": "건강한데 아픈 곳은 있어요."
        },
        {
            "Q": "어디가 어떻게 아파요?",
            "A": "엉덩이 멍들어서 아파요."
        },
        {
            "Q": "최근에 다친 거예요?",
            "A": "오늘 아침에요."
        },
        {
            "Q": "어디를 얼마큼 다쳤어요?",
            "A": "엉덩이는 멍들고 팔꿈치는 까졌어요."
        },
        {
            "Q": "어떻게 하다가 다쳤어요?",
            "A": "화장실에서 빨리 씻고 나가려다 미끄러졌어요."
        },
        {
            "Q": "뭐 할 때가 즐거워요?",
            "A": "사물놀이 할 때요."
        },
        {
            "Q": "사물놀이 하면 어떤 점이 좋아요?",
            "A": "아직 막 잘하진 못하는데 언니 오빠들이 하는 거 보면 신나요."
        },
        {
            "Q": "최근 일주일 동안 짜증이나 화가 난 적이 있어요?",
            "A": "네. 있어요."
        },
        {
            "Q": "무엇 때문에 화가 나는 거예요?",
            "A": "그냥 누가 나한테 뭐라고 하면 화가 나요."
        },
        {
            "Q": "그런 일이 자주 일어나요?",
            "A": "이번 달에 자주 그런 거 같아요."
        },
        {
            "Q": "평소에 짜증이나 화가 났을 때 어떻게 하면 풀려요?",
            "A": "장구나 북 치는 거 연습하면 기분이 좋아져요."
        },
        {
            "Q": "몇 시에 자고 몇 시에 일어나요?",
            "A": "아홉 시에 자고 여섯 시 삼십 분에 일어나요."
        },
        {
            "Q": "아침에 일어났을 때 몸 상태는 어때요?",
            "A": "몸에 힘이 들어가 있어요. 피곤해요."
        },
        {
            "Q": "평소에 잠이 들기 힘들거나, 잠자는 중간에 자주 깨요?",
            "A": "중간에 자주 깨요."
        },
        {
            "Q": "보육원 원장님은 보통 어떤 표정을 짓고 있어요?",
            "A": "노려보고 있어요."
        },
        {
            "Q": "왜 그런 표정을 짓는 것 같아요?",
            "A": "애들이 혹시라도 사고 칠까 봐 걱정하는 거 아닐까요?"
        },
        {
            "Q": "친구는 그런 원장님의 표정을 보면 어떤 기분이 들어요?",
            "A": "무서워서 몸이 굳어요."
        },
        {
            "Q": "형제자매는 몇 명이에요?",
            "A": "없어요. 저 혼자예요."
        },
        {
            "Q": "친구들이랑 주로 뭐 하고 놀아요?",
            "A": "밖에서 놀 때는 숨바꼭질 같은 거 하고 실내에서는 인형 놀이해요."
        },
        {
            "Q": "친구 몇 명이서 놀아요?",
            "A": "매번 달라요. 항상 노는 친구는 두 명이요."
        },
        {
            "Q": "담임선생님은 좋아요, 싫어요?",
            "A": "담임선생님 안 좋아해요."
        },
        {
            "Q": "왜 싫어해요?",
            "A": "교실에서 규칙 안 지키면 벌 받아야 해요."
        },
        {
            "Q": "무슨 벌 받아요?",
            "A": "뒤에 가서 10분 동안 서 있어야 해요."
        },
        {
            "Q": "요즘 가장 큰 걱정거리는 뭐예요?",
            "A": "원장님한테 또 혼날까 봐 그게 걱정이 돼요."
        },
        {
            "Q": "그게 왜 걱정이 돼요?",
            "A": "혼낼 때 화를 크게 내요. 무서워요."
        },
        {
            "Q": "걱정 때문에 생활이 불편하거나 힘들어요?",
            "A": "조금 힘들어요."
        },
        {
            "Q": "일주일에 몇 번이나 걱정이 생각나요?",
            "A": "요즘에는 매일매일 생각나요."
        },
        {
            "Q": "요즘 행복하다고 느껴요?",
            "A": "요즘에는 안 행복해요."
        },
        {
            "Q": "왜 불행하다고 생각해요?",
            "A": "즐거운 일이 없는 거 같아요."
        },
        {
            "Q": "친구는 커서 어떤 사람이 되고 싶어요?",
            "A": "할 수 있다면 사물놀이 계속 해서 사물패에 들어가고 싶어요."
        },
        {
            "Q": "왜 사물패가 되고 싶어요?",
            "A": "지금 배우니까 재미있고 또 걱정거리도 생각 안 나서 매일 즐거울 거 같아요."
        },
        {
            "Q": "여기서 주로 돌봐주는 어른은 누구예요?",
            "A": "원장님이요."
        },
        {
            "Q": "배가 고픈데 먹을 게 없어서 굶은 적 있어요?",
            "A": "아니요. 밥은 잘 먹어요."
        },
        {
            "Q": "빨래가 되어 있지 않아서 더럽고 냄새나는 옷을 입어야 한 적 있어요?",
            "A": "아니요. 빨래는 매일 해서 그런 적 없어요."
        },
        {
            "Q": "옷이나 신발 사이즈가 작은 걸 입거나 신고 다닌 적 있어요?",
            "A": "언니들 옷 많이 있고 신발은 잘 사주세요."
        },
        {
            "Q": "선생님 때문에 슬프거나 화가 난 적이 있어요?",
            "A": "화난 적 있어요."
        },
        {
            "Q": "선생님의 어떤 말이나 행동이 화나게 했어요?",
            "A": "저한테 욕하면서 의자를 던지려고 했어요."
        },
        {
            "Q": "선생님이 어디에 가두고 못 나오게 한 적이 있어요?",
            "A": "가둔 적은 없어요."
        },
        {
            "Q": "다른 사람들 앞에서도 혼날 때 있었어요? 얼마나 자주 그래요?",
            "A": "그냥 사람들 다 있어도 보육원 안에서는 혼나요. 매일매일 혼나는 아이들이 있으니까, 매일이요."
        },
        {
            "Q": "선생님이 나를 다른 아이들과 비교하나요? 얼마나 자주 그래요?",
            "A": "비교한 적 없어요."
        },
        {
            "Q": "선생님이 보육원에서 쫓아내거나 버리겠다고 말하거나 진짜 쫓아낸 적이 있나요?",
            "A": "네 있어요. 근데 진짜 쫓아낸 적은 없어요."
        },
        {
            "Q": "친구가 무엇을 하려고 할 때 무조건 안 되다고 하거나 하기 싫은데 무조건 하라고 할 때가 있나요?",
            "A": "하기 싫은데 보육원에서 각자 맡아서 해야 하는 일이 있어요."
        },
        {
            "Q": "마음이 힘들 때 다른 사람에게 마음을 이야기해요?",
            "A": "아니요."
        },
        {
            "Q": "주위 어른들 중 친구를 때린 적이 있는 사람이 있어요?",
            "A": "때리는 어른은 없어요."
        },
        {
            "Q": "내가 원하지 않는데도 누군가가 내 몸을 만지거나 보여달라고 한 적 있어요?",
            "A": "그런 일 없었어요."
        },
        {
            "Q": "어른들끼리 소리 지르면서 싸우는 걸 듣거나 본 적이 있어요?",
            "A": "없어요."
        },
        {
            "Q": "친구들이 나를 자주 놀리거나 괴롭힌다고 느낀 적 있어요?",
            "A": "아니요, 없어요."
        },
        {
            "Q": "안 좋은 기억 때문에 마음이 힘들어서 죽고 싶다는 생각 해본 적 있어요?",
            "A": "아니요, 그런 생각 안 해봤어요."
        },
        {
            "Q": "잠잘 때 주로 어떤 꿈 꿔요?",
            "A": "의자가 막 날라다니고 저한테 막 떨어져요."
        },
        {
            "Q": "무섭거나 힘들었던 경험 때문에 꿈을 꾸는 걸까요?",
            "A": "의자가 나오는 거 보니까 그런 것 같아요. 그전에는 이런 꿈 안 꿨어요."
        },
        {
            "Q": "생각하고 싶지 않은데 자꾸 그 기억이 떠오른 적이 있어요?  얼마나 자주 그래요?",
            "A": "눈뜨고 있을 때는 괜찮은데 잠자면 꿈꾸는 것 같아요. 요즘에는 일주일에 두 번은 꾸는 것 같아요."
        },
        {
            "Q": "이런 싫은 기억이 떠오를 때 어떻게 해요?",
            "A": "그냥 다시 자려고 해요."
        },
        {
            "Q": "꿈을 꾸고 일어나면 몸 상태가 어때요?",
            "A": "꿈에서 도망 다녀서 그런가 힘들어요."
        },
        {
            "Q": "가출 해 본 경험 있어요?",
            "A": "아니요, 없어요."
        }
    ]
}