{
    "info": {
        "위기단계": "관찰필요"
    },
    "kids_ment": [
        {
            "Q": "최근에 건강은 어때요? 아픈 곳이 있나요?",
            "A": "괜찮아요. 아픈 곳 없어요."
        },
        {
            "Q": "최근에 다친 곳이 있나요?",
            "A": "어제 놀이터에서 뛰다가 팔을 좀 다쳤어요. 좀 아팠는데 괜찮아요."
        },
        {
            "Q": "뭘 할 때 즐거워요?",
            "A": "밖에서 뛰어다니면서 놀 때 제일 재밌는 거 같아요."
        },
        {
            "Q": "최근 일주일 동안 짜증이나 화가 난 적이 있나요?",
            "A": "별일은 없었어요. 가끔 공부하다가 어려운 문제가 있으면 좀 짜증이 나요."
        },
        {
            "Q": "그렇게 짜증이 났을 때 어떻게 하면 기분이 풀려요?",
            "A": "좋아하는 책을 읽기도 하고 엄마 아빠한테 짜증 난다고 얘기도 해요."
        },
        {
            "Q": "몇 시에 자고 몇 시에 일어나요?",
            "A": "저녁 아홉 시에 눕고 일곱 시에 일어나요."
        },
        {
            "Q": "아침에 일어났을 때 몸 상태는 어때요?",
            "A": "몸이 좀 뻐근한데 금방 풀려요."
        },
        {
            "Q": "평소에 잠이 들기 힘들거나 자다가 중간에 자주 깨는 편이에요?",
            "A": "네. 생각이 많아서 잠드는 데 시간이 걸리는 것 같아요."
        },
        {
            "Q": "평상시에 아버지는 어떤 표정을 자주 지어요?",
            "A": "따뜻한 표정을 자주 지어요."
        },
        {
            "Q": "아빠를 볼 때 내 기분은 어때요?",
            "A": "편안해져요."
        },
        {
            "Q": "평상시에 어머니는 어떤 표정을 자주 지어요?",
            "A": "웃으면서 재밌는 이야기를 많이 해줘요."
        },
        {
            "Q": "그럴 때 내 기분은 어때요?",
            "A": "기분이 좋아져요."
        },
        {
            "Q": "형제자매가 있나요?",
            "A": "없어요."
        },
        {
            "Q": "친구들과는 주로 뭐 하고 놀아요?",
            "A": "딱히 같이 노는 친구는 없고 엄마랑 밖에서 놀아요."
        },
        {
            "Q": "왜 친구가 없어요?",
            "A": "제가 성격이 소심해서 다가오는 친구가 없어요."
        },
        {
            "Q": "담임 선생님은 어때요? 좋아요, 아니면 싫어요?",
            "A": "좋아요. 친절해요."
        },
        {
            "Q": "요즘 가장 큰 걱정거리는 뭐예요?",
            "A": "학교에서 발표하는 게 걱정이 많이 돼요. 친하지도 않은 사람들 앞에서 말하는 게 긴장돼요."
        },
        {
            "Q": "얼마나 자주 힘든가요?",
            "A": "발표가 일주일에 한 번 정도는 있어요."
        },
        {
            "Q": "요즘 행복하다고 느끼나요?",
            "A": "발표 같은 거 할 때는 긴장되지만 행복한 편이에요."
        },
        {
            "Q": "어떤 점이 행복해요?",
            "A": "책 읽거나 공부하면서 새로운 거 배울 때요."
        },
        {
            "Q": "커서 어떤 사람이 되고 싶어요?",
            "A": "작가나 예술가가 되어보고 싶어요."
        },
        {
            "Q": "그 직업이 되고 싶은 이유가 뭐예요?",
            "A": "내 감정이나 생각을 표현하는 게 재미있을 것 같아요."
        },
        {
            "Q": "주로 나를 돌봐주는 어른은 누구예요?",
            "A": "엄마랑 아빠 둘 다 돌봐주세요."
        },
        {
            "Q": "배가 고픈데 먹을 게 없어서 굶은 적 있어요?",
            "A": "아니요. 집에 먹을 거 많아요."
        },
        {
            "Q": "내가 아픈 곳이 있는데 어른들이 병원에 데려가지 않은 적이 있어요?",
            "A": "아니요."
        },
        {
            "Q": "더럽고 냄새나는 옷이나 사이즈가 작은 옷이나 신발을 입거나 신고 다닌 적 있어요?",
            "A": "아니요."
        },
        {
            "Q": "인터넷이나 휴대폰을 가지고 노는 시간은 하루에 몇 시간 정도에요?",
            "A": "한 시간이요."
        },
        {
            "Q": "어른들이 운동회나 참관 수업 또는 학부모 상담에 잘 오시나요?",
            "A": "네."
        },
        {
            "Q": "어른들 때문에 슬프거나 화가 난 적 있어요?",
            "A": "없어요."
        },
        {
            "Q": "주위 어른들 중 나를 때린 적이 있는 사람이 있나요?",
            "A": "아니요."
        },
        {
            "Q": "내가 원하지 않는데 누군가 내 몸을 만지거나 보여달라고 한 적 있어요?",
            "A": "음/ 아니요."
        },
        {
            "Q": "집에서 어른들끼리 소리 지르며 싸우는 걸 듣거나 본 적이 있나요?",
            "A": "네."
        },
        {
            "Q": "누가 어떻게 싸웠어요?",
            "A": "엄마 아빠가 안방에서 소리 지르면서 싸웠어요."
        },
        {
            "Q": "그때 어른들이 술을 마신 상태였나요?",
            "A": "아니요."
        },
        {
            "Q": "어른들이 술을 마시고 집에서 무섭게 행동할 때가 많나요?",
            "A": "그렇진 않은데 아빠가 술을 거의 매일 마셔요."
        },
        {
            "Q": "그렇게 싸울 때 나한테 안 좋은 소리를 하거나 내가 다친 적이 있나요?",
            "A": "아니요."
        },
        {
            "Q": "이런 일 때문에 집에서 나와 있거나 집에 경찰이나 다른 사람이 온 적 있나요?",
            "A": "아니요."
        },
        {
            "Q": "친구들이 나를 자주 놀리거나 괴롭힌다고 느낀 적이 있나요?",
            "A": "놀리거나 괴롭히진 않고 저랑 친해지려는 친구가 없어요."
        },
        {
            "Q": "어떨 때 마음이 복잡하거나 힘들어요?",
            "A": "벌써 1학기 끝인데 친한 친구가 없어서 외로워요."
        },
        {
            "Q": "이 때문에 괴로워서 죽고 싶다는 생각을 한 적 있나요?",
            "A": "아니요."
        },
        {
            "Q": "잠잘 때 주로 어떤 꿈을 꾸나요?",
            "A": "높은 데서 떨어지는 꿈도 꾸고요, 날아다니는 꿈도 꿔요."
        },
        {
            "Q": "꿈꾸고 일어나면 몸 상태가 어때요?",
            "A": "잘 모르겠어요."
        },
        {
            "Q": "부모님 허락 없이 또는 말도 없이 집에 오랫동안 나와 있었던 적이 있나요?",
            "A": "아니요."
        }
    ]
}