{
    "info": {
        "위기단계": "상담필요"
    },
    "kids_ment": [
        {
            "Q": "최근에 건강은 어때요? 아픈 곳이 있나요?",
            "A": "팔이랑 어깨가 당기듯이 아파요."
        },
        {
            "Q": "언제부터 그랬어요?",
            "A": "어제부터요."
        },
        {
            "Q": "왜 아픈 것 같아요?",
            "A": "어제 아저씨가 제 팔을 당겨가지고 그런 것 같아요."
        },
        {
            "Q": "최근에 다친 곳이 있나요?",
            "A": "아니요. 없어요."
        },
        {
            "Q": "뭘 할 때 즐거워요?",
            "A": "컴퓨터 게임할 때 제일 재밌어요."
        },
        {
            "Q": "어떤 점이 즐거워요?",
            "A": "몬스터 잡고 아이템 얻을 때 재밌어요."
        },
        {
            "Q": "최근 일주일 동안 짜증이나 화가 난 적이 있나요?",
            "A": "네, 어제 화났어요. 경비 아저씨가 자꾸 저 못 가게 말 걸고 잡아서요."
        },
        {
            "Q": "그렇게 화가 났을 때 어떻게 하면 기분이 풀려요?",
            "A": "그냥 친구나 엄마랑 말하거나 집 가서 게임하면 나아지는 것 같아요."
        },
        {
            "Q": "몇 시에 자고 몇 시에 일어나요?",
            "A": "숙제 끝나면 열 시에 자는데 보통 늦게까지 하느라 열한 시에 자고요, 여덟 시에 일어나요."
        },
        {
            "Q": "아침에 일어났을 때 몸 상태는 어때요?",
            "A": "깨도 졸려서 그대로 다시 잘 때 있어요. 엄마가 깨워줘요."
        },
        {
            "Q": "평소에 잠이 들기 힘들거나 잠자는 중간에 자주 깨는 편이에요?",
            "A": "아니요."
        },
        {
            "Q": "평상시에 엄마는 어떤 표정을 자주 지어요?",
            "A": "일하느라 많이 힘들어 보여요."
        },
        {
            "Q": "그럴 때 내 기분은 어때요?",
            "A": "걱정이 돼요."
        },
        {
            "Q": "형제자매가 있나요?",
            "A": "없어요."
        },
        {
            "Q": "친구들과는 주로 뭐 하고 놀아요?",
            "A": "같이 학원 가서 떡볶이 먹고 같이 집에 가요."
        },
        {
            "Q": "주로 몇 명이 놀아요?",
            "A": "그때그때 다른데 열 명씩 다니기도 하고 두 명도 같이 다녀요."
        },
        {
            "Q": "담임 선생님은 어때요? 좋아요, 아니면 싫어요?",
            "A": "좋아요. 편해요."
        },
        {
            "Q": "요즘 가장 큰 걱정거리는 뭐예요?",
            "A": "학원 가기가 싫어졌어요."
        },
        {
            "Q": "언제부터 학원 가는 게 싫어졌어요?",
            "A": "저번 주부터요."
        },
        {
            "Q": "학원 가는 게 왜 싫어요?",
            "A": "거기 경비 아저씨가 자꾸 말 걸고 귀찮게 해요."
        },
        {
            "Q": "그런 일 때문에 얼마나 자주 힘들어요?",
            "A": "요즘은 매일 힘들어요."
        },
        {
            "Q": "요즘 행복하다고 느끼나요?",
            "A": "행복한 편이에요."
        },
        {
            "Q": "어떤 점이 행복해요?",
            "A": "친구들하고 노는 것도 재밌고 공부도 재밌어요."
        },
        {
            "Q": "커서 어떤 사람이 되고 싶어요?",
            "A": "아직 정하지 못했는데 게임 잘하는 사람도 되고 싶고 운동선수도 되고 싶고 하고 싶은 게 많아요."
        },
        {
            "Q": "그 직업들이 되고 싶은 이유가 뭐예요?",
            "A": "제가 게임하는 걸 좋아해서 커서도 게임하는 사람이 됐으면 좋겠고요, 운동선수는 제가 운동을 좋아하진 않는데 잘해서 한번 해보고 싶어요."
        },
        {
            "Q": "주로 나를 돌봐주는 어른은 누구예요?",
            "A": "엄마요."
        },
        {
            "Q": "배가 고픈데 먹을 게 없어서 굶은 적 있어요?",
            "A": "아니요."
        },
        {
            "Q": "내가 아픈 곳이 있는데 어른들이 병원에 데려가지 않은 적이 있어요?",
            "A": "아니요."
        },
        {
            "Q": "더럽고 냄새나는 옷이나 사이즈가 작은 옷이나 신발을 입거나 신고 다닌 적 있어요?",
            "A": "아니요."
        },
        {
            "Q": "인터넷이나 휴대폰을 가지고 노는 시간은 하루에 몇 시간 정도에요?",
            "A": "많으면 하루에 컴퓨터 네 시간이요."
        },
        {
            "Q": "컴퓨터를 너무 많이 한다고 뭐라고 하진 않으세요?",
            "A": "뭐라고 하는데 제 유일한 취미라서 그냥 시켜줘요."
        },
        {
            "Q": "어른들이 운동회나 참관 수업 또는 학부모 상담에 잘 오시나요?",
            "A": "네."
        },
        {
            "Q": "부모님이나 선생님 때문에 슬프거나 화가 난 적이 있어요?",
            "A": "그런 적은 없어요."
        },
        {
            "Q": "주위 어른들 중 나를 때린 적이 있는 사람이 있나요?",
            "A": "아니요."
        },
        {
            "Q": "내가 원하지 않는데 누군가 내 몸을 만지거나 보여달라고 한 적 있어요?",
            "A": "네. 어제 경비아저씨가 제 팔도 잡아당기고 끌어안았어요."
        },
        {
            "Q": "그 아저씨는 어디 경비 아저씨예요?",
            "A": "제가 다니는 학원 경비 아저씨예요."
        },
        {
            "Q": "이런 일이 자주 있었어요?",
            "A": "끌어안은 건 어제 처음이었어요."
        },
        {
            "Q": "그 사람이 다른 행동도 했나요?",
            "A": "네. 저한테 사귀자고 하고 예쁘다고 볼에 뽀뽀해달래서 무서워서 해줬어요."
        },
        {
            "Q": "누가 소중한 부위를 아프게 한 적 있나요?",
            "A": "아니요."
        },
        {
            "Q": "누가 내 몸을 사진 찍거나 동영상 찍은 적 있나요?",
            "A": "아니요."
        },
        {
            "Q": "내 신체 부위를 찍어서 보내면 돈을 준다고 한 적이 있거나 그런 걸 보내서 돈을 받은 적 있나요?",
            "A": "아니요."
        },
        {
            "Q": "집에서 어른들끼리 소리 지르며 싸우는 걸 듣거나 본 적이 있나요?",
            "A": "저희 집에는 저랑 엄마밖에 없어서 어른들끼리 싸우는 건 본 적 없어요."
        },
        {
            "Q": "친구들이 나를 자주 놀리거나 괴롭힌다고 느낀 적이 있나요?",
            "A": "아니요. 다들 친해요."
        },
        {
            "Q": "어떨 때 마음이 복잡하거나 힘들어요?",
            "A": "사실 어제 있었던 일을 엄마한테 말하지 못하겠어서 좀 힘들어요."
        },
        {
            "Q": "이 때문에 괴로워서 죽고 싶다는 생각을 한 적 있나요?",
            "A": "없어요."
        },
        {
            "Q": "잠잘 때 주로 어떤 꿈을 꾸나요?",
            "A": "어제는 처음으로 제가 도망가는 꿈을 꿨어요."
        },
        {
            "Q": "꿈 꾸고 일어났을 때 몸 상태가 어땠어요?",
            "A": "온몸에 땀이 났어요."
        },
        {
            "Q": "부모님 허락 없이 집에 오랫동안 나와 있었던 적이 있나요?",
            "A": "아니요."
        }
    ]
}