{
    "info": {
        "위기단계": "상담필요"
    },
    "kids_ment": [
        {
            "Q": "최근에 건강은 어때요? 아픈 곳이 있나요?",
            "A": "어제 엄마한테 두들겨 맞아서 온몸이 아프고 멍들었어요."
        },
        {
            "Q": "왜 때리셨나요?",
            "A": "제가 엄마 지갑에서 돈을 가져가서 혼냈어요."
        },
        {
            "Q": "이렇게 맞는 일이 자주 있나요?",
            "A": "제가 잘못하면 회초리로 때리긴 하는데 이렇게 심하게 맞은 건 처음이에요."
        },
        {
            "Q": "최근에 다친 곳이 있나요?",
            "A": "네. 멍도 들고 앞니가 부러졌어요."
        },
        {
            "Q": "어쩌다 다쳤어요?",
            "A": "이것도 어제 엄마가 몽둥이랑 몽키스패너로 때렸을 때 잘못 맞아서 이가 부러졌어요."
        },
        {
            "Q": "뭘 할 때 즐거워요?",
            "A": "친구들이랑 피시방 가서 게임할 때요."
        },
        {
            "Q": "어떤 점이 즐거워요?",
            "A": "애들이랑 소리 지르고 게임하면 스트레스가 풀리는 것 같아요."
        },
        {
            "Q": "최근 일주일 동안 짜증이나 화가 난 적이 있나요?",
            "A": "네. 친구들이랑 놀려고 했는데 돈이 없을 때 짜증 났어요."
        },
        {
            "Q": "그렇게 짜증이 났을 때 어떻게 하면 기분이 풀려요?",
            "A": "엄마 몰래 돈 가져가서 피시방 가니까 그때는 기분이 좋았는데, 나중에는 혼나기도 하고 잘못한 것 같아서 기분이 안 좋아졌어요."
        },
        {
            "Q": "몇 시에 자고 몇 시에 일어나요?",
            "A": "게임하느라 기본 새벽 한 시 넘어서 자는 것 같고 여덟 시 반 넘어서 일어나요."
        },
        {
            "Q": "아침에 일어났을 때 몸 상태는 어때요?",
            "A": "졸려요."
        },
        {
            "Q": "평소에 잠이 들기 힘들거나 잠자는 중간에 자주 깨는 편이에요?",
            "A": "아니요."
        },
        {
            "Q": "평상시에 어머니는 어떤 표정을 자주 지어요?",
            "A": "저한테 화를 많이 내요."
        },
        {
            "Q": "그럴 때 내 기분은 어때요?",
            "A": "좋진 않죠. 피하고 싶어요."
        },
        {
            "Q": "형제자매가 있나요?",
            "A": "저밖에 없어요."
        },
        {
            "Q": "친구들과는 주로 뭐 하고 놀아요?",
            "A": "대부분 학교 끝나고 피시방 가서 게임해요."
        },
        {
            "Q": "주로 몇 명이 놀아요?",
            "A": "기본적으로 다섯 명인데 더 많을 때도 있어요."
        },
        {
            "Q": "담임 선생님은 어때요? 좋아요, 아니면 싫어요?",
            "A": "저를 별로 안 좋아해요. 수업 시간에 떠들고 공부도 잘 못하고 지각을 많이 해서요. 저를 못마땅해하는 게 느껴져서 저도 싫어요."
        },
        {
            "Q": "요즘 가장 큰 걱정거리는 뭐예요?",
            "A": "앞니가 부러져서 치료해도 원래대로 안 돌아갈까 봐 걱정돼요."
        },
        {
            "Q": "이 때문에 많이 불편하거나 힘들 것 같은데 계속 신경이 쓰여요, 아니면 그러다 가도 괜찮아져요?",
            "A": "계속 신경이 쓰여요."
        },
        {
            "Q": "요즘 행복하다고 느끼나요?",
            "A": "어제 일만 없었다면 행복했을 것 같아요."
        },
        {
            "Q": "지금은 불행하다고 느끼나요?",
            "A": "네."
        },
        {
            "Q": "커서 어떤 사람이 되고 싶어요?",
            "A": "프로게이머가 돼서 대회에 나가서 우승하고 싶어요."
        },
        {
            "Q": "왜 그런 목표를 가지게 되었어요?",
            "A": "게임 하는 게 재밌고 제가 잘하는 것 같아서요."
        },
        {
            "Q": "주로 나를 돌봐주는 어른은 누구예요?",
            "A": "엄마가 돌봐줘요."
        },
        {
            "Q": "배가 고픈데 먹을 게 없어서 굶은 적 있어요?",
            "A": "아니요."
        },
        {
            "Q": "내가 아픈 곳이 있는데 어른들이 병원에 데려가지 않은 적이 있어요?",
            "A": "아니요."
        },
        {
            "Q": "더럽고 냄새나는 옷이나 사이즈가 작은 옷이나 신발을 입거나 신고 다닌 적 있어요?",
            "A": "아니요."
        },
        {
            "Q": "인터넷이나 휴대폰을 가지고 노는 시간은 하루에 몇 시간 정도에요?",
            "A": "컴퓨터랑 휴대폰 시간이 좀 많아요. 제일 많을 때는 여덟 시간도 있고 하루에 다섯 시간 이상이요."
        },
        {
            "Q": "컴퓨터랑 휴대폰을 너무 많이 한다고 뭐라고 하진 않으세요?",
            "A": "뭐라고 하시고 제 폰에 키즈락도 걸어놨어요."
        },
        {
            "Q": "어른들이 운동회나 참관 수업 또는 학부모 상담에 잘 오시나요?",
            "A": "바빠서 잘 못 오세요."
        },
        {
            "Q": "부모님이나 선생님 때문에 슬프거나 화가 난 적이 있어요?",
            "A": "네. 어제 엄마한테 혼났을 때 제일 화가 났어요."
        },
        {
            "Q": "엄마의 어떤 말이나 행동이 슬프게 했어요?",
            "A": "저한테 욕하고 때렸어요."
        },
        {
            "Q": "나를 어디에 가두고 못 나오게 한 적 있나요?",
            "A": "없어요."
        },
        {
            "Q": "나를 다른 아이들과 비교하나요?",
            "A": "진짜 가끔씩 그래요."
        },
        {
            "Q": "나를 집에서 쫓아내거나 버리겠다고 말하거나 진짜 쫓아낸 적 있나요?",
            "A": "어제 혼나기 전에 꼴 보기 싫다고 집 문을 안 열어 줬어요."
        },
        {
            "Q": "주위 어른들 중 나를 때린 적이 있는 사람이 있나요?",
            "A": "네. 엄마가 어제 때렸다니까요."
        },
        {
            "Q": "어제 어떤 부위를 무엇으로 맞았는지 다시 말해줄 수 있어요?",
            "A": "손으로 머리도 여러 번 때렸고요, 발로 저를 밟기도 했고 그다음에 플라스틱 막대랑 몽키스패너로 때려서 멍들고 앞니 부러졌어요."
        },
        {
            "Q": "평소에 자주 때리시는 편이에요?",
            "A": "제가 잘못할 때만 때려요. 한 달에 한 번도 안 때려요."
        },
        {
            "Q": "병원 가서 치료는 받았나요?",
            "A": "어제 바로 병원은 갔어요."
        },
        {
            "Q": "입원한 적도 있나요?",
            "A": "없어요."
        },
        {
            "Q": "내가 원하지 않는데 누군가 내 몸을 만지거나 보여달라고 한 적 있어요?",
            "A": "아니요."
        },
        {
            "Q": "집에서 어른들끼리 소리 지르며 싸우는 걸 듣거나 본 적이 있나요?",
            "A": "아니요."
        },
        {
            "Q": "친구들이 나를 자주 놀리거나 괴롭힌다고 느낀 적 있나요?",
            "A": "아니요. 친구들 착해요."
        },
        {
            "Q": "어떨 때 마음이 복잡하거나 힘들어요?",
            "A": "어제 완전 아프고 우울했어요."
        },
        {
            "Q": "이 때문에 괴로워서 죽고 싶다는 생각을 한 적이 있나요?",
            "A": "아니요."
        },
        {
            "Q": "잠잘 때 주로 어떤 꿈을 꾸나요?",
            "A": "꿈 안 꿔요."
        },
        {
            "Q": "부모님 허락 없이 집에 오랫동안 나와 있었던 적이 있나요?",
            "A": "그런 적 없어요."
        }
    ]
}