{
    "info": {
        "위기단계": "상담필요"
    },
    "kids_ment": [
        {
            "Q": "최근에 건강한가요, 아니면 아픈 곳이 있나요?",
            "A": "네, 있어요."
        },
        {
            "Q": "어디가 아팠나요?",
            "A": "머리가 아파요."
        },
        {
            "Q": "언제부터 아팠나요?",
            "A": "올해 2월부터요."
        },
        {
            "Q": "얼마나 자주 아팠나요?",
            "A": "1주일에 두 번 정도예요."
        },
        {
            "Q": "최근에 다쳤던 적이 있었나요? 없었나요?",
            "A": "네, 있어요."
        },
        {
            "Q": "어디를 다쳤나요?",
            "A": "머리를 다쳤어요."
        },
        {
            "Q": "왜 다쳤나요?",
            "A": "엄마가 때렸어요."
        },
        {
            "Q": "뭘 할 때가 즐겁나요?",
            "A": "동물원 갈 때 즐거워요."
        },
        {
            "Q": "동물원에서 어떤 점이 즐거운가요?",
            "A": "동물들 구경하면 재밌어요."
        },
        {
            "Q": "최근 1주일 동안 짜증이나 화가 난 적이 있나요?",
            "A": "네, 있어요."
        },
        {
            "Q": "무엇 때문에 짜증이나 화가 났나요?",
            "A": "엄마가 저를 때려서 짜증 났어요."
        },
        {
            "Q": "그런 일이 자주 일어나나요?",
            "A": "1주일에 두 번 정도예요."
        },
        {
            "Q": "평소에 짜증이나 화가 났을 때 어떻게 하면 마음이 풀려요?",
            "A": "그냥 가만히 있어요."
        },
        {
            "Q": "몇 시에 자고 몇 시에 일어나나요?",
            "A": "밤 열한 시에 자서 아침 일곱 시에 일어나요."
        },
        {
            "Q": "아침에 일어났을 때 몸 상태는 어때요?",
            "A": "그냥 그래요."
        },
        {
            "Q": "평소에 잠이 들기 힘들거나 잠자는 중간에 자주 깨나요?",
            "A": "그렇지는 않아요."
        },
        {
            "Q": "평상시에 아버지는 어떤 표정을 자주 짓나요?",
            "A": "웃는 표정을 지으세요."
        },
        {
            "Q": "왜 그런 표정을 짓는 것 같아요?",
            "A": "성격이 긍정적인 거 같아요."
        },
        {
            "Q": "그 표정을 지을 때 내 기분은 어때요?",
            "A": "저도 기분 좋아요."
        },
        {
            "Q": "평상시에 어머니는 어떤 표정을 자주 짓나요?",
            "A": "무표정이에요."
        },
        {
            "Q": "왜 그런 표정을 짓는 것 같아요?",
            "A": "엄마는 신나는 일이 없어 보여요."
        },
        {
            "Q": "그 표정을 지을 때 내 기분은 어때요?",
            "A": "저도 기분이 좋진 않아요."
        },
        {
            "Q": "형제자매는 몇 명이에요?",
            "A": "한 명 있어요."
        },
        {
            "Q": "형제자매는 누구누구가 있어요?",
            "A": "남동생이에요."
        },
        {
            "Q": "남동생과는 사이가 어때요?",
            "A": "좋아요."
        },
        {
            "Q": "평소에 부모님이 남동생과 나를 차별하는 것 같아요?",
            "A": "아니요."
        },
        {
            "Q": "친구들이랑 주로 뭐 하고 놀아요?",
            "A": "유튜브 보며 놀아요."
        },
        {
            "Q": "주로 몇 명이 놀아요?",
            "A": "두세 명이랑 놀아요."
        },
        {
            "Q": "담임 선생님을 좋아하나요? 싫어하나요?",
            "A": "그냥 좋기도 하고, 싫기도 해요."
        },
        {
            "Q": "담임 선생님이 어떤 부분에서 좋아요?",
            "A": "가끔 저희들 간식 사주세요."
        },
        {
            "Q": "담임 선생님이 어떤 부분에서 안 좋아요?",
            "A": "가끔 엄격하세요."
        },
        {
            "Q": "요즘 가장 큰 걱정거리는 무엇인가요?",
            "A": "크게 없어요."
        },
        {
            "Q": "요즘 행복하다고 느끼나요?",
            "A": "네."
        },
        {
            "Q": "어떤 점에서 행복했어요?",
            "A": "가족들이랑 외식했어요."
        },
        {
            "Q": "커서 어떤 사람이 되고 싶은지, 꿈이 무엇인지 이야기해 줄래요?",
            "A": "꿈은 없어요."
        },
        {
            "Q": "해보고 싶은 일이 따로 없나요?",
            "A": "해보고 싶은 일은 따로 없어요."
        },
        {
            "Q": "집에서 주로 나를 돌봐주는 어른은 누구인가요?",
            "A": "엄마예요."
        },
        {
            "Q": "배가 고픈데 먹을 게 없어서 굶은 적이 있나요? 왜 그랬나요?",
            "A": "아니요. 없어요."
        },
        {
            "Q": "저녁에 나를 집에 혼자 두고 어른들이 나갔던 적 있나요? 얼마나 자주 이런 일이 있나요?",
            "A": "아니요. 없어요."
        },
        {
            "Q": "가족 중에 나를 항상 돌봐주는 사람이 갑자기 말도 없이 집을 나가서 안 들어온 적이 있나요?",
            "A": "아니요. 없어요."
        },
        {
            "Q": "어디 아픈 곳이 있는데, 어른들이 병원에 데려가지 않은 적이 있나요? 몇 번이나 있나요?",
            "A": "아니요. 없어요."
        },
        {
            "Q": "옷이나 신발 사이즈가 작은 걸 입거나 신고 다닌 적이 있나요? 기간은 어느 정도인가요?",
            "A": "아니요. 없어요."
        },
        {
            "Q": "부모님이나 선생님 때문에 슬프거나 화가 난 적이 있나요?",
            "A": "네, 엄마 때문에 좀 슬퍼요."
        },
        {
            "Q": "부모님이나 선생님의 어떤 말이나 행동이 나를 슬프게 하나요?",
            "A": "집에 늦게 오면 저를 때리세요."
        },
        {
            "Q": "어른들이 나를 어디에 가두고 못 나오게 한 적 있나요?",
            "A": "아니요."
        },
        {
            "Q": "다른 사람들 앞에서도 혼날 때 있나요? 얼마나 자주 그러나요?",
            "A": "아니요. 없어요."
        },
        {
            "Q": "어른들이 나를 다른 아이들과 비교하나요? 얼마나 자주 그런가요?",
            "A": "아니요. 없어요."
        },
        {
            "Q": "어른들이 나를 집에서 쫓아내거나 버리겠다고 말하거나 진짜 쫓아낸 적이 있나요?",
            "A": "아니요. 없어요."
        },
        {
            "Q": "주위 어른들 중 나를 때린 적 있는 사람이 있나요?",
            "A": "네, 있어요."
        },
        {
            "Q": "최근에 나를 때린 어른은 누구인가요? 누가 그랬어요?",
            "A": "엄마예요."
        },
        {
            "Q": "엄마가 나를 때리시는 이유는 뭐라고 생각해요?",
            "A": "집에 늦게 들어왔다고 때렸어요."
        },
        {
            "Q": "엄마에게 어느 부위를 무엇으로 맞았나요?",
            "A": "머리채를 잡고 파리채로 머리를 맞았어요."
        },
        {
            "Q": "평소 엄마가 자주 때리시나요?",
            "A": "네, 그러세요."
        },
        {
            "Q": "엄마에게 맞아서 얼마나 다쳤나요?",
            "A": "머리에서 열이 나고 물집도 생겼어요."
        },
        {
            "Q": "내가 원치 않는데도 누군가가 내 몸을 만지거나 보여달라고 한 적 있어요?",
            "A": "아니요. 없어요."
        },
        {
            "Q": "집에서 어른들끼리 소리 지르면서 싸우는 걸 듣거나 본 적이 있나요? 있다면 얼마나 자주 있나요?",
            "A": "아니요. 없어요."
        },
        {
            "Q": "친구들이 나를 자주 놀리거나 괴롭힌다고 느낀 적이 있나요?",
            "A": "아니요. 없어요."
        },
        {
            "Q": "어떨 때 마음이 복잡하거나 힘든가요?",
            "A": "그냥 엄마가 저를 때릴 때 복잡한 마음이 들어요."
        },
        {
            "Q": "안 좋은 기억 때문에 괴로워서 죽고 싶다는 생각을 한 적 있나요?",
            "A": "아니요. 없어요."
        },
        {
            "Q": "잠잘 때 주로 어떤 꿈을 꾸나요?",
            "A": "꿈은 꾸지 않아요."
        },
        {
            "Q": "부모님의 허락 없이 또는 말도 없이 집에 오랫동안 나와 있었던 적이 있나요?",
            "A": "아니요. 없어요."
        }
    ]
}