{
    "info": {
        "위기단계": "응급"
    },
    "kids_ment": [
        {
            "Q": "최근에 건강한가요, 아니면 아픈 곳이 있나요?",
            "A": "최근에 배가 아팠던 적이 있었어요. 그 외에는 특별히 아픈 곳은 없어요."
        },
        {
            "Q": "언제부터 아팠나요?",
            "A": "한 1주일 전부터 배가 조금 아팠어요. 그런데 점점 더 심해져서 걱정이에요."
        },
        {
            "Q": "왜 아팠나요?",
            "A": "정확한 원인은 모르겠어요. 그냥 갑자기 배가 아파서, 어쩌면 스트레스 때문일 수도 있을 것 같아요."
        },
        {
            "Q": "최근에 다쳤던 적이 있었나요?",
            "A": "아니요. 최근에 다쳤던 적은 없어요. 저는 건강하게 지낸 것 같아요."
        },
        {
            "Q": "뭘 할 때가 즐겁나요?",
            "A": "친구들과 함께 놀 때와 그림을 그릴 때예요. 특히, 색칠하기를 좋아해서 여러 가지 색깔로 이쁜 그림을 만드는 걸 정말 좋아해요."
        },
        {
            "Q": "어떤 점이 즐거운가요?",
            "A": "친구들과 함께 놀 때는 서로 웃고 장난치며 즐거운 시간을 보내니까요. 그리고 그림 그릴 때는 내 마음대로 세상을 표현할 수가 있어서 좋아요."
        },
        {
            "Q": "최근 일주일 동안 짜증이나 화가 난 적이 있나요?",
            "A": "엄마가 자주 출장을 가셔서 집에서 혼자 있는 시간이 많아져서 외롭고 짜증 나기도 했어요."
        },
        {
            "Q": "엄마가 얼마나 출장을 자주 가나요?",
            "A": "엄마는 보통 한 달에 두 번 정도 출장을 가세요. 그런데 출장이 길어져서 대략 일주일씩 집에 없어요."
        },
        {
            "Q": "평소에 짜증이나 화가 났을 때, 어떻게 하면 마음이 풀려요?",
            "A": "방에서 혼자 음악을 듣거나 그림을 그려요."
        },
        {
            "Q": "몇 시에 자고, 몇 시에 일어나나요?",
            "A": "열 시에 자고 아침 일곱 시에 일어나요."
        },
        {
            "Q": "아침 일어났을 때, 몸 상태는 어때요?",
            "A": "몸 상태 괜찮아요."
        },
        {
            "Q": "평소에 잠이 들기 힘들거나, 잠자는 중간에 자주 깨나요?",
            "A": "아니요, 보통 잠이 들기는 쉬운 편이에요. 그리고 한 번 잠들면 아침까지 깨지 않고 잘 수 있어요."
        },
        {
            "Q": "평상시에 아버지는 어떤 표정을 자주 짓나요?",
            "A": "평상시에 아빠는 차분한 표정이요."
        },
        {
            "Q": "아빠는 친구를 볼 때 왜 차분한 표정을 짓는 것 같아요?",
            "A": "조용한 사람이라서요."
        },
        {
            "Q": "그 표정을 지을 때, 내 기분은 어때요?",
            "A": "편안해요."
        },
        {
            "Q": "평상시에 어머니는 어떤 표정을 자주 짓나요?",
            "A": "엄마는 조급한 표정이요."
        },
        {
            "Q": "엄마는 친구를 볼 때 왜 조급한 표정을 짓는 것 같아요?",
            "A": "출장이 많고, 일이 바빠서요."
        },
        {
            "Q": "그 표정을 지을 때, 내 기분은 어때요?",
            "A": "섭섭할 때가 있어요. 그래도 엄마는 좋아요."
        },
        {
            "Q": "형제자매는 몇 명이에요?",
            "A": "위에 오빠가 한 명 있어요."
        },
        {
            "Q": "오빠랑 사이가 어때요?",
            "A": "가끔은 싸움을 하기도 하지만, 그래도 함께 있을 때가 많고, 친하기는 해요."
        },
        {
            "Q": "평소에 부모님이 오빠와 친구를 차별하는 것 같아요?",
            "A": "아니요."
        },
        {
            "Q": "친구들이랑 주로 뭐 하고 놀아요?",
            "A": "공원에서 뛰어놀거나 자전거를 타면서 산책하기도 해요."
        },
        {
            "Q": "주로 몇 명이 놀아요?",
            "A": "두 명에서 세 명이요."
        },
        {
            "Q": "담임선생님을 좋아하나요, 싫어하나요?",
            "A": "담임선생님을 좋아해요. 무언가를 할 때, 응원을 많이 해 주세요."
        },
        {
            "Q": "요즘 가장 큰 걱정거리는 무엇인가요?",
            "A": "요즘 제일 큰 걱정거리는 엄마가 자주 출장을 가서 집에 없는 시간이 많아진 거예요."
        },
        {
            "Q": "걱정거리 때문에 생활이 불편하거나 힘든가요?",
            "A": "한 달에 한두 번 엄마가 출장 가면 슬퍼요."
        },
        {
            "Q": "요즘 행복하다고 느끼나요?",
            "A": "아닐 때도 있어요."
        },
        {
            "Q": "어떤 부분에서는 행복하지 않다고 느껴요?",
            "A": "엄마가 자주 출장을 가서 집에 없어서 외롭기도 하고, 이웃집 아저씨가 싫어요."
        },
        {
            "Q": "행복하다고 느낄 때는 언제인가요?",
            "A": "가족들이랑 있을 때랑 친구랑 놀 때 행복해요."
        },
        {
            "Q": "커서 어떤 사람이 되고 싶은지, 꿈이 무엇인지 이야기해 줄래요?",
            "A": "다른 사람들에게 도움을 주는 사람이 되고 싶어요. 그래서 의사나 상담사가 되고 싶어요."
        },
        {
            "Q": "집에서 주로 나를 돌봐주는 어른은 누구인가요?",
            "A": "엄마랑 아빠. 하지만 요즘에는 엄마가 자주 출장을 가서 집에 없을 때가 있어요."
        },
        {
            "Q": "배가 고픈데 먹을 게 없어서 굶은 적이 있나요?",
            "A": "굶은 적 없어요."
        },
        {
            "Q": "저녁에 나를 집에 혼자 두고 어른들이 나갔던 적 있나요?",
            "A": "아니요."
        },
        {
            "Q": "가족 중에 나를 항상 돌봐주는 사람이 갑자기 말도 없이 집을 나가서 안 들어온 적이 있나요?",
            "A": "아니요. 항상 저에게 어디로 가는지, 언제 오는지 알려줬어요."
        },
        {
            "Q": "어디 아픈 곳이 있는데 어른들이 병원에 데려가지 않은 적이 있나요?",
            "A": "아니요."
        },
        {
            "Q": "인터넷이나 휴대폰을 가지고 노는 시간은 하루에 몇 시간 정도인가요?",
            "A": "두 시간이요. 정해져 있어요."
        },
        {
            "Q": "어른들이 운동회나 참관 수업 또는 학부모 상담 같은 학교 행사에 잘 오시나요?",
            "A": "네. 대부분 오세요."
        },
        {
            "Q": "부모님이나 선생님 때문에 슬프거나 화가 난 적이 있나요?",
            "A": "엄마가 출장 갔을 때 제가 사 달라고 한 거 안 사 왔을 때 화가 났어요."
        },
        {
            "Q": "다른 사람들 앞에서도 혼날 때가 있나요?",
            "A": "아니요."
        },
        {
            "Q": "어른들이 나를 다른 아이들과 비교하나요?",
            "A": "아니요. 안 그래요."
        },
        {
            "Q": "내가 무엇을 하려고 할 때, 무조건 안 된다고 하거나, 하기 싫은데도 무조건 하라고 할 때가 있나요?",
            "A": "없어요."
        },
        {
            "Q": "마음이 힘들 때, 누구에게 내 마음을 이야기하나요?",
            "A": "마음이 힘들 때 가장 먼저 친구한테 이야기해요."
        },
        {
            "Q": "주위 어른들 중 나를 때린 적이 있는 사람이 있나요?",
            "A": "아니요."
        },
        {
            "Q": "내가 원하지 않는데도 누군가가 내 몸을 만지거나 보여달라고 한 적 있어요?",
            "A": "네. 이웃집 아저씨가 그랬어요."
        },
        {
            "Q": "아저씨가 나이는 몇 살 같아 보였어요?",
            "A": "아빠보다 나이가 많아 보였어요."
        },
        {
            "Q": "아저씨가 어떻게 행동했나요?",
            "A": "평소에도 같은 아파트라서 인사했어요. 그날도 인사했는데 가까이 오라고 해서 갔더니 얼마나 이쁘다면서 껴안고, 볼이랑 입에 뽀뽀했어요."
        },
        {
            "Q": "이런 일이 자주 있었나요?",
            "A": "지난번에는 그냥 악수하고 안았는데 싫었지만 그래도 아저씨가 이쁘다고 그런 줄 알았어요."
        },
        {
            "Q": "언제 그랬는지 기억해요?",
            "A": "악수하고 안은 거는 두 달 전이고 뽀뽀한 거는 일주일 전 주말에 그랬어요."
        },
        {
            "Q": "이 이야기를 누구에게 말했어요?",
            "A": "엄마한테 이야기했어요. 그래서 경찰에 신고하고 상담도 받았어요."
        },
        {
            "Q": "어른들끼리 소리 지르면서 싸우는 걸 듣거나 본 적이 있나요?",
            "A": "아니요. 없어요."
        },
        {
            "Q": "친구들이 나를 자주 놀리거나 괴롭힌다고 느낀 적이 있나요?",
            "A": "아니요."
        },
        {
            "Q": "어떨 때 마음이 복잡하거나 힘든가요?",
            "A": "옆집 아저씨 생각하면 힘들고, 무서워요."
        },
        {
            "Q": "자주 그래요?",
            "A": "네. 학교 갈 때마다 엄마나 아빠가 데려다주지 않으면 무서워요."
        },
        {
            "Q": "안 좋은 기억 때문에 괴로워서 죽고 싶다는 생각을 한 적 있나요?",
            "A": "아니요."
        },
        {
            "Q": "잠잘 때 주로 어떤 꿈을 꾸나요?",
            "A": "꿈 안 꿔요."
        },
        {
            "Q": "부모님의 허락 없이 또는 말도 없이 집에서 오랫동안 나와 있었던 적이 있나요?",
            "A": "아니요. 없어요."
        }
    ]
}