{
    "info": {
        "위기단계": "정상군"
    },
    "kids_ment": [
        {
            "Q": "최근에 건강한가요, 아니면 아픈 곳이 있나요?",
            "A": "건강해요."
        },
        {
            "Q": "최근에 다쳤던 적이 있었나요?",
            "A": "최근에 교통사고를 당했어요. 그때 다리가 조금 다쳤고, 지금은 치료가 끝났어요."
        },
        {
            "Q": "어쩌다가 교통사고를 당했나요?",
            "A": "학교에서 집에 돌아오는 길이었어요. 보통 학교에서 아빠가 자동차로 데리러 와주시는데, 그날 아빠가 회사에 일 있어서 혼자 걸어서 집으로 가고 있었어요. 신호등을 제대로 확인하지 않고 급하게 건넜는데 차가 나타나더라고요."
        },
        {
            "Q": "언제 그랬나요?",
            "A": "한 달 전에 그랬어요."
        },
        {
            "Q": "뭘 할 때가 즐겁나요?",
            "A": "친구들과 놀 때 가장 행복해요. 친구들이랑 축구하는 것도 좋고요. 컴퓨터 게임도 즐거워요."
        },
        {
            "Q": "최근 일주일 동안 짜증이나 화가 난 적이 있나요?",
            "A": "친구가 제 공책을 빌렸다가 갖다주지 않아서 저 그 친구한테 화를 냈어요."
        },
        {
            "Q": "그런 일이 자주 일어나나요?",
            "A": "자주 일어나지는 않아요."
        },
        {
            "Q": "평소에 짜증이나 화가 났을 때, 어떻게 하면 마음이 풀려요?",
            "A": "산책할 때가 많아요."
        },
        {
            "Q": "몇 시에 자고, 몇 시에 일어나나요?",
            "A": "평일에는 학교 가야 해서 보통 밤 열 시에 자고 일곱 시에 일어나요."
        },
        {
            "Q": "아침 일어났을 때, 몸 상태는 어때요?",
            "A": "좋아요."
        },
        {
            "Q": "평소에 잠이 들기 힘들거나, 잠자는 중간에 자주 깨나요?",
            "A": "아니요."
        },
        {
            "Q": "평상시에 아버지는 어떤 표정을 자주 짓나요?",
            "A": "웃는 표정을 자주 짓고 계셔요. 아빠는 상냥해요."
        },
        {
            "Q": "아빠는 왜 그런 표정을 짓는 것 같아요?",
            "A": "좋은 사람이니까요."
        },
        {
            "Q": "그 표정을 지을 때, 내 기분은 어때요?",
            "A": "너무 좋아요. 아빠가 세상에서 가장 좋아요."
        },
        {
            "Q": "형제자매는 몇 명이에요?",
            "A": "외동이요."
        },
        {
            "Q": "친구들이랑 주로 뭐 하고 놀아요?",
            "A": "만화나 애니메이션 보기도 하고, 축구도 해요."
        },
        {
            "Q": "주로 몇 명이서 놀아요?",
            "A": "여섯 명이요."
        },
        {
            "Q": "담임선생님을 좋아하나요, 싫어하나요?",
            "A": "담임 선생님이 좋아요. 담임선생님이 잘 챙겨주세요."
        },
        {
            "Q": "요즘 가장 큰 걱정거리는 무엇인가요?",
            "A": "학교에서 공부하는 게 너무 어려워요."
        },
        {
            "Q": "걱정거리 때문에 생활이 불편하거나 힘든가요?",
            "A": "그냥 시험 볼 때가 되면 걱정돼요."
        },
        {
            "Q": "시험을 자주 봐요?",
            "A": "1년에 네 번이요."
        },
        {
            "Q": "요즘 행복하다고 느끼나요?",
            "A": "행복할 때도 있지만, 엄마가 없다고 느껴질 때는 너무 슬퍼요. 저도 저를 아껴주는 엄마가 있으면 좋겠어요."
        },
        {
            "Q": "커서 어떤 사람이 되고 싶은지, 꿈이 무엇인지 이야기해 줄래요?",
            "A": "아빠가 형사가 되면 좋겠다고 했어요."
        },
        {
            "Q": "친구가 하고 싶은 거는 없어요?",
            "A": "네. 생각해 본 적 없어요."
        },
        {
            "Q": "집에서 주로 나를 돌봐주는 어른은 누구인가요?",
            "A": "아빠요."
        },
        {
            "Q": "배가 고픈데 먹을 게 없어서 굶은 적이 있나요?",
            "A": "굶은 적 없어요."
        },
        {
            "Q": "저녁에 나를 집에 혼자 두고 어른들이 나갔던 적 있나요?",
            "A": "아니요."
        },
        {
            "Q": "인터넷이나 휴대폰을 가지고 노는 시간은 하루에 몇 시간 정도인가요?",
            "A": "두 시간이요."
        },
        {
            "Q": "어른들이 운동회나 참관 수업 또는 학부모 상담 같은 학교 행사에 잘 오시나요?",
            "A": "아빠가 못 오시면 가끔은 고모나 할머니가 오세요."
        },
        {
            "Q": "부모님이나 선생님 때문에 슬프거나 화가 난 적이 있나요?",
            "A": "아빠가 바빠서 가끔 저녁을 같이 못 먹을 때가 있어요. 그때 살짝 슬퍼요."
        },
        {
            "Q": "다른 사람들 앞에서도 혼날 때가 있나요?",
            "A": "아니요."
        },
        {
            "Q": "어른들이 나를 다른 아이들과 비교하나요?",
            "A": "아니요. 안 그래요."
        },
        {
            "Q": "내가 무엇을 하려고 할 때, 무조건 안 된다고 하거나, 하기 싫은데도 무조건 하라고 할 때가 있나요?",
            "A": "없어요."
        },
        {
            "Q": "마음이 힘들 때, 누구에게 내 마음을 이야기하나요?",
            "A": "아빠한테 말해요."
        },
        {
            "Q": "주위 어른들 중 나를 때린 적이 있는 사람이 있나요?",
            "A": "아니요."
        },
        {
            "Q": "내가 원하지 않는데도 누군가가 내 몸을 만지거나 보여달라고 한 적 있어요?",
            "A": "아니요."
        },
        {
            "Q": "어른들끼리 소리 지르면서 싸우는 걸 듣거나 본 적이 있나요?",
            "A": "아니요."
        },
        {
            "Q": "친구들이 나를 자주 놀리거나 괴롭힌다고 느낀 적이 있나요?",
            "A": "아니요."
        },
        {
            "Q": "어떨 때 마음이 복잡하거나 힘든가요?",
            "A": "가끔 시험 보기 전에는 불안하고 긴장돼서 어떻게 할지 막막한 느낌이 들어요."
        },
        {
            "Q": "안 좋은 기억 때문에 괴로워서 죽고 싶다는 생각을 한 적 있나요?",
            "A": "아니요."
        },
        {
            "Q": "잠잘 때 주로 어떤 꿈을 꾸나요?",
            "A": "학교에서 재밌었던 일이나 모험을 하는 꿈을 꾸기도 해요."
        },
        {
            "Q": "부모님의 허락 없이 또는 말도 없이 집에서 오랫동안 나와 있었던 적이 있나요?",
            "A": "아니요. 없어요."
        }
    ]
}