{
    "info": {
        "위기단계": "응급"
    },
    "kids_ment": [
        {
            "Q": "최근에 아픈 곳이 있어?",
            "A": "아픈 곳은 없는데 머리가 너무 가려워요."
        },
        {
            "Q": "머리가 왜 가려운 거야?",
            "A": "날씨가 덥고 그런데 잘 못 씻어서요."
        },
        {
            "Q": "최근에 다친 곳은 있어?",
            "A": "아니요, 괜찮아요."
        },
        {
            "Q": "뭘 할 때 즐거움을 느껴?",
            "A": "별로 없어요."
        },
        {
            "Q": "왜 즐겁지가 않아?",
            "A": "요즘 원룸에 혼자 있어서 무서워요."
        },
        {
            "Q": "원룸에 혼자 있은 지 얼마나 됐어?",
            "A": "지난달부터요."
        },
        {
            "Q": "최근 일주일 동안 짜증이나 화가 난 적이 있어?",
            "A": "애들이 자꾸 놀려요."
        },
        {
            "Q": "애들이 뭐 때문에 놀리는 거야?",
            "A": "냄새난다고 옷을 맨날 같은 거 입고 온다고 놀려요."
        },
        {
            "Q": "그러면 마음이 어땠어?",
            "A": "그냥 짜증 나기도 하고 부끄러웠어요."
        },
        {
            "Q": "어떻게 하면 마음이 풀려?",
            "A": "아빠한테 옷 빨아달라고 했는데 안 빨아줬어요."
        },
        {
            "Q": "보통 몇 시에 자고 몇 시에 일어나?",
            "A": "열 시에 자고 한 시쯤 배고파서 깨요."
        },
        {
            "Q": "배고파서 깨면 어떻게 해?",
            "A": "먹을 게 없어서 그냥 물 마시고 다시 자요."
        },
        {
            "Q": "다시 자면 몇 시쯤 일어나?",
            "A": "아홉 시쯤 일어나요."
        },
        {
            "Q": "아홉 시쯤 일어나면 학교는 어떻게 해?",
            "A": "늦게 가요."
        },
        {
            "Q": "아침에 일어나면 몸 상태는 어때?",
            "A": "배가 고파요."
        },
        {
            "Q": "아버지는 평소 어떤 표정을 지으셔?",
            "A": "아빠는 행복해 보여요."
        },
        {
            "Q": "왜 행복해 보여?",
            "A": "아빠 재혼해서 행복하대요."
        },
        {
            "Q": "그럴 때 친구 마음은 어때?",
            "A": "아빠를 뺏긴 것 같아서 좀 슬퍼요."
        },
        {
            "Q": "새엄마는 어떤 표정을 지으셔?",
            "A": "새엄마는 좀 화가 나 있어요."
        },
        {
            "Q": "왜 화가 나 있어?",
            "A": "제가 귀찮은 것 같아요."
        },
        {
            "Q": "그럴 때 친구 마음은 어때?",
            "A": "무섭고 눈치 보여요."
        },
        {
            "Q": "형제자매는 누가 있어?",
            "A": "혼자예요."
        },
        {
            "Q": "친구들이랑은 주로 뭐 하고 놀아?",
            "A": "친구들이 잘 안 놀아줘요."
        },
        {
            "Q": "왜 안 놀아 주는 거야?",
            "A": "냄새난다고요."
        },
        {
            "Q": "학교 담임 선생님은 좋아 싫어?",
            "A": "담임 선생님은 좋아요."
        },
        {
            "Q": "어떤 점이 좋은 것 같아?",
            "A": "혼자 있으면 와서 말 걸어 줘요."
        },
        {
            "Q": "요즘 가장 큰 걱정거리는 뭐야?",
            "A": "혼자 집에 있어서 무서워요."
        },
        {
            "Q": "왜 집에 혼자 있는 거야?",
            "A": "3층에 집 공사하고 나서 아빠랑 아줌마는 거기 가서 살아요."
        },
        {
            "Q": "친구는 혼자서 어디에 있어?",
            "A": "원룸에 혼자서 놔두고 갔어요."
        },
        {
            "Q": "요즘 행복하다고 느껴?",
            "A": "안 행복해요."
        },
        {
            "Q": "어떤 점이 안 행복한 것 같아?",
            "A": "밥을 잘 못 먹고 잠을 잘 못 자요."
        },
        {
            "Q": "커서 어떤 사람이 되고 싶어?",
            "A": "모르겠어요."
        },
        {
            "Q": "생각해 본 적이 없어요?",
            "A": "네, 별로 되고 싶은 게 없어요."
        },
        {
            "Q": "평소에 주로 나를 돌봐주는 어른은 누구야?",
            "A": "아줌마랑 아빠가 돌봐줘요."
        },
        {
            "Q": "배가 고픈데 먹을 게 없어서 굶은 적이 있어?",
            "A": "네. 아침에 밥을 못 먹고 가요."
        },
        {
            "Q": "빨래가 되어 있지 않아서 더럽고 냄새나는 옷을 입어야 한 적이 있어?",
            "A": "네. 옷은 그냥 매일 같은 옷 입고 다녀요."
        },
        {
            "Q": "얼마 동안이나 같은 옷을 입어?",
            "A": "일주일 넘게요."
        },
        {
            "Q": "선생님이나 어른들 때문에 슬프거나 화가 난 적이 있어?",
            "A": "아줌마가 아빠한테 어디 갈 때 저 떼놓고 가자고 하는 걸 들었어요."
        },
        {
            "Q": "그럴 때 어떤 생각이 들었어?",
            "A": "아빠를 아줌마한테 뺏긴 것 같아서 슬펐어요."
        },
        {
            "Q": "어른들이 나를 집에서 쫓아내거나 버리겠다고 말한 적 있어?",
            "A": "아니요. 그런 적은 없어요."
        },
        {
            "Q": "주위 어른들이 나를 때린 적이 있는 사람이 있어?",
            "A": "아니요."
        },
        {
            "Q": "내가 원하지 않는데도 누군가가 내 몸을 만지거나 보여달라고 한 적이 있어?",
            "A": "없어요."
        },
        {
            "Q": "어른들끼리 소리 지르면서 싸우는 걸 듣거나 본 적이 있어?",
            "A": "아니요."
        },
        {
            "Q": "친구들이 나를 자주 놀리거나 괴롭힌다고 느낀 적이 있어?",
            "A": "똑같은 옷만 입는다고 놀려요."
        },
        {
            "Q": "얼마나 자주 친구들이 놀려?",
            "A": "하루에 한 번씩은 뭐라 해요."
        },
        {
            "Q": "그럴 때 어떻게 하고 싶어?",
            "A": "그냥 슬프고 창피해요."
        },
        {
            "Q": "어떨 때 마음이 복잡하니?",
            "A": "복잡하지는 않고 무서워요."
        },
        {
            "Q": "그럴 때 괴로워서 죽고 싶다는 생각을 한 적이 있어?",
            "A": "아니요."
        },
        {
            "Q": "잠잘 때 주로 어떤 꿈을 꿔?",
            "A": "귀신 나오는 꿈을 꿔요."
        },
        {
            "Q": "잠이 들기 힘들거나 꿈꾸다가 중간에 자꾸 깨고 그런 적이 있어?",
            "A": "네. 무서운 꿈 꿔서 자꾸 깨요."
        },
        {
            "Q": "꿈을 꾸고 나면 몸 상태는 어때?",
            "A": "엄청 땀이 나요."
        },
        {
            "Q": "부모님의 허락 없이 또는 말도 없이 집을 오랫동안 나와 있었던 적이 있어?",
            "A": "집에 가도 아무도 없어서 놀이터에 있다가 늦게 들어올 때 있어요."
        }
    ]
}