{
    "info": {
        "위기단계": "정상군"
    },
    "kids_ment": [
        {
            "Q": "최근에 건강하다고 느껴 아니면 아픈 곳이 있어?",
            "A": "교통사고 나서 다쳤어요."
        },
        {
            "Q": "어디를 다쳤어?",
            "A": "허리랑 무릎이요."
        },
        {
            "Q": "언제 얼마나 다쳤어?",
            "A": "지난겨울에요. 그냥 근육만 좀 다쳤어요."
        },
        {
            "Q": "병원은 갔었어?",
            "A": "병원 가서 침 맞고 지금은 후유증이 조금 있는데 괜찮아요."
        },
        {
            "Q": "어쩌다 다쳤어?",
            "A": "핸드폰 보면서 가다가요."
        },
        {
            "Q": "뭘 할 때 즐거움을 느껴?",
            "A": "별로 즐겁지 않아요."
        },
        {
            "Q": "왜 즐겁지가 않아?",
            "A": "학원을 너무 다녀서 힘들어요."
        },
        {
            "Q": "최근 일주일 동안 짜증이나 화가 난 적이 있어?",
            "A": "최근에 엄마랑 싸웠어요."
        },
        {
            "Q": "왜 싸운 거야?",
            "A": "엄마가 내가 입고 싶은 옷을 못 입게 해서요."
        },
        {
            "Q": "그럴 때 어떻게 해?",
            "A": "집 나와서 그냥 놀다가 들어가면 풀려요."
        },
        {
            "Q": "보통 몇 시에 자고 몇 시에 일어나?",
            "A": "열한 시에 자고 일곱 시 반에 일어나요."
        },
        {
            "Q": "아침에 일어났을 때 몸 상태는 어때?",
            "A": "아침에 일어날 때는 피곤해요."
        },
        {
            "Q": "평소에 잠이 들기 힘들거나, 잠자는 중간에 깨니?",
            "A": "그렇지는 않아요."
        },
        {
            "Q": "아버지는 평소 어떤 표정을 지으셔?",
            "A": "아빠는 별로 표정이 없어요."
        },
        {
            "Q": "왜 표정이 없어?",
            "A": "원래 좀 감정변화가 별로 없어요."
        },
        {
            "Q": "그 표정을 보면 친구 기분은 어때?",
            "A": "근데 아빠가 잘 챙겨줘요."
        },
        {
            "Q": "엄마는 어떤 표정을 보통 지으셔?",
            "A": "막 꼬투리 잡을 것 찾는 표정이요."
        },
        {
            "Q": "왜 그런 표정을 지으셔?",
            "A": "너무 간섭이 심해요."
        },
        {
            "Q": "형제자매는 누가 있어?",
            "A": "혼자예요."
        },
        {
            "Q": "친구들이랑은 주로 뭐 하고 놀아?",
            "A": "친구들이랑 카페에서 얘기하면서 놀아요."
        },
        {
            "Q": "주로 몇 명이서 같이 놀아?",
            "A": "일곱 명이요."
        },
        {
            "Q": "친구들이랑 사이는 어때?",
            "A": "돌아가면서 생일 챙겨주고 같이 놀러도 많이 가요."
        },
        {
            "Q": "학교 담임 선생님은 좋아, 싫어?",
            "A": "선생님은 별로예요."
        },
        {
            "Q": "어떤 점이 별로야?",
            "A": "수업을 못 가르쳐요."
        },
        {
            "Q": "요즘 가장 큰 걱정거리는 뭐야?",
            "A": "남자친구 사귀고 싶은 거요."
        },
        {
            "Q": "걱정거리 때문에 얼마나 힘들어?",
            "A": "많이 힘들지는 않은데 제 베프가 최근에 남친이 생겨서 좀 부러워요."
        },
        {
            "Q": "요즘 행복하다고 느껴?",
            "A": "나쁘지는 않아요."
        },
        {
            "Q": "0이 행복하지 않다 10이 행복하다라고 할 때 몇 점 정도인 것 같아?",
            "A": "6에서 7점이요."
        },
        {
            "Q": "왜 6에서 7점이야?",
            "A": "학원을 너무 많이 다녀서 힘들거든요."
        },
        {
            "Q": "커서 어떤 사람이 되고 싶어?",
            "A": "저는 패션 디자이너요."
        },
        {
            "Q": "왜 패션 디자이너가 되고 싶어?",
            "A": "옷을 좋아해요."
        },
        {
            "Q": "평소에 주로 나를 돌봐주는 어른은 누구야?",
            "A": "아빠요."
        },
        {
            "Q": "어디 아픈 곳이 있는데 나를 병원에 데려가지 않은 적이 있어?",
            "A": "아니요. 없어요."
        },
        {
            "Q": "빨래가 되어 있지 않아서 더럽고 냄새나는 옷을 입어야 한 적이 있어?",
            "A": "가끔 빨래 안 돼 있을 때 있어서 입을 옷이 없을 때가 있어요."
        },
        {
            "Q": "선생님이나 어른들 때문에 슬프거나 화가 난 적이 있어?",
            "A": "학원 그만 다니고 싶은데 안 된다고 했어요."
        },
        {
            "Q": "왜 안 된다고 한 거야?",
            "A": "엄마 아빠가 일하는 동안 집에 혼자 있게 돼서요."
        },
        {
            "Q": "주위 어른들이 나를 때린 적이 있는 사람이 있어?",
            "A": "아니요."
        },
        {
            "Q": "내가 원하지 않는데도 누군가가 내 몸을 만지거나 보여달라고 한 적이 있어?",
            "A": "없어요."
        },
        {
            "Q": "어른들끼리 소리 지르면서 싸우는 걸 듣거나 본 적 있어?",
            "A": "아니요."
        },
        {
            "Q": "친구들이 나를 자주 놀리거나 괴롭힌다고 느낀 적이 있어?",
            "A": "애들이 저만 모쏠이라고 가끔 놀리기는 해요."
        },
        {
            "Q": "어떨 때 마음이 복잡하니?",
            "A": "월요일 아침에 마음이 복잡해요."
        },
        {
            "Q": "그럴 때 괴로워서 죽고 싶다는 생각을 한 적이 있어?",
            "A": "아니요. 그런 적은 없어요."
        },
        {
            "Q": "잠잘 때 주로 어떤 꿈을 꿔?",
            "A": "그냥 평상시 일어나는 일 같은 거요."
        },
        {
            "Q": "부모님의 허락 없이 또는 말도 없이 집을 오랫동안 나와 있었던 적이 있어?",
            "A": "아니요. 없어요."
        }
    ]
}