{
    "info": {
        "위기단계": "학대의심"
    },
    "kids_ment": [
        {
            "Q": "최근에 아픈 곳이 있었어?",
            "A": "아픈 곳 없었어요."
        },
        {
            "Q": "최근에 다쳤던 적이 있었어?",
            "A": "네, 선생님한테 손과 주먹으로 맞아서 얼굴이 멍들고 머리카락이 많이 빠졌어요."
        },
        {
            "Q": "왜 맞았어?",
            "A": "체육 선생님이 수업 시간에 집중하지 않는다고 화를 내면서 때렸어요."
        },
        {
            "Q": "그래서 병원에 가서 치료를 받았니?",
            "A": "네, 받았어요."
        },
        {
            "Q": "뭐 할 때가 즐거워?",
            "A": "디지털 게임할 때 즐거워요."
        },
        {
            "Q": "어떤 점이 즐거워?",
            "A": "친구들이랑 인터넷에서 게임도 하고 이야기도 할 수 있어서요."
        },
        {
            "Q": "최근 일주일 동안 짜증이나 화가 난 적 있어?",
            "A": "딱히 없었던 것 같아요."
        },
        {
            "Q": "평소에 짜증이나 화가 났을 때 어떻게 하면 마음이 풀려?",
            "A": "웹툰 드라마를 보면 어느새 마음이 풀려져요."
        },
        {
            "Q": "몇 시에 자고 몇 시에 일어나니?",
            "A": "열 시에 자서 일곱 시에 일어나요."
        },
        {
            "Q": "아침에 일어났을 때 몸 상태는 어때?",
            "A": "개운해요."
        },
        {
            "Q": "평소에 잠이 들기 힘들거나 잠자는 중간에 자주 깨니?",
            "A": "아니요, 잠은 잘 자는 편이에요."
        },
        {
            "Q": "평소에 아버지는 어떤 표정을 지으셔?",
            "A": "늘 바쁘셔서 얼굴 보기 힘들어요."
        },
        {
            "Q": "아버지가 바빠서 얼굴 보기도 힘들 때 기분은 어때?",
            "A": "뭐/ 괜찮아요. 일하시느라 그러는 거니깐요."
        },
        {
            "Q": "평소 엄마는 어떤 표정을 지으셔?",
            "A": "엄마도 늘 분주하고 정신없어 보여요."
        },
        {
            "Q": "엄마가 왜 그렇게 분주한 것 같아?",
            "A": "아침 되면 저랑 형이랑 학교 갈 준비를 해주시느라 그런 것 같아요."
        },
        {
            "Q": "엄마의 그런 분주한 표정을 보면 기분이 어때?",
            "A": "우리들에게 신경을 많이 쓰시는 것 같아요."
        },
        {
            "Q": "형제자매는 몇 명이야?",
            "A": "세 살 많은 형이 있어요."
        },
        {
            "Q": "형과의 사이는 어때?",
            "A": "형하고는 좋아요. 궁금한 게 있어 물어보면 잘 알려줘요."
        },
        {
            "Q": "부모님이 형하고 차별하는 것 같니?",
            "A": "아니요. 부모님은 똑같이 대해 주세요."
        },
        {
            "Q": "친구들이랑 주로 뭐 하고 놀아?",
            "A": "온라인 게임을 하면서 놀아요. 어떨 땐 밖에 나가서 자전거도 타요."
        },
        {
            "Q": "친구들은 몇 명이야?",
            "A": "열 명 정도 있어요."
        },
        {
            "Q": "담임선생님은 좋아해 아니면 싫어해?",
            "A": "담임 선생님은 좋아하는데 체육 선생님은 정말 싫어요."
        },
        {
            "Q": "담임 선생님은 어떤 부분이 좋아?",
            "A": "야단도 안 치고 친절하세요."
        },
        {
            "Q": "요즘 제일 걱정 되는 게 뭐야?",
            "A": "웹툰, 드라마랑 게임을 많이 해서 성적이 조금 떨어지는 거요."
        },
        {
            "Q": "무엇 때문에 걱정이 되니?",
            "A": "내년이면 중학교에 진학하는데 공부를 좀 못해서요."
        },
        {
            "Q": "그런 걱정거리 때문에 생활이 불편하거나 힘드니?",
            "A": "불편하거나 힘들 정도는 아니에요."
        },
        {
            "Q": "요즘 행복하다고 느껴지니?",
            "A": "네. 나름 행복해요."
        },
        {
            "Q": "어떤 점에서 행복해?",
            "A": "온라인 게임을 하면서 친구들도 생기고 사이가 좋아져서요."
        },
        {
            "Q": "앞으로 커서 어떤 사람이 되고 싶어 꿈이 뭐야?",
            "A": "저는 프로게이머나 웹툰 작가가 되고 싶어요."
        },
        {
            "Q": "어떤 면에서 프로게이머나 웹툰 작가가 되고 싶어?",
            "A": "다른 사람들을 즐겁게 해 줄 수 있잖아요."
        },
        {
            "Q": "집에서 주로 나를 돌봐주는 어른은 누구야?",
            "A": "엄마요."
        },
        {
            "Q": "배가 고픈데 먹을 게 없어서 굶은 적이 있니?",
            "A": "아니요, 없어요."
        },
        {
            "Q": "빨래가 되어 있지 않아서 더럽고 냄새나는 옷을 입어야 한 적이 있니?",
            "A": "아니요, 없어요."
        },
        {
            "Q": "옷이나 신발 사이즈가 작은 걸 입거나 신고 다닌 적이 있니?",
            "A": "옷이나 신발은 엄마가 잘 챙겨줘요."
        },
        {
            "Q": "어른들이 운동회나 참관 수업 또 학부모 상담 같은 학교 행사에 잘 오시니?",
            "A": "엄마가 빠지지 않고 늘 오세요."
        },
        {
            "Q": "부모님이나 선생님 때문에 슬프거나 화가 난 적 있니?",
            "A": "슬프거나 화가 난 적 없었어요."
        },
        {
            "Q": "주위 어른들 중 나를 때린 적이 있는 사람이 있니?",
            "A": "네, 체육 선생님요."
        },
        {
            "Q": "체육 선생님이 왜 때렸고 무엇으로 맞았어?",
            "A": "수업 시간에 집중하지 않는다고 팔로 목을 조르고 머리채를 잡아 흔들고 손과 주먹으로 얼굴 부위를 때렸어요."
        },
        {
            "Q": "그럼 맞아서 멍이 들거나 피가 났었니?",
            "A": "피는 나지 않고 멍만 들었어요."
        },
        {
            "Q": "그래서 병원에 가서 치료를 받았니?",
            "A": "네, 병원에서 2주간 치료를 받아야 한다고 하셨어요."
        },
        {
            "Q": "평소 체육 선생님이 자주 때리시니?",
            "A": "저는 처음 맞았지만 자주 학생들을 때려요."
        },
        {
            "Q": "내가 원하지 않는데도 누군가가 내 몸을 만지거나 보여달라고 한 적 있어?",
            "A": "그런 사람 없었어요."
        },
        {
            "Q": "집에서 어른들끼리 소리 지르면서 싸우는 걸 듣거나 본 적이 있니?",
            "A": "부모님이 가끔 집에서 싸우긴 하는데 소리는 지르지 않아요."
        },
        {
            "Q": "친구들이 나를 자주 놀리거나 괴롭힌다고 느낀 적이 있니?",
            "A": "친구들은 저를 괴롭히지 않아요."
        },
        {
            "Q": "혹시 마음이 힘들고 복잡해서 죽고 싶다는 생각을 한 적 있니?",
            "A": "힘들 때도 있지만 죽고 싶다는 생각은 안 해봤어요."
        },
        {
            "Q": "부모님의 허락 없이 또는 말도 없이 집에 오랫동안 나와 있었던 적이 있니?",
            "A": "집을 나가 본 적 없어요."
        }
    ]
}