{
    "info": {
        "위기단계": "응급"
    },
    "kids_ment": [
        {
            "Q": "최근에 아팠던 적 있었니?",
            "A": "최근에 아픈 적은 없어요."
        },
        {
            "Q": "최근에 다쳐서 아픈 적이 있었니?",
            "A": "다친 적 없었어요."
        },
        {
            "Q": "무엇을 할 때가 즐거워?",
            "A": "웹툰 드라마 보는 거요."
        },
        {
            "Q": "어떤 점이 즐거워?",
            "A": "그냥 보는 게 즐거워요."
        },
        {
            "Q": "최근 일주일 동안 짜증이나 화가 난 적이 있어?",
            "A": "부모님들이 싸워서 화가 났어요."
        },
        {
            "Q": "그런 일이 자주 일어나니?",
            "A": "가끔씩 싸워요."
        },
        {
            "Q": "평소에 짜증이나 화가 났을 때 어떻게 하면 마음이 풀려?",
            "A": "웹툰 드라마 보면 풀려요."
        },
        {
            "Q": "몇 시에 자고 몇 시에 일어나니?",
            "A": "열두 시에 자서 여덟 시에 일어나요."
        },
        {
            "Q": "아침에 일어났을 때 몸 상태는 어때?",
            "A": "괜찮아요."
        },
        {
            "Q": "평소에 잠이 들기 힘들거나 잠자는 중간에 자주 깨니?",
            "A": "아니요, 없어요."
        },
        {
            "Q": "평소에 아버지는 어떤 표정을 지으셔?",
            "A": "악마 같은 표정이요."
        },
        {
            "Q": "왜 악마 같은 표정을 짓는 것 같아?",
            "A": "욕도 심하게 하시고 아버지는 정신에 이상이 있는 것 같아요."
        },
        {
            "Q": "평소에 엄마는 어떤 표정을 지으셔?",
            "A": "엄마는 불쌍해 보여요."
        },
        {
            "Q": "왜 엄마가 불쌍해 보여?",
            "A": "매일 아버지한테 맞고 욕 얻어먹고 힘들어 보여요."
        },
        {
            "Q": "엄마하고 사이는 어때?",
            "A": "엄마하고는 같은 편이에요."
        },
        {
            "Q": "형제자매는 몇 명이야?",
            "A": "저 혼자에요."
        },
        {
            "Q": "친구들은 몇 명이고 주로 뭐 하고 놀아?",
            "A": "친구는 일곱 명이고 킥보드 타고 놀아요."
        },
        {
            "Q": "담임선생님을 좋아해 아니면 싫어해?",
            "A": "선생님은 좋아해요."
        },
        {
            "Q": "어떤 부분에서 좋아해?",
            "A": "화를 잘 안 내시고 재미있는 이야기를 많이 해 주세요."
        },
        {
            "Q": "요즘 가장 걱정되는 것이 무엇이야?",
            "A": "부모님 싸우는 거 외에는 걱정 없어요."
        },
        {
            "Q": "무엇 때문에 걱정이 되니?",
            "A": "엄마가 많이 다칠까 봐요."
        },
        {
            "Q": "걱정거리 때문에 생활이 불편하거나 힘드니?",
            "A": "학교 가면 마음이 우울해요."
        },
        {
            "Q": "매일 우울해 아니면 일주일에 몇 번?",
            "A": "싸울 때는 우울하고 안 싸울 때는 괜찮아요."
        },
        {
            "Q": "요즘 행복하다고 느끼니?",
            "A": "아니요, 행복하지 않아요."
        },
        {
            "Q": "왜 불행하다고 느끼는 것 같아?",
            "A": "부모님이 싸워서요."
        },
        {
            "Q": "불행감을 느끼는 게 얼마나 됐어?",
            "A": "어렸을 때부터이니깐 오래된 것 같아요."
        },
        {
            "Q": "앞으로 커서 어떤 사람이 되고 싶어 꿈이 뭐야?",
            "A": "돈을 많이 버는 일을 해서, 혼자 살고 싶어요."
        },
        {
            "Q": "왜 그런 사람이 되고 싶어?",
            "A": "빨리 부모님하고 떨어져 살고 싶어서요."
        },
        {
            "Q": "집에서 주로 나를 돌봐주는 어른은 누구야?",
            "A": "엄마요."
        },
        {
            "Q": "배가 고픈데 먹을 게 없어서 굶은 적이 있니?",
            "A": "엄마가 챙겨 주세요."
        },
        {
            "Q": "빨래가 되어 있지 않아서 더럽고 냄새나는 옷을 입어야 한 적이 있니?",
            "A": "아니요."
        },
        {
            "Q": "옷이나 신발 사이즈가 작은 걸 입거나 신고 다닌 적이 있니?",
            "A": "아니요."
        },
        {
            "Q": "어른들이 운동회나 참관 수업 또 학부모 상담 같은 학교 행사에 잘 오시니?",
            "A": "엄마가 오세요."
        },
        {
            "Q": "부모님이나 선생님 때문에 슬프거나 화가 난 적이 있니?",
            "A": "아버지 때문에 화가 많이 나요."
        },
        {
            "Q": "아버지의 어떤 말이나 행동이 나를 화나게 하는 것 같아?",
            "A": "<욕설> 아, <욕설> 의 기집애가 등 욕을 할 때요."
        },
        {
            "Q": "주위 어른들 중 나를 때린 적이 있는 사람이 있니?",
            "A": "때린 사람은 없어요."
        },
        {
            "Q": "내가 원하지 않는데도 누군가가 내  몸을 만지거나 보여달라고 한 적 있어?",
            "A": "그런 적 없어요."
        },
        {
            "Q": "집에서 어른들끼리 소리 지르면서 싸우는 걸 듣거나 본 적이 있니?",
            "A": "네, 부모님이 며칠 전에 싸우는 걸 봤어요."
        },
        {
            "Q": "누가 어떻게 싸워?",
            "A": "엄마가 외도 한다고 아버지가 욕을 하고 뺨을 때려서 코피가 나고 멱살을 잡고 흔들었어요."
        },
        {
            "Q": "얼마나 자주 싸우시는 것 같아?",
            "A": "안 싸우고 넘어가는 달이 없어요."
        },
        {
            "Q": "싸울 때 어른들이 술을 마신 상태였니?",
            "A": "술은 마시지 않았어요."
        },
        {
            "Q": "그렇게 싸울 때 나한테 안 좋은 소리를 하거나 그 상황에서 내가 다친 적이 있니?",
            "A": "나쁜 < 욕설 > 이라고 욕설을 퍼부었어요."
        },
        {
            "Q": "이런 일 때문에, 집에 나와서 있었어야 한 적 있었니?",
            "A": "아니요, 그런 적은 없어요."
        },
        {
            "Q": "이런 일 때문에, 집에 경찰이나 다른 사람이 온 적이 있어? 있다면 여태까지 몇 번이나 왔었던 것 같아?",
            "A": "경찰이 온 적은 없어요."
        },
        {
            "Q": "이런 일로 집에 경찰이나 다른 사람이 오고 나서도 또 비슷하거나 똑같은 일이 일어난 적 있었니?",
            "A": "부모님은 자주 싸우세요."
        },
        {
            "Q": "친구들이 나를 자주 놀리거나 괴롭힌다고 느낀 적이 있니?",
            "A": "아니요, 없어요."
        },
        {
            "Q": "마음이 복잡하고 힘들어서 죽고 싶다는 생각을 해 본 적이 있니?",
            "A": "죽고 싶다는 생각은 안 해봤어요."
        },
        {
            "Q": "부모님의 허락 없이 또는 말도 없이 집에 오랫동안 나와 있었던 적이 있니?",
            "A": "빨리 커서 집을 나가고 싶은 생각은 해 봤어요."
        }
    ]
}