{
    "info": {
        "위기단계": "상담필요"
    },
    "kids_ment": [
        {
            "Q": "최근에 아픈 곳이 있어?",
            "A": "네. 가끔 머리가 아파요."
        },
        {
            "Q": "머리가 어떻게 아파?",
            "A": "열이 좀 나는데 머리 왼쪽이 띵해요."
        },
        {
            "Q": "언제부터 아팠어?",
            "A": "일주일 정도 됐어요."
        },
        {
            "Q": "이전에도 해당 부위가 자주 아팠어?",
            "A": "약 먹으면 괜찮은데 머리 왼쪽은 자주 띵하긴 해요."
        },
        {
            "Q": "최근에 다쳤던 적이 있어?",
            "A": "없어요."
        },
        {
            "Q": "친구는 뭐 할 때가 즐거워?",
            "A": "언니랑 놀 때요."
        },
        {
            "Q": "어떤 점이 즐거운 거야?",
            "A": "언니랑 숨바꼭질도 하고요. 같이 손잡고 돌아다녀도 좋아요."
        },
        {
            "Q": "최근 일주일 동안 짜증이나 화가 난 적 있어?",
            "A": "네. 지난번에 입학식이 있었는데요. 엄마가 학교 못 가게 해서 짜증 났어요."
        },
        {
            "Q": "엄마가 왜 학교를 못 가게 했어?",
            "A": "몰라요. 가지 말래요. 밖에 나가면 위험하대요."
        },
        {
            "Q": "그렇게 나가지 말라고 한 적이 자주 있어?",
            "A": "네. 그래서 엄마 때문에 학교도 몇 번 빠졌었어요."
        },
        {
            "Q": "평소 짜증이나 화가 났을 때 어떻게 하면 마음이 풀려?",
            "A": "언니랑 이야기해요."
        },
        {
            "Q": "몇 시에 자고 몇 시에 일어나?",
            "A": "열한 시에 자고 여덟 시에 일어나요."
        },
        {
            "Q": "아침에 일어났을 때 몸 상태는 어때?",
            "A": "피곤해요. 배고프고 어지러울 때도 있어요."
        },
        {
            "Q": "평소에 잠들기 힘들거나, 잠자는 중간에 자주 깨?",
            "A": "저녁에 밥 못 먹은 날에는 배고파서 잠드는 게 어렵기도 해요. 근데 중간에 깨거나 그러지는 않아요."
        },
        {
            "Q": "평소에 아빠는 어떤 표정을 자주 지으셔?",
            "A": "아빠는 안 계세요. 제가 애기 때 돌아가셨대요."
        },
        {
            "Q": "평소에 엄마는 어떤 표정을 자주 지으셔?",
            "A": "무표정이랑 노려보는 표정이요."
        },
        {
            "Q": "엄마가 왜 그런 표정을 짓는 거 같아?",
            "A": "어떨 때 엄마는 우리를 쳐다보지도 않는데, 또 어떨 때는 화도 많이 내고 노려보면서 잔소리도 하세요."
        },
        {
            "Q": "엄마가 그런 표정을 지으실 때 내 기분은 어때?",
            "A": "무서워요. 너무 이랬다저랬다 해서 우리 엄마가 맞나 싶어요."
        },
        {
            "Q": "언니나 오빠, 동생이 있어?",
            "A": "언니 한 명 있어요. 언니는 3학년이에요."
        },
        {
            "Q": "언니랑 사이는 어때?",
            "A": "좋아요. 엄마가 친구들이랑은 못 놀게 해서 언니랑 놀아요."
        },
        {
            "Q": "평소에 엄마가 언니랑 나를 다르게 대할 때가 있어?",
            "A": "아니요."
        },
        {
            "Q": "친구들이랑 주로 뭐 하고 놀아?",
            "A": "친구들이랑 못 놀아요."
        },
        {
            "Q": "왜 못 놀아?",
            "A": "엄마가 못 놀게 해요."
        },
        {
            "Q": "담임 선생님은 좋아하는 편이야 싫어하는 편이야?",
            "A": "좋아해요."
        },
        {
            "Q": "어떤 점이 좋은 거야?",
            "A": "잘 챙겨주시고 화도 잘 안 내세요."
        },
        {
            "Q": "요즘 행복하다고 느껴?",
            "A": "가끔 안 행복할 때도 있는데 그래도 행복한 게 더 커요!"
        },
        {
            "Q": "어떤 점에서 그렇게 느껴?",
            "A": "친구들이랑 못 노는 거는 안 행복한데, 언니랑 더 많이 노니까 행복해요!"
        },
        {
            "Q": "커서 어떤 사람이 되고 싶은지, 꿈이 무엇인지 말해줄 수 있어?",
            "A": "저는 선생님이 되고 싶어요!"
        },
        {
            "Q": "왜 선생님이 되고 싶어?",
            "A": "지금 담임 선생님이 친절하게 잘 가르쳐 주셔서 저도 선생님처럼 되고 싶어서요!"
        },
        {
            "Q": "집에서 주로 나를 돌봐주는 어른은 누구야?",
            "A": "엄마요."
        },
        {
            "Q": "저녁에 나를 집에 혼자 두고 나가거나 갑자기 말도 없이 집을 나가서 안 들어오신 적 있어?",
            "A": "없어요."
        },
        {
            "Q": "어디 아픈 곳이 있는데 엄마가 병원에 데려가지 않은 적 있어?",
            "A": "네, 있어요. 가끔 그래요."
        },
        {
            "Q": "빨래가 되어 있지 않거나 옷이나 신발 사이즈가 맞지 않는 것을 사용 한 적이 있어?",
            "A": "빨래 안 된 건 자주 그렇고, 사이즈 안 맞는 것도 일주일 정도 사용한 적 있어요."
        },
        {
            "Q": "인터넷이나 휴대폰을 가지고 노는 시간은 하루에 몇 시간 정도야?",
            "A": "가지고 안 놀아요."
        },
        {
            "Q": "피시방은 얼마나 자주 가?",
            "A": "안 가요."
        },
        {
            "Q": "부모님이나 선생님 때문에 슬프거나 화난 적 있어?",
            "A": "네, 있어요. 엄마 때문에요."
        },
        {
            "Q": "엄마의 어떤 말이나 행동이 나를 슬프게 했어?",
            "A": "엄청 뭐라고 한 건 아니고 친구들이랑 놀지 말라고 하거나 학교 못 가게 할 때 슬펐어요."
        },
        {
            "Q": "엄마가 나를 어디 가두고 못 나오게 한 적 있어?",
            "A": "네, 방에 가두고 학교 못 가게 한 적 있어요."
        },
        {
            "Q": "내가 무엇을 하려고 할 때 무조건 안 된다고 하거나, 하기 싫은데도 무조건 하라고 할 때가 있어?",
            "A": "네. 무조건 안 된다고 한 거는 친구들이랑 노는 거요."
        },
        {
            "Q": "마음이 힘들 때 가족에게 내 마음을 이야기해?",
            "A": "네, 언니한테 이야기해요."
        },
        {
            "Q": "주위 어른들 중에 나를 때린 적이 있는 사람이 있어?",
            "A": "없어요."
        },
        {
            "Q": "내가 원하지 않는데도 누군가가 내 몸을 만지거나 보여달라고 한 적 있어?",
            "A": "없어요."
        },
        {
            "Q": "집에서 어른들끼리 소리 지르면서 싸우는 걸 듣거나 본 적 있어?",
            "A": "없어요."
        },
        {
            "Q": "친구들이 나를 자주 놀리거나 괴롭힌다고 느낀 적 있어?",
            "A": "없어요."
        },
        {
            "Q": "어떨 때 마음이 복잡하거나 힘들어?",
            "A": "엄마가 이랬다저랬다 할 때요."
        },
        {
            "Q": "안 좋은 기억 때문에 괴로워서 죽고 싶다는 생각을 한 적 있어?",
            "A": "없어요."
        },
        {
            "Q": "잠잘 때 주로 어떤 꿈을 꿔?",
            "A": "잘 안 꿔요."
        },
        {
            "Q": "잠들기 힘들었던 이유가 무섭거나 힘들었던 경험 때문이야? 아니면 다른 이유가 있어?",
            "A": "그냥 저녁에 밥을 못 먹으면 배에서 꼬르륵 소리 때문에 잘 못 자는 거예요."
        },
        {
            "Q": "꿈은 잘 안 꾼다고 했지만 자고 일어나면 몸 상태는 어때?",
            "A": "피곤하고 힘이 없어요."
        },
        {
            "Q": "부모님의 허락이나 말도 없이 집에서 오랫동안 나와 있었던 적 있어?",
            "A": "없어요."
        }
    ]
}