{
    "info": {
        "위기단계": "학대의심"
    },
    "kids_ment": [
        {
            "Q": "최근에 건강한 것 같아?",
            "A": "네. 어디 아프지는 않았어요."
        },
        {
            "Q": "최근에 다쳤던 적이 있었어?",
            "A": "아니요. 다친 적도 없었어요."
        },
        {
            "Q": "친구는 뭘 할 때가 제일 즐거워?",
            "A": "저는 잘 모르겠어요."
        },
        {
            "Q": "언제부터 즐겁다고 느끼지 못했어?",
            "A": "엄마가 병원에 입원하고부터 그랬어요."
        },
        {
            "Q": "최근 일주일 동안 짜증이나 화가 난 적이 있어?",
            "A": "저는 화가 많이 나요."
        },
        {
            "Q": "그런 일이 자주 일어나?",
            "A": "네. 그냥 아빠만 생각하면 화가 너무 치밀어 올라요."
        },
        {
            "Q": "그렇게 평소에 짜증이나 화가 났을 때, 어떻게 하면 마음이 풀려?",
            "A": "그냥 막 침대 때리고, 그러는 것 같아요."
        },
        {
            "Q": "몇 시에 자고, 몇 시에 일어나?",
            "A": "저는 잠을 잘 못자서 날마다 다른데 여섯 시간 정도 자는 것 같아요."
        },
        {
            "Q": "아침에 일어났을 때, 몸 상태는 어때?",
            "A": "피곤해요."
        },
        {
            "Q": "평소에 잠이 들기 힘들거나, 잠자는 중간에 자주 깨?",
            "A": "네. 저는 눈만 감으면 그때 생각이 나서 잠들기가 힘들어요."
        },
        {
            "Q": "평상시에 아버지는 어떤 표정을 자주 지어?",
            "A": "몰라요. 관심 없어요. 아빠 생각하면 무서워요."
        },
        {
            "Q": "아빠를 볼 때, 친구 기분은 어때?",
            "A": "막 화도 나고, 사실 무섭고 두려워요. 또 그럴까 봐."
        },
        {
            "Q": "평상시에 어머니는 어떤 표정을 자주 지어?",
            "A": "엄마는 맨날 힘들어했어요."
        },
        {
            "Q": "엄마가 그런 표정을 짓는 이유가 뭐인 거 같아?",
            "A": "아빠가 때리기도 하고, 엄마가 아파서요."
        },
        {
            "Q": "그 표정을 볼 때, 친구 기분은 어때?",
            "A": "그래도 미워요. 저 혼자 냅두고 병원 가서요. 저도 데려갔으면 좋았을 텐데."
        },
        {
            "Q": "형제자매 있어?",
            "A": "아니요. 없어요."
        },
        {
            "Q": "친구들이랑 주로 뭐 하고 놀아?",
            "A": "그냥 친구들이랑은 놀이터에서 노는 것 같아요."
        },
        {
            "Q": "주로 몇 명이 놀아?",
            "A": "열 명 정도 같이 노는 것 같아요."
        },
        {
            "Q": "담임선생님 좋아해? 아니면 싫어해?",
            "A": "담임 선생님은 좋아하는 편이에요."
        },
        {
            "Q": "좋아하는 이유가 있을까?",
            "A": "그냥 되게 착하기도 하고, 어른 같아서요."
        },
        {
            "Q": "요즘 가장 큰 걱정거리가 있어?",
            "A": "네, 좀 있어요."
        },
        {
            "Q": "걱정거리가 뭐야?",
            "A": "아빠가 저한테 한 행동들이 자꾸 생각나요."
        },
        {
            "Q": "아빠가 친구한테 한 행동들이 걱정인 이유가 있을까?",
            "A": "나쁜 짓이잖아요."
        },
        {
            "Q": "걱정거리 때문에 불편하거나 힘들어?",
            "A": "네. 항상 힘들어요. 생각하기도 싫어요."
        },
        {
            "Q": "요즘 행복하다고 느껴?",
            "A": "아니요. 행복한 적 없어요."
        },
        {
            "Q": "불행하다고 느끼는 이유가 있을까?",
            "A": "제가 아빠의 자식이라서요."
        },
        {
            "Q": "친구는 꿈이 있어?",
            "A": "없는 것 같아요."
        },
        {
            "Q": "해보고 싶은 일이 없어?",
            "A": "네. 아직은 뭐가 하고 싶은지 생각 못해봤어요."
        },
        {
            "Q": "집에서 주로 친구를 돌봐주는 어른은 누구야?",
            "A": "엄마였어요."
        },
        {
            "Q": "엄마가 빨래나 밥, 옷은 잘 챙겨주셔?",
            "A": "네. 잘 챙겨주시다가, 병원 갔을 땐 못 챙겨주고 지금은 저랑 둘이 있어서 잘 챙겨주세요."
        },
        {
            "Q": "어디 아픈 곳이 있는데 어른들이 병원에 데려가지 않은 적이 있어?",
            "A": "아니요. 병원은 엄마랑 같이 가요."
        },
        {
            "Q": "저녁에 친구를 집에 혼자 두고 어른들이 나갔던 적 있어?",
            "A": "그런 적은 없고, 엄마가 저 혼자 두고 병원에 입원했어요."
        },
        {
            "Q": "가족 중에 친구를 항상 돌봐주는 사람이 갑자기 말도 없이 집을 나가서 안 들어온 적이 있어?",
            "A": "엄마가 말은 하고 입원했어요. 자기도 너무 힘들다고 미안하다고 그랬어요."
        },
        {
            "Q": "인터넷이나 휴대폰을 가지고 노는 시간은 하루에 몇 시간 정도야?",
            "A": "재미없어서 잘 안 해요."
        },
        {
            "Q": "어른들이 학교에 참석해야 하는 행사에 잘 오시니?",
            "A": "엄마가 그래도 잘 와주시는 편이에요."
        },
        {
            "Q": "부모님이나 선생님 때문에 슬프거나 화가 난 적이 있어?",
            "A": "아빠가 엄마 때렸을 때 너무 화나고 속상해요."
        },
        {
            "Q": "어른들이 친구를 어디에 가두고 못 나오게 한 적이 있어?",
            "A": "아니요. 그런 적은 없어요."
        },
        {
            "Q": "어른들이 친구를 집에서 쫓아내거나 버리겠다고 말한 적 있어?",
            "A": "아니요, 없어요."
        },
        {
            "Q": "친구가 뭘 하려고 할 때, 무조건 안 된다고 하거나, 하기 싫은데도 무조건 하라고 할 때가 있어?",
            "A": "아니요, 없어요."
        },
        {
            "Q": "마음이 힘들 때, 누구한테 얘기해?",
            "A": "친구들한테 얘기하는 것 같아요."
        },
        {
            "Q": "주위 어른들 중 나를 때린 적이 있는 사람이 있어?",
            "A": "아니요, 저를 때리지는 않았어요."
        },
        {
            "Q": "친구가 원하지 않는데도 누가 몸을 만지거나 보여달라고 한 적 있어?",
            "A": "사실 아빠가 저한테 나쁜 짓을 했어요. 경찰 아저씨가 강간이라 그랬어요."
        },
        {
            "Q": "이런 일이 자주 있었어?",
            "A": "엄마가 입원하고부터 자주 그랬던 것 같아요."
        },
        {
            "Q": "또 누가 부끄럽고 창피한 것을 시킨 적이 있어?",
            "A": "아빠가 씻겨준다면서 샤워하고 나오면 막 창피하게 제 몸 만지고 그랬어요."
        },
        {
            "Q": "친구의 소중한 부위를 아프게 한 적도 있어?",
            "A": "네, 아빠가 저한테 나쁜 짓 할 때 아팠어요."
        },
        {
            "Q": "소중한 부위에 상처가 나거나 다쳐서 병원에 간 적이 있어?",
            "A": "아빠가 나쁜 짓 하고 경찰한테 잡혀가고 엄마랑 병원 갔어요."
        },
        {
            "Q": "누가 친구 몸을 사진 찍거나 동영상을 찍은 적이 있어?",
            "A": "아니요, 그러진 않았어요."
        },
        {
            "Q": "누가 친구의 신체 부위를 사진이나 영상을 찍어서 보내주면 돈을 준다고 한 적 있어?",
            "A": "아니요, 그런 적도 없었어요."
        },
        {
            "Q": "집에서 어른들끼리 소리 지르면서 싸우는 걸 듣거나 본 적이 있어?",
            "A": "아빠가 일방적으로 때렸어요."
        },
        {
            "Q": "아빠가 그때 술을 마신 상태였어?",
            "A": "아니요. 그냥 자기 기분 안 좋으니까 그랬어요."
        },
        {
            "Q": "그렇게 싸울 때 친구한테 안 좋은 소리를 해?",
            "A": "아니요. 그냥 엄마를 때리기만 해요."
        },
        {
            "Q": "이런 일 때문에, 집에 나와서 있었어야 한 적이 있어?",
            "A": "아니요. 나와서 있던 적은 없어요."
        },
        {
            "Q": "이런 일 때문에, 집에 경찰이나 다른 사람이 온 적 있어?",
            "A": "네. 오셨어요. 두 번, 세 번 정도는 온 것 같아요."
        },
        {
            "Q": "경찰이 오고 나서도 같은 일이 반복됐어?",
            "A": "네. 아빠는 안 변해요."
        },
        {
            "Q": "친구들이 자주 놀리거나 괴롭힌다고 느낀 적 있어?",
            "A": "아니요. 친구들이랑은 잘 지내요."
        },
        {
            "Q": "어떨 때 마음이 복잡하거나 힘들어?",
            "A": "옛날엔 힘들었는데, 지금은 그래도 괜찮아요."
        },
        {
            "Q": "옛날 그 안 좋은 기억 때문에 괴로워서 죽고 싶다는 생각을 한 적 있어?",
            "A": "아니요. 그런 적은 없어요."
        },
        {
            "Q": "잘 때 주로 어떤 꿈을 꿔?",
            "A": "꿈은 잘 안 꿔요."
        },
        {
            "Q": "친구는 가출했던 적 있어?",
            "A": "아니요. 그런 적 없어요."
        }
    ]
}