{
    "info": {
        "위기단계": "관찰필요"
    },
    "kids_ment": [
        {
            "Q": "친구는 최근에 건강해요?",
            "A": "아니요. 저 자꾸 배가 아파요."
        },
        {
            "Q": "어떻게 아팠어요?",
            "A": "설사할 때 아픈 거처럼 아팠어요."
        },
        {
            "Q": "언제부터 아팠어요?",
            "A": "오늘 아침부터요."
        },
        {
            "Q": "아팠던 이유가 있어요?",
            "A": "아침에 일어나면 차가운 물 먹고 싶어서 먹는데 그러면 배가 아파요."
        },
        {
            "Q": "이전에도 해당 부위가 자주 아팠어요?",
            "A": "네. 아침에 맨날 먹으면 아파요."
        },
        {
            "Q": "최근에 다쳤던 적이 있었어요?",
            "A": "아니요. 다쳐서 아팠던 적은 없었어요."
        },
        {
            "Q": "친구는 뭘 할 때가 제일 즐거워요?",
            "A": "저는 친구들이랑 카페에서 얘기할 때가 제일 재밌어요."
        },
        {
            "Q": "친구들이랑 얘기하는 게 어떤 점이 제일 즐거워요?",
            "A": "저는 그냥 친구들이랑 수다 떨면 즐거워요."
        },
        {
            "Q": "최근 일주일 동안 짜증이나 화가 난 적이 있어요?",
            "A": "아니요. 저는 짜증이나 화가 잘 안 나요."
        },
        {
            "Q": "그렇게 평소에 짜증이나 화가 났을 때, 어떻게 하면 마음이 풀려요?",
            "A": "저는 그냥 친구들이랑 전화하면 마음이 좀 풀리는 거 같아요."
        },
        {
            "Q": "몇 시에 자고, 몇 시에 일어나요?",
            "A": "열두 시에 자서 일곱 시쯤에 일어나는 거 같아요."
        },
        {
            "Q": "아침에 일어났을 때, 몸 상태는 어때요?",
            "A": "그냥 좀 졸려요."
        },
        {
            "Q": "평소에 잠이 들기 힘들거나, 잠자는 중간에 자주 깨요?",
            "A": "아니요. 잠도 잘 자고, 중간에 깨지도 않아요."
        },
        {
            "Q": "평상시에 아버지는 어떤 표정을 자주 지어요?",
            "A": "아빠는 저만 보면 맨날 웃고, 완전 딸바보예요."
        },
        {
            "Q": "아빠가 그런 표정을 짓는 이유가 뭐인 거 같아요?",
            "A": "아빠는 딸바보라서 완전 저 좋아해요."
        },
        {
            "Q": "그 표정을 볼 때, 친구 기분은 어때요?",
            "A": "아빠랑 놀면 저도 행복해요."
        },
        {
            "Q": "평상시에 어머니는 어떤 표정을 자주 지어요?",
            "A": "엄마도 자주 웃으시는데, 엄마는 저 혼내실 땐 엄하세요."
        },
        {
            "Q": "엄마가 그런 표정을 짓는 이유가 뭐인 거 같아요?",
            "A": "그냥 혼내는 건 웃으면서 혼낼 수 없으니까요."
        },
        {
            "Q": "그 표정을 볼 때, 친구 기분은 어때요?",
            "A": "혼날 땐 무서운데, 그래도 엄마 좋아요."
        },
        {
            "Q": "형제자매 있어요?",
            "A": "아니요, 없어요."
        },
        {
            "Q": "친구들이랑 주로 뭐 하고 놀아요?",
            "A": "친구들이랑 카페 가서 얘기해요."
        },
        {
            "Q": "주로 몇 명이 놀아요?",
            "A": "저희 네 명이서 많이 놀아요."
        },
        {
            "Q": "담임 선생님 좋아해요? 아니면 싫어해요?",
            "A": "담임 선생님 좋아해요."
        },
        {
            "Q": "좋아하는 이유가 있을까요?",
            "A": "담임 선생님도 우리가 맨날 귀찮게 해도 대답 잘해주시고 그래서요."
        },
        {
            "Q": "요즘 가장 큰 걱정거리가 있어요?",
            "A": "자꾸 아침에 물 먹으면 배 아파서 좀 걱정이에요."
        },
        {
            "Q": "그런 걱정 때문에 생활이 불편하거나 힘들어요?",
            "A": "네. 아침에는 진짜 시원한 물 마시고 싶은데, 배가 아파서 못 먹잖아요."
        },
        {
            "Q": "요즘 행복하다고 느껴요?",
            "A": "네. 행복해요."
        },
        {
            "Q": "어떤 점에서 행복했어요?",
            "A": "그냥 친구들이랑 요즘 이쁜 카페도 많이 가고 좋아요."
        },
        {
            "Q": "친구는 꿈이 있어요?",
            "A": "저는 선생님이 되고 싶어요."
        },
        {
            "Q": "선생님이 되고 싶은 이유가 있어요?",
            "A": "그냥 지금 담임 선생님처럼 학생들이랑 잘 어울리는 선생님이 되고 싶어요."
        },
        {
            "Q": "집에서 주로 나를 돌봐주는 어른은 누구예요?",
            "A": "엄마가 보통 봐주세요."
        },
        {
            "Q": "엄마가 밥이나 빨래, 옷은 잘 챙겨주세요?",
            "A": "네. 엄청 잘 챙겨주세요."
        },
        {
            "Q": "어른들이 집에 친구를 혼자 두고 나가거나, 갑자기 말도 없이 나가서 안 들어온 적이 있어요?",
            "A": "아니요. 제가 혼자 있는 거 싫어해서 밤에 저 혼자 냅두고 안 나가세요."
        },
        {
            "Q": "어디 아픈 곳이 있는데 어른들이 병원에 데려가지 않은 적이 있어요?",
            "A": "아니요. 저는 조금만 아파도 병원 가요."
        },
        {
            "Q": "인터넷이나 휴대폰을 가지고 노는 시간은 하루에 몇 시간 정도에요?",
            "A": "저는 한 두 시간 정도 하는 것 같아요."
        },
        {
            "Q": "피시방 같은 곳을 자주 가요?",
            "A": "한 번도 간 적 없어요."
        },
        {
            "Q": "어른들이 학교에 참석해야 하는 행사에 잘 오세요?",
            "A": "네. 엄마가 항상 오시고, 가끔 일정 있으면 못 오시긴 하세요."
        },
        {
            "Q": "부모님이나 선생님 때문에 슬프거나 화가 난 적이 있어요?",
            "A": "엄마한테 혼나면 슬프긴 하지만 그래도 제가 잘못한 거라서 금방 풀려요. 엄마가 풀어주기도 하고요."
        },
        {
            "Q": "주위 어른들 중 나를 때린 적 있는 사람이 있어요?",
            "A": "아니요. 저는 태어나서 맞아본 적이 없어요."
        },
        {
            "Q": "친구가 원하지 않는데도 누가 몸을 만지거나 보여달라고 한 적 있어요?",
            "A": "아니요. 그런 적 없어요."
        },
        {
            "Q": "집에서 어른들끼리 소리 지르면서 싸우는 걸 듣거나 본 적이 있어요?",
            "A": "아빠랑 엄마는 소리 지르면서 안 싸우고, 그냥 하루 정도 대화를 안 하세요."
        },
        {
            "Q": "친구들이 자주 놀리거나 괴롭힌다고 느낀 적 있어요?",
            "A": "아니요. 친구들이랑 항상 잘 지내요."
        },
        {
            "Q": "어떨 때 마음이 복잡하거나 힘들어요?",
            "A": "그런 적이 없어서 잘 모르겠어요."
        },
        {
            "Q": "잘 때 주로 어떤 꿈을 꿔요?",
            "A": "저는 나중에 제가 선생님 돼서 애들 가르치는 꿈 꾸긴 해요."
        },
        {
            "Q": "가출했던 적 있어요?",
            "A": "아니요. 가출했던 적 없고, 하지도 않을 거예요."
        }
    ]
}