{
    "info": {
        "위기단계": "상담필요"
    },
    "kids_ment": [
        {
            "Q": "최근에 어디 아픈데 없이 건강하니?",
            "A": "네, 건강해요."
        },
        {
            "Q": "최근에 다쳤던 적 있나요?",
            "A": "없어요."
        },
        {
            "Q": "우리 친구는 뭐 할 때가 즐거울까?",
            "A": "몰라요. 지금은 하나도 즐거운 게 없어요."
        },
        {
            "Q": "언제부터 즐겁지 않았을까?",
            "A": "이번 달에 영어학원 옮기고 나서부터요."
        },
        {
            "Q": "최근 일주일 동안 짜증이나 화가 난 적 있나요?",
            "A": "네. 학원 갈 때마다 선생님 때문에 짜증 나요."
        },
        {
            "Q": "그렇게 짜증 날 때 어떻게 하면 마음이 풀릴까?",
            "A": "마음이 안 풀려요."
        },
        {
            "Q": "우리 친구는 몇 시에 자고 몇 시에 일어나?",
            "A": "보통 열한 시에 자서 일곱 시에 일어나요."
        },
        {
            "Q": "아침에 일어났을 때 몸 상태는 어때?",
            "A": "그냥 잘 자고 개운하게 일어나요."
        },
        {
            "Q": "평소에 잠들기 힘들다거나 중간에 자주 깨진 않아?",
            "A": "네. 그러진 않아요."
        },
        {
            "Q": "평소에 아버지는 어떤 표정을 자주 짓는 것 같아?",
            "A": "자주 웃으세요. 저 보면 기분이 좋데요."
        },
        {
            "Q": "친구는 아빠가 웃으면 기분이 어때?",
            "A": "저도 좋아요."
        },
        {
            "Q": "평소에 어머니는 어떤 표정을 자주 짓는 것 같아?",
            "A": "항상 웃으세요. 엄마는 행복하대요."
        },
        {
            "Q": "친구는 그런 엄마를 보면 기분이 어때?",
            "A": "저도 그때만큼은 행복해지는 것 같아요."
        },
        {
            "Q": "친구는 형제나 자매가 있을까?",
            "A": "네. 오빠 한 명 있어요."
        },
        {
            "Q": "사이가 어때?",
            "A": "오빠가 자꾸 놀려서 싸워요."
        },
        {
            "Q": "부모님이 오빠랑 친구를 차별하진 않아?",
            "A": "네. 차별은 안 해요."
        },
        {
            "Q": "친구들이랑 뭐 하고 놀아?",
            "A": "친구들이랑 수다 떨어요."
        },
        {
            "Q": "주로 몇 명이서 놀까?",
            "A": "세 명이요."
        },
        {
            "Q": "담임선생님은 어때? 좋은 것같아?",
            "A": "네. 좋아요. 선생님은 착해요."
        },
        {
            "Q": "요즘 큰 걱정거리는 뭐야?",
            "A": "학원 선생님이 자꾸 돼지라고 놀리면서 뭐라고 해서 영어학원 다시 옮기고 싶어요."
        },
        {
            "Q": "걱정거리 때문에 생활이 불편하거나 힘들까?",
            "A": "네. 아무도 안 그러는데 학원 선생님만 자꾸 돼지라고 해서 많이 힘들어요."
        },
        {
            "Q": "요즘 행복한 것 같아?",
            "A": "네. 학원 안 가면 행복해요."
        },
        {
            "Q": "친구는 커서 어떤 사람이 되고 싶어?",
            "A": "간호사가 되고 싶었는데요. 저는 돼지라서 할 수 없어요. 아무것도 될 수 없을 거예요."
        },
        {
            "Q": "집에서 주로 나를 돌봐주는 어른은 누구예요?",
            "A": "엄마요."
        },
        {
            "Q": "배가 고픈데 먹을 게 없어서 굶은 적이 있을까?",
            "A": "아니요."
        },
        {
            "Q": "저녁에 나를 집에 혼자 두고 어른들이 나갔던 적은 있을까?",
            "A": "아니요."
        },
        {
            "Q": "어디 아픈 곳이 있는데 어른들이 병원에 데려가지 않은 적이 있어?",
            "A": "병원은 잘 가요."
        },
        {
            "Q": "더럽고 냄새나는 옷을 입어야 한 적이 있거나 작은 옷이나 신발을 입거나 신고 다닌 적 있을까?",
            "A": "없어요."
        },
        {
            "Q": "인터넷이나 휴대폰을 가지고 노는 시간은 하루에 몇 시간 정도야?",
            "A": "두 시간 정도요."
        },
        {
            "Q": "어른들이 오셔야 하는 학교행사가 있을 때 잘 오셔?",
            "A": "네."
        },
        {
            "Q": "부모님이나 선생님 때문에 슬프거나 화난 적이 있을까?",
            "A": "월수목만 되면 학원 선생님이 돼지라고 생각이 없다고 그러니까 슬프고 짜증 나요."
        },
        {
            "Q": "마음이 힘들 때 가족에게 이야기하니?",
            "A": "못 해요."
        },
        {
            "Q": "주위 어른들 중 나를 때린 적이 있는 사람이 있나요?",
            "A": "아니요."
        },
        {
            "Q": "내가 원하지 않는데도 누군가가 내 몸을 만지거나 보여달라고 한 적 있어요?",
            "A": "아니요."
        },
        {
            "Q": "집에서 어른들끼리 소리 지르면서 싸우는 걸 듣거나 본 적이 있을까?",
            "A": "아니요, 없어요."
        },
        {
            "Q": "친구들이 나를 자주 놀리거나 괴롭힌다고 느낀 적이 있나요?",
            "A": "아니요. 저는 친구들이랑 친해요."
        },
        {
            "Q": "어떨 때 마음이 복잡하거나 힘들까?",
            "A": "영어학원 갈 때마다요."
        },
        {
            "Q": "안 좋은 기억 때문에 괴로워서 죽고 싶다는 생각을 한 적 있어?",
            "A": "아니요, 그런 적은 없어요."
        },
        {
            "Q": "잠잘 때 주로 어떤 꿈을 꿀까?",
            "A": "꿈 안 꾸고 잘 자요."
        },
        {
            "Q": "부모님의 허락 없이 또는 말도 없이 집에 오랫동안 나와 있었던 적이 있을까?",
            "A": "없어요."
        }
    ]
}