{
    "info": {
        "위기단계": "정상군"
    },
    "kids_ment": [
        {
            "Q": "최근에 어디 아픈 데 없어?",
            "A": "아, 우유 잘못 먹어서 배 아파요."
        },
        {
            "Q": "언제부터 아팠을까?",
            "A": "오늘 아침부터요."
        },
        {
            "Q": "이전에도 자주 그랬니?",
            "A": "아니요, 처음이에요."
        },
        {
            "Q": "최근에 다쳤던 적은 없어?",
            "A": "네. 며칠 전에 애들이랑 축구하다가 넘어져서 종아리 쓸렸어요."
        },
        {
            "Q": "우리 친구는 뭐 할 때가 즐거울까?",
            "A": "친구들이랑 놀 때 제일 즐거워요."
        },
        {
            "Q": "어떤 점이 즐거운 것 같아?",
            "A": "당연히 친구들이니까요."
        },
        {
            "Q": "최근 일주일 동안 짜증이나 화가 난 적이 있나요?",
            "A": "엄마가 늦게 들어왔다고 화내서 좀 짜증 나긴 했는데 괜찮아요."
        },
        {
            "Q": "그렇게 짜증 날 때 어떻게 하면 마음이 풀릴까?",
            "A": "몰라요."
        },
        {
            "Q": "우리 친구는 몇 시에 자고 몇 시에 일어나?",
            "A": "저 열 시에 자서 여덟 시에 일어나요."
        },
        {
            "Q": "아침에 일어났을 때 몸 상태는 어때?",
            "A": "좋습니다."
        },
        {
            "Q": "평소에 잠들기 힘들다거나 중간에 자주 깨진 않아?",
            "A": "네, 잘 자요."
        },
        {
            "Q": "평소에 아버지는 어떤 표정을 자주 짓는 것 같아?",
            "A": "음/, 그냥 아빠가 착해서 착한 표정이요."
        },
        {
            "Q": "친구는 아빠를 보면 기분이 어때?",
            "A": "편해져요."
        },
        {
            "Q": "평소에 어머니는 어떤 표정을 자주 짓는 것 같아?",
            "A": "엄마는 어떨 때 빼고는 그냥 잘 웃어요."
        },
        {
            "Q": "친구는 그런 엄마를 보면 기분이 어때?",
            "A": "좋아요."
        },
        {
            "Q": "친구는 형제나 자매가 있을까?",
            "A": "없어요."
        },
        {
            "Q": "친구들이랑 뭐 하고 놀아?",
            "A": "그냥 장난도 치고 축구도 하고 잘 놀아요."
        },
        {
            "Q": "주로 몇 명이서 놀까?",
            "A": "다섯 명 정도요."
        },
        {
            "Q": "담임선생님은 어때? 좋은 것같아?",
            "A": "네. 우리 반 짱이니까 좋아요."
        },
        {
            "Q": "요즘 큰 걱정거리는 뭐야?",
            "A": "걱정거리 딱히 없는데요."
        },
        {
            "Q": "요즘 행복한 것 같아?",
            "A": "네, 저는 행복한 사람입니다."
        },
        {
            "Q": "친구는 커서 어떤 사람이 되고 싶어?",
            "A": "저는 축구선수도 되고 싶고요, 선생님도 되고 싶고 개그맨도 되고 싶고 몰라요."
        },
        {
            "Q": "집에서 주로 나를 돌봐주는 어른은 누구예요?",
            "A": "엄마요."
        },
        {
            "Q": "배가 고픈데 먹을 게 없어서 굶은 적이 있을까?",
            "A": "아니요."
        },
        {
            "Q": "저녁에 나를 집에 혼자 두고 어른들이 나갔던 적은 있을까?",
            "A": "아니요."
        },
        {
            "Q": "어디 아픈 곳이 있는데 어른들이 병원에 데려가지 않은 적이 있어?",
            "A": "없어요."
        },
        {
            "Q": "더럽고 냄새나는 옷을 입어야 한 적이 있거나 작은 옷이나 신발을 입거나 신고 다닌 적 있을까?",
            "A": "네? 전혀요."
        },
        {
            "Q": "인터넷이나 휴대폰을 가지고 노는 시간은 하루에 몇 시간 정도야?",
            "A": "휴대폰은 있는데 별로 재미없어서 안 해요."
        },
        {
            "Q": "어른들이 오셔야 하는 학교행사가 있을 때 잘 오셔?",
            "A": "네."
        },
        {
            "Q": "부모님이나 선생님 때문에 슬프거나 화난 적 있을까?",
            "A": "그런 적 없어요."
        },
        {
            "Q": "마음이 힘들 때 가족에게 이야기하니?",
            "A": "네, 저는 아빠한테 이야기 잘하는 편입니다."
        },
        {
            "Q": "주위 어른들 중 나를 때린 적이 있는 사람이 있나요?",
            "A": "없어요."
        },
        {
            "Q": "내가 원하지 않았는데도 누군가가 내 몸을 만지거나 보여달라고 한 적 있어요?",
            "A": "아니요."
        },
        {
            "Q": "집에서 어른들끼리 소리 지르면서 싸우는 걸 듣거나 본 적 있을까?",
            "A": "아니요, 없어요."
        },
        {
            "Q": "친구들이 나를 자주 놀리거나 괴롭힌다고 느낀 적이 있나요?",
            "A": "아니요, 저는 친구들이랑 친해요."
        },
        {
            "Q": "어떨 때 마음이 복잡하거나 힘들까?",
            "A": "축구 질 때요."
        },
        {
            "Q": "안 좋은 기억 때문에 괴로워서 죽고 싶다는 생각을 한 적 있어?",
            "A": "없어요."
        },
        {
            "Q": "잠잘 때 주로 어떤 꿈을 꿀까?",
            "A": "제가 가고 싶은데, 가는 꿈."
        },
        {
            "Q": "부모님의 허락 없이 또는 말도 없이 집에 오랫동안 나와 있었던 적이 있을까?",
            "A": "없어요."
        }
    ]
}