{
    "info": {
        "위기단계": "정상군"
    },
    "kids_ment": [
        {
            "Q": "요즘 건강은 어떤 것 같아? 아픈 곳은 없어?",
            "A": "네, 없어요."
        },
        {
            "Q": "최근에 다친 곳은 없어?",
            "A": "네."
        },
        {
            "Q": "뭘 할 때가 즐거워?",
            "A": "태권도할 때요."
        },
        {
            "Q": "어떤 점이 즐거운 것 같아?",
            "A": "멋있어서 즐거워요."
        },
        {
            "Q": "최근 일주일 동안 짜증이나 화가 난 적 있어?",
            "A": "짜증 난 적 있어요."
        },
        {
            "Q": "뭐 때문에 그렇게 느낀 것 같아?",
            "A": "친구가 저보다 먼저 태권도 해서 띠가 더 높은데 그걸로 놀려서요."
        },
        {
            "Q": "평소에 그런 기분이 들면 어떻게 해?",
            "A": "태권도 연습해요."
        },
        {
            "Q": "평소에 몇 시에 자고 몇 시에 일어나?",
            "A": "열한 시에 자고 일곱 시에 일어나요."
        },
        {
            "Q": "아침에 일어나면 몸은 어때?",
            "A": "괜찮아요."
        },
        {
            "Q": "잠들기 힘들거나 자다가 중간에 깨진 않아?",
            "A": "네, 안 그래요."
        },
        {
            "Q": "같이 사는 가족은 누구누구야?",
            "A": "아빠요."
        },
        {
            "Q": "평소 아빠의 표정은 어때?",
            "A": "좋아요. 자주 웃어요."
        },
        {
            "Q": "어떨 때 그런 표정을 지으시는 것 같아?",
            "A": "항상 웃어요."
        },
        {
            "Q": "그 표정을 보면 기분이 어때?",
            "A": "저도 같이 웃어요. 좋아요."
        },
        {
            "Q": "친구들이랑 주로 뭐 하고 놀아?",
            "A": "잡기 놀이 해요."
        },
        {
            "Q": "친구들이랑 놀면 기분이 어때?",
            "A": "재밌어요."
        },
        {
            "Q": "담임선생님은 좋아 싫어?",
            "A": "좋아요."
        },
        {
            "Q": "어떤 점이 좋은 것 같아?",
            "A": "잘 해줘서요. 유치원 선생님처럼 잘해줘요."
        },
        {
            "Q": "요즘 걱정하는 게 있어?",
            "A": "네, 있어요."
        },
        {
            "Q": "어떤게 걱정이야?",
            "A": "빨리 높은 띠 하고 싶은데 그게 안 돼서요."
        },
        {
            "Q": "뭐 때문에 그게 걱정인 것 같아?",
            "A": "친구가 놀리는 거 싫어서요."
        },
        {
            "Q": "한 달에 몇 번 정도 힘들거나 불편하다고 느끼는 것 같아?",
            "A": "안 힘들어요."
        },
        {
            "Q": "요즘 행복한 것 같아?",
            "A": "네."
        },
        {
            "Q": "어떤 점이 행복한 거 같아?",
            "A": "전부 다 좋아서요."
        },
        {
            "Q": "나중에 어떤 사람이 되고 싶어?",
            "A": "태권도 관장님이요."
        },
        {
            "Q": "그렇게 되고 싶다고 생각한 이유는 뭐야?",
            "A": "우리 관장님이 멋있어서요."
        },
        {
            "Q": "주로 집에서 돌봐주는 사람은 누구야?",
            "A": "아빠요."
        },
        {
            "Q": "배가 고픈데 밥을 챙겨주지 않아서 굶은 적이 있어?",
            "A": "아니요."
        },
        {
            "Q": "빨래가 안 돼서 냄새나고 불쾌한 옷을 입은 적 있어?",
            "A": "아니요."
        },
        {
            "Q": "크기가 맞지 않는 옷을 입거나 신발을 신은 적 있어?",
            "A": "아니요."
        },
        {
            "Q": "아플 때 어른들이 병원에 데려가지 않은 적 있어?",
            "A": "아니요."
        },
        {
            "Q": "운동회나 수업 참관 같은 학교행사에 잘 오시는 편이야?",
            "A": "네."
        },
        {
            "Q": "다섯 번 중에 몇 번 정도 오시는 것 같아?",
            "A": "세 번 넘게요."
        },
        {
            "Q": "인터넷이나 휴대폰을 하루에 몇 시간 정도 하는 것 같아?",
            "A": "한 시간이요."
        },
        {
            "Q": "부모님이나 선생님 때문에 화나거나 슬픈 적 있어?",
            "A": "아빠가 먹기 싫은 반찬 먹으라고 할 땐 좀 짜증 나요."
        },
        {
            "Q": "어른들이 방이나 다른 곳에 가두고 못 나오게 한 적 있어?",
            "A": "아니요."
        },
        {
            "Q": "다른 사람 앞에서 혼난 적 있어?",
            "A": "아니요."
        },
        {
            "Q": "어른들이 다른 아이들이랑 비교할 때 있어?",
            "A": "없어요."
        },
        {
            "Q": "어른들이 집에서 쫓아낸다고 하거나 버리겠다고 하거나 진짜 쫓아낸 적 있어?",
            "A": "아니요."
        },
        {
            "Q": "뭔가 하려고 할 때 무조건 안 된다고 하거나, 하기 싫은데도 무조건 하라고 한 적 있어?",
            "A": "아니요."
        },
        {
            "Q": "마음이 힘들 때 누구에게 말해?",
            "A": "아빠요."
        },
        {
            "Q": "주위 어른들 중에 몸을 아프게 한 사람이 있어?",
            "A": "없어요."
        },
        {
            "Q": "누군가 원하지 않는데도 몸을 만지거나 보여달라고 한 적 있어?",
            "A": "아니요."
        },
        {
            "Q": "집에서 어른들이 소리 지르면서 싸우는 걸 듣거나 본 적 있어?",
            "A": "아니요."
        },
        {
            "Q": "친구들이 자주 놀리거나 괴롭힌다고 느낀 적 있어?",
            "A": "아니요."
        },
        {
            "Q": "어떨 때 마음이 복잡하거나 힘들어?",
            "A": "엄마가 없을 때요."
        },
        {
            "Q": "그런 것 때문에 괴로워서 죽고 싶다고 생각한 적 있어?",
            "A": "아니요, 그렇진 않아요."
        },
        {
            "Q": "잠잘 때 어떤 꿈을 꾸는 편이야?",
            "A": "꿈이 잘 기억이 안 나요."
        },
        {
            "Q": "기분 나쁜 꿈인 것 같아?",
            "A": "아닌 것 같아요."
        },
        {
            "Q": "생각하기 싫은데도 자꾸 그 기억이 떠오른 적 있어?",
            "A": "아니요."
        },
        {
            "Q": "부모님 허락 없이 또는 말도 없이 집에서 오랫동안 나와 있었던 적이 있어?",
            "A": "아니요."
        }
    ]
}