{
    "info": {
        "위기단계": "응급"
    },
    "kids_ment": [
        {
            "Q": "최근에 내 몸이 건강한 것 같아요? 아니면 어디 안 좋은 곳이 있어요?",
            "A": "배가 아파요."
        },
        {
            "Q": "언제부터 아팠어요?",
            "A": "어제부터요."
        },
        {
            "Q": "어떻게 아파요?",
            "A": "소화가 잘 안돼서 아파요."
        },
        {
            "Q": "이전에도 자주 아팠어요?",
            "A": "이전에는 안 그랬어요. 그 일 있고 나서부터 소화가 잘 안 돼요."
        },
        {
            "Q": "최근에 다쳤던 적이 있나요?",
            "A": "다친 곳 없어요."
        },
        {
            "Q": "뭘 할 때 즐거워요?",
            "A": "즐거운 거 없어요."
        },
        {
            "Q": "이전에도 즐겁다고 느낀 적이 없나요?",
            "A": "가족들이랑 여행 가면 즐거웠어요."
        },
        {
            "Q": "즐겁다고 느끼지 못한 것이 언제부터예요?",
            "A": "일주일 전부터요. 매일 긴장 상태라 재미가 없어요."
        },
        {
            "Q": "최근 일주일 동안 짜증이나 화가 난 적이 있나요?",
            "A": "아니요. 짜증이나 화까지는 안나요."
        },
        {
            "Q": "평소에 짜증이나 화가 났을 때 어떻게 하면 풀려요?",
            "A": "짜증이나 화가 잘 안 나는데 그래도 나면 노래도 부르고 강아지랑 산책 갔다 와요."
        },
        {
            "Q": "몇 시에 자고 몇 시에 일어나요?",
            "A": "열 시 반쯤 자고 일곱 시에 일어나요."
        },
        {
            "Q": "일어나면 몸 상태는 어때요?",
            "A": "멍하고 졸려요."
        },
        {
            "Q": "잠들기 어렵거나 잠자는 중간에 깨는 일이 있을까요?",
            "A": "꿈속에서 이상한 장면이 자꾸 떠올라서 계속 놀라서 깨요."
        },
        {
            "Q": "아빠는 어떤 표정을 자주 짓나요?",
            "A": "아빠는 항상 웃는 표정이에요."
        },
        {
            "Q": "아빠가 웃으시면 기분이 어때요?",
            "A": "저도 기분이 좋고 따라 웃게 돼요."
        },
        {
            "Q": "엄마는 어떤 표정을 자주 짓나요?",
            "A": "엄마도 항상 웃는 얼굴이에요."
        },
        {
            "Q": "엄마가 웃으시면 기분이 어때요?",
            "A": "아빠랑 같아요. 기분 좋아요."
        },
        {
            "Q": "형제자매가 있나요?",
            "A": "네, 언니랑 남동생 있어요."
        },
        {
            "Q": "한 명씩 있어요?",
            "A": "네."
        },
        {
            "Q": "언니랑 잘 지내요?",
            "A": "네. 전 언니랑 노는 게 제일 좋아요."
        },
        {
            "Q": "남동생이랑은 어때요?",
            "A": "남동생은 까불이라 말을 좀 안 듣는데 그래도 잘 지내요."
        },
        {
            "Q": "부모님이 언니랑 나를 차별하는 것 같아요?",
            "A": "아빠는 언니 말 더 잘 들어주는 거 같아요."
        },
        {
            "Q": "동생이랑은 차별하는 것 같아요?",
            "A": "엄마는 동생을 더 예뻐하는 것 같아요."
        },
        {
            "Q": "친구들이랑 뭐 하고 놀아요?",
            "A": "방과 후 수업 같이 다녀요."
        },
        {
            "Q": "방과 후 수업 어떤 거 하는 거예요?",
            "A": "연극반이에요."
        },
        {
            "Q": "같이 노는 친구는 몇 명이에요?",
            "A": "연극반 애들 많아요. 같이 다니는 친구는 두 명이요."
        },
        {
            "Q": "담임선생님을 좋아하나요, 싫어하나요?",
            "A": "잘 모르겠어요."
        },
        {
            "Q": "담임선생님 생각하면 어떤 느낌이에요?",
            "A": "요즘에는 좀 불편해요."
        },
        {
            "Q": "왜 그렇게 느껴요?",
            "A": "그 일 이후로 어른 남자들이 좀 징그럽고 같이 있기 싫어요."
        },
        {
            "Q": "요즘 제일 걱정되는 게 뭐에요?",
            "A": "기사님이랑 둘이 차에 남게 될까봐 걱정이에요."
        },
        {
            "Q": "어떤 점에서 걱정이 돼요?",
            "A": "새로 오신 기사님도 남자라서 혹시 또 저한테 이상한 거 보여줄까 봐요."
        },
        {
            "Q": "이런 걱정 때문에 어느 정도로 힘든가요?",
            "A": "매일 학교 갈 때마다 생각나요."
        },
        {
            "Q": "요즘 행복한 것 같아요?",
            "A": "네, 행복해요."
        },
        {
            "Q": "어떤 점에서 행복한 것 같아요?",
            "A": "엄마랑 아빠가 제 이야기 잘 들어주고 추수감사절 행사에서 연극 발표하는데 제가 주인공 다음으로 인기 있는 역할 하기로 해서 기뻐요."
        },
        {
            "Q": "커서 어떤 사람이 되고 싶어요?",
            "A": "배우가 되고 싶어요."
        },
        {
            "Q": "배우가 되고 싶은 이유가 뭐예요?",
            "A": "연기 하다 보니까 너무 재미있어요. 무대 위에서 막 연기하고 나면 몸은 힘든데 에너지가 더 생기는 것 같아요."
        },
        {
            "Q": "집에서 주로 나를 돌봐주는 어른은 누구인가요?",
            "A": "엄마가 돌봐주세요."
        },
        {
            "Q": "배가 고픈데 먹을 게 없어서 굶은 적이 있나요?",
            "A": "아니요. 그런 적은 없어요"
        },
        {
            "Q": "저녁에 나를 집에 혼자 두고 어른들이 나갔던 적 있나요?",
            "A": "아니요. 없어요."
        },
        {
            "Q": "부모님이나 선생님 때문에 슬프거나 화가 난 적이 있나요?",
            "A": "그런 일은 없었어요."
        },
        {
            "Q": "주위 어른들 중 나를 때린 적이 있는 사람이 있나요?",
            "A": "아니요. 없어요."
        },
        {
            "Q": "내가 원하지 않는데도 누군가가 내 몸을 만지거나 보여달라고 한 적 있어요?",
            "A": "만지진 않았고요. <욕설> 에 털 났냐고 보여달라고 했어요."
        },
        {
            "Q": "누가 그랬어요? 어떻게 보여달라고 했어요?",
            "A": "버스 기사님이 저만 남았을 때 <욕설> 에 털 났냐고 물어서 조금 났다니까 막 한번 보자 이러면서 보여달라고 했어요."
        },
        {
            "Q": "누가 나에게 부끄럽고 창피한 것을 시킨 적이 있나요? 어떤 걸 시켰어요?",
            "A": "기사님이 제가 안 보여 준다고 하니까 저한테 이상한 동영상 보여주면서 이거 한번 보라고 해서 부끄럽고 기분이 별로 안 좋았어요."
        },
        {
            "Q": "누가 소중한 부위를 아프게 한 적이 있어요?",
            "A": "아니요, 없어요."
        },
        {
            "Q": "누가 내 몸을 사진 찍거나 동영상을 찍은 적이 있나요?",
            "A": "사진이나 동영상은 안 찍었어요."
        },
        {
            "Q": "나의 신체 부위를 사진이나 영상을 찍어서 보내주면 돈을 준다고 한 적이 있거나 그런 걸 보내서 돈을 받은 적이 있나요?",
            "A": "아니요, 없어요."
        },
        {
            "Q": "집에서 어른들끼리 소리 지르면서 싸우는 걸 듣거나 본 적이 있나요?",
            "A": "없어요. 엄마랑 아빠는 사이가 좋아요."
        },
        {
            "Q": "친구들이 나를 자주 놀리거나 괴롭힌다고 느낀 적이 있나요?",
            "A": "우리 반에 그런 친구들 없어요."
        },
        {
            "Q": "어떨 때 마음이 복잡하거나 힘든가요?",
            "A": "그때 그 일을 생각하면 좀 마음이 이상해요."
        },
        {
            "Q": "안 좋은 기억 때문에 괴로워서 죽고 싶다는 생각을 한 적 있나요?",
            "A": "아니요. 그 정도는 아니에요."
        },
        {
            "Q": "잠잘 때 주로 어떤 꿈을 꾸나요?",
            "A": "자꾸 그때 봤던 영상의 기분 나쁜 장면들이 나타나요."
        },
        {
            "Q": "생각하고 싶지 않은 데도 자꾸 그 기억이 떠오른 적이 얼마나 자주 일어나요?",
            "A": "그날 이후로는 매일 밤 자꾸 나타나는 것 같아요."
        },
        {
            "Q": "이런 싫은 기억이 떠오를 때 어떻게 하나요?",
            "A": "언니한테 가서 같이 자자고 해요."
        },
        {
            "Q": "꿈을 꾸고 일어나면 몸 상태가 어떤가요?",
            "A": "몸이 떨리고 놀라서 심장이 막 뛰어요."
        },
        {
            "Q": "부모님의 허락 없이 또는 말도 없이 집에서 오랫동안 나와 있었던 적이 있나요?",
            "A": "아니요. 없어요."
        }
    ]
}