{
    "info": {
        "위기단계": "응급"
    },
    "kids_ment": [
        {
            "Q": "최근에 건강한가요? 아니면 아픈 곳이 있어요?",
            "A": "지금은 아픈 곳 없어요."
        },
        {
            "Q": "최근에 다쳤던 적이 있나요?",
            "A": "없어요."
        },
        {
            "Q": "뭘 할 때 즐거워요?",
            "A": "딱히 없어요."
        },
        {
            "Q": "이전에도 즐겁다고 느낀 적이 없나요?",
            "A": "전에도 즐겁다고 느낀 적 없어요."
        },
        {
            "Q": "언제부터 그랬던 것 같아요?",
            "A": "언제부터인지는 모르겠지만 기억에서 즐거웠던 적이 없어요."
        },
        {
            "Q": "최근 일주일 동안 짜증이나 화가 난 적이 있나요?",
            "A": "짜증이나 화도 느껴본 적 없어요."
        },
        {
            "Q": "그럼 보통 어떤 느낌이 제일 많이 들어요?",
            "A": "그냥 아무 느낌도 없는 거 같아요."
        },
        {
            "Q": "최근 일주일 동안 몇 시에 자고 몇 시에 일어났어요?",
            "A": "열한 시에 눕기는 누워요. 아침 일곱 시에 일어나요."
        },
        {
            "Q": "아침에 일어나면 몸 상태는 어때요?",
            "A": "피곤하고 땅으로 꺼질 것 같아요."
        },
        {
            "Q": "아빠하면 어떤 동물이 떠올라요?",
            "A": "악어요."
        },
        {
            "Q": "왜 악어 같다고 생각해요?",
            "A": "갑자기 확 공격하는 게 비슷한 느낌이에요."
        },
        {
            "Q": "그런 아빠를 보면 친구는 어떤 느낌이 들어요?",
            "A": "무서워요."
        },
        {
            "Q": "형제자매가 있나요?",
            "A": "남동생 한 명 있어요."
        },
        {
            "Q": "사이가 어때요?",
            "A": "동생이랑 사이좋아요."
        },
        {
            "Q": "부모님이 동생과 나를 차별하는 것 같아요?",
            "A": "그런 것 같진 않아요."
        },
        {
            "Q": "친구들이랑 뭐 하고 놀아요?",
            "A": "친구랑 못 놀아요."
        },
        {
            "Q": "왜 친구랑 못 놀아요?",
            "A": "집에 빨리 안 가면 아빠한테 혼나서 놀다가 갈 수가 없어요."
        },
        {
            "Q": "담임선생님을 좋아하나요, 싫어하나요?",
            "A": "담임선생님 좋아요."
        },
        {
            "Q": "어떤 점이 좋아요?",
            "A": "저한테 신경을 많이 써주세요."
        },
        {
            "Q": "요즘 제일 걱정되는 게 뭐에요?",
            "A": "아빠가 또 목을 조를까 봐 무서워요."
        },
        {
            "Q": "어떤 점에서 걱정이 되는 거예요?",
            "A": "진짜 숨 막혀서 죽을 것 같아요."
        },
        {
            "Q": "이런 걱정 때문에 어느 정도로 힘든가요?",
            "A": "집에 들어가기 무서운데 안 들어가면 또 혼나니까 어떻게 할 수가 없어서 힘들어요."
        },
        {
            "Q": "요즘 행복한 것 같아요?",
            "A": "아니요, 하나도 행복하지 않아요."
        },
        {
            "Q": "왜 불행하다고 느껴요?",
            "A": "저런 아빠랑 사는 거 자체가 불행한 거 아닌가요?"
        },
        {
            "Q": "커서 어떤 사람이 되고 싶어요?",
            "A": "그런 거 없어요."
        },
        {
            "Q": "왜 없어요? 하고 싶은 일 없어요?",
            "A": "네, 뭘 해야 할지도 모르겠고 제가 뭘 할 수 있는지도 모르겠어요. 전 공부도 잘 못하고 잘하는 게 뭔지 몰라요."
        },
        {
            "Q": "집에서 주로 나를 돌봐주는 어른은 누구인가요?",
            "A": "아빠요."
        },
        {
            "Q": "배가 고픈데 먹을 게 없어서 굶은 적이 있어요?",
            "A": "아니요. 밥은 제때 차려 먹어요."
        },
        {
            "Q": "저녁에 나를 집에 혼자 두고 어른들이 나갔던 적 있어요?",
            "A": "네, 아빠가 종종 저녁에 저랑 동생만 두고 나가요."
        },
        {
            "Q": "어디 아픈 곳이 있는데 어른들이 병원에 데려가지 않은 적이 있나요?",
            "A": "아니요, 많이 아프면 병원은 갔어요."
        },
        {
            "Q": "더럽고 냄새나는 옷을 입어야 한 적이 있거나 작은 옷이나 신발을 입거나 신고 다닌 적 있나요?",
            "A": "네, 여름에 빨래가 잘 안 말라서 며칠 같은 옷 입기도 해요."
        },
        {
            "Q": "인터넷이나 휴대폰을 가지고 노는 시간은 하루에 몇 시간 정도인가요?",
            "A": "두 시간 정도요."
        },
        {
            "Q": "어른들이 운동회나 참관 수업 또는 학부모 상담 같은 학교 행사에 잘 오시나요?",
            "A": "아니요. 오지 않으세요."
        },
        {
            "Q": "부모님이나 선생님 때문에 슬프거나 화가 난 적이 있나요?",
            "A": "아빠가 무섭게 혼내면 무섭기도 하고 화도 나요."
        },
        {
            "Q": "아빠의 어떤 말이나 행동이 친구를 화나게 했을까요?",
            "A": "늦게 들어왔다고 칼을 손에 들고 혼냈어요."
        },
        {
            "Q": "아빠가 친구를 어디 가두고 못 나오게 한 적이 있나요?",
            "A": "가두진 않았어요."
        },
        {
            "Q": "다른 사람들 앞에서도 혼날 때가 있나요? 얼마나 자주 그래요?",
            "A": "집에서 그러는데 동생이랑 같이 혼나요. 일주일에 세 번은 그러는 것 같아요."
        },
        {
            "Q": "아빠가 나를 다른 아이들과 비교하나요? 얼마나 자주 그래요?",
            "A": "비교하진 않아요."
        },
        {
            "Q": "아빠가 친구를 집에서 쫓아내거나 버리겠다고 말하거나 진짜 쫓아낸 적 있어요?",
            "A": "쫓아내겠다는 말은 안 했는데 죽여버린다거나 같이 죽자는 말은 했어요."
        },
        {
            "Q": "내가 무엇을 하려고 할 때 무조건 안 된다고 하거나 하기 싫은데 무조건 하라고 할 때가 있나요?",
            "A": "하기 싫고 좋은 거 없어요. 그냥 아빠가 하라 그러면 해야 돼요."
        },
        {
            "Q": "마음이 힘들 때 가족에게 내 마음을 이야기하나요?",
            "A": "동생이 어려서 말 안 해요. 아빠한테는 말 못 해요."
        },
        {
            "Q": "주위 어른들 중 나를 때린 적이 있는 사람이 있나요?",
            "A": "때린 건 아닌데 목은 졸랐어요."
        },
        {
            "Q": "누가 그랬어요?",
            "A": "아빠가요."
        },
        {
            "Q": "아빠가 나를 그렇게 한 이유가 뭐라고 생각해요?",
            "A": "집에 늦게 와서 혼났어요."
        },
        {
            "Q": "목을 어떤 걸로 졸랐어요?",
            "A": "아빠 손으로요."
        },
        {
            "Q": "평소 아빠가 자주 그러시나요?",
            "A": "목 조른 건 처음이에요."
        },
        {
            "Q": "목 졸려서 얼마나 다쳤어요?",
            "A": "기절해서 기억이 안 나요."
        },
        {
            "Q": "이렇게 다친 것 때문에, 병원에 가서 치료를 받은 적 있나요?",
            "A": "아니요."
        },
        {
            "Q": "내가 원하지 않는데도 누군가가 내 몸을 만지거나 보여달라고 한 적 있어요?",
            "A": "아니요."
        },
        {
            "Q": "집에서 어른들끼리 소리 지르면서 싸우는 걸 듣거나 본 적이 있나요?",
            "A": "아빠밖에 없어서 아빠가 우리들한테 소리 지르는 일만 있어요."
        },
        {
            "Q": "친구들이 나를 자주 놀리거나 괴롭힌다고 느낀 적이 있나요?",
            "A": "아니요. 제가 친구들이랑 오래 못 노는 거지 학교에서는 그냥 잘 이야기해요."
        },
        {
            "Q": "어떨 때 마음이 복잡하거나 힘든가요?",
            "A": "집에 있으면 숨쉬기도 힘들어요."
        },
        {
            "Q": "안 좋은 기억 때문에 괴로워서 죽고 싶다는 생각을 한 적 있나요?",
            "A": "그런 적은 없는데 계속 이러면 아빠한테 죽을 것 같아요."
        },
        {
            "Q": "잠잘 때 주로 어떤 꿈을 꾸나요?",
            "A": "요즘 귀신 나오는 악몽을 자주 꿔요."
        },
        {
            "Q": "꿈을 꾸고 일어나면 몸 상태가 어떤가요?",
            "A": "보통 꿈속에서 도망치다 깨서 식은땀도 나고 소름이 끼쳐요."
        },
        {
            "Q": "가출 해 본 적 있어요?",
            "A": "아니요."
        }
    ]
}