{
    "info": {
        "위기단계": "정상군"
    },
    "kids_ment": [
        {
            "Q": "최근에 건강한가요? 아니면 아픈 곳이 있나요?",
            "A": "아픈 곳 없었어요. 전 건강해요."
        },
        {
            "Q": "최근에 다쳤던 적 있나요?",
            "A": "칼에 손이 베였어요."
        },
        {
            "Q": "왜 다쳤어요?",
            "A": "요리하다가 다쳤어요."
        },
        {
            "Q": "우리 친구는 뭘 할 때가 즐거워요?",
            "A": "요리 만들 때가 즐거워요."
        },
        {
            "Q": "요리 만드는 것이 왜 즐거워요?",
            "A": "제가 원하는 음식을 제 손으로 만들어서 먹는 게 너무 좋아요."
        },
        {
            "Q": "우리 친구 최근 일주일 동안 짜증이나 화가 난 적 있었어요?",
            "A": "네, 있었어요."
        },
        {
            "Q": "왜 짜증이나 화가 났어요?",
            "A": "놀고 싶은데 해야 할 숙제가 많아서요."
        },
        {
            "Q": "평소에 짜증이 나면 어떻게 하면 마음이 풀려요?",
            "A": "좋아하는 음식 만들어서 먹어요."
        },
        {
            "Q": "우리 친구는 몇 시에 자고 몇 시에 일어나나요?",
            "A": "열한 시에 자고 일곱 시에 일어나요."
        },
        {
            "Q": "아침에 일어났을 때 몸 상태는 어때요?",
            "A": "좋아요."
        },
        {
            "Q": "평소에 잠이 들기 힘들거나 잠자는 중간에 자주 깬 적이 있을까요?",
            "A": "아니요, 없어요."
        },
        {
            "Q": "아빠는 평상시에 어떤 표정을 짓고 계세요?",
            "A": "장난기가 가득한 표정을 짓고 계세요."
        },
        {
            "Q": "아빠는 왜 그런 표정을 짓고 계신 것 같아?",
            "A": "장난치시는 거 좋아하시거든요."
        },
        {
            "Q": "아빠가 그런 표정을 짓고 계시면 친구는 기분이 어때?",
            "A": "좋아요."
        },
        {
            "Q": "아빠가 친구랑 이야기하실 때는 어떤 표정을 짓고 계셔?",
            "A": "웃어주세요."
        },
        {
            "Q": "엄마는 평상시에 어떤 표정을 짓고 계셔?",
            "A": "미소 짓고 계세요."
        },
        {
            "Q": "엄마는 왜 그런 표정을 짓고 계신 것 같아?",
            "A": "행복하셔서 그렇다고 하셨어요."
        },
        {
            "Q": "그런 엄마 표정을 보면 친구 기분이 어때?",
            "A": "좋아요."
        },
        {
            "Q": "엄마가 친구랑 이야기하실 때는 어떤 표정을 짓고 계셔?",
            "A": "온화한 표정이요."
        },
        {
            "Q": "우리 친구 형제자매는 몇 명이에요?",
            "A": "남동생 한 명 있어요."
        },
        {
            "Q": "남동생이랑 사이는 어때?",
            "A": "좋아요. 제가 요리해서 주면 엄청 맛있게 먹어요."
        },
        {
            "Q": "부모님이 남동생이랑 친구를 차별하신다고 느낀 적이 있나요?",
            "A": "아니요, 없었어요."
        },
        {
            "Q": "우리 친구는 친구들이랑 주로 뭐 하면서 놀아요?",
            "A": "자전거도 타고 폰으로 사진도 찍으면서 놀아요."
        },
        {
            "Q": "주로 몇 명이랑 놀아요?",
            "A": "세 명이요."
        },
        {
            "Q": "우리 친구는 담임선생님을 좋아하나요?",
            "A": "네, 좋아요."
        },
        {
            "Q": "담임선생님이 왜 좋아요?",
            "A": "재미있으시고 상냥하세요."
        },
        {
            "Q": "우리 친구 요즘 가장 큰 걱정거리는 뭘까요?",
            "A": "내년에 중학교 올라가는데 공부 때문에 걱정이에요."
        },
        {
            "Q": "공부하는 게 걱정인 거야?",
            "A": "네, 잘하고 싶은데 그러려면 열심히 해야 하잖아요. 힘들어요."
        },
        {
            "Q": "걱정거리 때문에 생활이 불편하거나 힘든가요?",
            "A": "아니요."
        },
        {
            "Q": "우리 친구는 요즘 행복하다고 느끼나요?",
            "A": "네."
        },
        {
            "Q": "왜 행복하다고 느낄까?",
            "A": "어제 핫케이크 만들었는데 엄청 맛있게 만들어졌어요."
        },
        {
            "Q": "우리 친구 꿈이 무엇인지 말해 줄 수 있을까요?",
            "A": "빵 만드는 사람이 되고 싶어요."
        },
        {
            "Q": "왜 빵 만드는 사람이 되고 싶어요?",
            "A": "빵 만드는 거 재미있고 먹는 것도 좋아해서요."
        },
        {
            "Q": "집에서 주로 나를 돌봐주는 어른은 누구인가요?",
            "A": "엄마요."
        },
        {
            "Q": "배가 고픈데 먹을 게 없어서 굶은 적이 있나요?",
            "A": "아니요, 없었어요."
        },
        {
            "Q": "저녁에 친구를 집에 혼자 두고 어른들이 나갔던 적 있었나요?",
            "A": "아니요, 없었어요."
        },
        {
            "Q": "어디 아픈 곳이 있는데 어른들이 병원에 데려가지 않은 적이 있나요?",
            "A": "아니요, 없었어요."
        },
        {
            "Q": "세탁이 되지 않아서 냄새나는 옷을 입거나 작은 옷이나 신발을 입거나 신고 다닌 적이 있나요?",
            "A": "아니요, 없었어요."
        },
        {
            "Q": "인터넷이나 휴대폰을 가지고 노는 시간은 하루에 몇 시간 정도인가요?",
            "A": "두 시간 정도요."
        },
        {
            "Q": "휴대폰 많이 한다고 어른들이 뭐라고 하지는 않아요?",
            "A": "네, 하세요. 이제 그만하라고."
        },
        {
            "Q": "어른들이 운동회나 참관 수업 또는 학부모 상담 같은 학교 행사에 잘 오시나요?",
            "A": "네."
        },
        {
            "Q": "부모님이나 선생님 때문에 슬프거나 화가 난 적이 있나요?",
            "A": "아니요, 없었어요."
        },
        {
            "Q": "주위 어른들 중 친구를 때린 사람이 있나요?",
            "A": "아니요, 없었어요."
        },
        {
            "Q": "혹시 친구가 원하지 않는데도 누군가가 친구 몸을 만지거나 보여달라고 한 적이 있어요?",
            "A": "아니요 없었어요."
        },
        {
            "Q": "집에서 어른들끼리 소리 지르면서 싸우는 걸 듣거나 본 적이 있나요?",
            "A": "아니요, 없었어요."
        },
        {
            "Q": "다른 아이들이 우리 친구를 자주 놀리거나 괴롭힌다고 느낀 적이 있나요?",
            "A": "아니요, 없어요."
        },
        {
            "Q": "우리 친구는 어떨 때 마음이 복잡하거나 힘든가요?",
            "A": "공부해야 하는데 집중이 잘 안될 때요."
        },
        {
            "Q": "그런 일 때문에 괴로워서 죽고 싶다는 생각을 한 적이 있나요?",
            "A": "아니요, 그런 적 없어요."
        },
        {
            "Q": "우리 친구는 잠잘 때 주로 어떤 꿈을 꾸나요?",
            "A": "기억 안 나요."
        },
        {
            "Q": "어른들 허락 없이 또는 말도 없이 집에서 오랫동안 나와 있었던 적이 있나요?",
            "A": "아니요, 없었어요."
        }
    ]
}