{
    "info": {
        "위기단계": "학대의심"
    },
    "kids_ment": [
        {
            "Q": "최근에 건강한가요? 아니면 아픈 곳이 있나요?",
            "A": "머리가 아파요."
        },
        {
            "Q": "머리가 어떻게 아파요?",
            "A": "전체적으로 욱신거리고 옆머리가 쿡쿡 쑤셔요."
        },
        {
            "Q": "언제부터 아팠어요?",
            "A": "한 달 전부터 아팠어요."
        },
        {
            "Q": "한번 아프기 시작하면 얼마나 오랫동안 아파요?",
            "A": "막 아팠다가 다시 괜찮아져요."
        },
        {
            "Q": "최근에 다쳤던 적이 있나요?",
            "A": "아니요, 없었어요."
        },
        {
            "Q": "우리 친구는 뭘 할 때가 즐거워요?",
            "A": "잘 모르겠어요."
        },
        {
            "Q": "이전에도 즐겁다고 느낀 적이 없나요?",
            "A": "전에는 있었던 것 같아요."
        },
        {
            "Q": "그럼, 즐겁다고 느끼지 못한 것이 언제부터예요?",
            "A": "저번달부터 그랬던 것 같아요."
        },
        {
            "Q": "최근 일주일 동안 짜증이나 화가 난 적이 있나요?",
            "A": "네, 있었어요."
        },
        {
            "Q": "무엇 때문에 짜증이 났어요?",
            "A": "전 거짓말 안 했는데 사무국장님이 저보고 거짓말했다고 하면서 벌주셨어요."
        },
        {
            "Q": "그러면 평소에 짜증이 나면 어떻게 하면 마음이 풀려요?",
            "A": "아무것도 안 해요."
        },
        {
            "Q": "우리 친구는 몇 시에 자고 몇 시에 일어나나요?",
            "A": "열한 시에 자고 일곱 시에 일어나요."
        },
        {
            "Q": "아침에 일어났을 때 몸 상태는 어때요?",
            "A": "그냥 그래요. 더 자고 싶어요."
        },
        {
            "Q": "평소에 잠이 들기 힘들거나 잠자는 중간에 깬 적이 있나요?",
            "A": "아니요."
        },
        {
            "Q": "평소에 돌봐주시는 어른은 어떤 표정을 자주 짓나요?",
            "A": "항상 화가 나 계세요."
        },
        {
            "Q": "왜 그런 표정을 짓고 계신 것 같아요?",
            "A": "모르겠어요."
        },
        {
            "Q": "선생님이 그런 표정을 짓고 계시면 친구 기분은 어때요?",
            "A": "짜증 나요. 또 저 혼내실 것 같아서요."
        },
        {
            "Q": "우리 친구는 형제자매가 있나요?",
            "A": "아니요, 없어요."
        },
        {
            "Q": "우리 친구는 친구들이랑 뭐 하면서 놀아요?",
            "A": "자전거도 타고 축구도 해요."
        },
        {
            "Q": "주로 몇 명이랑 놀아요?",
            "A": "다섯 명이요."
        },
        {
            "Q": "우리 친구는 담임선생님을 좋아하나요, 아니면 싫어하나요?",
            "A": "좋아해요."
        },
        {
            "Q": "어떤 점이 좋아요?",
            "A": "저한테 신경을 많이 써주세요."
        },
        {
            "Q": "우리 친구 요즘 제일 걱정되는 게 뭐에요?",
            "A": "공부해야 되는데 공부하기 싫은 거요."
        },
        {
            "Q": "이런 걱정 때문에 생활이 불편하거나 힘든가요?",
            "A": "아니요. 그렇진 않아요."
        },
        {
            "Q": "우리 친구 요즘 행복한 것 같아요?",
            "A": "아니요."
        },
        {
            "Q": "왜 불행하다고 생각하는 거야?",
            "A": "저도 여기 말고 엄마, 아빠 있는 집에서 살고 싶어요."
        },
        {
            "Q": "우리 친구 꿈이 무엇인지 말해 줄 수 있을까요?",
            "A": "자동차 만드는 사람이 되고 싶어요."
        },
        {
            "Q": "왜 자동차 만드는 사람이 되고 싶어요?",
            "A": "제가 만든 자동차 타고 여기저기 다니고 싶어서요."
        },
        {
            "Q": "주로 친구를 돌봐주는 어른은 누구인가요?",
            "A": "시설 선생님이요."
        },
        {
            "Q": "배가 고픈데 먹을 게 없어서 굶은 적이 있나요?",
            "A": "아니요."
        },
        {
            "Q": "저녁에 친구를 집에 혼자 두고 어른들이 나갔던 적이 있었을까요?",
            "A": "아니요, 없었어요."
        },
        {
            "Q": "친구가 아픈데 어른들이 병원에 데려가지 않은 적이 있나요?",
            "A": "아니요."
        },
        {
            "Q": "세탁하지 않아서 더럽고 냄새나는 옷을 입어야 한 적이 있었을까요?",
            "A": "아니요, 없었어요."
        },
        {
            "Q": "인터넷이나 휴대폰을 가지고 노는 시간은 하루에 몇 시간 정도에요?",
            "A": "한 시간 정도요."
        },
        {
            "Q": "어른들 때문에 슬프거나 화가 난 적이 있나요?",
            "A": "네, 있었어요."
        },
        {
            "Q": "어떤 말이나 행동이 친구를 슬프게 했나요?",
            "A": "제가 하는 말은 하나도 안 믿어주시고 타임아웃 방에 들어가라고 하셔서 슬펐어요."
        },
        {
            "Q": "어/ 어른들이 친구를 어디 가두고 못 나오게 한 적이 있었어요?",
            "A": "네, 있었어요."
        },
        {
            "Q": "아까, 음/ 선생님이 타임아웃 방이라는 곳에 가두었다고 했는데 그 방에 대해서 설명해 줄 수 있을까요?",
            "A": "굉장히 좁은 방이에요."
        },
        {
            "Q": "그럼 친구는 그 방에서 얼마나 갇혀있었어요?",
            "A": "일주일 동안 혼자 있었어요."
        },
        {
            "Q": "그럼 친구 어/ 다른 사람들 앞에서 혼날 때도 있었어요?",
            "A": "아니요."
        },
        {
            "Q": "어른들이 친구를 다른 아이들과 비교한 적이 있었어요?",
            "A": "아니요."
        },
        {
            "Q": "어른들이 친구를 집에서 쫓아낸 적이 있나요?",
            "A": "아니요, 없었어요."
        },
        {
            "Q": "마음이 힘들 때 누구에게 이야기 하나요?",
            "A": "이야기할 사람이 없어요."
        },
        {
            "Q": "주위 어른들 중 친구를 때린 적이 있는 사람이 있을까요?",
            "A": "아니요, 없었어요."
        },
        {
            "Q": "혹시 친구가 원하지 않는데도 누군가가 친구 몸을 만지거나 보여달라고 한 적이 있을까요?",
            "A": "아니요, 없었어요."
        },
        {
            "Q": "집에서 어른들끼리 소리 지르면서 싸우는 걸 듣거나 본 적이 있을까요?",
            "A": "아니요, 없었어요."
        },
        {
            "Q": "다른 친구들이 우리 친구를 자주 놀리거나 괴롭힌다고 느낀 적이 있나요?",
            "A": "아니요, 없었어요."
        },
        {
            "Q": "어떨 때 우리 친구 마음이 복잡하거나 힘든가요?",
            "A": "엄마 아빠 보고 싶을 때요."
        },
        {
            "Q": "안 좋은 기억 때문에 괴로워서 죽고 싶다는 생각을 한 적이 있나요?",
            "A": "아니요. 그런 적은 없어요."
        },
        {
            "Q": "잠잘 때 주로 어떤 꿈을 꾸나요?",
            "A": "전 꿈 안 꾸는 것 같아요. 기억이 안 나요."
        },
        {
            "Q": "어른들 허락 없이 또는 말도 없이 집에서 오랫동안 나와 있었던 적 있었나요?",
            "A": "아니요, 없었어요."
        }
    ]
}