{
    "info": {
        "위기단계": "상담필요"
    },
    "kids_ment": [
        {
            "Q": "최근에 아팠던 적이 있었니?",
            "A": "아픈 적 없었어요."
        },
        {
            "Q": "최근에 다쳐서 아픈 적이 있었니?",
            "A": "다친 적도 없었어요."
        },
        {
            "Q": "뭐 할 때가 즐거워?",
            "A": "인터넷 게임 할 때요."
        },
        {
            "Q": "어떤 점이 즐거워?",
            "A": "게임을 하면 스트레스가 풀리는 것 같아요."
        },
        {
            "Q": "최근 일주일 동안 짜증이나 화가 난 적이 있어?",
            "A": "아버지가 자꾸 게임을 못 하게 하고 잔소리할 때 짜증 나요."
        },
        {
            "Q": "평소에 짜증이나 화가 났을 때 어떻게 하면 마음이 풀려?",
            "A": "친구들과 농구하러 가요."
        },
        {
            "Q": "몇 시에 자고 몇 시에 일어나니?",
            "A": "새벽 한 시에 자서 여덟 시에 일어나요."
        },
        {
            "Q": "아침에 일어났을 때 몸 상태는 어때?",
            "A": "졸려요, 힘도 없고."
        },
        {
            "Q": "평소에 잠이 들기 힘들거나 잠자는 중간에 자주 깨니?",
            "A": "그렇지는 않아요."
        },
        {
            "Q": "평소에 부모님은 어떤 표정을 지으셔?",
            "A": "엄마는 이혼하셔서 멀리 계시고 아버지는 저만 보면 화가 난 표정이요."
        },
        {
            "Q": "그 표정을 지을 때 내 기분은 어때?",
            "A": "저도 짜증 나요."
        },
        {
            "Q": "왜 아버지가 화난 표정을 짓는 것 같아?",
            "A": "공부 안 하고 틈만 나면 게임을 한다고 생각하셔요."
        },
        {
            "Q": "평소에 엄마는 어떤 표정을 지으셔?",
            "A": "엄마는 집에 안 계세요. 이혼하시고 멀리 가셔서 전화로만 가끔 통화해요."
        },
        {
            "Q": "그럼, 아버지하고만 살고 있니?",
            "A": "아니요, 아버지는 친할머니와 살고 계시고 저는 외할머니랑 살아요."
        },
        {
            "Q": "외할머니하고는 사이가 어때?",
            "A": "외할머니는 정말 저에게 잘해주세요."
        },
        {
            "Q": "형제자매는 몇 명이야?",
            "A": "형제자매는 없고 저 혼자에요."
        },
        {
            "Q": "친구들은 몇 명이고 주로 뭐 하고 놀아?",
            "A": "친구들은 네 명 정도 되고 피시방에서 게임하고 놀아요."
        },
        {
            "Q": "담임선생님을 좋아해, 아님 싫어해?",
            "A": "담임선생님은 농구도 잘 하시고 좋아요."
        },
        {
            "Q": "요즘 가장 걱정되는 것이 무엇이야?",
            "A": "공부를 해야 한다는 사실은 알고 있는데 게임에 집중하다 보면 잘 안 돼요."
        },
        {
            "Q": "무엇 때문에 걱정이 되니?",
            "A": "성적은 자꾸 떨어지고 게임 하고 싶어져서요."
        },
        {
            "Q": "그 걱정거리 때문에 생활이 불편하거나 힘드니?",
            "A": "생활이 불편해요. 늦잠을 자서 늦게 일어나게 돼요."
        },
        {
            "Q": "요즘 행복하다고 느끼니?",
            "A": "주말이 되면 실컷 잠도 잘 수 있고 제가 키우는 강아지랑 놀아서 행복해요."
        },
        {
            "Q": "앞으로 커서 어떤 사람이 되고 싶어? 꿈이 뭐야?",
            "A": "게임학과를 나와서 프로게이머가 되고 싶어요."
        },
        {
            "Q": "왜 프로게이머가 되고 싶어?",
            "A": "제가 잘하는거고 재미있으니까요."
        },
        {
            "Q": "집에서 주로 나를 돌봐주는 어른은 누구야?",
            "A": "외할머니요."
        },
        {
            "Q": "배가 고픈데 먹을 게 없어서 굶은 적이 있니?",
            "A": "굶은 적 없어요."
        },
        {
            "Q": "빨래가 되어 있지 않아서 더럽고 냄새나는 옷을 입어야 한 적이 있니?",
            "A": "냄새나는 옷 입은 적 없어요."
        },
        {
            "Q": "옷이나 신발 사이즈가 작은 걸 입거나 신고 다닌 적이 있니?",
            "A": "없어요."
        },
        {
            "Q": "어른들이 학교에서 행사나 상담 때문에 학교에 방문하라고 하시면 오시니?",
            "A": "외할머니가 잘 오세요."
        },
        {
            "Q": "부모님이나 선생님 때문에 슬프거나 화가 난 적이 있니?",
            "A": "화난 적 없어요."
        },
        {
            "Q": "주위 어른들 중 나를 때린 적이 있는 사람이 있니?",
            "A": "아버지가 때렸어요."
        },
        {
            "Q": "아버지가 무엇 때문에 때렸어?",
            "A": "인터넷 게임을 많이 한다고 그만하라면서 때렸어요."
        },
        {
            "Q": "어느 부위를 무엇으로 맞았어?",
            "A": "막대기로 허벅지를 맞았어요."
        },
        {
            "Q": "평소 자주 때리시니?",
            "A": "네, 한 달에 한두 번 정도요."
        },
        {
            "Q": "아버지에게 맞아서 얼마나 다쳤니?",
            "A": "피는 나지 않고 시퍼렇게 멍만 들었어요."
        },
        {
            "Q": "병원에 간 적은 있니?",
            "A": "병원에 안 갔어요."
        },
        {
            "Q": "내가 원하지 않는데도 누군가가 내  몸을 만지거나 보여달라고 한 적 있어?",
            "A": "없어요."
        },
        {
            "Q": "집에서 어른들끼리 소리 지르면서 싸우는 걸 듣거나 본 적이 있니?",
            "A": "없어요."
        },
        {
            "Q": "친구들이 나를 자주 놀리거나 괴롭힌다고 느낀 적이 있니?",
            "A": "놀리거나 괴롭히지 않아요."
        },
        {
            "Q": "마음이 복잡하고 힘들어서 죽고 싶다는 생각을 해 본 적이 있니?",
            "A": "아니요, 없어요."
        },
        {
            "Q": "부모님의 허락 없이 또는 말도 없이 집에 오랫동안 나와 있었던 적이 있니?",
            "A": "집을 나가서 살아 본 적은 없어요."
        }
    ]
}