{
    "info": {
        "위기단계": "상담필요"
    },
    "kids_ment": [
        {
            "Q": "최근에 아픈 곳 있어?",
            "A": "없어요."
        },
        {
            "Q": "최근에 다쳤던 적 있어?",
            "A": "없어요."
        },
        {
            "Q": "친구는 뭐 할 때 즐거워?",
            "A": "밖에서 친구들이랑 놀 때요."
        },
        {
            "Q": "어떤 점이 즐거운 거야?",
            "A": "자유롭다는 게 좋아요."
        },
        {
            "Q": "최근 일주일 동안 짜증이나 화가 난 적 있어?",
            "A": "지난번에 엄마가 학원 왜 또 안 갔냐고 뭐라 해서 짜증 났어요."
        },
        {
            "Q": "엄마가 잔소리하는 일이 자주 있어?",
            "A": "네, 그래서 학교도 땡땡이친 적 있어요."
        },
        {
            "Q": "평소 짜증이나 화가 났을 때 어떻게 하면 마음이 풀려?",
            "A": "친구들이랑 이야기하면 풀려요."
        },
        {
            "Q": "몇 시에 자고 몇 시에 일어나?",
            "A": "한 시에 자고 여덟 시나 아홉 시에 일어나요."
        },
        {
            "Q": "아침에 일어났을 때 몸 상태는 어때?",
            "A": "졸려요."
        },
        {
            "Q": "평소에 잠들기 힘들거나, 잠자는 중간에 자주 깨?",
            "A": "아니요, 그냥 늦게 자요."
        },
        {
            "Q": "평소에 아빠는 어떤 표정을 자주 지으셔?",
            "A": "관심 없어서 잘은 모르겠는데 저 볼 때는 무표정인 거 같아요. 그리고 엄마한테 제 얘기 듣거나 하면 인상 쓰고요."
        },
        {
            "Q": "왜 아빠가 무표정하거나 인상 쓰는 거 같아?",
            "A": "저한테 관심 없는 것도 있을 거고, 아빠는 엄마 말만 듣거든요."
        },
        {
            "Q": "아빠가 그런 표정을 지으실 때 내 기분은 어때?",
            "A": "잘 모르겠어요."
        },
        {
            "Q": "평소에 엄마는 어떤 표정을 자주 지으셔?",
            "A": "엄마요? 엄마는 인상 써요."
        },
        {
            "Q": "엄마가 왜 그런 표정을 짓는 거 같아?",
            "A": "제 행동이나 말투가 마음에 안 드는 거 같아요."
        },
        {
            "Q": "엄마가 그런 표정을 지으실 때 내 기분은 어때?",
            "A": "짜증 나요."
        },
        {
            "Q": "언니나 오빠, 동생이 있어?",
            "A": "없어요. 저 혼자에요."
        },
        {
            "Q": "친구들이랑 주로 뭐 하고 놀아?",
            "A": "딱히 뭔가를 하는 건 아닌데 같이 있으면 재밌어요."
        },
        {
            "Q": "주로 몇 명이서 놀아?",
            "A": "네 명, 다섯 명이서 놀아요."
        },
        {
            "Q": "담임 선생님은 좋아하는 편이야, 싫어하는 편이야?",
            "A": "싫어요."
        },
        {
            "Q": "어떤 부분에서 싫은 거야?",
            "A": "그냥요, 잔소리 너무 많이 해서 짜증 나요."
        },
        {
            "Q": "요즘 가장 큰 걱정이 뭐야?",
            "A": "딱히 없어요."
        },
        {
            "Q": "요즘 행복하다고 느껴?",
            "A": "네."
        },
        {
            "Q": "어떤 점에서 그렇게 느껴?",
            "A": "친구들이랑 있으면 자유롭기도 하고, 숨이 트이는 거 같아서 행복해요."
        },
        {
            "Q": "커서 어떤 사람이 되고 싶은지, 꿈이 무엇인지 말해줄 수 있어?",
            "A": "잘 모르겠어요."
        },
        {
            "Q": "아직 해보고 싶은 일이 없어?",
            "A": "네, 가끔 나 커서 뭐 먹고 살지 이런 생각을 하긴 하는데 아직은 잘 모르겠어요."
        },
        {
            "Q": "집에서 주로 나를 돌봐주는 어른은 누구야?",
            "A": "엄마요."
        },
        {
            "Q": "저녁에 나를 집에 혼자 두고 나가거나 갑자기 말도 없이 집을 나가서 안 들어오신 적 있어?",
            "A": "없어요."
        },
        {
            "Q": "어디 아픈 곳이 있는데 엄마가 병원에 데려가지 않은 적 있어?",
            "A": "아니요."
        },
        {
            "Q": "빨래가 되어 있지 않거나 옷이나 신발 사이즈가 맞지 않는 것을 사용 한 적이 있어?",
            "A": "없어요."
        },
        {
            "Q": "인터넷이나 휴대폰을 가지고 노는 시간은 하루에 몇 시간 정도야?",
            "A": "다섯 시간쯤요?"
        },
        {
            "Q": "인터넷이나 휴대폰 게임을 너무 많이 한다고 어른들이 뭐라고 하지는 않아?",
            "A": "뭐라고 안 해요."
        },
        {
            "Q": "피시방은 얼마나 자주 가?",
            "A": "일주일에 한두 번 정도 가요."
        },
        {
            "Q": "부모님이나 선생님 때문에 슬프거나 화난 적 있어?",
            "A": "네, 부모님 때문에요."
        },
        {
            "Q": "부모님의 어떤 말이나 행동이 나를 슬프고 화나게 했어?",
            "A": "제가 전에는 엄마가 시키는 대로 공부 열심히 하고 그랬는데 점점 힘들어져서 학원도 땡땡이치고 학교도 안 가고 그랬더니 엄마 잔소리도 늘었고, 아빠는 제 얘기도 안 들어보고 무조건 엄마 말만 듣고 저 혼냈던 게 슬프고 화났었어요."
        },
        {
            "Q": "엄마가 나를 어디 가두고 못 나오게 한 적 있어?",
            "A": "아니요."
        },
        {
            "Q": "다른 사람들 앞에서도 혼날 때 있어?",
            "A": "없어요."
        },
        {
            "Q": "부모님이 나를 다른 아이들과 비교하기도 해?",
            "A": "엄마가 전에 어/ 비교한 적 있긴 한데 지금은 안 해요."
        },
        {
            "Q": "어른들이 나를 집에서 쫓아내거나 버리겠다고 말하거나 진짜 쫓아낸 적 있어?",
            "A": "아빠가 이딴 식으로 할 거면 내 집에서 나가라고 말한 적 한 번 있어요."
        },
        {
            "Q": "내가 무엇을 하려고 할 때 무조건 안 된다고 하거나, 하기 싫은데도 무조건 하라고 할 때가 있어?",
            "A": "네, 공부하기 싫은데 하라고 엄마가 그래요."
        },
        {
            "Q": "마음이 힘들 때 가족에게 내 마음을 이야기해?",
            "A": "아니요, 친구들한테 이야기해요."
        },
        {
            "Q": "주위 어른들 중 나를 때린 적이 있는 사람이 있어?",
            "A": "아빠가 한 번요."
        },
        {
            "Q": "최근에 아빠가 나를 때린 적이 있어?",
            "A": "아니요."
        },
        {
            "Q": "아빠가 나를 때렸던 이유가 뭐인 거 같아?",
            "A": "아/ 그때 말 안 하고 친구 집에서 자고 와서요."
        },
        {
            "Q": "아빠한테 어느 부위를 무엇으로 맞았어?",
            "A": "엎드려뻗쳐 해서 매로 엉덩이 맞았어요."
        },
        {
            "Q": "평소 아빠가 자주 때리셔?",
            "A": "아니요."
        },
        {
            "Q": "아빠한테 맞아서 얼마나 다쳤어?",
            "A": "그냥 좀 부었던 거 같아요. 거울로 확인해 보진 않았어요."
        },
        {
            "Q": "이렇게 다친 것 때문에, 병원에 가서 치료를 받은 적 있어?",
            "A": "없어요."
        },
        {
            "Q": "내가 원하지 않는데도 누군가가 내 몸을 만지거나 보여달라고 한 적 있어?",
            "A": "아니요."
        },
        {
            "Q": "집에서 어른들끼리 소리 지르면서 싸우는 걸 듣거나 본 적이 있어?",
            "A": "없어요."
        },
        {
            "Q": "친구들이 나를 자주 놀리거나 괴롭힌다고 느낀 적 있어?",
            "A": "아니요."
        },
        {
            "Q": "어떨 때 마음이 복잡하거나 힘들어?",
            "A": "엄마가 잔소리할 때요."
        },
        {
            "Q": "안 좋은 기억 때문에 괴로워서 죽고 싶다는 생각을 한 적 있어?",
            "A": "아니요."
        },
        {
            "Q": "잠잘 때 주로 어떤 꿈을 꿔?",
            "A": "잘 안 꿔요."
        },
        {
            "Q": "피곤했던 이유가 무섭거나 힘들었던 경험 때문이야? 아니면 다른 이유가 있어?",
            "A": "그냥 핸드폰 게임하다 밤에 늦게 자서 그래요."
        },
        {
            "Q": "꿈은 잘 안 꾼다고 했지만 자고 일어나면 몸 상태는 어때?",
            "A": "졸려요."
        },
        {
            "Q": "부모님의 허락이나 말도 없이 집에서 오랫동안 나와 있었던 적 있어?",
            "A": "네."
        },
        {
            "Q": "얼마나 나와 있었어?",
            "A": "제일 오래 나와 있었던 건 이틀이고, 보통 땡땡이쳤을 때 잠깐 나왔다가 들어가는 거라 오래는 아니에요."
        },
        {
            "Q": "제일 처음 이렇게 행동했을 때가 몇 살이었어?",
            "A": "4학년 때요."
        },
        {
            "Q": "최근 한 달 사이에도 이런 행동을 했어?",
            "A": "네."
        },
        {
            "Q": "아는 사람 중에 가출한 친구들이 있어?",
            "A": "네, 친구의 친군데 이틀 나와 있었을 때 친구 집에서 알게 됐어요."
        },
        {
            "Q": "내가 가출했을 때 가출한 다른 친구들과 같이 지냈어?",
            "A": "네, 제가 있었던 집 친구가 할머니 할아버지랑 사는데 거기에 다른 친구들도 같이 있었어요."
        },
        {
            "Q": "이 친구들이랑 어떻게 시간을 보냈어?",
            "A": "그냥 핸드폰 게임하고 할머니 할아버지 도와주고 그랬어요."
        }
    ]
}