{
    "info": {
        "위기단계": "관찰필요"
    },
    "kids_ment": [
        {
            "Q": "친구는 최근에 건강해? 아니면 아픈 곳이 있어?",
            "A": "저 막 그렇게 아프지는 않아요."
        },
        {
            "Q": "최근에 다쳤던 적이 있었어?",
            "A": "네, 있었어요."
        },
        {
            "Q": "어디를 다쳤어?",
            "A": "저 팔꿈치가 까졌어요."
        },
        {
            "Q": "언제 다쳤어?",
            "A": "저 3일 전에 혼자 뛰어가면서 넘어져서 다쳤어요."
        },
        {
            "Q": "친구는 뭘 할 때가 즐거워?",
            "A": "저는 핸드폰 게임하면 재밌어요."
        },
        {
            "Q": "핸드폰 게임 할 때 어떤 점이 즐거워?",
            "A": "게임 많이 못 해서 하면 재밌어요."
        },
        {
            "Q": "최근 일주일 동안 짜증이나 화가 난 적이 있어?",
            "A": "아니요, 막 그렇게 짜증이나 화 난 적 없어요."
        },
        {
            "Q": "친구는 몇 시에 자고 몇 시에 일어나?",
            "A": "저는 열두 시에 자서 여덟 시에 일어나요."
        },
        {
            "Q": "아침에 일어났을 때, 몸 상태는 어때?",
            "A": "더 자고 싶어요."
        },
        {
            "Q": "평소에 잠이 들기 힘들거나, 잠자는 중간에 자주 깨?",
            "A": "아니요, 저는 그렇지는 않아요. 엄청 잘 자요."
        },
        {
            "Q": "아버지는 평소에 어떤 표정을 자주 보여줘?",
            "A": "아빠는 맨날 웃어주고, 저 보면 안아줘요."
        },
        {
            "Q": "그 표정을 짓는 이유가 뭐인 것 같아?",
            "A": "아빠는 저 엄청 좋아해서 그런 것 같아요."
        },
        {
            "Q": "그 표정을 보면, 친구 기분은 어때?",
            "A": "저도 아빠랑 있으면 기분 엄청 좋아져요."
        },
        {
            "Q": "어머니는 평소에 어떤 표정을 자주 보여줘?",
            "A": "엄마는 맨날 화가 난 표정이에요."
        },
        {
            "Q": "그 표정을 짓는 이유가 뭐인 것 같아?",
            "A": "모르겠어요. 맨날 공부시키고 그래요."
        },
        {
            "Q": "그 표정을 보면, 친구 기분은 어때?",
            "A": "엄마는 너무 무서워요."
        },
        {
            "Q": "친구는 형제자매가 있어?",
            "A": "아니요, 저는 외동이에요."
        },
        {
            "Q": "친구들이랑 주로 뭐 하고 놀아?",
            "A": "저는 게임 많이 하는 것 같아요."
        },
        {
            "Q": "주로 몇 명이서 놀아?",
            "A": "저는 세 명이서 같이 놀아요."
        },
        {
            "Q": "친구는 담임 선생님 좋아해?",
            "A": "아니요, 별로 안 좋아해요."
        },
        {
            "Q": "안 좋아하는 이유가 있을까?",
            "A": "엄마랑 똑같아요. 맨날 뭐 시키려고 해요."
        },
        {
            "Q": "요즘 가장 큰 걱정거리가 있어?",
            "A": "엄마가 학원 보낸다고 하는데, 가기 싫어요."
        },
        {
            "Q": "뭐 때문에 학원 가는 게 걱정이야?",
            "A": "그냥 학원 가면 공부해야 하고, 시간도 없어져서 싫어요."
        },
        {
            "Q": "걱정거리 때문에 생활이 불편하거나 힘들어?",
            "A": "그냥 너무 가기 싫어서 학원 앞으로 갈 생각하면 힘들 것 같아요."
        },
        {
            "Q": "요즘 행복하다고 느껴?",
            "A": "네, 걱정은 있는데, 그래도 행복해요."
        },
        {
            "Q": "어떤 점에서 행복했어?",
            "A": "그냥 학교 가서 친구들이랑 노는 것도 재밌고, 저번 주에 아빠랑 둘이 놀아서 좋았어요."
        },
        {
            "Q": "친구는 미래의 꿈이 있어?",
            "A": "네, 저는 과학자가 되고 싶어요."
        },
        {
            "Q": "과학자가 되고 싶은 이유가 있어?",
            "A": "과학 시간이 엄청 재밌고, 멋있어 보여서요."
        },
        {
            "Q": "집에서 주로 친구를 돌봐주는 어른은 누구야?",
            "A": "엄마가 항상 집에 있어요."
        },
        {
            "Q": "배가 고픈데 먹을 게 없어서 굶은 적이 있어?",
            "A": "아니요, 그런 적은 한 번도 없었어요. 제가 밥 먹기 싫어해요."
        },
        {
            "Q": "저녁에 어른들이 친구를 집에 두고 혼자 나가거나, 갑자기 말도 없이 집을 나가서 안 들어온 적이 있어?",
            "A": "아니요, 아빠가 늦게 들어온 적은 있는데, 저 혼자 두고 나가거나 그러시진 않아요."
        },
        {
            "Q": "어디 아픈 곳이 있는데 어른들이 병원에 데려가지 않은 적이 있어?",
            "A": "아니요, 저 어디 아프다고 그러면 병원 가야 하면 항상 갔어요."
        },
        {
            "Q": "빨래가 되어 있지 않아서 더럽고 냄새나는 옷을 입어야 한 적이 있어?",
            "A": "아니요, 그런 적은 한 번도 없었어요."
        },
        {
            "Q": "옷이나 신발 사이즈가 작은 걸 입거나 신고 다닌 적이 있어?",
            "A": "아니요, 맨날 작아지면 더 사주세요."
        },
        {
            "Q": "인터넷이나 휴대폰을 가지고 노는 시간은 하루에 몇 시간 정도야?",
            "A": "저는 한 시간 반밖에 못 해요."
        },
        {
            "Q": "어른들이 학교에 참석해야 하는 행사에 잘 오시는 것 같아?",
            "A": "네, 가끔씩 부모님 오셔서 수업하는 날에 항상 오세요."
        },
        {
            "Q": "부모님이나 선생님 때문에 슬프거나 화가 난 적이 있어?",
            "A": "아니요, 저는 학원가는 게 슬픈 거예요."
        },
        {
            "Q": "주위 어른들 중에 친구를 때린 적이 있는 사람이 있어?",
            "A": "아니요, 저를 막 때리거나 그러시진 않으세요."
        },
        {
            "Q": "친구가 원하지 않는데도 누가 몸을 만지거나 보여달라고 한 적 있어?",
            "A": "아니요, 그런 적은 한 번도 없었어요."
        },
        {
            "Q": "집에서 어른들끼리 소리 지르면서 싸우는 걸 듣거나 본 적이 있어?",
            "A": "아니요, 아빠랑 엄마 싸워도 그렇게 싸우지 않으세요."
        },
        {
            "Q": "친구들이 자주 놀리거나 괴롭힌다고 느낀 적이 있어?",
            "A": "아니요, 저는 친구들이랑 되게 잘 놀아요. 재밌어요."
        },
        {
            "Q": "친구는 어떨 때 마음이 복잡하거나 힘들어?",
            "A": "학원가는 생각하면 좀 힘들어요."
        },
        {
            "Q": "그런 생각 때문에 괴로워서 죽고 싶다는 생각을 한 적 있어?",
            "A": "아니요, 그런 생각은 안 들어요."
        },
        {
            "Q": "친구는 잠잘 때 주로 어떤 꿈을 꿔?",
            "A": "저는 꿈은 잘 안 꿔서 모르겠어요. 기억이 안 나요."
        },
        {
            "Q": "친구는 가출 해 본 적 있어?",
            "A": "아니요, 저는 가출 해 본 적 없어요."
        }
    ]
}