{
    "info": {
        "위기단계": "정상군"
    },
    "kids_ment": [
        {
            "Q": "친구는 최근에 건강해요?",
            "A": "네, 저는 엄청 건강해서 학교도 맨날 가요."
        },
        {
            "Q": "최근에 다쳤던 적이 있었어요?",
            "A": "아니요, 다친 적도 한 번도 없었어요."
        },
        {
            "Q": "친구는 뭘 할 때가 즐거워요?",
            "A": "저는 체육 시간이 제일 재밌어요."
        },
        {
            "Q": "체육 시간이 어떤 점이 즐거워요?",
            "A": "많은 친구들이랑 같이 체육 할 수 있어서 재밌어요."
        },
        {
            "Q": "최근 일주일 동안 짜증이나 화가 난 적이 있어요?",
            "A": "네, 있어요."
        },
        {
            "Q": "뭐 때문에, 짜증이나 화가 났어요?",
            "A": "오빠가 자꾸 짜증 나게 해요."
        },
        {
            "Q": "그런 일이 자주 일어나요?",
            "A": "한 달에 두세 번은 싸우는 것 같아요."
        },
        {
            "Q": "그럼, 평소에 짜증이나 화가 났을 때, 어떻게 하면 마음이 풀려요?",
            "A": "저는 방에 들어가서 핸드폰 게임하면 좀 풀려요."
        },
        {
            "Q": "몇 시에 자고, 몇 시에 일어나요?",
            "A": "열한 시에 자서 일곱 시에 일어나요."
        },
        {
            "Q": "아침에 일어났을 때, 몸 상태는 어때요?",
            "A": "엄청 졸려요."
        },
        {
            "Q": "평소에 잠이 들기 힘들거나, 잠자는 중간에 자주 깨요?",
            "A": "원래 엄청 잘 잤는데, 요즘에 모기 때문에 자꾸 깨요. 짜증 나요."
        },
        {
            "Q": "아버지는 평소에 어떤 표정을 자주 보여요?",
            "A": "아빠는 저랑 있으면 맨날 웃어요."
        },
        {
            "Q": "그 표정을 짓는 이유가 뭐인 것 같아요?",
            "A": "몰라요, 기분 좋은 일 있었나 봐요."
        },
        {
            "Q": "그 표정을 볼 때, 친구 기분은 어때요?",
            "A": "저도 아빠랑 있으면 재밌어요."
        },
        {
            "Q": "어머니는 평소에 어떤 표정을 자주 보여요?",
            "A": "엄마도 자주 웃으시는 것 같아요."
        },
        {
            "Q": "그 표정을 짓는 이유가 뭐인 것 같아요?",
            "A": "엄마도 맨날 기분이 좋은가 봐요."
        },
        {
            "Q": "그 표정을 볼 때, 친구 기분은 어때요?",
            "A": "저도 기분이 좋아져요."
        },
        {
            "Q": "친구는 형제자매 있어요?",
            "A": "네, 오빠 있어요."
        },
        {
            "Q": "오빠랑 사이가 어때요?",
            "A": "장난치다가 자주 싸워요."
        },
        {
            "Q": "평소에 부모님이 오빠랑 친구를 차별하는 것 같아요?",
            "A": "아니요, 차별 안 해요."
        },
        {
            "Q": "친구들이랑 주로 뭐 하고 놀아요?",
            "A": "같이 핸드폰 게임도 하고, 저 피구 좋아해서 피구해요."
        },
        {
            "Q": "주로 몇 명이 같이 놀아요?",
            "A": "저 우리 반 친구 여섯 명이 자주 놀아요."
        },
        {
            "Q": "담임 선생님 좋아해요?",
            "A": "네, 좋아해요."
        },
        {
            "Q": "좋아하는 이유가 있을까요?",
            "A": "선생님이 우리랑 같이 피구도 하고, 착하고, 재밌어요."
        },
        {
            "Q": "요즘 가장 큰 걱정거리는 뭐예요?",
            "A": "오빠랑 싸우는 거 싫어요."
        },
        {
            "Q": "뭐 때문에 오빠랑 싸우는 게 걱정이 돼요?",
            "A": "그냥 저는 누구랑 싸우는 게 싫어요."
        },
        {
            "Q": "걱정거리 때문에 생활이 불편하거나 힘들어요?",
            "A": "오빠랑 싸울 땐 힘들어요."
        },
        {
            "Q": "친구는 요즘 행복하다고 느껴요?",
            "A": "네, 저는 행복해요."
        },
        {
            "Q": "어떤 점에서 행복해요?",
            "A": "그냥 학교 가는 것도 재밌고, 집에 와도 재밌어요."
        },
        {
            "Q": "친구는 커서 이루고 싶은 꿈이 있어요?",
            "A": "네, 저는 아빠처럼 연구원이 되고 싶어요."
        },
        {
            "Q": "연구원이 되고 싶은 이유가 있어요?",
            "A": "그냥 아빠 되게 멋있고, 연구원 대단해요."
        },
        {
            "Q": "집에서 주로 친구를 돌봐주는 어른은 누구예요?",
            "A": "엄마가 항상 있어요."
        },
        {
            "Q": "배가 고픈데 먹을 게 없어서 굶은 적이 있어요?",
            "A": "아니요, 그런 적 없어요."
        },
        {
            "Q": "어른들이 갑자기 말도 없이 집을 나가서 안 들어오거나 친구를 혼자 두고 나간 적 있나요?",
            "A": "아니요, 저희 두고 막 나가시지 않으세요. 아빠만 일 있으면 밤에 가끔 나가요."
        },
        {
            "Q": "어디 아픈 곳이 있는데 어른들이 병원에 데려가지 않은 적이 있어요?",
            "A": "아니요, 저희 부모님은 아프면 바로 병원 데려가 주세요."
        },
        {
            "Q": "빨래가 되어 있지 않아서 더럽고 냄새나는 옷을 입어야 한 적이 있어요?",
            "A": "아니요, 엄마가 항상 빨래 해주세요."
        },
        {
            "Q": "옷이나 신발 사이즈가 작은 걸 입거나 신고 다닌 적이 있어요?",
            "A": "아니요, 오빠가 입던 거 물려받은 적은 있는데 작은 걸 입진 않았어요."
        },
        {
            "Q": "인터넷이나 휴대폰을 가지고 노는 시간은 하루에 몇 시간 정도 해요?",
            "A": "저는 두 시간밖에 못 해요."
        },
        {
            "Q": "피시방 같은 곳을 자주 가요?",
            "A": "거기가 뭐 하는 곳인지 몰라요."
        },
        {
            "Q": "어른들이 참여해야 하는 학교 행사에 잘 오세요?",
            "A": "네, 항상 오세요."
        },
        {
            "Q": "부모님이나 선생님 때문에 슬프거나 화가 난 적이 있어요?",
            "A": "아니요, 저 막 슬프거나 화나게 하지 않으세요."
        },
        {
            "Q": "주위 어른들 중 친구를 때린 적이 있는 사람이 있어요?",
            "A": "아니요, 저는 태어나서 맞아본 적 한 번도 없어요."
        },
        {
            "Q": "친구가 원하지 않는데도 누가 몸을 만지거나 보여달라고 한 적 있어요?",
            "A": "아니요, 그런 사람은 나쁜 사람이라고 그랬어요."
        },
        {
            "Q": "집에서 어른들끼리 소리 지르면서 싸우는 걸 듣거나 본 적이 있어요?",
            "A": "아니요, 우리 부모님은 절대 안 싸워요."
        },
        {
            "Q": "친구들이 자주 놀리거나 괴롭힌다고 느낀 적 있어요?",
            "A": "아니요, 저는 친구들이랑 엄청 잘 놀아서 그렇게 느낀 적 없어요."
        },
        {
            "Q": "친구는 어떨 때 마음이 복잡하거나 힘들어요?",
            "A": "저는 막 그렇게 마음이 힘들어 본 적 없어요."
        },
        {
            "Q": "잠잘 때 주로 어떤 꿈을 꿔요?",
            "A": "저는 꿈 잘 안 꾸고 눈 감고 일어나면 아침이에요. 근데 지금은 모기 때문에 자주 깨요."
        },
        {
            "Q": "친구는 가출했던 적이 있어요?",
            "A": "아니요, 저는 집이 너무 좋아요."
        }
    ]
}