{
    "info": {
        "위기단계": "상담필요"
    },
    "kids_ment": [
        {
            "Q": "친구 어디 아픈 데는 없나요?",
            "A": "저 배가 좀 이상하게 아파요."
        },
        {
            "Q": "언제부터 아팠을까?",
            "A": "어제부터요."
        },
        {
            "Q": "이전에도 배가 자주 아팠어?",
            "A": "자주는 아니고 일주일에 한 번 정도인 것 같아요."
        },
        {
            "Q": "최근에 다쳤던 적이 있나요?",
            "A": "네, 어제 아빠가 영어 모른다고 발바닥을 때려서 다쳤어요."
        },
        {
            "Q": "우리 친구는 뭐 할 때가 즐거울까?",
            "A": "모르겠어요."
        },
        {
            "Q": "언제부터 즐겁지 않았을까?",
            "A": "학년 바뀌고 나서부터 인 것 같아요."
        },
        {
            "Q": "최근에 짜증이나 화가 난 적이 있나요?",
            "A": "네, 아빠가 어린 동생이랑 저랑 비교하니까 화가 많이 나요."
        },
        {
            "Q": "그런 일이 자주 일어나?",
            "A": "아니요, 자주는 아닌데 가끔 그러는 것 같아요."
        },
        {
            "Q": "평소에 짜증이나 화났을 때 어떻게 하면 마음이 풀려?",
            "A": "친구 만나면 괜찮아져요."
        },
        {
            "Q": "친구는 몇 시에 자고 몇 시에 일어나?",
            "A": "저 열두 시에 자고 일곱 시에 일어나요."
        },
        {
            "Q": "아침에 일어났을 때 몸 상태는 어때?",
            "A": "그냥 그래요."
        },
        {
            "Q": "평소에 잠들기 힘들다거나 중간에 자주 깨진 않아?",
            "A": "네, 잘 자요."
        },
        {
            "Q": "평소에 아버지는 어떤 표정을 자주 짓는 것 같아?",
            "A": "저희 아빠는 매일 저한테 화나 있어서 화난 표정이에요."
        },
        {
            "Q": "그런 표정을 볼 때 친구 기분은 어때?",
            "A": "좀 무서워요."
        },
        {
            "Q": "평소에 어머니는 어떤 표정을 자주 짓는 것 같아?",
            "A": "엄마는 항상 기분이 좋아서 그냥 표정이 매일 좋은 편인 것 같아요."
        },
        {
            "Q": "그런 표정을 볼 때 친구 기분은 어때?",
            "A": "잠깐 편해져요."
        },
        {
            "Q": "친구는 형제나 자매가 있을까?",
            "A": "남동생 한 명 있어요."
        },
        {
            "Q": "사이는 어때?",
            "A": "남동생이랑은 사이가 좋은 편이긴 해요."
        },
        {
            "Q": "부모님이 동생이랑 친구를 차별은 안 하셔?",
            "A": "아빠가 차별해요."
        },
        {
            "Q": "친구들이랑 뭐 하고 놀아?",
            "A": "시합하고 놀아요."
        },
        {
            "Q": "주로 몇 명이서 놀아?",
            "A": "네 명이요."
        },
        {
            "Q": "담임선생님은 어때? 좋은 것 같아?",
            "A": "선생님 예쁘고 재밌어서 좋아요."
        },
        {
            "Q": "요즘 큰 걱정거리는 뭐야?",
            "A": "아빠가 퇴근하시고 오면 공부한 거 검사 안 했으면 좋겠어요."
        },
        {
            "Q": "걱정거리 때문에 생활이 불편하거나 힘들까?",
            "A": "불편한 건 모르겠는데 힘들어요."
        },
        {
            "Q": "요즘 행복한 것 같아?",
            "A": "네, 제가 인정받고 칭찬받을 때는 행복하긴 해요."
        },
        {
            "Q": "친구는 커서 어떤 사람이 되고 싶어?",
            "A": "저는 수의사 하고 싶어요. 공부 열심히 해서 약한 동물 치료해 주는 멋있는 사람이 되고 싶거든요."
        },
        {
            "Q": "주로 나를 돌봐주는 어른은 누구예요?",
            "A": "엄마요."
        },
        {
            "Q": "배가 고픈데 먹을 게 없어서 굶은 적이 있을까?",
            "A": "아니요."
        },
        {
            "Q": "저녁에 나를 집에 혼자 두고 어른들이 나갔던 적 있을까?",
            "A": "아니요, 없어요."
        },
        {
            "Q": "어디 아픈 곳이 있는데 어른들이 병원에 데려가지 않은 적 있어?",
            "A": "아니요."
        },
        {
            "Q": "더럽고 냄새나는 옷을 입어야 한 적이 있거나 작은 옷이나 신발을 착용한 적 있을까?",
            "A": "없어요."
        },
        {
            "Q": "인터넷이나 휴대폰을 가지고 노는 시간은 하루에 몇 시간 정도야?",
            "A": "한 시간 정도만 할 수 있어요."
        },
        {
            "Q": "어른들이 오셔야 하는 학교행사가 있을 때 잘 오셔?",
            "A": "네."
        },
        {
            "Q": "부모님이나 선생님 때문에 슬프거나 화가 난 적 있을까?",
            "A": "아빠가 어린 동생이 더 똑똑하고 말도 더 잘 듣는다고 하면 좀 화나긴 해요."
        },
        {
            "Q": "마음이 힘들 때 가족에게 이야기하니?",
            "A": "엄마한테 얘기해요."
        },
        {
            "Q": "주위 어른들 중 나를 때린 적이 있는 사람이 있을까?",
            "A": "아빠가 구둣주걱으로 공부한 거 확인하고 발바닥 때려요."
        },
        {
            "Q": "평소에 자주 때리셔?",
            "A": "아니요, 가끔인 것 같아요."
        },
        {
            "Q": "맞아서 얼마나 다쳤어?",
            "A": "심하게 다친 건 아니고 발바닥이 좀 부어요."
        },
        {
            "Q": "내가 원하지 않는데도 누군가가 내 몸을 만지거나 보여달라고 한 적 있어요?",
            "A": "아니요, 그런 적은 없어요."
        },
        {
            "Q": "집에서 어른들끼리 소리 지르면서 싸우는 걸 듣거나 본 적이 있을까?",
            "A": "없어요, 저희 있을 때는 일부러 안 싸우시는 것 같기도 해요."
        },
        {
            "Q": "친구들이 나를 자주 놀리거나 괴롭힌다고 느낀 적이 있나요?",
            "A": "아니요, 친구들이랑 잘 놀아요."
        },
        {
            "Q": "어떨 때 마음이 복잡하거나 힘들까?",
            "A": "공부 많이 못 했을까 봐 좀 마음이 복잡해져요."
        },
        {
            "Q": "안 좋은 기억 때문에 괴로워서 죽고 싶다는 생각을 한 적 있어?",
            "A": "아니요."
        },
        {
            "Q": "잠잘 때 주로 어떤 꿈을 꿀까?",
            "A": "놀러 가는 꿈이 재밌어요."
        },
        {
            "Q": "부모님의 허락 없이 또는 말도 없이 집에 오랫동안 나와 있었던 적 있을까?",
            "A": "그런 적은 없어요."
        }
    ]
}