{
    "info": {
        "위기단계": "상담필요"
    },
    "kids_ment": [
        {
            "Q": "요즘 건강은 어떤 것 같아? 아픈 곳은 없어?",
            "A": "아픈 곳은 없어요."
        },
        {
            "Q": "최근에 다친 곳은 없어?",
            "A": "다친 곳 있어요."
        },
        {
            "Q": "어디를 다쳤어?",
            "A": "팔이랑 다리랑 목이랑 허리랑 등이랑 전부요."
        },
        {
            "Q": "어쩌다 다친 거야?",
            "A": "엄마한테 맞았어요."
        },
        {
            "Q": "병원에 가서 치료할 정도로 다쳤어?",
            "A": "아니요, 그냥 멍들었어요."
        },
        {
            "Q": "뭘 할 때가 즐거워?",
            "A": "친구들이랑 자전거 타고 놀 때요."
        },
        {
            "Q": "어떤 점이 즐거운 것 같아?",
            "A": "자전거 타면 자유로운 느낌이라서요."
        },
        {
            "Q": "최근 일주일 동안 짜증이나 화가 난 적 있어?",
            "A": "네, 화난 적 있어요."
        },
        {
            "Q": "뭐 때문에 그렇게 느꼈어?",
            "A": "제가 너무 약한 거 같아서요."
        },
        {
            "Q": "평소에 그런 기분이 들면 어떻게 해?",
            "A": "아무것도 안 해요."
        },
        {
            "Q": "평소에 몇 시에 자고 몇 시에 일어나?",
            "A": "열두 시에 자서 일곱 시에 일어나요."
        },
        {
            "Q": "아침에 일어나면 몸은 어때?",
            "A": "피곤하고 몸이 무거워요."
        },
        {
            "Q": "잠들기 힘들거나 자다가 중간에 깨진 않아?",
            "A": "그런 건 없어요."
        },
        {
            "Q": "한 달에 몇 번 정도 일어났을 때 힘든 것 같아?",
            "A": "세 번 넘는 것 같아요."
        },
        {
            "Q": "같이 사는 가족은 누구누구야?",
            "A": "엄마랑 둘이 살아요."
        },
        {
            "Q": "평소 엄마의 표정은 어때?",
            "A": "화난 표정이요."
        },
        {
            "Q": "어떨때 그런 표정을 지으시는 것 같아?",
            "A": "제가 잘못했을 때요."
        },
        {
            "Q": "그 표정을 보면 기분이 어때?",
            "A": "무서워요."
        },
        {
            "Q": "친구들이랑 주로 뭐 하고 놀아?",
            "A": "자전거 타고 놀아요."
        },
        {
            "Q": "친구들이랑 놀면 기분이 어때?",
            "A": "기분 좋아요."
        },
        {
            "Q": "담임선생님은 좋아, 싫어?",
            "A": "좋아요."
        },
        {
            "Q": "어떤 점이 좋은 것 같아?",
            "A": "친절하시고 공부도 잘 가르쳐줘서요."
        },
        {
            "Q": "요즘 걱정하는게 있어?",
            "A": "네, 있어요."
        },
        {
            "Q": "어떤게 걱정이야?",
            "A": "제가 엄마 마음에 안드는 행동 할까봐 걱정이에요."
        },
        {
            "Q": "뭐 때문에 그게 걱정인 것 같아?",
            "A": "잘못하면 엄마가 많이 혼내니까요."
        },
        {
            "Q": "한달에 몇 번 정도 힘들거나 불편하다고 느끼는 것 같아?",
            "A": "네 번 정도요."
        },
        {
            "Q": "요즘 행복한 것 같아?",
            "A": "아니요."
        },
        {
            "Q": "어떤 것 때문에 행복하지 않은 것 같아?",
            "A": "우리 집이 남들보다 못살아서요."
        },
        {
            "Q": "언제부터 행복하지 않았던 것 같아?",
            "A": "처음부터요."
        },
        {
            "Q": "나중에 어떤 사람이 되고 싶어?",
            "A": "돈 많이 버는 사람이요."
        },
        {
            "Q": "그렇게 되고 싶다고 생각한 이유는 뭐야?",
            "A": "우리 집이 못살아서 엄마도 화내는 것 같아서요."
        },
        {
            "Q": "나쁜 일이여도 상관없다고 생각해?",
            "A": "네, 저는 돈 많이 버는 거면 다 괜찮아요."
        },
        {
            "Q": "주로 집에서 돌봐주는 사람은 누구야?",
            "A": "엄마요."
        },
        {
            "Q": "배가 고픈데 밥을 챙겨주지 않아서 굶은 적이 있어?",
            "A": "아니요."
        },
        {
            "Q": "빨래가 안되서 냄새나고 불쾌한 옷을 입은 적 있어?",
            "A": "아니요."
        },
        {
            "Q": "크기가 맞지 않는 옷을 입거나 신발을 신은 적 있어?",
            "A": "아니요."
        },
        {
            "Q": "아플 때 어른들이 병원에 데려가지 않은 적 있어?",
            "A": "아니요."
        },
        {
            "Q": "운동회나 수업 참관 같은 학교행사에 잘 오시는 편이야?",
            "A": "대부분 오는 거 같아요."
        },
        {
            "Q": "다섯 번 중에 몇 번 정도 오시는 것 같아?",
            "A": "서너 번은 오는 것 같아요."
        },
        {
            "Q": "인터넷이나 휴대폰을 하루에 몇 시간 정도 하는 것 같아?",
            "A": "두 시간 넘게요."
        },
        {
            "Q": "인터넷이나 휴대폰을 많이 한다고 어른들이 뭐라고 하진 않아?",
            "A": "몰래 해요."
        },
        {
            "Q": "피시방 같은 곳을 자주 가는 편이야?",
            "A": "아니요. 안 가요."
        },
        {
            "Q": "부모님이나 선생님 때문에 화나거나 슬픈 적 있어?",
            "A": "엄마 때문에 슬픈 적 있어요."
        },
        {
            "Q": "어떤 말이나 행동 때문에 그렇게 느꼈어?",
            "A": "너 같은 애 때문에 우리처럼 못사는 사람들이 욕먹는 거라고 했을 때요."
        },
        {
            "Q": "어른들이 방이나 다른 곳에 가두고 못 나오게 한 적 있어?",
            "A": "아니요."
        },
        {
            "Q": "다른 사람 앞에서 혼난 적 있어?",
            "A": "네, 있어요."
        },
        {
            "Q": "한 달에 몇 번 정도 그런 일이 있어?",
            "A": "한 번 정도는 그래요."
        },
        {
            "Q": "어른들이 다른 아이들이랑 비교할 때 있어?",
            "A": "네, 비교해요."
        },
        {
            "Q": "한 달에 몇 번 정도 그런 일이 있어?",
            "A": "두세 번이요."
        },
        {
            "Q": "어른들이 집에서 쫓아낸다고 하거나 버리겠다고 하거나 진짜 쫓아낸 적 있어?",
            "A": "아니요, 그런 적은 없어요."
        },
        {
            "Q": "뭔가 하려고 할 때 무조건 안 된다고 하거나, 하기 싫은데도 무조건 하라고 한 적 있어?",
            "A": "아니요."
        },
        {
            "Q": "마음이 힘들 때 누구에게 말해?",
            "A": "얘기 안 해요."
        },
        {
            "Q": "주위 어른들 중에 몸을 아프게 한 사람이 있어?",
            "A": "네, 있어요."
        },
        {
            "Q": "누가 그랬어?",
            "A": "엄마요."
        },
        {
            "Q": "어디를 어떻게 했어?",
            "A": "온몸을 막 때리고 목을 졸랐어요."
        },
        {
            "Q": "얼마나 다쳤어?",
            "A": "그냥 멍이 많이 들었어요."
        },
        {
            "Q": "엄마가 왜 때렸다고 생각해?",
            "A": "같이 장 보러 홈플러스 갔는데 제가 장난감 팽이 몰래 가져가려다가 엄마한테 들켰거든요."
        },
        {
            "Q": "엄마가 때린 게 이번이 처음이야?",
            "A": "아니요, 제가 잘못하면 그래요."
        },
        {
            "Q": "한 달에 몇 번 정도 때리는 것 같아?",
            "A": "두세 번이요."
        },
        {
            "Q": "최근에도 엄마가 때렸어?",
            "A": "네, 홈플러스 간 게 4일 전이에요."
        },
        {
            "Q": "그렇게 다친 것 때문에 치료하러 병원 간 적 있어?",
            "A": "아니요, 그런 적은 없어요."
        },
        {
            "Q": "누군가 원하지 않는데도 몸을 만지거나 보여달라고 한 적 있어?",
            "A": "아니요."
        },
        {
            "Q": "집에서 어른들이 소리 지르면서 싸우는 걸 듣거나 본 적 있어?",
            "A": "아니요."
        },
        {
            "Q": "친구들이 자주 놀리거나 괴롭히거나 따돌린다고 느낀 적 있어?",
            "A": "아니요."
        },
        {
            "Q": "어떨 때 마음이 복잡하거나 힘들어?",
            "A": "엄마한테 혼날 때요."
        },
        {
            "Q": "그런 것 때문에 괴로워서 죽고 싶다고 생각한 적 있어?",
            "A": "네, 생각한 적 있어요."
        },
        {
            "Q": "한 달에 몇 번 정도 그런 생각을 하는 것 같아?",
            "A": "한두 번 정도요."
        },
        {
            "Q": "자살 시도를 한 적 있어?",
            "A": "아니요."
        },
        {
            "Q": "잠잘 때 어떤 꿈을 꾸는 편이야?",
            "A": "꿈을 잘 안 꾸는 것 같아요."
        },
        {
            "Q": "부모님 허락 없이 또는 말도 없이 집에서 오랫동안 나와 있었던 적이 있어?",
            "A": "아니요."
        }
    ]
}