{
    "info": {
        "위기단계": "관찰필요"
    },
    "kids_ment": [
        {
            "Q": "요즘 건강은 어떤 것 같아? 아픈 곳은 없어?",
            "A": "아픈 곳 있어요."
        },
        {
            "Q": "어디가 어떻게 아파?",
            "A": "배가 콕콕거려서 아파요."
        },
        {
            "Q": "언제부터 아팠어? 지금도 아파?",
            "A": "3일 전부터 아팠어요. 지금도 아파요."
        },
        {
            "Q": "예전에도 지금처럼 아팠던 적 있어?",
            "A": "네, 한 달에 한 번씩 아파요."
        },
        {
            "Q": "어떤 것 때문에 아픈 것 같아?",
            "A": "모르겠어요."
        },
        {
            "Q": "그렇게 아프면 며칠 정도 아픈 것 같아?",
            "A": "4일 정도 아팠던 거 같아요."
        },
        {
            "Q": "최근에 다친 곳은 없어?",
            "A": "다친 곳은 없어요."
        },
        {
            "Q": "뭘 할 때가 즐거워?",
            "A": "친구들이랑 인형 놀이할 때요."
        },
        {
            "Q": "어떤 점이 즐거운 것 같아?",
            "A": "인형도 이쁘고 친구들이랑 놀면 재밌어요."
        },
        {
            "Q": "최근 일주일 동안 짜증이나 화가 난 적 있어?",
            "A": "네, 짜증 난 적 있어요."
        },
        {
            "Q": "뭐 때문에 그렇게 느낀 것 같아?",
            "A": "친구가 인형 옷 이쁜 거 있다고 자랑해서요"
        },
        {
            "Q": "평소에 그런 기분이 들면 어떻게 해?",
            "A": "엄마한테 말해요."
        },
        {
            "Q": "평소에 몇 시에 자고 몇 시에 일어나?",
            "A": "열 시에 자서 여덟 시에 일어나요."
        },
        {
            "Q": "아침에 일어나면 몸은 어때?",
            "A": "괜찮아요."
        },
        {
            "Q": "잠들기 힘들거나 자다가 중간에 깨진 않아?",
            "A": "네."
        },
        {
            "Q": "같이 사는 가족은 누구누구야?",
            "A": "아빠랑 엄마요."
        },
        {
            "Q": "평소 아빠의 표정은 어때?",
            "A": "잘 모르겠어요."
        },
        {
            "Q": "아빠는 친구한테 관심이 있는 것 같아?",
            "A": "아니요. 아빠는 저한테 인사만 해요."
        },
        {
            "Q": "평소 엄마의 표정은 어때?",
            "A": "무서워요."
        },
        {
            "Q": "어떨 때 그런 표정을 지으시는 것 같아?",
            "A": "제가 잘못했을 때요."
        },
        {
            "Q": "그 표정을 보면 기분이 어때?",
            "A": "혼날 것 같아요."
        },
        {
            "Q": "친구들이랑 주로 뭐 하고 놀아?",
            "A": "인형 놀이 하고 놀아요."
        },
        {
            "Q": "친구들이랑 놀면 기분이 어때?",
            "A": "재밌어서 좋아요."
        },
        {
            "Q": "담임선생님은 좋아, 싫어?",
            "A": "좋아요."
        },
        {
            "Q": "어떤 점이 좋은 것 같아?",
            "A": "공주님처럼 이뻐서요."
        },
        {
            "Q": "요즘 걱정하는 게 있어?",
            "A": "아니요. 없어요."
        },
        {
            "Q": "요즘 행복한 것 같아?",
            "A": "네. 그런 것 같아요."
        },
        {
            "Q": "어떤 점이 행복한 거 같아?",
            "A": "친구들이랑 노는 것도 좋고, 엄마가 가끔 화내지만 그래도 맛있는 것도 해주고 그래서요."
        },
        {
            "Q": "나중에 어떤 사람이 되고 싶어?",
            "A": "엘사처럼 마법 부리는 마법사요."
        },
        {
            "Q": "그렇게 되고 싶다고 생각한 이유는 뭐야?",
            "A": "마법이 너무 이뻐서요."
        },
        {
            "Q": "주로 집에서 돌봐주는 사람은 누구야?",
            "A": "엄마요."
        },
        {
            "Q": "배가 고픈데 밥을 챙겨주지 않아서 굶은 적이 있어?",
            "A": "아니요."
        },
        {
            "Q": "빨래가 안 돼서 냄새나고 불쾌한 옷을 입은 적 있어?",
            "A": "그런 적 없어요."
        },
        {
            "Q": "크기가 맞지 않는 옷을 입거나 신발을 신은 적 있어?",
            "A": "아니요."
        },
        {
            "Q": "아플 때 어른들이 병원에 데려가지 않은 적 있어?",
            "A": "항상 데려가 줘요."
        },
        {
            "Q": "운동회나 수업 참관 같은 학교행사에 잘 오시는 편이야?",
            "A": "네, 엄마가 와요."
        },
        {
            "Q": "다섯번 중에 몇 번 정도 오시는 것 같아?",
            "A": "전부 와요."
        },
        {
            "Q": "인터넷이나 휴대폰을 하루에 몇 시간 정도 하는 것 같아?",
            "A": "30분이요, 엄마가 더 못하게 해요."
        },
        {
            "Q": "부모님이나 선생님 때문에 화나거나 슬픈 적 있어?",
            "A": "네, 슬픈 적 있어요."
        },
        {
            "Q": "어떤 말이나 행동 때문에 그렇게 느꼈어?",
            "A": "엄마가 방 자꾸 안 치우면 진짜 미워할 거라고 할 때요."
        },
        {
            "Q": "어른들이 방이나 다른 곳에 가두고 못 나오게 한 적 있어?",
            "A": "아니요."
        },
        {
            "Q": "다른 사람 앞에서 혼난 적 있어?",
            "A": "없어요."
        },
        {
            "Q": "어른들이 다른 아이들이랑 비교할 때 있어?",
            "A": "네, 다른 애들은 엄마말 잘 듣던데 넌 왜 안 듣냐고 할 때 있어요."
        },
        {
            "Q": "한 달에 몇 번 정도 그런 일이 있어?",
            "A": "두 번이요."
        },
        {
            "Q": "어른들이 집에서 쫓아낸다고 하거나 버리겠다고 하거나 진짜 쫓아낸 적 있어?",
            "A": "아니요."
        },
        {
            "Q": "뭔가 하려고 할 때 무조건 안 된다고 하거나, 하기 싫은데도 무조건 하라고 한 적 있어?",
            "A": "없어요."
        },
        {
            "Q": "마음이 힘들 때 누구에게 말해?",
            "A": "엄마요."
        },
        {
            "Q": "주위 어른들 중에 몸을 아프게 한 사람이 있어?",
            "A": "아니요, 없어요."
        },
        {
            "Q": "누군가 원하지 않는데도 몸을 만지거나 보여달라고 한 적 있어?",
            "A": "아니요."
        },
        {
            "Q": "집에서 어른들이 소리 지르면서 싸우는 걸 듣거나 본 적 있어?",
            "A": "아니요, 없어요."
        },
        {
            "Q": "친구들이 자주 놀리거나 괴롭히거나 따돌린다고 느낀 적 있어?",
            "A": "아니요."
        },
        {
            "Q": "어떨 때 마음이 복잡하거나 힘들어?",
            "A": "엄마가 혼낼 때요."
        },
        {
            "Q": "그런 것 때문에 괴로워서 죽고 싶다고 생각한 적 있어?",
            "A": "그런 생각은 안 해봤어요."
        },
        {
            "Q": "잠잘 때 어떤 꿈을 꾸는 편이야?",
            "A": "재밌는 것도 꾸고, 무서운 꿈도 꿔요."
        },
        {
            "Q": "무서운 꿈은 실제로 있었던 일 같아?",
            "A": "아니요, 그건 아니에요."
        },
        {
            "Q": "무서운 꿈은 어떤 내용이야?",
            "A": "갑자기 도깨비가 나오거나 귀신 나오는 꿈이요."
        },
        {
            "Q": "그렇게 꿈을 꾸고 일어나면 몸 상태는 어때?",
            "A": "평소랑 똑같아요."
        },
        {
            "Q": "생각하기 싫은데도 자꾸 그 기억이 떠오른 적 있어?",
            "A": "아니요."
        },
        {
            "Q": "부모님 허락 없이 또는 말도 없이 집에서 오랫동안 나와 있었던 적이 있어?",
            "A": "아니요."
        }
    ]
}