{
    "info": {
        "위기단계": "학대의심"
    },
    "kids_ment": [
        {
            "Q": "최근에 내 몸이 건강한 것 같아? 아니면 아픈 곳이 있어?",
            "A": "몸은 건강한 것 같아요."
        },
        {
            "Q": "최근에 다친 적 있어?",
            "A": "최근에 다친 건 없어요."
        },
        {
            "Q": "뭘 할 때 즐거워?",
            "A": "탕후루랑 초콜렛 먹을 때 즐거워요."
        },
        {
            "Q": "그게 왜 즐거워?",
            "A": "달달해서 기분이 좋아져요."
        },
        {
            "Q": "최근 일주일 동안 짜증이나 화가 난 적이 있어?",
            "A": "네, 가끔 화가 나요."
        },
        {
            "Q": "무엇 때문에 화가 났어?",
            "A": "아빠가 화를 내거나 혼냈던 기억이 갑자기 떠올라서 화가 났어요."
        },
        {
            "Q": "그렇게 짜증이 나면 어떻게 할 때 마음이 풀려?",
            "A": "그림 그리는 데 집중하면 마음이 좀 괜찮아져요."
        },
        {
            "Q": "요즘 몇 시에 자고 몇 시에 일어나?",
            "A": "열두 시에 자는데 다섯 시에는 일어나요."
        },
        {
            "Q": "자고 일어나면 몸 상태는 어때?",
            "A": "자는 동안 계속 뒤척여서 일어나도 멍해요."
        },
        {
            "Q": "아빠 얼굴 표정이 어떤 것 같아?",
            "A": "딱딱하게 굳어 있어요."
        },
        {
            "Q": "왜 굳어 있는 표정이라고 생각해?",
            "A": "우리 때문에 엄마가 집나가서 그런거예요."
        },
        {
            "Q": "그런 아빠를 보면 친구는 어떤 느낌이 들어?",
            "A": "미워요."
        },
        {
            "Q": "엄마의 얼굴은 기억이 나?",
            "A": "아니요, 엄마에 대한 기억은 없어요."
        },
        {
            "Q": "형제자매가 있어?",
            "A": "오빠 한 명 있어요."
        },
        {
            "Q": "오빠랑 사이가 어때?",
            "A": "오빠한테 의지 많이 해요."
        },
        {
            "Q": "아빠가 오빠랑 친구를 차별하는 것 같아?",
            "A": "아니요, 우리 둘 다 싫어해요."
        },
        {
            "Q": "친구들이랑 뭐 하고 놀아?",
            "A": "그냥 슬라임 갖고 놀기도 하고 수다 떨기도 하고 그래요."
        },
        {
            "Q": "친구 몇 명이랑 놀아?",
            "A": "친한 친구는 두 명 있어요."
        },
        {
            "Q": "담임선생님 좋아, 싫어?",
            "A": "담임선생님 좋아요."
        },
        {
            "Q": "어떤 점이 좋아?",
            "A": "담임선생님 아빠랑 다르게 다정하게 말해주시고 잘 챙겨주세요."
        },
        {
            "Q": "요즘 제일 걱정되는 게 뭐야?",
            "A": "아빠랑 다시 같이 살게 되는 게 걱정이에요."
        },
        {
            "Q": "아빠랑 다시 살면 어떤 점이 걱정돼?",
            "A": "아빠가 또 막 때리고 그럴까 봐요."
        },
        {
            "Q": "이런 걱정 때문에 어느 정도로 힘들까?",
            "A": "일주일에 두세 번씩 순간순간 생각이 나요."
        },
        {
            "Q": "요즘 행복한 것 같아?",
            "A": "아빠랑 떨어지고 나서는 행복해요."
        },
        {
            "Q": "어떤 점에서 행복해?",
            "A": "아직 잠잘 때는 불안하긴 한데 그 외의 시간에는 마음이 편안해요."
        },
        {
            "Q": "커서 어떤 사람이 되고 싶어요?",
            "A": "판사 되고 싶어요."
        },
        {
            "Q": "왜 판사가 되고 싶어?",
            "A": "나쁜 사람들 영원히 감옥에 가두려구요."
        },
        {
            "Q": "집에서 주로 나를 돌봐주는 어른은 누구야?",
            "A": "집에서는 아빠요."
        },
        {
            "Q": "배가 고픈데 먹을 게 없어서 굶은 적이 있어?",
            "A": "네. 있어요, 저녁에 밥이 없어서 오빠랑 굶기도 했어요."
        },
        {
            "Q": "저녁에 나를 집에 혼자 두고 아빠가 나갔던 적 있어?",
            "A": "새벽에 들어오는 날 많았어요."
        },
        {
            "Q": "어디 아픈 곳이 있는데 어른들이 병원에 데려가지 않은 적 있어?",
            "A": "병원 간 기억 없어요."
        },
        {
            "Q": "더럽고 냄새나는 옷을 입어야 한 적이 있거나 작은 옷이나 신발을 입거나 신고 다닌 적 있어?",
            "A": "빨래 못 해서 냄새나는 옷 입고 간 적 있어요."
        },
        {
            "Q": "인터넷이나 휴대폰을 가지고 노는 시간은 하루에 몇 시간 정도야?",
            "A": "휴대폰 없고 집에 컴퓨터 없었어요."
        },
        {
            "Q": "어른들이 운동회나 참관 수업 또는 학부모 상담 같은 학교 행사에 잘 오셨어?",
            "A": "아니요."
        },
        {
            "Q": "부모님이나 선생님 때문에 슬퍼진 적이 있어?",
            "A": "아빠 때문에 화난 적 많아요."
        },
        {
            "Q": "아빠의 어떤 말이나 행동이 친구를 화나게 했어?",
            "A": "아빠가 싹수가 노란 건 미리 잘라내야 되는데 이러면서 제 앞에서 죽으려고 했어요."
        },
        {
            "Q": "아빠가 친구를 어디에 가두고 못 나오게 한 적 있어?",
            "A": "그런 적은 없어요."
        },
        {
            "Q": "아빠가 친구를 집에서 쫓아내거나 버리겠다고 말하거나 진짜 쫓아낸 적 있어?",
            "A": "나가버리라고 한 적 많아요."
        },
        {
            "Q": "다른 사람들 앞에서도 혼날 때 있었어?",
            "A": "집에서 그래서 다른 사람은 없었어요."
        },
        {
            "Q": "친구가 무엇을 하려고 할 때 무조건 안 된다고 하거나, 하기 싫은데 무조건 하라고 할 때 있었어?",
            "A": "그냥 하라는 거 하고 있는데 막 때렸어요."
        },
        {
            "Q": "주위 어른들 중 나를 때린 적이 있는 사람이 있어?",
            "A": "아빠요."
        },
        {
            "Q": "최근에 나를 때린 어른은 누구야?",
            "A": "아빠요."
        },
        {
            "Q": "아빠가 나를 때리시는 이유는 뭐라고 생각해?",
            "A": "밥상 차리는데 강된장을 그냥 먹으라고 해서 못 먹었는데 숟가락으로 때렸어요, 그리고 아빠가 자해하려고 해서 막았더니 때렸어요."
        },
        {
            "Q": "어느 부위를 무엇으로 맞았어?",
            "A": "머리채 잡고 머리랑 온몸을 때렸어요."
        },
        {
            "Q": "아빠가 자주 때렸어?",
            "A": "네, 자주 때렸어요."
        },
        {
            "Q": "아빠한테 맞아서 얼마나 다쳤어?",
            "A": "온몸에 멍들고 머리카락 뜯기고 그랬어요."
        },
        {
            "Q": "그렇게 다쳐서 병원 가서 치료받았어?",
            "A": "병원에 안 갔어요."
        },
        {
            "Q": "병원에 입원한 적도 있어?",
            "A": "없어요."
        },
        {
            "Q": "내가 원하지 않는데도 누군가가 내 몸을 만지거나 보여달라고 한 적 있어?",
            "A": "그런 사람은 없었어요."
        },
        {
            "Q": "집에서 어른들끼리 소리 지르면서 싸우는 걸 듣거나 본 적이 있어?",
            "A": "아니요."
        },
        {
            "Q": "친구들이 나를 자주 놀리거나 괴롭힌다고 느낀 적이 있어?",
            "A": "아니요."
        },
        {
            "Q": "어떨 때 마음이 복잡하거나 힘들어?",
            "A": "아빠랑 다시 살 생각하면 힘들어요."
        },
        {
            "Q": "안 좋은 기억 때문에 괴로워서 죽고 싶다는 생각을 한 적 있어?",
            "A": "그런 적은 없어요."
        },
        {
            "Q": "잠잘 때 주로 어떤 꿈을 꿔?",
            "A": "놀러 갔는데 비가 너무 많이 와서 물에 휩쓸려 가기도 하고, 갑자기 도로가 푹 꺼져서 땅속으로 떨어지기도 해요."
        },
        {
            "Q": "꿈을 꾸고 일어나면 몸 상태가 어때?",
            "A": "식은땀도 나고 무섭기도 하고, 너무 힘들어요."
        },
        {
            "Q": "가출 해 본 적 있어?",
            "A": "아니요."
        }
    ]
}