{
    "info": {
        "위기단계": "정상군"
    },
    "kids_ment": [
        {
            "Q": "최근에 건강한가요? 아니면 아픈 곳이 있어요?",
            "A": "손톱 깨져서 아파요."
        },
        {
            "Q": "손톱 최근에 다친 거예요?",
            "A": "네."
        },
        {
            "Q": "언제 어떻게 하다가 다쳤어요?",
            "A": "어제 야구 연습하다가 공 던질 때 손톱 걸려서 깨지면서 피 났어요."
        },
        {
            "Q": "이전에도 자주 다쳤어요?",
            "A": "야구하다가 종종 다쳐요."
        },
        {
            "Q": "뭘 할 때 즐거워요?",
            "A": "야구할 때랑 야구장 갈 때 즐거워요."
        },
        {
            "Q": "야구하면 뭐가 즐거워요?",
            "A": "야구 아홉 명이 다 같이 힘을 합쳐서 잘 경기를 해야 이길 수 있어요, 친구들이랑 이렇게 같이 운동하는 게 좋아요."
        },
        {
            "Q": "최근 일주일 동안 짜증이나 화가 난 적이 있어요?",
            "A": "짜증이나 화가 날 일이 없어요."
        },
        {
            "Q": "몇 시에 자고 몇 시에 일어나요?",
            "A": "열 시에 자고 여덟 시에 일어나요."
        },
        {
            "Q": "자고 일어나면 몸 상태는 어때요?",
            "A": "개운하고 기분 좋아요."
        },
        {
            "Q": "아빠는 어떤 표정을 자주 지어요?",
            "A": "보통 때는 진지한데 잘 웃어주세요."
        },
        {
            "Q": "그런 아빠를 보면 친구는 기분이 어때요?",
            "A": "저도 기분이 좋아서 같이 웃어요."
        },
        {
            "Q": "엄마는 어떤 표정을 자주 짓나요?",
            "A": "엄마는 잘 기억이 안 나는데 저한테 소리치고 화내는 얼굴은 어렴풋이 기억나요."
        },
        {
            "Q": "왜 그런 표정을 지으셨을까요?",
            "A": "잘 기억이 안 나는데 그때 엄마가 아팠대요."
        },
        {
            "Q": "형제자매가 있어요?",
            "A": "저 혼자예요."
        },
        {
            "Q": "친구들이랑 뭐하고 놀아요?",
            "A": "야구하기도 하고, 축구하고 놀기도 해요."
        },
        {
            "Q": "친한 친구는 몇 명이에요?",
            "A": "매일 같이 다니는 친한 친구는 세 명이요."
        },
        {
            "Q": "담임선생님을 좋아하나요, 싫어하나요?",
            "A": "담임선생님 좋아요."
        },
        {
            "Q": "어떤 점이 좋아요?",
            "A": "야구한다고 열심히 하라고 응원도 해주시고, 운동선수는 잘 먹어야 한다고 간식도 주세요."
        },
        {
            "Q": "요즘 제일 걱정되는 게 뭐에요?",
            "A": "요즘 걱정하는 거 없어요."
        },
        {
            "Q": "요즘 행복한 것 같아요?",
            "A": "네, 행복해요."
        },
        {
            "Q": "어떤 점에서 행복해요?",
            "A": "매일 매일 신나고 재미있어요, 그리고 아빠가 자주 야구장 데리고 가서 저랑 같이 시간을 보내는데 그게 너무 좋아요."
        },
        {
            "Q": "커서 어떤 사람이 되고 싶어요?",
            "A": "야구선수 될 거예요."
        },
        {
            "Q": "왜 야구선수가 되고 싶어요?",
            "A": "야구선수로 유명해질 거예요, 돈도 많아 벌어서 아빠한테 효도도 하고요."
        },
        {
            "Q": "집에서 주로 나를 돌봐주는 어른은 누구인가요?",
            "A": "아빠요."
        },
        {
            "Q": "배가 고픈데 먹을 게 없어서 굶은 적이 있나요?",
            "A": "아니요, 아빠랑 매일 맛있는 거 먹어요."
        },
        {
            "Q": "저녁에 나를 집에 혼자 두고 어른들이 나갔던 적 있나요?",
            "A": "아빠 일 있으시면 근처 할머니 댁에 가 있어요."
        },
        {
            "Q": "부모님이나 선생님 때문에 슬프거나 화가 난 적이 있나요?",
            "A": "아니오."
        },
        {
            "Q": "주위 어른들 중 나를 때린 적이 있는 사람이 있나요?",
            "A": "저는 기억이 잘 안 나는데 엄마가 저를 때려서 따로 사는 거래요."
        },
        {
            "Q": "내가 원하지 않는데도 누군가가 내 몸을 만지거나 보여달라고 한 적 있어요?",
            "A": "아니요. 없어요."
        },
        {
            "Q": "집에서 어른들끼리 소리 지르면서 싸우는 걸 듣거나 본 적이 있나요?",
            "A": "아니요."
        },
        {
            "Q": "친구들이 나를 자주 놀리거나 괴롭힌다고 느낀 적이 있나요?",
            "A": "아니요, 친구들한테 인기 많아요."
        },
        {
            "Q": "어떨 때 마음이 복잡하거나 힘든가요?",
            "A": "가끔 엄마 생각하면 마음이 복잡한 거 같아요."
        },
        {
            "Q": "안 좋은 기억 때문에 괴로워서 죽고 싶다는 생각을 한적 있나요?",
            "A": "아니요."
        },
        {
            "Q": "잠잘 때 주로 어떤 꿈을 꾸나요?",
            "A": "쓰러지듯 자서 꿈은 안 꿔요."
        },
        {
            "Q": "부모님의 허락 없이 또는 말도 없이 집에 오랫동안 나와 있었던 적이 있나요?",
            "A": "아니요."
        }
    ]
}