{
    "info": {
        "위기단계": "응급"
    },
    "kids_ment": [
        {
            "Q": "최근에 건강한가요? 아니면 아픈 곳이 있어요?",
            "A": "아픈 곳 없어요, 괜찮아요."
        },
        {
            "Q": "최근에 다쳤던 적이 있나요?",
            "A": "없어요."
        },
        {
            "Q": "뭘 할 때 즐거워요?",
            "A": "바이올린 연주할 때 좋아요."
        },
        {
            "Q": "바이올린 연주하면 어떤 점이 좋아요?",
            "A": "제가 곡을 연주하는 것도 뿌듯하고 현의 울림이 몸에 전달되는데, 저랑 소리랑 공명하면서 하나가 되는 것 같아요."
        },
        {
            "Q": "최근 일주일 동안 짜증이나 화가 난 적이 있나요?",
            "A": "요즘에 화가 많이 나요."
        },
        {
            "Q": "무엇 때문에 화가 났어요?",
            "A": "친구들이 갑자기 왕따시켜서 답답하고 화가 나요."
        },
        {
            "Q": "그렇게 화가 나면 어떻게 할 때 마음이 풀려요?",
            "A": "바이올린 연주곡 중에 빨리 연주하는 곡 연습하면 좀 풀려요."
        },
        {
            "Q": "몇 시에 자고 몇 시에 일어나요?",
            "A": "열한 시에 자고 일곱 시 반쯤 일어나요."
        },
        {
            "Q": "일어나면 몸 상태는 어때요?",
            "A": "몸이 무겁고 일어나기 싫어요."
        },
        {
            "Q": "할아버지는 어떤 표정을 많이 지으시나요?",
            "A": "잔잔하게 미소 지으시는 얼굴이에요."
        },
        {
            "Q": "왜 그렇게 느껴요?",
            "A": "할아버지는 큰 소리도 안 내고 항상 허허 웃으면서 이야기하세요."
        },
        {
            "Q": "할머니는 어떤 표정을 많이 지으시나요?",
            "A": "할머니는 항상 웃고 계세요."
        },
        {
            "Q": "그렇게 느끼는 이유는 뭐예요?",
            "A": "할머니 웃음소리가 집에서 끊이질 않아요."
        },
        {
            "Q": "형제자매가 있나요?",
            "A": "동생 두 명 있어요."
        },
        {
            "Q": "여동생이에요 남동생이에요?",
            "A": "여동생 한 명, 남동생 한 명 있어요."
        },
        {
            "Q": "여동생이랑 사이가 어때요?",
            "A": "여동생 엄청 착해서 제 말 잘 들어서 좋아요."
        },
        {
            "Q": "남동생이랑은 사이가 어때요?",
            "A": "남동생은 자꾸 저 따라 하려고 하고, 저랑 놀려고 귀찮게 하는데 그래도 잘 지내요."
        },
        {
            "Q": "할머니나 할아버지가 동생들이랑 차별하는 것 같아요?",
            "A": "그렇지는 않은 것 같아요."
        },
        {
            "Q": "친구들이랑 뭐 하고 놀아요?",
            "A": "친구들이랑 못 놀고 있어요."
        },
        {
            "Q": "왜 친구랑 못 놀고 있어요?",
            "A": "친구들이 저 왕따시키는 것 같아요."
        },
        {
            "Q": "왜 그렇게 생각해요?",
            "A": "저 빼고 카톡 만든 것 같고, 운동장에서 놀 때 같이 안 놀고 따돌려요."
        },
        {
            "Q": "언제부터 그랬어요?",
            "A": "저번달에 비싼 바이올린 선물 받은 거, 애들한테 자랑할 때 애들이 만지려고 한 거 못 만지게 했는데 그 뒤로 그런 것 같아요."
        },
        {
            "Q": "담임선생님을 좋아하나요, 싫어하나요?",
            "A": "담임선생님 싫어요."
        },
        {
            "Q": "왜 싫어요??",
            "A": "애들이 왕따 시키는 것 같아서 이야기했는데, 저보고 예민하다면서 잘 지내보라고만 했어요."
        },
        {
            "Q": "요즘 제일 걱정되는 게 뭐에요?",
            "A": "친구들이요."
        },
        {
            "Q": "어떤 점에서 걱정이 돼요?",
            "A": "친구들이랑 계속 이렇게 못 놀까봐요. 걱정이에요."
        },
        {
            "Q": "이런 걱정 때문에 어느 정도로 힘든가요?",
            "A": "저번 주부터는 매일매일 학교 갈 때마다 걱정되고 그래서 가슴이 답답해요."
        },
        {
            "Q": "요즘 행복한 것 같아요?",
            "A": "요즘에는 좀 불행한 것 같아요."
        },
        {
            "Q": "왜 불행하다고 느껴요?",
            "A": "학교에서 친구들이랑 잘 못 보니까 우울해요."
        },
        {
            "Q": "커서 어떤 사람이 되고 싶어요?",
            "A": "바이올리니스트 될 거예요."
        },
        {
            "Q": "왜 바이올리니스트가 되고 싶어요?",
            "A": "바이올린 연주하다 보면 계속 빠져드는 것 같아요."
        },
        {
            "Q": "집에서 주로 나를 돌봐주는 어른은 누구인가요?",
            "A": "할머니요."
        },
        {
            "Q": "배가 고픈데 먹을 게 없어서 굶은 적이 있나요?",
            "A": "아니요, 없어요."
        },
        {
            "Q": "저녁에 나를 집에 혼자 두고 어른들이 나갔던 적 있나요?",
            "A": "할머니랑 할아버지는 항상 계세요."
        },
        {
            "Q": "어디 아픈 곳이 있는데 어른들이 병원에 데려가지 않은 적이 있나요?",
            "A": "조금만 아파도 병원에 바로 가요."
        },
        {
            "Q": "할아버지 할머니나 선생님 때문에 슬프거나 화가 난 적이 있나요?",
            "A": "없어요."
        },
        {
            "Q": "주위 어른들 중 나를 때린 적이 있는 사람이 있나요?",
            "A": "때린 사람 없어요."
        },
        {
            "Q": "내가 원하지 않는데도 누군가가 내 몸을 만지거나 보여달라고 한 적 있어요?",
            "A": "그런 사람 없었어요."
        },
        {
            "Q": "집에서 어른들끼리 소리 지르면서 싸우는 걸 듣거나 본 적이 있어요?",
            "A": "아니요, 할아버지 할머니 사이좋으세요."
        },
        {
            "Q": "친구들이 나를 자주 놀리거나 괴롭힌다고 느낀 적이 있나요?",
            "A": "네, 지금 친구들이 저를 따돌리는 것 같아요."
        },
        {
            "Q": "반 친구들이 따돌린다고 느낄 때 어떤 기분이었어요?",
            "A": "처음에는 장난인 줄 알았는데, 그게 아닌 것 같아서 너무 비참해요."
        },
        {
            "Q": "이렇게 괴롭힘을 당한 기간이 어떻게 되나요?",
            "A": "제가 느끼기에 저번달부터요."
        },
        {
            "Q": "이 아이들 때문에 학교를 가지 않은 적이 있나요?",
            "A": "실은 할머니한테 거짓말로 머리 아프다고 하고, 학교 안 나간 적 몇 번 있어요."
        },
        {
            "Q": "어떨 때 마음이 복잡하거나 힘든가요?",
            "A": "학교에 있다 보면, 좀 힘들어요."
        },
        {
            "Q": "안 좋은 기억 때문에 괴로워서 죽고 싶다는 생각을 한 적 있나요?",
            "A": "이러다가 진짜 미쳐 버릴 것 같아서 어찌할지는 모르겠어요."
        },
        {
            "Q": "잠잘 때 주로 어떤 꿈을 꾸나요?",
            "A": "미래에 제가 유명한 바이올리니스트가 돼서 연주회 하는데 연주가 끝나고 나면 관객이 한 명도 없어서 울다가 깨요."
        },
        {
            "Q": "꿈을 꾸고 일어나면 몸 상태가 어떤가요?",
            "A": "식은땀이 나요."
        },
        {
            "Q": "부모님의 허락 없이 또는 말도 없이 집에 오랫동안 나와 있었던 적이 있나요?",
            "A": "아니요."
        }
    ]
}