{
    "info": {
        "위기단계": "학대의심"
    },
    "kids_ment": [
        {
            "Q": "최근에 건강은 어때?",
            "A": "배가 자주 아파요."
        },
        {
            "Q": "언제부터 그랬어?",
            "A": "옛날부터 긴장하면 그래요."
        },
        {
            "Q": "한 번 아프기 시작하면 얼마나 오래 아파?",
            "A": "길면 한 시간은 가는 것 같아요, 찜질하면 좀 나아요."
        },
        {
            "Q": "최근에 다친 곳 있어?",
            "A": "네, 아줌마가 얼굴 때려서 멍이 들었어요."
        },
        {
            "Q": "언제 다쳤어?",
            "A": "어제요."
        },
        {
            "Q": "왜 때리셨어?",
            "A": "제가 거짓말한다고 괘씸하다고 때렸어요."
        },
        {
            "Q": "요즘 뭘 할 때 즐거워?",
            "A": "학교에 있을 때 좋아요."
        },
        {
            "Q": "어떤 점이 좋아?",
            "A": "아줌마도 없고, 선생님이 친절해서요."
        },
        {
            "Q": "최근 일주일 동안 짜증이나 화가 난 적 있어?",
            "A": "아니요, 없어요."
        },
        {
            "Q": "잠은 몇 시간 자?",
            "A": "잠은 열두 시 지나서 자게 돼요, 아줌마가 하라는 일이 많아서 다 하고 나면 시간이 늦어요. 일어나는 건 여덟 시에 일어나요."
        },
        {
            "Q": "일어나면 컨디션이 어때?",
            "A": "피곤하고 으슬으슬해요."
        },
        {
            "Q": "잠들기 힘들거나 자다 중간에 깨는 경우 있어?",
            "A": "아침에 시끄러워서 자주 깨요."
        },
        {
            "Q": "평소에 아빠는 어떤 표정이야?",
            "A": "아빠 얼굴 본 지 오래돼서 모르겠어요."
        },
        {
            "Q": "아빠가 집에 자주 안 오셔?",
            "A": "네, 일주일에 한 번만 오세요."
        },
        {
            "Q": "평소에 엄마는 어떤 표정이야?",
            "A": "엄마가 아니라 아줌만데요, 아줌마는 절 볼 때마다 째려봐요."
        },
        {
            "Q": "왜 그런 표정을 지으시는 것 같아?",
            "A": "제가 없어지면 마음이 편할 것 같대요."
        },
        {
            "Q": "그럴 때 내 기분은 어때?",
            "A": "아줌마가 나가서 안 돌아왔으면 좋겠어요."
        },
        {
            "Q": "형제자매가 있어?",
            "A": "없어요."
        },
        {
            "Q": "친구들과 뭐 하고 놀아?",
            "A": "놀이터에서 같이 놀아요."
        },
        {
            "Q": "몇 명이서 놀아?",
            "A": "네 명이서요."
        },
        {
            "Q": "담임선생님은 어때? 좋아 아니면 싫어?",
            "A": "재밌고 친절해서 좋아요."
        },
        {
            "Q": "요즘 제일 큰 걱정은 뭐야?",
            "A": "아줌마랑 둘만 있을 때 무서워요."
        },
        {
            "Q": "일상생활에서 그런 생각이 자주 들어?",
            "A": "네, 그래서 집 가기도 무서워요."
        },
        {
            "Q": "요즘 행복한 것 같아?",
            "A": "아니요."
        },
        {
            "Q": "왜 행복하지 않다고 느껴?",
            "A": "집에 있는 게 불편해요."
        },
        {
            "Q": "커서 어떤 사람이 되고 싶어?",
            "A": "잘 모르겠어요."
        },
        {
            "Q": "되고 싶은 직업은 없어?",
            "A": "네."
        },
        {
            "Q": "집에서 주로 나를 돌봐주는 어른은 누구야?",
            "A": "아줌마요."
        },
        {
            "Q": "배가 고픈데 먹을 게 없어서 굶은 적 있어?",
            "A": "네, 아줌마가 귀찮다고 밥 안 줬어요."
        },
        {
            "Q": "아줌마가 갑자기 말도 없이 집 나가서 안 들어온 적 있어?",
            "A": "네, 자주 그래요."
        },
        {
            "Q": "어디 아픈 곳이 있는데 어른들이 병원에 데려가지 않은 적 있어?",
            "A": "네, 누워 있으면 낫는다고 해요."
        },
        {
            "Q": "빨래 안 한 더럽고 냄새나는 옷을 입은 적 있어?",
            "A": "제가 알아서 하라고 안 빨아줘요."
        },
        {
            "Q": "작은 옷이나 신발을 입거나 신고 다닌 적 있어?",
            "A": "네, 새 신발을 안 사줘서요. 벌써 한 달 됐어요."
        },
        {
            "Q": "인터넷이나 휴대폰을 가지고 노는 시간은 하루에 몇 시간 정도야?",
            "A": "없어요."
        },
        {
            "Q": "부모님이 운동회나 참관수업, 학부모 상담에 잘 오셔?",
            "A": "아니요."
        },
        {
            "Q": "부모님이나 선생님 때문에 슬프거나 화가 난 적 있어?",
            "A": "네, 아줌마가 저만 없었으면 좋았겠다고 말할 때마다 좀 슬퍼요."
        },
        {
            "Q": "나를 어디에 가두고 못 나오게 한 적 있어?",
            "A": "아니요."
        },
        {
            "Q": "남들 앞에서 혼나거나 다른 아이들과 비교할 때 있어?",
            "A": "아니요."
        },
        {
            "Q": "나를 집에서 쫓아내겠다고 말하거나 진짜 쫓아낸 적 있어?",
            "A": "네, 어제 저 팬티만 입혀서 현관문 앞에 서 있게 했어요."
        },
        {
            "Q": "내가 뭔가 하려고 할 때 무조건 안 된다고 하거나 하기 싫은데 무조건 하라고 할 때 있어?",
            "A": "제가 싫다고 하면 화내서 전 그냥 다 알겠다고 해요."
        },
        {
            "Q": "마음이 힘들 때 가족에게 내 마음을 이야기해?",
            "A": "얘기 안 해요."
        },
        {
            "Q": "주위 어른들 중 나를 때린 적 있는 사람이 있어?",
            "A": "네, 아줌마가 어제 주먹으로 얼굴 때렸어요, 제가 거짓말했다고."
        },
        {
            "Q": "평소에 자주 때리셔?",
            "A": "네, 뺨 때릴 때도 있고, 머리 때릴 때도 있어요."
        },
        {
            "Q": "어제 맞아서 얼마나 다쳤어?",
            "A": "얼굴에 멍들었어요."
        },
        {
            "Q": "병원 가서 치료받은 적 있어?",
            "A": "아니요, 없어요."
        },
        {
            "Q": "병원에 입원한 적도 있어?",
            "A": "없어요."
        },
        {
            "Q": "내가 원하지 않는데 누군가가 내 몸을 만지거나 보여달라고 한 적 있어?",
            "A": "아니요."
        },
        {
            "Q": "집에서 어른들끼리 소리 지르면서 싸우는 걸 듣거나 본 적이 있어?",
            "A": "아니요."
        },
        {
            "Q": "친구들이 나를 자주 놀리거나 괴롭힌다고 느낀 적 있어?",
            "A": "아니요."
        },
        {
            "Q": "어떨 때 마음이 복잡하거나 힘들어?",
            "A": "제가 이렇게 힘든데 아빠가 도와주지 않을 때요."
        },
        {
            "Q": "그런 마음이 들 때 죽고 싶다고 생각해 본 적 있어?",
            "A": "없어요."
        },
        {
            "Q": "잠잘 때 주로 어떤 꿈을 꿔?",
            "A": "잘 기억은 안 나는데 놀라면서 깰 때가 많은 것 같아요."
        },
        {
            "Q": "부모님 허락 없이 집에서 오랫동안 나와 있었던 적 있어?",
            "A": "아니요."
        }
    ]
}