{
    "info": {
        "위기단계": "응급"
    },
    "kids_ment": [
        {
            "Q": "최근에 건강은 어때?",
            "A": "건강해요."
        },
        {
            "Q": "최근에 다친 곳 있어?",
            "A": "없어요."
        },
        {
            "Q": "요즘 뭘 할 때 즐거워?",
            "A": "딱히 다 그냥 그래요."
        },
        {
            "Q": "즐겁다고 느끼지 못한 게 언제부터일까?",
            "A": "좀 된 것 같아요."
        },
        {
            "Q": "1년 정도 된 것 같아 아니면 그거보단 덜해?",
            "A": "1년은 넘은 것 같아요."
        },
        {
            "Q": "최근 일주일 동안 짜증이나 화가 난 적 있어?",
            "A": "아니요, 그냥 아무 생각이 없어요."
        },
        {
            "Q": "잠은 몇 시간 자?",
            "A": "잠이 잘 안 와서 새벽 서너 시까지 책 읽거나 핸드폰 하는 것 같아요, 학교 가야 하니까 여덟 시에는 일어나요."
        },
        {
            "Q": "일어나면 컨디션이 어때?",
            "A": "너무 못 잔 날은 머리가 아프기도 하고 졸려요."
        },
        {
            "Q": "잠들기 힘들거나 자다 중간에 깨는 경우 있어?",
            "A": "네, 잠드는 게 힘든 것 같아요."
        },
        {
            "Q": "센터 선생님은 평소에 어떤 표정을 자주 지어?",
            "A": "따뜻한 표정을 자주 지으시는 것 같아요."
        },
        {
            "Q": "그럴 때 내 기분은 어때?",
            "A": "좀 오글거리기도 하고 좋을 때도 있어요."
        },
        {
            "Q": "형제자매가 있어?",
            "A": "없어요."
        },
        {
            "Q": "친구들과 뭐 하고 놀아?",
            "A": "친구 없어요."
        },
        {
            "Q": "왜 친구가 없어?",
            "A": "애들이 저를 별로 안 좋아해요, 거지 같다고 놀리기도 하고 냄새난다고 발로 차기도 해요."
        },
        {
            "Q": "담임선생님은 어때? 좋아 아니면 싫어?",
            "A": "반에서 좀 친한 애들만 편애하는 게 느껴져서 싫어요."
        },
        {
            "Q": "요즘 제일 큰 걱정은 뭐야?",
            "A": "어른들도 애들도 저를 싫어하는 것 같아요."
        },
        {
            "Q": "그런 생각이 자주 들어?",
            "A": "네, 요즘은 그런 생각만 들어서 자꾸 자신감이 없어져요."
        },
        {
            "Q": "요즘 행복한 것 같아?",
            "A": "아니요."
        },
        {
            "Q": "왜 행복하지 않다고 느껴?",
            "A": "내가 벌을 받아서 엄마 아빠도 없고 여기 온 것 같아서요."
        },
        {
            "Q": "커서 어떤 사람이 되고 싶어?",
            "A": "저는 돈 많은 사람이 되고 싶어요."
        },
        {
            "Q": "왜 돈이 많은 사람이 되고 싶어?",
            "A": "저 같은 애들도 도와주고 저도 잘 살게요."
        },
        {
            "Q": "주로 나를 돌봐주는 어른은 누구야?",
            "A": "센터 선생님들이요."
        },
        {
            "Q": "배가 고픈데 먹을 게 없어서 굶은 적 있어?",
            "A": "아니요."
        },
        {
            "Q": "돌봐주는 어른이 갑자기 말도 없이 집 나가서 안 들어온 적 있어?",
            "A": "아니요."
        },
        {
            "Q": "어디 아픈 곳이 있는데 어른들이 병원에 데려가지 않은 적 있어?",
            "A": "아니요."
        },
        {
            "Q": "빨래 안 한 더럽고 냄새나는 옷을 입은 적 있어?",
            "A": "아니요."
        },
        {
            "Q": "작은 옷이나 신발을 입거나 신고 다닌 적 있어?",
            "A": "아니요."
        },
        {
            "Q": "인터넷이나 휴대폰을 가지고 노는 시간은 하루에 몇 시간 정도야?",
            "A": "좀 많아요, 여섯 시간 넘는 것 같아요."
        },
        {
            "Q": "너무 많이 한다고 어른들이 뭐라고 하진 않아?",
            "A": "몰래 해서 모를걸요?"
        },
        {
            "Q": "피시방 같은 곳을 얼마나 자주 가?",
            "A": "돈 없어서 못 가요."
        },
        {
            "Q": "어른들이 운동회나 참관수업, 학부모 상담에 잘 오셔?",
            "A": "네."
        },
        {
            "Q": "부모님이나 선생님 때문에 화가 난 적 있어?",
            "A": "없어요."
        },
        {
            "Q": "주위 어른들 중 나를 때린 적 있는 사람이 있어?",
            "A": "아니요. 없어요."
        },
        {
            "Q": "내가 원하지 않는데 누군가가 내 몸을 만지거나 보여달라고 한 적 있어?",
            "A": "아니요."
        },
        {
            "Q": "센터에서 어른들끼리 소리 지르면서 싸우는 걸 듣거나 본 적이 있어?",
            "A": "아니요."
        },
        {
            "Q": "친구들이 나를 자주 놀리거나 괴롭힌다고 느낀 적 있어?",
            "A": "네."
        },
        {
            "Q": "어떻게 놀리거나 괴롭혀?",
            "A": "거지라서 고아원에 산다고 하기도 하고, 발로 차기도 하고, 저한테 우유 팩을 던지거나 지우개 잘라서 던지기도 해요."
        },
        {
            "Q": "그럴 때 어떤 기분이야?",
            "A": "처음에는 화도 나고 그랬는데, 지금은 아무 생각도 안 들어요."
        },
        {
            "Q": "얼마나 자주 그런 짓을 해?",
            "A": "거의 매일 그러죠."
        },
        {
            "Q": "이렇게 괴롭힘당한 기간이 얼마나 돼?",
            "A": "작년부터 그랬고요, 점점 심해져요."
        },
        {
            "Q": "다쳐서 양호실이나 병원 간 적 있어?",
            "A": "없어요."
        },
        {
            "Q": "이 아이들 때문에 학교 가지 않은 적도 있어?",
            "A": "가지 말고 어디 앉아 있을까 생각도 해봤는데 아직은 없어요."
        },
        {
            "Q": "어떨 때 마음이 복잡하거나 힘들어?",
            "A": "엄마 있는 애들 볼 때요."
        },
        {
            "Q": "혹시 그런 생각 때문에 괴로워서 죽고 싶다고 생각한 적 있어?",
            "A": "없어요."
        },
        {
            "Q": "잠잘 때 주로 어떤 꿈을 꿔?",
            "A": "내용은 기억 안 나지만 악몽을 꿀 때가 있는데 무섭거나 소름 끼쳤던 것 같아요."
        },
        {
            "Q": "꿈을 꾸고 일어나면 몸 상태가 어때?",
            "A": "식은땀이 날 때가 많아요."
        },
        {
            "Q": "부모님 허락 없이 집에서 오랫동안 나와 있었던 적 있어?",
            "A": "아니요."
        }
    ]
}