{
    "info": {
        "위기단계": "정상군"
    },
    "kids_ment": [
        {
            "Q": "최근에 건강한가요? 아니면 아픈 곳이 있나요?",
            "A": "배가 아팠어요."
        },
        {
            "Q": "배가 어떻게 아팠어요?",
            "A": "꾸륵꾸륵 거리고 설사했어요."
        },
        {
            "Q": "언제부터 아팠어요?",
            "A": "어제 아팠는데 지금은 괜찮아요."
        },
        {
            "Q": "배가 왜 아팠어요?",
            "A": "많이 먹어서 배탈 났어요."
        },
        {
            "Q": "최근에 다쳤던 적이 있나요?",
            "A": "무릎에 상처 났어요."
        },
        {
            "Q": "왜 다쳤어요?",
            "A": "자전거 타다가 넘어져서 무릎에서 피가 났어요."
        },
        {
            "Q": "우리 친구는 뭘 할 때가 즐거워요?",
            "A": "아빠랑 놀 때가 좋아요."
        },
        {
            "Q": "왜 아빠랑 놀 때가 좋아요?",
            "A": "아빠랑 놀면 재미있어요, 막 우주여행도 하고."
        },
        {
            "Q": "우리 친구 최근 일주일 동안 짜증이나 화가 난 적 있었어요?",
            "A": "네, 있었어요."
        },
        {
            "Q": "왜 짜증이나 화가 났어요?",
            "A": "더 놀고 싶은데 엄마가 이제 그만 자라고 해서요."
        },
        {
            "Q": "평소에 짜증이 나면 어떻게 하면 마음이 풀려요?",
            "A": "장난감 가지고 놀면 기분이 좋아져요."
        },
        {
            "Q": "우리 친구는 몇 시에 자고 몇 시에 일어나요?",
            "A": "열 시에 자고 일곱 시에 일어나요."
        },
        {
            "Q": "아침에 일어났을 때 몸 상태는 어때요?",
            "A": "좋아요."
        },
        {
            "Q": "평소에 잠이 들기 힘들거나 잠자는 중간에 자주 깬 적이 있을까요?",
            "A": "아니요, 없어요."
        },
        {
            "Q": "평소에 아빠는 어떤 표정을 짓고 계세요?",
            "A": "항상 재미있어 보이세요."
        },
        {
            "Q": "아빠는 왜 그런 표정을 짓고 계신 것 같아요?",
            "A": "저랑 노는 게 재미있어서요."
        },
        {
            "Q": "아빠가 그런 표정을 짓고 계시면 친구는 기분이 어때요?",
            "A": "좋아요."
        },
        {
            "Q": "아빠가 친구랑 이야기하실 때는 어떤 표정을 짓고 계세요?",
            "A": "웃어주세요."
        },
        {
            "Q": "엄마는 평상시에 어떤 표정을 짓고 계세요?",
            "A": "미소 짓고 계세요."
        },
        {
            "Q": "엄마는 왜 그런 표정을 짓고 계신 것 같아요?",
            "A": "기분이 좋으신가 봐요."
        },
        {
            "Q": "그런 엄마 표정을 보면 친구 기분이 어때요?",
            "A": "좋아요."
        },
        {
            "Q": "엄마가 친구랑 이야기하실 때는 어떤 표정을 짓고 계세요?",
            "A": "온화한 표정이요."
        },
        {
            "Q": "우리 친구 형제자매는 몇 명이에요?",
            "A": "형이 한 명 있어요."
        },
        {
            "Q": "형이랑 사이는 어때요?",
            "A": "좋아요, 형이랑 노는 것도 엄청 재미있어요."
        },
        {
            "Q": "부모님이 형이랑 친구를 차별하신다고 느낀 적이 있나요?",
            "A": "아니요, 없었어요."
        },
        {
            "Q": "우리 친구는 친구들이랑 주로 뭐하면서 놀아요?",
            "A": "자전거 타면서 놀아요."
        },
        {
            "Q": "주로 몇 명이랑 놀아요?",
            "A": "세 명이요."
        },
        {
            "Q": "우리 친구는 담임선생님을 좋아하나요, 싫어하나요?",
            "A": "좋아해요."
        },
        {
            "Q": "담임선생님이 왜 좋아요?",
            "A": "재미있어서요."
        },
        {
            "Q": "우리 친구 요즘 가장 큰 걱정거리는 뭘까요?",
            "A": "어제 친구랑 놀다가 싸웠는데 그게 걱정이에요."
        },
        {
            "Q": "친구랑 왜 싸웠어요?",
            "A": "그냥 자전거 타다가 싸웠어요."
        },
        {
            "Q": "그런 일이 자주 일어나나요?",
            "A": "아니요, 처음 싸웠어요."
        },
        {
            "Q": "그럼 그런 걱정 때문에 생활이 힘들거나 불편한가요?",
            "A": "아니요, 그렇진 않아요."
        },
        {
            "Q": "우리 친구 요즈음 행복하다고 느끼나요?",
            "A": "네."
        },
        {
            "Q": "왜 행복하다고 느껴요?",
            "A": "아빠가 어제 재미있는 이야기 해줘서요."
        },
        {
            "Q": "우리 친구 꿈이 무엇인지 말해 줄 수 있을까요?",
            "A": "우주비행사가 되고 싶어요."
        },
        {
            "Q": "왜 우주비행사가 되고 싶어요?",
            "A": "우주여행 하고 싶어서요."
        },
        {
            "Q": "집에서 주로 친구를 돌봐주는 어른은 누구인가요?",
            "A": "엄마요."
        },
        {
            "Q": "배가 고픈데 먹을 게 없어서 굶은 적이 있나요?",
            "A": "아니요, 없었어요."
        },
        {
            "Q": "저녁에 친구를 집에 혼자 두고 어른들이 나갔던 적이 있나요?",
            "A": "아니요, 없었어요."
        },
        {
            "Q": "친구가 아픈데 어른들이 병원에 데려가지 않은 적이 있나요?",
            "A": "아니요, 없었어요."
        },
        {
            "Q": "세탁하지 않아서 더러운 옷을 입어야 한 적이 있거나 작은 옷이나 신발을 입거나 신고 다닌 적이 있나요?",
            "A": "아니요, 없었어요."
        },
        {
            "Q": "우리 친구는 하루에 인터넷이나 휴대폰을 어느 정도 해요?",
            "A": "두 시간 정도요."
        },
        {
            "Q": "휴대폰 많이 한다고 어른들이 뭐라고 하지는 않아요?",
            "A": "네, 하세요. 이제 그만하라고."
        },
        {
            "Q": "어른들이 운동회나 참관 수업 또는 학부모 상담 같은 학교 행사에 잘 오시나요?",
            "A": "네."
        },
        {
            "Q": "부모님이나 선생님 때문에 슬프거나 화가 난 적이 있나요?",
            "A": "아니요, 없었어요."
        },
        {
            "Q": "주위 어른들 중 친구를 때린 적이 있는 사람이 있나요?",
            "A": "아니요, 없어요."
        },
        {
            "Q": "혹시 친구가 원하지 않는데도 누군가가 친구 몸을 만지거나 보여달라고 한 적이 있었어요?",
            "A": "아니요, 없었어요."
        },
        {
            "Q": "집에서 어른들끼리 소리 지르면서 싸우는 걸 듣거나 본 적이 있나요?",
            "A": "아니요, 없었어요."
        },
        {
            "Q": "다른 아이들이 우리 친구를 자주 놀리거나 괴롭힌다고 느낀 적이 있나요?",
            "A": "아니요, 없어요."
        },
        {
            "Q": "우리 친구는 어떨 때 마음이 복잡하거나 힘든가요?",
            "A": "친구랑 싸우고 나면 마음이 힘들어요."
        },
        {
            "Q": "그런 일 때문에 괴로워서 죽고 싶다는 생각을 한 적이 있나요?",
            "A": "아니요, 그런 적 없어요."
        },
        {
            "Q": "우리 친구는 잠잘 때 주로 어떤 꿈을 꾸나요?",
            "A": "전 꿈 안 꿔요."
        },
        {
            "Q": "어른들 허락 없이 또는 말도 없이 집에서 오랫동안 나와 있었던 적이 있나요?",
            "A": "아니요, 없었어요."
        }
    ]
}