{
    "info": {
        "위기단계": "정상군"
    },
    "kids_ment": [
        {
            "Q": "최근에 건강하다고 느껴 아니면 아픈 곳이 있어?",
            "A": "아픈 곳은 없어요."
        },
        {
            "Q": "어디를 다쳤어?",
            "A": "이마 다쳤어요."
        },
        {
            "Q": "이마를 왜 다쳤어?",
            "A": "아빠 목마 타다가 천장에 콩 박았어요."
        },
        {
            "Q": "뭘 할 때 즐거움을 느껴?",
            "A": "언니 머리 만져줄 때요."
        },
        {
            "Q": "언니 머리 만져줄 때 왜 즐거워?",
            "A": "언니랑 미용실 놀이하는 게 재밌어요."
        },
        {
            "Q": "최근 일주일 동안 짜증이나 화가 난 적이 있어?",
            "A": "아니요, 없어요."
        },
        {
            "Q": "보통 몇 시에 자고 몇 시에 일어나?",
            "A": "열 시에 자고 일곱 시에 일어나요."
        },
        {
            "Q": "아침에 일어났을 때 몸 상태는 어때?",
            "A": "좋아요."
        },
        {
            "Q": "아버지는 평소 어떤 표정을 지으셔?",
            "A": "아빠는 엄청 친절해요."
        },
        {
            "Q": "아빠랑 사이는 어때?",
            "A": "아빠가 엄청 잘 놀아주고 저를 예뻐해요."
        },
        {
            "Q": "엄마는 어떤 표정을 보통 지으셔?",
            "A": "엄마는 좀 급해요."
        },
        {
            "Q": "왜 급하다고 생각해?",
            "A": "나한테 자꾸 빨리하라고 해요."
        },
        {
            "Q": "그럴 때 친구 기분은 어때?",
            "A": "빨리 해야 될 것 같아요."
        },
        {
            "Q": "엄마랑 관계는 어때?",
            "A": "엄마가 없으면 못 자요. 보고 싶어서요."
        },
        {
            "Q": "형제자매는 누가 있어?",
            "A": "언니가 있어요."
        },
        {
            "Q": "언니랑 관계는 어때?",
            "A": "언니가 나이 차이가 많아서 잘 챙겨줘요."
        },
        {
            "Q": "부모님이 언니랑 나랑 대하는 게 다른 것 같아, 똑같은 것 같아?",
            "A": "언니는 커서 저한테만 신경을 많이 써요."
        },
        {
            "Q": "친구들이랑은 주로 뭐 하고 놀아?",
            "A": "친구들 집에 놀러 가거나 우리 집에서 놀아요."
        },
        {
            "Q": "주로 몇 명이서 같이 놀아?",
            "A": "네다섯 명이요."
        },
        {
            "Q": "친구들이랑 사이는 어때?",
            "A": "엄마들이랑도 친하고 친구들이랑도 친해요."
        },
        {
            "Q": "학교 담임 선생님은 좋아 싫어?",
            "A": "선생님은 엄청 예뻐서 인기가 많아요."
        },
        {
            "Q": "친구는 선생님이 좋은 것 같아?",
            "A": "네, 저도 좋아요."
        },
        {
            "Q": "요즘 가장 큰 걱정거리는 뭐야?",
            "A": "빨리 어른이 되고 싶어요."
        },
        {
            "Q": "왜 빨리 어른이 되고 싶어?",
            "A": "빨리 커서 엄마처럼 일하고 싶어요."
        },
        {
            "Q": "요즘 행복하다고 느껴?",
            "A": "네, 좋아요."
        },
        {
            "Q": "어떤 점이 행복해?",
            "A": "아빠랑 엄마랑 언니랑 가족이라서 행복해요."
        },
        {
            "Q": "커서 어떤 사람이 되고 싶어?",
            "A": "저는 헤어스타일리스트요."
        },
        {
            "Q": "왜 헤어스타일리스트가 되고 싶어?",
            "A": "제가 머리 만져서 예쁘게 해주는 거를 좋아해요."
        },
        {
            "Q": "평소에 주로 나를 돌봐주는 어른은 누구야?",
            "A": "엄마가 일 갈 때는 언니가 돌봐줘요."
        },
        {
            "Q": "어디 아픈 곳이 있는데 나를 병원에 데려가지 않은 적이 있어?",
            "A": "아니요, 없어요."
        },
        {
            "Q": "핸드폰이나 인터넷 사용하는 시간이 하루에 몇 시간 정도야?",
            "A": "전화 받고 엄마랑 연락할 때만 써요."
        },
        {
            "Q": "선생님이나 어른들 때문에 슬프거나 화가 난 적이 있어?",
            "A": "아니요, 없어요."
        },
        {
            "Q": "주위 어른들이 나를 때린 적이 있는 사람이 있어?",
            "A": "아니요."
        },
        {
            "Q": "내가 원하지 않는데도 누군가가 내 몸을 만지거나 보여달라고 한 적이 있어?",
            "A": "없어요."
        },
        {
            "Q": "어른들끼리 소리 지르면서 싸우는 걸 듣거나 본 적이 있어?",
            "A": "아니요."
        },
        {
            "Q": "친구들이 나를 자주 놀리거나 괴롭힌다고 느낀 적이 있어?",
            "A": "아니요."
        },
        {
            "Q": "어떨 때 마음이 복잡하니?",
            "A": "잘 기억이 안 나요."
        },
        {
            "Q": "그럴 때 괴로워서 죽고 싶다는 생각을 한 적이 있어?",
            "A": "아니요."
        },
        {
            "Q": "잠잘 때 주로 어떤 꿈을 꿔?",
            "A": "그냥 신기한 꿈을 많이 꿔요."
        },
        {
            "Q": "부모님의 허락 없이 또는 말도 없이 집을 오랫동안 나와 있었던 적이 있어?",
            "A": "아니요, 없어요."
        }
    ]
}