{
    "info": {
        "위기단계": "상담필요"
    },
    "kids_ment": [
        {
            "Q": "최근에 아팠던 적이 있었니?",
            "A": "아픈 적 없었어요."
        },
        {
            "Q": "최근에 다쳐서 아픈 적이 있었니?",
            "A": "다친 적도 없었어요."
        },
        {
            "Q": "무엇을 할 때가 즐거워?",
            "A": "키즈런 파크레이스에서 놀았을 때 즐거웠어요."
        },
        {
            "Q": "어떤 점이 즐거워?",
            "A": "넓은 공원에서 친구들과 함께 할 수 있어서 즐거워요."
        },
        {
            "Q": "최근 일주일 동안 짜증이나 화가 난 적이 있어?",
            "A": "네, 체육관에서 선생님이 이상한 포즈를 취하라고 해서 짜증이 났어요."
        },
        {
            "Q": "그런 일이 자주 일어나니?",
            "A": "가끔씩 한두 번 그래요."
        },
        {
            "Q": "평소에, 짜증이나 화가 났을 때 어떻게 하면 마음이 풀려?",
            "A": "피아노 레슨 선생님과 이야기하면 마음이 조금 풀려요."
        },
        {
            "Q": "몇 시에 자고 몇 시에 일어나니?",
            "A": "열 시 반에 자서 일곱 시 반에 일어나요."
        },
        {
            "Q": "아침에 일어났을 때 몸 상태는 어때?",
            "A": "몸 상태는 나쁘지 않아요."
        },
        {
            "Q": "평소에 잠이 들기 힘들거나 잠자는 중간에 자주 깨니?",
            "A": "아뇨, 잘 자요."
        },
        {
            "Q": "평소에 아버지는 어떤 표정을 지으셔?",
            "A": "표정은 무표정이지만 저랑 산책도 가고 함께해요."
        },
        {
            "Q": "평소에 엄마는 어떤 표정을 지으셔?",
            "A": "엄마는 편안한 표정이고 저랑 이야기를 많이 해요."
        },
        {
            "Q": "형제자매는 몇 명이야?",
            "A": "저 혼자에요."
        },
        {
            "Q": "친구들은 몇 명이고 주로 뭐 하고 놀아?",
            "A": "친구는 세 명이고 피아노 학원에서 피아노도 치고 놀아요."
        },
        {
            "Q": "담임선생님을 좋아해 아니면 싫어해?",
            "A": "싫어해요, 저희 담임 선생님은 이상한 것 같아요."
        },
        {
            "Q": "왜 담임선생님이 이상한 것 같아?",
            "A": "체육관에서 줄넘기 수업을 하고 있는데 카메라를 설치하고 저희들을 찍어요."
        },
        {
            "Q": "무엇을 카메라로 찍는데?",
            "A": "저희들의 발목을 잡아 거꾸로 들어 올려서 스쿼트 자세를 하라 하고 얼굴이 나오게 찍어요."
        },
        {
            "Q": "그럼, 그 사진을 어디에다 사용하는 것 같아?",
            "A": "선생님 유튜브에 올리는 것 같아요."
        },
        {
            "Q": "선생님 유튜브에 들어가서 직접 봤니?",
            "A": "네, 직접 보고 엄마에게도 이야기했어요."
        },
        {
            "Q": "너의 사진이 선생님 유튜브에 있는 것을 보고 기분이 어땠어?",
            "A": "이상한 저의 모습을 동의도 없이 올려서 기분이 나빴어요."
        },
        {
            "Q": "요즘 가장 걱정되는 것이 무엇이야?",
            "A": "제 사진이 선생님의 유튜브에 있는 게 걱정이 돼요."
        },
        {
            "Q": "무엇 때문에 걱정이 되니?",
            "A": "저의 이상한 모습을 사람들이 다 보게 되는 것이요."
        },
        {
            "Q": "걱정거리 때문에 생활이 불편하거나 힘드니?",
            "A": "기분도 나쁘고 조금 힘들어요."
        },
        {
            "Q": "요즘 행복하다고 느끼니?",
            "A": "네, 행복해요."
        },
        {
            "Q": "어떤 점에서 행복해?",
            "A": "제가 피아노 연주 대회에서 대상을 받았거든요."
        },
        {
            "Q": "앞으로 커서 어떤 사람이 되고 싶어 꿈이 뭐야?",
            "A": "임윤찬 아저씨처럼 유명한 피아니스트요."
        },
        {
            "Q": "왜 그런 사람이 되고 싶어?",
            "A": "사람들이 제 피아노 연주를 듣고 기쁘고 즐겁게 해주고 싶어요."
        },
        {
            "Q": "집에서 주로 나를 돌봐주는 어른은 누구야?",
            "A": "엄마요."
        },
        {
            "Q": "배가 고픈데 먹을 게 없어서 굶은 적이 있니?",
            "A": "아니요, 없어요."
        },
        {
            "Q": "빨래가 되어 있지 않아서 더럽고 냄새나는 옷을 입어야 한 적이 있니?",
            "A": "아니요, 없어요."
        },
        {
            "Q": "옷이나 신발 사이즈가 작은 걸 입거나 신고 다닌 적이 있니?",
            "A": "없어요."
        },
        {
            "Q": "어른들이 운동회나 참관 수업 또 학부모 상담 같은 학교 행사에 잘 오시니?",
            "A": "엄마가 오세요."
        },
        {
            "Q": "부모님이나 선생님 때문에 슬프거나 화가 난 적이 있니?",
            "A": "네, 선생님이 체육 시간에 찍은 사진을 제 동의도 없이 유튜브에 올렸을 때 화가 났어요."
        },
        {
            "Q": "주위 어른들 중 나를 때린 적이 있는 사람이 있니?",
            "A": "때린 사람은 없어요."
        },
        {
            "Q": "내가 원하지 않는데도 누군가가 내  몸을 만지거나 보여달라고 한 적 있어?",
            "A": "없어요."
        },
        {
            "Q": "누가 나에게 부끄럽고 창피한 것을 시킨 적이 있니?",
            "A": "선생님요. 체육 시간에 발목을 잡아 거꾸로 들어 올린 채 스쿼트 자세를 하라고 했어요."
        },
        {
            "Q": "누가 내 몸을 사진 찍거나 동영상을 찍은 적이 있었니?",
            "A": "네, 선생님요."
        },
        {
            "Q": "내 신체 사진이나 영상이 퍼져서 인터넷에 올라오거나 다른 사람이 본 적이 있었니?",
            "A": "네, 선생님이 유튜브에 제 사진을 올렸어요."
        },
        {
            "Q": "집에서 어른들끼리 소리 지르면서 싸우는 걸 듣거나 본 적이 있니?",
            "A": "없었어요."
        },
        {
            "Q": "친구들이 나를 자주 놀리거나 괴롭힌다고 느낀 적이 있니?",
            "A": "아니요, 없었어요."
        },
        {
            "Q": "마음이 복잡하고 힘들어서 죽고 싶다는 생각을 해 본 적이 있니?",
            "A": "죽고 싶다는 생각 안 해 봤어요."
        },
        {
            "Q": "부모님의 허락 없이 또는 말도 없이 집에 오랫동안 나와 있었던 적이 있니?",
            "A": "아니요, 없어요."
        }
    ]
}