{
    "info": {
        "위기단계": "정상군"
    },
    "kids_ment": [
        {
            "Q": "최근에 아팠던 적이 있었니?",
            "A": "네, 한쪽 눈이 가렵고 다래끼가 나서 병원에 가서 치료를 받았어요."
        },
        {
            "Q": "언제부터 그랬고 자주 다래끼가 나니?",
            "A": "5일 정도 됐어요. 다래끼가 난 것은 이번이 처음이에요."
        },
        {
            "Q": "최근에 다쳐서 아픈 적이 있었니?",
            "A": "다친 적은 없어요."
        },
        {
            "Q": "무엇을 할 때가 즐거워?",
            "A": "아이링고 블럭 조립할 때 즐거워요."
        },
        {
            "Q": "어떤 점이 즐거워?",
            "A": "블럭을 조립할 때 어렵지 않고 딱딱 맞아떨어져서 재미있어요."
        },
        {
            "Q": "최근 일주일 동안 짜증이나 화가 난 적이 있어?",
            "A": "아뇨, 없었어요."
        },
        {
            "Q": "평소에 짜증이나 화가 났을 때 어떻게 하면 마음이 풀려?",
            "A": "엄마랑 이야기하면 마음이 풀려요."
        },
        {
            "Q": "몇 시에 자고 몇 시에 일어나니?",
            "A": "열 시에 자서 일곱 시에 일어나요."
        },
        {
            "Q": "아침에 일어났을 때 몸 상태는 어때?",
            "A": "몸 아픈 데 없고 괜찮아요."
        },
        {
            "Q": "평소에 잠이 들기 힘들거나 잠자는 중간에 자주 깨니?",
            "A": "아뇨, 잘 자요."
        },
        {
            "Q": "평소에 아버지는 어떤 표정을 지으셔?",
            "A": "아버지 얼굴은 밝아요."
        },
        {
            "Q": "평소 아버지하고 사이는 어때?",
            "A": "아버지랑 재미있는 티브이도 보고 같이 많이 놀아줘서 좋아요."
        },
        {
            "Q": "평소에 엄마는 어떤 표정을 지으셔?",
            "A": "엄마도 웃는 표정이요."
        },
        {
            "Q": "엄마하고 사이는 어때?",
            "A": "제가 잘 못하면 혼도 내시지만 주로 잘 해주세요."
        },
        {
            "Q": "형제자매는 몇 명이야?",
            "A": "오빠 한 명 있어요."
        },
        {
            "Q": "오빠하고 사이는 어때?",
            "A": "오빠랑 아이링고 블럭도 같이 만들어 주고 좋아요."
        },
        {
            "Q": "부모님이 오빠랑 차별한다고 느끼니?",
            "A": "아뇨, 차별하지 않아요."
        },
        {
            "Q": "친구들은 몇 명이고 주로 뭐 하고 놀아?",
            "A": "친구는 네 명 정도 되고 저희 집에 와서 블럭 만들면서 놀아요."
        },
        {
            "Q": "담임선생님을 좋아해 아니면 싫어해?",
            "A": "담임 선생님 좋아해요."
        },
        {
            "Q": "어떤 부분에서 선생님이 좋아?",
            "A": "얼굴도 예쁘시고 친절하세요."
        },
        {
            "Q": "요즘 가장 걱정되는 것이 무엇이야?",
            "A": "걱정거리 없어요."
        },
        {
            "Q": "요즘 행복하다고 느끼니?",
            "A": "네, 행복해요."
        },
        {
            "Q": "어떤 점에서 행복해?",
            "A": "친구들하고 블럭도 쌓고 학교 다니는 게 재밌어요."
        },
        {
            "Q": "앞으로 커서 어떤 사람이 되고 싶어 꿈이 뭐야?",
            "A": "저는 집을 짓는 건축가가 되고 싶어요."
        },
        {
            "Q": "왜 그런 사람이 되고 싶어?",
            "A": "블럭을 조립해서 완성된 것을 보면 기분이 좋거든요, 건축가가 돼서 멋있는 집을 짓고 싶어요."
        },
        {
            "Q": "집에서 주로 나를 돌봐주는 어른은 누구야?",
            "A": "엄마요."
        },
        {
            "Q": "배가 고픈데 먹을 게 없어서 굶은 적이 있니?",
            "A": "엄마는 요리를 맛있게 잘 해주세요."
        },
        {
            "Q": "빨래가 되어 있지 않아서 더럽고 냄새나는 옷을 입어야 한 적이 있니?",
            "A": "엄마는 빨래를 잘 해주세요."
        },
        {
            "Q": "옷이나 신발 사이즈가 작은 걸 입거나 신고 다닌 적이 있니?",
            "A": "아뇨, 없어요."
        },
        {
            "Q": "어른들이 운동회나 참관 수업 또 학부모 상담 같은 학교 행사에 잘 오시니?",
            "A": "엄마가 제가 다니는 학교 선생님이라 알아서 해주세요."
        },
        {
            "Q": "부모님이나 선생님 때문에 슬프거나 화가 난 적이 있니?",
            "A": "아뇨, 없었어요."
        },
        {
            "Q": "주위 어른들 중 나를 때린 적이 있는 사람이 있니?",
            "A": "때린 사람 없었어요."
        },
        {
            "Q": "내가 원하지 않는데도 누군가가 내  몸을 만지거나 보여달라고 한 적 있어?",
            "A": "아뇨, 없었어요."
        },
        {
            "Q": "집에서 어른들끼리 소리 지르면서 싸우는 걸 듣거나 본 적이 있니?",
            "A": "부모님은 저희가 들을까 봐 밖에 나가서 대화하세요."
        },
        {
            "Q": "친구들이 나를 자주 놀리거나 괴롭힌다고 느낀 적이 있니?",
            "A": "친구들하고는 잘 놀아요."
        },
        {
            "Q": "마음이 복잡하고 힘들어서 죽고 싶다는 생각을 해 본 적이 있니?",
            "A": "그런 생각 해본 적 없어요."
        },
        {
            "Q": "부모님의 허락 없이 또는 말도 없이 집에 오랫동안 나와 있었던 적이 있니?",
            "A": "아니요, 집 나가면 무서울 것 같아요."
        }
    ]
}