{
    "info": {
        "위기단계": "상담필요"
    },
    "kids_ment": [
        {
            "Q": "친구는 최근에 건강해? 아니면 아픈 곳이 있어?",
            "A": "저는 아픈 곳 없이 건강한 편이에요."
        },
        {
            "Q": "최근에 다쳤었던 적이 있었어?",
            "A": "아니요, 저 다친 적도 없었어요."
        },
        {
            "Q": "친구는 뭘 할 때가 즐거워?",
            "A": "저는 혼자 유튜브 보는 게 제일 즐거워요."
        },
        {
            "Q": "혼자 유튜브를 볼 때 어떤 점이 즐거워?",
            "A": "그냥 다른 곳에 신경 안 쓰고, 유튜브만 볼 수 있잖아요. 그게 좋아요."
        },
        {
            "Q": "최근 일주일 동안 짜증이나 화가 난 적이 있어?",
            "A": "그냥 학교 가는 게 짜증 나요."
        },
        {
            "Q": "학교 가는 게 무엇 때문에 짜증이 나?",
            "A": "학교 가면 애들이 자꾸 놀려서 짜증 나요."
        },
        {
            "Q": "그런 일이 자주 일어나?",
            "A": "네, 맨날 놀리는 것 같아요."
        },
        {
            "Q": "그럼, 평소에, 짜증이나 화가 났을 때, 어떻게 하면 마음이 풀려?",
            "A": "저는 혼자 있는 곳에서 유튜브 보면 마음이 좀 풀리는 것 같아요."
        },
        {
            "Q": "친구는 몇 시에 자고, 몇 시에 일어나?",
            "A": "저는 열한 시에 자서 일곱 시에 일어나요."
        },
        {
            "Q": "아침에 일어났을 때, 몸 상태는 어때?",
            "A": "아침에 일어나는 건 항상 졸린 것 같아요."
        },
        {
            "Q": "평소에 잠이 들기 힘들거나, 잠자는 중간에 자주 깨?",
            "A": "아니요, 저는 그렇지는 않고, 잘 자는 편이에요."
        },
        {
            "Q": "평소에 아버지는 어떤 표정을 자주 보여?",
            "A": "아빠는 평소에 저한테 관심 없는데, 좀 무서워요."
        },
        {
            "Q": "그런 표정을 짓는 이유가 뭐인 것 같아?",
            "A": "제가 잘못하면 화내시는데, 평소에도 말이 없어서 제가 무서워해서 더 그렇게 느끼는 것 같아요."
        },
        {
            "Q": "그 표정을 보면, 친구 기분은 어때?",
            "A": "그냥 아빠랑 같이 있으면 좀 무서워요."
        },
        {
            "Q": "평소에 어머니는 어떤 표정을 자주 보여?",
            "A": "모르겠어요, 그냥 무표정인 것 같아요."
        },
        {
            "Q": "그런 표정을 짓는 이유가 뭐인 것 같아?",
            "A": "그냥 우리 엄마 한국말도 잘 못하고, 저랑 대화도 많이 안 해요."
        },
        {
            "Q": "그 표정을 보면, 친구 기분은 어때?",
            "A": "그냥 별로 생각이 들거나 그러진 않아요."
        },
        {
            "Q": "친구는 형제자매가 있어?",
            "A": "아니요, 저는 외동이에요."
        },
        {
            "Q": "친구들이랑은 주로 뭐 하고 놀아?",
            "A": "전 친구가 없어요."
        },
        {
            "Q": "친구가 없는 이유가 있을까?",
            "A": "애들이 우리 엄마 필리핀 사람이라고 놀리기만 하고, 놀진 않아요."
        },
        {
            "Q": "담임 선생님 좋아해 아니면 싫어해?",
            "A": "담임 선생님 좋아해요."
        },
        {
            "Q": "좋아하는 이유가 있을까?",
            "A": "담임 선생님이 반 애들이 놀리면 혼내주고, 반성문도 쓰게 해줘서 고마워요."
        },
        {
            "Q": "요즘 가장 큰 걱정거리가 있어?",
            "A": "그냥 맨날 애들이 놀려서 학교가 너무 싫어요. 그만 다니고 싶어요."
        },
        {
            "Q": "걱정거리 때문에 생활이 불편하거나 힘들어?",
            "A": "네, 매일매일이 괴롭고, 짜증 나요."
        },
        {
            "Q": "요즘 행복하다고 느껴?",
            "A": "힘들긴 하지만, 그래도 혼자만의 시간이 있다는 게 되게 행복해요."
        },
        {
            "Q": "혼자만의 시간이 어떤 점에서 행복해?",
            "A": "그냥 아무도 나를 건드리지 않는 시간이 너무 좋아요."
        },
        {
            "Q": "친구는 커서 어떤 사람이 되고 싶어?",
            "A": "저는 유튜버 하고 싶어요."
        },
        {
            "Q": "유튜버가 하고 싶은 이유가 있을까?",
            "A": "제가 가장 좋아하기도 하고, 저도 나중에 사람들이 제 영상 보면서 행복했으면 좋겠어요."
        },
        {
            "Q": "집에서 주로 친구를 돌봐주는 어른은 누구야?",
            "A": "엄마가 절 봐주세요."
        },
        {
            "Q": "배가 고픈데 먹을 게 없어서 굶은 적이 있어?",
            "A": "아니요, 밥은 항상 잘 챙겨주세요."
        },
        {
            "Q": "저녁에 친구를 집에 혼자 두고 나가거나, 말도 없이 집을 나가서 안 들어온 적이 있어?",
            "A": "아니요, 그러시진 않아요. 엄마도 항상 집에 계세요."
        },
        {
            "Q": "어디 아픈 곳이 있는데 어른들이 병원에 데려가지 않은 적이 있어?",
            "A": "그냥 아픈 곳 있으면 얘기하고, 저 혼자 다녀온다고 해요."
        },
        {
            "Q": "빨래가 되어 있지 않아서 더럽고 냄새나는 옷을 입어야 한 적이 있어?",
            "A": "아니요, 그렇지는 않아요."
        },
        {
            "Q": "옷이나 신발 사이즈가 작은 걸 입거나 신고 다닌 적이 있어?",
            "A": "아니요, 그런 적도 없었어요. 저는."
        },
        {
            "Q": "인터넷이나 휴대폰을 가지고 노는 시간은 하루에 몇 시간 정도야?",
            "A": "저는 다섯 시간은 하는 것 같아요. 집에 오면 핸드폰만 해요."
        },
        {
            "Q": "핸드폰을 너무 많이 한다고 어른들이 뭐라고 하지는 않아?",
            "A": "엄마가 뭐라고 하긴 하는데, 그냥 무시해요."
        },
        {
            "Q": "어른들이 학교에 참석해야 하는 행사에 잘 오시는 편이야?",
            "A": "오셨었는데 이젠 제가 오지 말라고 그래요."
        },
        {
            "Q": "부모님이나 선생님 때문에 슬프거나 화가 난 적이 있어?",
            "A": "아니요, 막 저를 그렇게 하시진 않으세요."
        },
        {
            "Q": "주위 어른들 중 친구를 때린 적이 있는 사람이 있어?",
            "A": "아빠가 가끔 혼내실 때 회초리로 종아리를 때리시긴 해요."
        },
        {
            "Q": "회초리로 맞으면 얼마나 다쳐?",
            "A": "멍이 들어요."
        },
        {
            "Q": "그렇게 다친 것 때문에, 병원에 가서 치료를 받은 적이 있어?",
            "A": "아니요, 한 번도 없었어요."
        },
        {
            "Q": "친구가 원하지 않는데도 누가 몸을 만지거나 보여달라고 한 적 있어?",
            "A": "아니요, 저는 그렇게 말할 친구도 없어요."
        },
        {
            "Q": "집에서 어른들끼리 소리 지르면서 싸우는 걸 듣거나 본 적이 있어?",
            "A": "아니요, 사실 부모님이 대화하는 것도 보기가 힘들긴 해요. 저는 방에만 있거든요."
        },
        {
            "Q": "친구들이 자주 놀리거나 괴롭힌다고 느낀 적 있어?",
            "A": "네, 그냥 맨날 우리 엄마 필리핀 사람이라고 놀리고 그래요."
        },
        {
            "Q": "친구가 괴롭히거나 놀릴 때 기분이 어때?",
            "A": "그냥 저 스스로가 너무 비참하고, 슬퍼요."
        },
        {
            "Q": "얼마나 자주 이런 일이 있었어?",
            "A": "매일 그럴 때도 있고, 일주일에 두세 번 정도 그럴 때도 있는 것 같아요."
        },
        {
            "Q": "이렇게 괴롭힘을 당한 기간이 어느 정도야?",
            "A": "3년 정도는 된 것 같아요."
        },
        {
            "Q": "그 애들 때문에 학교를 가지 않은 적도 있어?",
            "A": "네, 엄마한테 아프다고 얘기하고 안 간 적도 있어요. 한 세 번 정도 그랬던 것 같아요."
        },
        {
            "Q": "어떨 때 마음이 복잡하거나 힘들어?",
            "A": "애들이 놀리면 힘들고, 엄마가 잘못한 게 아닌데 엄마가 미워지는 게 너무 싫어요."
        },
        {
            "Q": "그런 생각과 기억 때문에 괴로워서 죽고 싶다는 생각을 한 적 있어?",
            "A": "아니요, 그렇게까지 생각한 적은 한 번도 없었어요."
        },
        {
            "Q": "잠잘 때 주로 어떤 꿈을 꿔?",
            "A": "잘 모르겠어요. 그냥 자고 일어나면 아침인 것 같아요."
        },
        {
            "Q": "친구는 가출했던 적이 있어?",
            "A": "아니요, 저는 가출한 적이 없어요. 그냥 방에 있는 게 제일 좋아요."
        }
    ]
}