{
    "info": {
        "위기단계": "상담필요"
    },
    "kids_ment": [
        {
            "Q": "최근에 어디 아픈 데 없어?",
            "A": "네."
        },
        {
            "Q": "최근에 다쳤던 적은 없을까?",
            "A": "다쳤던 적도 없어요."
        },
        {
            "Q": "우리 친구는 뭐 할 때가 즐거울까?",
            "A": "잘 모르겠어요."
        },
        {
            "Q": "언제부터 즐겁지 않았을까?",
            "A": "언제부터가 아니고 그냥 뭐가 즐거운 건지 모르겠어요."
        },
        {
            "Q": "최근 일주일 동안 짜증이나 화가 난 적이 있나요?",
            "A": "원래 짜증도 없고 화도 없어요."
        },
        {
            "Q": "짜증 나거나 화날 때 어떻게 하면 마음이 풀릴까?",
            "A": "몰라요, 그것도."
        },
        {
            "Q": "우리 친구는 몇 시에 자고 몇 시에 일어나?",
            "A": "열 시에 자서 여섯 시에 일어나는 것 같아요."
        },
        {
            "Q": "아침에 일어났을 때 몸 상태는 어때?",
            "A": "나쁘지 않아요."
        },
        {
            "Q": "평소에 잠들기 힘들다거나 중간에 자주 깨진 않아?",
            "A": "네."
        },
        {
            "Q": "평소에 할머니는 어떤 표정을 자주 짓는 것 같아?",
            "A": "항상 걱정이 많으셔서 즐거운 표정은 아닌 것 같아요."
        },
        {
            "Q": "그런 표정을 보면 친구는 기분이 어때?",
            "A": "그냥 저도 답답하고 기분이 좋지 않아요."
        },
        {
            "Q": "친구는 형제나 자매가 있을까?",
            "A": "저밖에 없어요."
        },
        {
            "Q": "친구들이랑 뭐 하고 놀아?",
            "A": "돈이 없어서 친구들이랑 잘 못 놀아서 친구 안 키워요."
        },
        {
            "Q": "담임선생님은 어때? 좋은 것 같아?",
            "A": "선생님은 그냥 특별히 나쁜 점이 없어서 좋은 것 같아요."
        },
        {
            "Q": "요즘 큰 걱정은 뭐야?",
            "A": "솔직히 돈 없는 게 제일 걱정이에요."
        },
        {
            "Q": "걱정 때문에 생활이 불편하거나 힘들진 않아?",
            "A": "힘들어요, 하고 싶은 것도 못 하고 친구도 못 만들어요."
        },
        {
            "Q": "요즘 행복한 것 같아?",
            "A": "불행해요."
        },
        {
            "Q": "왜 불행한 것 같아?",
            "A": "할머니랑만 사는데 돈도 없어서요."
        },
        {
            "Q": "친구는 커서 어떤 사람이 되고 싶어?",
            "A": "저는 전기기사 하고 싶어요. 돈 잘 벌 수 있다고 들었거든요."
        },
        {
            "Q": "집에서 주로 나를 돌봐주는 어른은 누구예요?",
            "A": "할머니요."
        },
        {
            "Q": "배가 고픈데 먹을 게 없어서 굶은 적이 있을까?",
            "A": "아니요, 없어요."
        },
        {
            "Q": "저녁에 나를 집에 혼자 두고 어른들이 나갔던 적은 있을까?",
            "A": "아니요."
        },
        {
            "Q": "어디 아픈 곳이 있는데 어른들이 병원에 데려가지 않은 적 있어?",
            "A": "아니요, 병원 가자고 하긴 하는데 제가 가기 싫어요."
        },
        {
            "Q": "더럽고 냄새나는 옷을 입어야 한다거나 작은 옷이나 신발을 착용한 적 있을까?",
            "A": "아니요."
        },
        {
            "Q": "인터넷이나 휴대폰을 가지고 노는 시간은 하루에 몇 시간 정도야?",
            "A": "휴대폰이 없어요."
        },
        {
            "Q": "어른들이 오셔야 하는 학교행사가 있을 때 잘 오셔?",
            "A": "네, 할머니가 와주세요."
        },
        {
            "Q": "부모님이나 선생님 때문에 슬프거나 화가 난 적이 있을까?",
            "A": "누구 때문에 슬픈 건 없어요."
        },
        {
            "Q": "마음이 힘들 때 가족에게 이야기하니?",
            "A": "할머니한테 얘기 잘해요."
        },
        {
            "Q": "주위 어른들 중에 나를 때린 적이 있는 사람이 있나요?",
            "A": "없어요."
        },
        {
            "Q": "내가 원하지 않았는데도 누군가가 내 몸을 만지거나 보여달라고 한 적 있어요?",
            "A": "아니요, 없어요."
        },
        {
            "Q": "집에서 어른들끼리 소리 지르면서 싸우는 걸 듣거나 본 적 있을까?",
            "A": "아니요, 밖에서 모르는 아저씨들이 싸우는 건 봤는데요."
        },
        {
            "Q": "친구들이 나를 자주 놀리거나 괴롭힌다고 느낀 적 있나요?",
            "A": "아니요, 놀리거나 괴롭히진 않아요."
        },
        {
            "Q": "어떨 때 마음이 복잡하거나 힘들까?",
            "A": "갖고 싶은 것도 있고, 하고 싶은 것도 있는데 말도 못 하니까 좀 그래요."
        },
        {
            "Q": "안 좋은 기억 때문에 괴로워서 죽고 싶다는 생각을 한 적 있어?",
            "A": "아니요."
        },
        {
            "Q": "잠잘 때 주로 어떤 꿈을 꿀까?",
            "A": "꿈 안 꾸고 잘 자요."
        },
        {
            "Q": "부모님의 허락 없이 또는 말도 없이 집에 오랫동안 나와 있었던 적이 있을까?",
            "A": "아니요, 그런 적은 없는데 예전에 알게 된 형들이 지금 가출 중이어서 저도 생각은 하고 있어요."
        }
    ]
}