{
    "info": {
        "위기단계": "상담필요"
    },
    "kids_ment": [
        {
            "Q": "최근에 건강은 어때?",
            "A": "배가 좀 아파요."
        },
        {
            "Q": "언제부터 그랬어?",
            "A": "평소에는 괜찮은데 밥을 늦게 먹으면 그래요 ."
        },
        {
            "Q": "어떻게 하면 배 아픈게 나아져?",
            "A": "밥을 좀 일찍 먹거나, 배 아플 때 먹는 약 먹으면 괜찮은 거 같아요."
        },
        {
            "Q": "최근에 다친 곳 있어?",
            "A": "다친 데 없어요."
        },
        {
            "Q": "요즘 뭘 할 때 즐거워?",
            "A": "애들이랑 놀이터에서 잡기 놀이하는 거요."
        },
        {
            "Q": "어떤 점이 즐거워?",
            "A": "제가 엄청 빨라서 애들이 잘 못 잡거든요? 그때 웃겨요."
        },
        {
            "Q": "최근 일주일 동안 짜증이나 화가 난 적 있어?",
            "A": "네, 친구가 저를 밀쳐서 짜증 냈어요."
        },
        {
            "Q": "그렇게 짜증이 났을 때 어떻게 하면 기분이 풀려?",
            "A": "나중에 사과해요."
        },
        {
            "Q": "잠은 몇 시부터 몇 시까지 자?",
            "A": "열 시부터 여덟 시까지 자요."
        },
        {
            "Q": "일어나면 컨디션이 어때?",
            "A": "완전 배고파요."
        },
        {
            "Q": "잠들기 힘들거나 자다 중간에 깨는 경우 있어?",
            "A": "가끔 배고파서 새벽에 깰 때 있어요."
        },
        {
            "Q": "평소에 엄마는 어떤 표정이야?",
            "A": "엄마는 저한테 맨날 미안하대요."
        },
        {
            "Q": "왜 미안하다고 하셔?",
            "A": "맨날 배고프게 해서 미안하다고 그래요."
        },
        {
            "Q": "그럴 때 내 기분은 어때?",
            "A": "난 괜찮은데 생각하고 엄마한테 말해줘요."
        },
        {
            "Q": "형제자매가 있어?",
            "A": "아뇨, 없어요."
        },
        {
            "Q": "친구들하고 뭐 하고 놀아?",
            "A": "요즘은 맨날 잡기 놀이해요."
        },
        {
            "Q": "몇 명이 같이 해?",
            "A": "그때그때 다른데 다섯 명 이상이에요. 그래야 재밌거든요."
        },
        {
            "Q": "담임선생님은 어때? 좋아 아니면 싫어?",
            "A": "좋아요, 저한테 맛있는 거 많이 주세요."
        },
        {
            "Q": "요즘 제일 큰 걱정은 뭐야?",
            "A": "엄마가 저한테 미안하다고 그럴 때 안 그랬으면 좋겠어요."
        },
        {
            "Q": "그런 일 때문에 불편하거나 힘든 점이 있을까?",
            "A": "네. 기분이 좀 이상하기도 하고 기분 좋다가도 안 좋아지는 것 같아요."
        },
        {
            "Q": "그런 일이 얼마나 자주 있어?",
            "A": "까먹을 때쯤 말해요. 한 달에 한 번 정도."
        },
        {
            "Q": "요즘 행복한 것 같아?",
            "A": "네! 엄마가 좋아서요. 행복해요."
        },
        {
            "Q": "커서 어떤 사람이 되고 싶어?",
            "A": "엄마는 제가 의사나 판사가 됐으면 좋겠대요."
        },
        {
            "Q": "내가 되고 싶은 직업은 없을까?",
            "A": "전 아직 잘 모르겠어요."
        },
        {
            "Q": "집에서 주로 나를 돌봐주는 어른은 누구야?",
            "A": "엄마가 돌봐줘요."
        },
        {
            "Q": "배가 고픈데 먹을 게 없어서 굶은 적 있어?",
            "A": "네, 일주일에 두 번은 먹을 게 없어서 못 먹어요. 옆집 아줌마가 반찬 주기도 해요."
        },
        {
            "Q": "엄마가 갑자기 말도 없이 집 나가서 안 들어온 적 있어?",
            "A": "아니요."
        },
        {
            "Q": "어디 아픈 곳이 있는데 어른들이 병원에 데려가지 않은 적 있어?",
            "A": "네, 돈이 없어서 병원에 못 간대요. 그래서 보건실에 가요."
        },
        {
            "Q": "빨래 안 한 더럽고 냄새나는 옷을 입은 적 있어?",
            "A": "아니요."
        },
        {
            "Q": "작은 옷이나 신발을 입거나 신고 다닌 적 있어?",
            "A": "네, 새거 살 수가 없대요."
        },
        {
            "Q": "인터넷이나 휴대폰을 가지고 노는 시간은 하루에 몇 시간 정도야?",
            "A": "컴퓨터랑 휴대폰이 없어요."
        },
        {
            "Q": "부모님이 운동회나 참관수업, 학부모 상담에 잘 오셔?",
            "A": "네."
        },
        {
            "Q": "부모님이나 선생님 때문에 슬프거나 화가 난 적 있어?",
            "A": "아니요."
        },
        {
            "Q": "주위 어른들 중 나를 때린 적 있는 사람이 있어?",
            "A": "아니요."
        },
        {
            "Q": "내가 원하지 않는데 누군가가 내 몸을 만지거나 보여달라고 한 적 있어?",
            "A": "아니요."
        },
        {
            "Q": "집에서 어른들끼리 소리 지르면서 싸우는 걸 듣거나 본 적이 있어?",
            "A": "아니요."
        },
        {
            "Q": "친구들이 나를 자주 놀리거나 괴롭힌다고 느낀 적 있어?",
            "A": "아니요."
        },
        {
            "Q": "어떨 때 마음이 복잡하거나 힘들어?",
            "A": "딱히 없는 것 같은데요."
        },
        {
            "Q": "혹시 스스로 해치고 싶다거나 죽고 싶다고 생각한 적 있어?",
            "A": "아니요."
        },
        {
            "Q": "잠 잘 때 주로 어떤 꿈을 꿔?",
            "A": "맛있는 거 많이 먹는 꿈이요!"
        },
        {
            "Q": "부모님 허락 없이 집에서 오랫동안 나와 있었던 적 있어?",
            "A": "아니요."
        }
    ]
}