{
    "info": {
        "위기단계": "상담필요"
    },
    "kids_ment": [
        {
            "Q": "최근에 건강한가요, 아니면 아픈 곳이 있나요?",
            "A": "있어요."
        },
        {
            "Q": "어디가 아팠나요?",
            "A": "배가 좀 아팠어요."
        },
        {
            "Q": "언제부터 아팠나요?",
            "A": "어제부터요."
        },
        {
            "Q": "얼마나 자주 아팠나요?",
            "A": "가끔이요."
        },
        {
            "Q": "최근에 다쳤던 적이 있었나요? 없었나요?",
            "A": "없어요."
        },
        {
            "Q": "뭘 할 때가 즐겁나요?",
            "A": "자전거 타고 점토 놀이 재밌어여."
        },
        {
            "Q": "자전거 타고 점토 놀이할 때 어떤 점이 즐거운가요?",
            "A": "자전거는 밖에서 운동을 하게 되니까 즐겁구요, 점토 놀이는 창의력이 높아지는 것 같고 좋아요."
        },
        {
            "Q": "최근 일주일 동안 짜증이나 화가 난 적이 있나요?",
            "A": "없어요."
        },
        {
            "Q": "몇 시에 자고, 몇 시에 일어나나요?",
            "A": "밤 열두 시에 자서, 일곱 시에 일어나요."
        },
        {
            "Q": "아침에 일어났을 때, 몸 상태는 어때요?",
            "A": "괜찮아요."
        },
        {
            "Q": "평소에 잠이 들기 힘들거나, 잠자는 중간에 자주 깨나요?",
            "A": "아니요."
        },
        {
            "Q": "평상시에 아버지는 어떤 표정을 자주 짓나요?",
            "A": "아빠는 웃는 표정이에요."
        },
        {
            "Q": "왜 그런 표정을 짓는 것 같아요?",
            "A": "아빠는 기분 좋은 일이 많으신 것 같아요."
        },
        {
            "Q": "그 표정을 지을 때, 내 기분은 어때요?",
            "A": "나쁘지 않아요."
        },
        {
            "Q": "평상시에 어머니는 어떤 표정을 자주 짓나요?",
            "A": "엄마는 무표정이에요."
        },
        {
            "Q": "왜 그런 표정을 짓는 것 같아요?",
            "A": "엄마는 매사에 의욕이 별로 없으세요."
        },
        {
            "Q": "그 표정을 지을 때, 내 기분은 어때요?",
            "A": "저도 그냥 그래요."
        },
        {
            "Q": "형제자매는 몇 명이에요?",
            "A": "한 명이에요."
        },
        {
            "Q": "형제자매는 누구누구가 있어요?",
            "A": "언니 있어요."
        },
        {
            "Q": "언니와 사이가 어때요?",
            "A": "괜찮아요."
        },
        {
            "Q": "평소에 부모님이 언니와 나를 차별하는 것 같아요?",
            "A": "아니요."
        },
        {
            "Q": "친구들이랑 주로 뭐 하고 놀아요?",
            "A": "역할 놀이인 가게 놀이하고 놀아요."
        },
        {
            "Q": "주로 몇 명이 놀아요?",
            "A": "세 명이서 놀아요."
        },
        {
            "Q": "담임선생님을 좋아하나요, 싫어하나요?",
            "A": "보통이에요."
        },
        {
            "Q": "담임 선생님이 어떤 부분에서 좋아요?",
            "A": "저희에게 많은 지식을 알려주세요."
        },
        {
            "Q": "담임 선생님이 어떤 부분에서 안 좋아요?",
            "A": "조금 엄격하세요."
        },
        {
            "Q": "요즘 가장 큰 걱정거리는 무엇인가요?",
            "A": "없어요."
        },
        {
            "Q": "요즘 행복하다고 느끼나요?",
            "A": "네."
        },
        {
            "Q": "어떤 점에서 행복했어요?",
            "A": "가족들이랑 외식해서 맛있는 것 먹었어요."
        },
        {
            "Q": "커서 어떤 사람이 되고 싶은지, 꿈이 무엇인지 이야기해 줄래요?",
            "A": "꿈이 아직 없어요."
        },
        {
            "Q": "해보고 싶은 일이 없나요?",
            "A": "네, 없어요."
        },
        {
            "Q": "집에서 주로 나를 돌봐주는 어른은 누구인가요?",
            "A": "엄마예요."
        },
        {
            "Q": "배가 고픈데 먹을 게 없어서 굶은 적이 있나요? 왜 그랬나요?",
            "A": "먹고 싶지 않아서 굶은 적은 있어요."
        },
        {
            "Q": "저녁에 나를 집에 혼자 두고 어른들이 나갔던 적 있나요? 얼마나 자주 이런 일이 있나요?",
            "A": "엄마가 나가시긴 했지만, 잠깐 말하고 나가셨어요."
        },
        {
            "Q": "가족 중에 나를 항상 돌봐주는 사람이 갑자기 말도 없이 집을 나가서 안 들어온 적이 있나요?",
            "A": "아니요."
        },
        {
            "Q": "어디 아픈 곳이 있는데 어른들이 병원에 데려가지 않은 적이 있나요? 몇 번이나 있나요?",
            "A": "배가 잠시 아픈 적은 있었지만, 제가 말을 안 해서 가지 않은 거예요. 한 번 그랬어요."
        },
        {
            "Q": "옷이나 신발 사이즈가 작은 걸 입거나 신고 다닌 적이 있나요? 기간은 어느 정도인가요?",
            "A": "없어요."
        },
        {
            "Q": "부모님이나 선생님 때문에 슬프거나 화가 난 적이 있나요?",
            "A": "없어요."
        },
        {
            "Q": "주위 어른들 중 나를 때린 적이 있는 사람이 있나요?",
            "A": "없어요."
        },
        {
            "Q": "내가 원하지 않는데도 누군가가 내 몸을 만지거나 보여달라고 한 적 있어요?",
            "A": "있어요."
        },
        {
            "Q": "누가 그랬나요? 나보다 몇 살이나 더 많아 보였나요? 어떻게 보여달라고 했나요? 이런 일이 자주 있었나요?",
            "A": "셔틀버스 운전기사님이고, 아저씨예요. 저에게 가끔 뽀뽀를 해달라고 했어요."
        },
        {
            "Q": "누가 나에게 부끄럽고 창피한 것을 시킨 적이 있나요? 어떤 걸 시켰나요?",
            "A": "그 아저씨가 저에게 강제로 볼 뽀뽀를 했어요."
        },
        {
            "Q": "누가 소중한 부위를 아프게 한 적이 있나요? 어떤 걸로 아프게 했나요? 누가 그랬나요? 나보다 몇 살이나 더 많아 보였나요?",
            "A": "아니요."
        },
        {
            "Q": "소중한 부위에 상처가 나거나 다쳐서 병원에 간 적 있나요?",
            "A": "아니요."
        },
        {
            "Q": "누가 내 몸을 사진 찍거나 동영상을 찍은 적이 있나요?",
            "A": "아니요."
        },
        {
            "Q": "집에서 어른들끼리 소리 지르면서 싸우는 걸 듣거나 본 적이 있나요? 있다면 얼마나 자주 있나요?",
            "A": "없어요."
        },
        {
            "Q": "친구들이 나를 자주 놀리거나 괴롭힌다고 느낀 적이 있나요?",
            "A": "아니요."
        },
        {
            "Q": "어떨 때 마음이 복잡하거나 힘든가요?",
            "A": "셔틀버스 운전기사 아저씨가 볼 뽀뽀했을 때 좀 그랬어요."
        },
        {
            "Q": "안 좋은 기억 때문에 괴로워서 죽고 싶다는 생각을 한 적 있나요?",
            "A": "그렇진 않아요."
        },
        {
            "Q": "잠잘 때 주로 어떤 꿈을 꾸나요?",
            "A": "꿈은 안 꿔요."
        },
        {
            "Q": "부모님의 허락 없이 또는 말도 없이 집에 오랫동안 나와 있었던 적이 있나요?",
            "A": "없어요."
        }
    ]
}