{
    "info": {
        "위기단계": "정상군"
    },
    "kids_ment": [
        {
            "Q": "최근에 건강한가요? 아니면 아픈 곳이 있나요?",
            "A": "배탈 났어요."
        },
        {
            "Q": "왜 배탈이 났어요?",
            "A": "일요일에 굴 먹었는데 그게 잘못됐다고 했어요."
        },
        {
            "Q": "배탈 나서 병원에는 갔었나요?",
            "A": "네, 엊그제 다녀왔어요. 약 먹었더니 괜찮아졌어요."
        },
        {
            "Q": "배탈은 자주 나는 편인가요?",
            "A": "아니요. 그렇진 않아요."
        },
        {
            "Q": "최근에 다쳤던 적이 있나요?",
            "A": "팔꿈치가 까졌어요."
        },
        {
            "Q": "왜 다쳤어요?",
            "A": "자전거 타다가 넘어져서 팔꿈치에 상처가 났어요."
        },
        {
            "Q": "치료는 어떻게 했어요?",
            "A": "소독하고 대일밴드 붙였어요."
        },
        {
            "Q": "우리 친구는 뭘 할 때가 즐거워요?",
            "A": "만화 보면서 만화 따라 그릴 때가 좋아요."
        },
        {
            "Q": "그림 그리는 게 왜 좋아요?",
            "A": "그림 그리는 거 너무 재미있어요."
        },
        {
            "Q": "우리 친구 최근 일주일 동안 짜증이나 화가 난 적 있었어요?",
            "A": "네, 있었어요."
        },
        {
            "Q": "왜 짜증이나 화가 났어요?",
            "A": "엄마가 잔소리하셔서요."
        },
        {
            "Q": "엄마는 무슨 잔소리를 하셨어요?",
            "A": "공부해라 씻어라 그런 잔소리요."
        },
        {
            "Q": "평소에 짜증이 나면 어떻게 하면 마음이 풀려요?",
            "A": "만화 보거나 그림 그리면 기분이 좋아져요."
        },
        {
            "Q": "우리 친구는 몇 시에 자고 몇 시에 일어나요?",
            "A": "열두 시에 자고 일곱 시에 일어나요."
        },
        {
            "Q": "아침에 일어났을 때 몸 상태는 어때요?",
            "A": "좋아요."
        },
        {
            "Q": "평소에 잠이 들기 힘들거나 잠자는 중간에 자주 깬 적이 있을까요?",
            "A": "아니요, 없어요."
        },
        {
            "Q": "평상시에 아빠는 주로 어떤 표정을 짓고 계세요?",
            "A": "뭔가 궁금해하는 표정이세요."
        },
        {
            "Q": "아빠는 왜 그런 표정을 짓고 계신 것 같아요?",
            "A": "무언가 장난칠 일을 찾고 계신 것 같아요."
        },
        {
            "Q": "아빠가 그런 표정을 짓고 계시면 친구는 기분이 어때?",
            "A": "재미있어요."
        },
        {
            "Q": "아빠가 친구랑 이야기하실 때는 어떤 표정을 짓고 계셔?",
            "A": "웃어주세요."
        },
        {
            "Q": "엄마는 평상시에 어떤 표정을 짓고 계세요?",
            "A": "항상 힘이 넘치세요."
        },
        {
            "Q": "엄마는 왜 그런 표정을 짓고 계신 것 같아?",
            "A": "우리 엄마는 힘이 엄청 세거든요."
        },
        {
            "Q": "그런 엄마 표정을 보면 친구 기분이 어때요?",
            "A": "저도 힘이 넘쳐요."
        },
        {
            "Q": "엄마가 친구랑 이야기하실 때는 어떤 표정을 짓고 계세요?",
            "A": "활짝 웃는 표정을 짓고 계세요."
        },
        {
            "Q": "우리 친구 형제자매는 몇 명이에요?",
            "A": "남동생이 한 명 있어요."
        },
        {
            "Q": "남동생이랑 사이는 어때?",
            "A": "좋아요. 남동생이랑 놀면 귀찮긴 한데 재미도 있어요."
        },
        {
            "Q": "부모님이 남동생이랑 친구를 차별하신다고 느낀 적이 있나요?",
            "A": "아니요, 없었어요."
        },
        {
            "Q": "우리 친구는 친구들이랑 주로 뭐하면서 놀아요?",
            "A": "축구도 하고 자전거도 타요."
        },
        {
            "Q": "주로 몇 명이랑 놀아요?",
            "A": "다섯 명이요."
        },
        {
            "Q": "우리 친구는 담임선생님을 좋아하나요?",
            "A": "네, 좋아요."
        },
        {
            "Q": "담임선생님이 왜 좋아요?",
            "A": "재미있고 친절하세요."
        },
        {
            "Q": "우리 친구 요즘 가장 큰 걱정거리는 뭐예요?",
            "A": "내일 학원에서 영어 시험 본다고 하는데 걱정이에요."
        },
        {
            "Q": "영어 공부하는 게 걱정인 거예요?",
            "A": "네, 영어 너무 어려워요."
        },
        {
            "Q": "그럼 그런 걱정 때문에 생활이 힘들거나 불편한가요?",
            "A": "아니요. 그렇진 않아요."
        },
        {
            "Q": "우리 친구는 요즈음 행복하다고 느끼나요?",
            "A": "네."
        },
        {
            "Q": "왜 행복하다고 느껴요?",
            "A": "친구들이랑 노는 것도 재미있고, 그림 그리는 것도 좋아요."
        },
        {
            "Q": "우리 친구 꿈이 무엇인지 말해 줄 수 있을까요?",
            "A": "웹툰 작가가 되고 싶어요."
        },
        {
            "Q": "왜 웹툰 작가가 되고 싶어요?",
            "A": "그림 그리는 것도 좋고 웹툰 보는 것도 좋아해요."
        },
        {
            "Q": "집에서 주로 우리 친구를 돌봐주는 어른은 누구인가요?",
            "A": "엄마요."
        },
        {
            "Q": "배가 고픈데 먹을 게 없어서 굶은 적이 있나요?",
            "A": "아니요. 없었어요."
        },
        {
            "Q": "저녁에 친구를 집에 혼자 두고 어른들이 나갔던 적 있나요?",
            "A": "아니요. 없었어요."
        },
        {
            "Q": "어디 아픈 곳이 있는데 어른들이 병원에 데려가지 않은 적이 있나요?",
            "A": "아니요. 없었어요."
        },
        {
            "Q": "더럽고 냄새나는 옷을 입어야 한 적이 있거나 작은 옷이나 신발을 입거나 신고 다닌 적 있나요?",
            "A": "아니요. 없었어요."
        },
        {
            "Q": "인터넷이나 휴대폰을 가지고 노는 시간은 하루에 몇 시간 정도인가요?",
            "A": "두 시간 정도요."
        },
        {
            "Q": "휴대폰 많이 한다고 어른들이 뭐라고 하시지는 않아요?",
            "A": "네. 하세요. 이제 그만하라고."
        },
        {
            "Q": "어른들이 운동회나 참관 수업 또는 학부모 상담 같은 학교 행사에 잘 오시나요?",
            "A": "네."
        },
        {
            "Q": "부모님이나 선생님 때문에 슬프거나 화가 난 적이 있나요?",
            "A": "아니요, 없었어요."
        },
        {
            "Q": "주위 어른들 중 나를 때린  사람이 혹시 있나요?",
            "A": "아니요. 없어요."
        },
        {
            "Q": "혹시 친구가 원하지 않는데도 누군가가 내 몸을 만지거나 보여달라고 한 적 있어요?",
            "A": "아니요. 없었어요."
        },
        {
            "Q": "집에서 어른들끼리 소리 지르면서 싸우는 걸 듣거나 본 적이 있나요?",
            "A": "아니요. 없었어요."
        },
        {
            "Q": "다른 아이들이 우리 친구를 자주 놀리거나 괴롭힌다고 느낀 적이 있나요?",
            "A": "아니요. 없어요."
        },
        {
            "Q": "우리 친구는 어떨 때 마음이 복잡하거나 힘든가요?",
            "A": "학원에서 시험 본다고 하면 싫어요."
        },
        {
            "Q": "그런 일 때문에 괴로워서 죽고 싶다는 생각을 한 적이 있나요?",
            "A": "아니요, 그런 적 없어요."
        },
        {
            "Q": "우리 친구는 잠잘 때 주로 어떤 꿈을 꾸나요?",
            "A": "꿈이요? 전 꿈 안 꿉니다."
        },
        {
            "Q": "어른들 허락 없이 또는 말도 없이 집에서 오랫동안 나와 있었던 적이 있나요?",
            "A": "아니요, 없었어요."
        }
    ]
}