{
    "info": {
        "위기단계": "상담필요"
    },
    "kids_ment": [
        {
            "Q": "최근에 건강하다고 느껴 아니면 아픈 곳이 있어?",
            "A": "아픈 곳은 없는 데 위가 안 좋아요."
        },
        {
            "Q": "위가 왜 안 좋아?",
            "A": "소화가 잘 안 돼요."
        },
        {
            "Q": "언제부터 그랬어?",
            "A": "어려서부터 그랬어요."
        },
        {
            "Q": "병원은 가봤어?",
            "A": "네, 특별한 이상은 없다고 했어요."
        },
        {
            "Q": "어디를 다친 곳은 있어?",
            "A": "아니요."
        },
        {
            "Q": "뭘 할 때 즐거움을 느껴?",
            "A": "핸드폰 게임하는 거 좋아해요."
        },
        {
            "Q": "어떤 점이 즐거워?",
            "A": "게임 재밌어요."
        },
        {
            "Q": "최근 일주일 동안 짜증이나 화가 난 적이 있어?",
            "A": "네, 어떤 이상한 아저씨한테 이상한 문자가 왔어요."
        },
        {
            "Q": "어떤 문자가 왔어?",
            "A": "막 가슴 사진 보내달라고 그런 문자가 왔어요."
        },
        {
            "Q": "그래서 어떻게 했어?",
            "A": "싫다고 했어요."
        },
        {
            "Q": "그렇게 짜증이 날 때는 어떻게 해?",
            "A": "그냥 잊어버려요."
        },
        {
            "Q": "보통 몇 시에 자고 몇 시에 일어나?",
            "A": "열한 시에 자고 일곱 시 반에 일어나요."
        },
        {
            "Q": "아침에 일어났을 때 몸 상태는 어때?",
            "A": "좋아요."
        },
        {
            "Q": "평소에 잠이 들기 힘들거나, 잠자는 중간에 깨니?",
            "A": "아니요."
        },
        {
            "Q": "아버지는 평소 어떤 표정을 지으셔?",
            "A": "아빠는 말이 별로 없어요."
        },
        {
            "Q": "왜 말이 없어?",
            "A": "집에서도 티브이만 보고 별 대화가 없어요."
        },
        {
            "Q": "아빠랑 사이는 어때?",
            "A": "불편해요."
        },
        {
            "Q": "엄마는 어떤 표정을 보통 지으셔?",
            "A": "엄마는 잘 웃어요."
        },
        {
            "Q": "왜 그런 표정을 지으셔?",
            "A": "엄마는 친절해서요."
        },
        {
            "Q": "형제자매는 누가 있어?",
            "A": "오빠가 있어요."
        },
        {
            "Q": "오빠랑 사이는 어때?",
            "A": "싸울 때도 있는데 잘 챙겨주기도 해요."
        },
        {
            "Q": "부모님이 오빠랑 대하는 게 다른 것 같아?",
            "A": "아니요, 그렇진 않아요."
        },
        {
            "Q": "친구들이랑은 주로 뭐 하고 놀아?",
            "A": "보통 텔레그램에서 대화해요."
        },
        {
            "Q": "주로 몇 명이서 같이 놀아?",
            "A": "그때그때 달라요."
        },
        {
            "Q": "친구들이랑 사이는 어때?",
            "A": "그냥 폰으로 만나서 얘기 많이 하는데 실제 만나지는 않아요."
        },
        {
            "Q": "학교에서 친구들이랑은 뭐 하고 놀아?",
            "A": "학교에서 친구들이랑은 잘 안 놀아요."
        },
        {
            "Q": "왜 잘 안 놀아?",
            "A": "그냥 부끄러워서요."
        },
        {
            "Q": "학교 담임 선생님은 좋아, 싫어?",
            "A": "선생님은 좋아요."
        },
        {
            "Q": "어떤 점이 좋아?",
            "A": "선생님은 잘해줘요."
        },
        {
            "Q": "요즘 가장 큰 걱정거리는 뭐야?",
            "A": "엄마가 핸드폰을 못 하게 해요."
        },
        {
            "Q": "왜 핸드폰을 못 하게 하시는 거야?",
            "A": "모르는 사람이랑 대화하지 말라고요."
        },
        {
            "Q": "모르는 사람이랑 대화하는 이유가 있어?",
            "A": "재밌어서요."
        },
        {
            "Q": "걱정거리 때문에 많이 힘들어?",
            "A": "네, 핸드폰을 안 하면 심심하거든요."
        },
        {
            "Q": "요즘 행복하다고 느껴?",
            "A": "아니요."
        },
        {
            "Q": "왜 행복하지 않아?",
            "A": "엄마가 공부하라고 해서 행복하지 않아요."
        },
        {
            "Q": "커서 어떤 사람이 되고 싶어?",
            "A": "저는 유명한 사람이 되고 싶어요."
        },
        {
            "Q": "어떤 유명한 사람이 되고 싶어?",
            "A": "인스타에서 막 예쁜 옷 입고 사진 찍고 그러는 사람이요."
        },
        {
            "Q": "왜 그런 사람이 되고 싶어?",
            "A": "예뻐 보이고 사람들이 좋아하잖아요."
        },
        {
            "Q": "평소에 주로 나를 돌봐주는 어른은 누구야?",
            "A": "엄마요."
        },
        {
            "Q": "핸드폰을 하루에 몇 시간 정도 해?",
            "A": "하루 종일 하는 편인데 요즘은 엄마 땜에 못해요."
        },
        {
            "Q": "어른들이 학교행사에 잘 오셔?",
            "A": "네, 잘 오셔요."
        },
        {
            "Q": "선생님이나 어른들 때문에 슬프거나 화가 난 적이 있어?",
            "A": "아니요, 없어요."
        },
        {
            "Q": "주위 어른들이 나를 때린 적이 있는 사람이 있어?",
            "A": "아니요."
        },
        {
            "Q": "내가 원하지 않는데도 누군가가 내 몸을 만지거나 보여달라고 한 적이 있어?",
            "A": "있어요."
        },
        {
            "Q": "누구였어?",
            "A": "텔레그램에서 만난 아저씨요."
        },
        {
            "Q": "나보다 몇 살이 많아 보였어?",
            "A": "어른이라고 했어요."
        },
        {
            "Q": "어떻게 했어?",
            "A": "가슴이랑 아래를 사진 찍어서 보내달라고 했어요."
        },
        {
            "Q": "그래서 어떻게 했어?",
            "A": "싫다고 했는데 계속 연락해서 그냥 씹었어요."
        },
        {
            "Q": "이런 일이 자주 있어?",
            "A": "처음이에요."
        },
        {
            "Q": "어른들끼리 소리 지르면서 싸우는 걸 듣거나 본 적이 있어?",
            "A": "아니요."
        },
        {
            "Q": "친구들이 나를 자주 놀리거나 괴롭힌다고 느낀 적이 있어?",
            "A": "아니요."
        },
        {
            "Q": "어떨 때 마음이 복잡하니?",
            "A": "숙제가 너무 많을 때요."
        },
        {
            "Q": "그럴 때 괴로워서 죽고 싶다는 생각을 한 적이 있어?",
            "A": "아니요, 그런 적은 없어요."
        },
        {
            "Q": "잠잘 때 주로 어떤 꿈을 꿔?",
            "A": "꿈은 잘 안 꿔요."
        },
        {
            "Q": "부모님의 허락 없이 또는 말도 없이 집을 오랫동안 나와 있었던 적이 있어?",
            "A": "아니요."
        }
    ]
}