{
    "info": {
        "위기단계": "관찰필요"
    },
    "kids_ment": [
        {
            "Q": "최근에 아팠던 적이 있었니?",
            "A": "아픈 적 없었어요."
        },
        {
            "Q": "최근에 다쳐서 아픈 적이 있었니?",
            "A": "자전거 타다가 넘어져서 팔꿈치가 긁혔어요."
        },
        {
            "Q": "언제 어떻게 하다가 다친 거야?",
            "A": "어제 비탈길에서 브레이크를 늦게 밟아서 옆으로 넘어졌어요."
        },
        {
            "Q": "무엇을 할 때가 즐거워?",
            "A": "학교에서 피구할 때가 즐거워요."
        },
        {
            "Q": "어떤 점이 즐거워?",
            "A": "피구 게임하면서 우리 팀이 이길 때 기분이 좋아요."
        },
        {
            "Q": "최근 일주일 동안 짜증이나 화가 난 적이 있어?",
            "A": "네, 짜증도 나고 화도 났어요."
        },
        {
            "Q": "왜 짜증도 나고 화도 났어?",
            "A": "네 살 된 남동생이 있는데 매일 엄마는 저보고 동생을 보라고 해요."
        },
        {
            "Q": "동생을 보는 게 많이 힘든가 보다?",
            "A": "동생은 고집이 세서 마음대로 하려 하고 안되면 울어요. 울면 엄마가 저를 혼 내켜요."
        },
        {
            "Q": "평소에, 짜증이나 화가 났을 때 어떻게 하면 마음이 풀려?",
            "A": "엄마한테 짜증을 내요. 그럼, 엄마가 동생 보느라 힘들다고 맛있는 거 해줘요."
        },
        {
            "Q": "몇 시에 자고 몇 시에 일어나니?",
            "A": "열 시에 자서 일곱 시에 일어나요."
        },
        {
            "Q": "아침에 일어났을 때 몸 상태는 어때?",
            "A": "괜찮아요."
        },
        {
            "Q": "평소에 잠이 들기 힘들거나 잠자는 중간에 자주 깨니?",
            "A": "아니요, 깨지 않고 잘 자요."
        },
        {
            "Q": "평소에 아버지는 어떤 표정을 지으셔?",
            "A": "조금 힘든 표정요."
        },
        {
            "Q": "아버지가 왜 힘든 표정을 짓는 것 같아?",
            "A": "일하시느라 일찍 나가서 늦게 들어오세요. 피곤하신가 봐요."
        },
        {
            "Q": "아버지가 주말에는 잘 놀아 주시니?",
            "A": "아니요, 잠만 주무세요."
        },
        {
            "Q": "평소 아버지하고 관계는 어때?",
            "A": "저에게 별로 관심이 없는 것 같아요."
        },
        {
            "Q": "평소에 엄마는 어떤 표정을 지으셔?",
            "A": "짜증 낼 때도 있고, 웃을 때도 있어요."
        },
        {
            "Q": "엄마가 왜 그러시는 것 같아?",
            "A": "제가 숙제 안 할 때랑 동생을 잘 볼 때는 그래요 그리고 기분이 좋은 일이 있을 때는 짜증을 안내요."
        },
        {
            "Q": "형제자매는 몇 명이야?",
            "A": "형하고 남동생이 있어요."
        },
        {
            "Q": "형하고 사이는 어때?",
            "A": "별로 안 좋아요. 형이 엄마가 심부름시키면 매일 저한테 미뤄요."
        },
        {
            "Q": "동생하고 사이는 어때?",
            "A": "안 좋아요. 동생이 말을 안 듣고 제가 먹는 것도 뺏어 먹으려구 해요."
        },
        {
            "Q": "친구들은 몇 명이고 주로 뭐 하고 놀아?",
            "A": "친구는 다섯 명 정도이고 자전거 타거나 놀이터에서 놀아요."
        },
        {
            "Q": "담임선생님을 좋아해 아니면 싫어해?",
            "A": "담임 선생님은 좋아요."
        },
        {
            "Q": "어떤 부분에서 선생님이 좋아?",
            "A": "체육 시간에 운동할 때나 게임할 때 재미있게 해주세요."
        },
        {
            "Q": "요즘 가장 걱정되는 것이 무엇이야?",
            "A": "동생이요."
        },
        {
            "Q": "무엇 때문에 걱정이 되니?",
            "A": "동생이 빨리 컸으면 좋겠어요. 동생 보느라 숙제도 못 하고 놀지도 못해요."
        },
        {
            "Q": "걱정거리 때문에 생활이 불편하거나 힘드니?",
            "A": "네, 불편해요. 제가 하고 싶은 게 있는데 동생 때문에 못 하잖아요."
        },
        {
            "Q": "요즘 행복하다고 느끼니?",
            "A": "조금 행복해요."
        },
        {
            "Q": "어떤 점에서 행복해?",
            "A": "주말이면 엄마가 동생 본다고 힘들었다고 맛있는 거 사줄 때는 행복해요."
        },
        {
            "Q": "앞으로 커서 어떤 사람이 되고 싶어 꿈이 뭐야?",
            "A": "소방관이 되고 싶어요."
        },
        {
            "Q": "왜 소방관이 되고 싶어?",
            "A": "멋있어 보이고 불이 났을 때 불을 끄고 사람을 구해주는 게 좋아요."
        },
        {
            "Q": "집에서 주로 나를 돌봐주는 어른은 누구야?",
            "A": "엄마요."
        },
        {
            "Q": "배가 고픈데 먹을 게 없어서 굶은 적이 있니?",
            "A": "굶은 적 없어요."
        },
        {
            "Q": "빨래가 되어 있지 않아서 더럽고 냄새나는 옷을 입어야 한 적이 있니?",
            "A": "아뇨, 없어요."
        },
        {
            "Q": "옷이나 신발 사이즈가 작은 걸 입거나 신고 다닌 적이 있니?",
            "A": "신발이 떨어져서 불편한데 늦게 사 주실 때가 있어요."
        },
        {
            "Q": "어른들이 운동회나 참관 수업 또 학부모 상담 같은 학교 행사에 잘 오시니?",
            "A": "엄마가 바빠서 못 오시면 할머니가 오실 때 있어요."
        },
        {
            "Q": "부모님이나 선생님 때문에 슬프거나 화가 난 적이 있니?",
            "A": "별로 없었어요."
        },
        {
            "Q": "주위 어른들 중 나를 때린 적이 있는 사람이 있니?",
            "A": "때리는 사람 없어요."
        },
        {
            "Q": "내가 원하지 않는데도 누군가가 내 몸을 만지거나 보여달라고 한 적 있어?",
            "A": "아니요, 없었어요."
        },
        {
            "Q": "집에서 어른들끼리 소리 지르면서 싸우는 걸 듣거나 본 적이 있니?",
            "A": "아니요, 없었어요."
        },
        {
            "Q": "친구들이 나를 자주 놀리거나 괴롭힌다고 느낀 적이 있니?",
            "A": "아니요, 없어요."
        },
        {
            "Q": "마음이 복잡하고 힘들어서 죽고 싶다는 생각을 해 본 적이 있니?",
            "A": "동생 때문에 힘들 때도 있지만 죽고 싶은 생각은 안 해봤어요."
        },
        {
            "Q": "부모님의 허락 없이 또는 말도 없이 집에 오랫동안 나와 있었던 적이 있니?",
            "A": "아니요, 없었어요."
        }
    ]
}