{
    "info": {
        "위기단계": "상담필요"
    },
    "kids_ment": [
        {
            "Q": "친구 어디 아픈 데는 없나요?",
            "A": "네."
        },
        {
            "Q": "최근에 다쳤던 적이 있나요?",
            "A": "네, 안 다쳤어요."
        },
        {
            "Q": "우리 친구는 뭐 할 때가 즐거울까?",
            "A": "몰라요."
        },
        {
            "Q": "언제부터 즐겁다고 느끼지 못했을까?",
            "A": "제 생각엔 엄마 아빠 이혼하고 나서부터요."
        },
        {
            "Q": "최근에 짜증이나 화가 난 적이 있나요?",
            "A": "그냥 집에 들어가면 다 화나요."
        },
        {
            "Q": "그렇게 화났을 때 어떻게 하면 마음이 풀려?",
            "A": "그냥 친구 만나러 나가요."
        },
        {
            "Q": "우리 친구는 몇 시에 자고 몇 시에 일어나?",
            "A": "새벽 한 시에 자서 여덟 시에 일어나요."
        },
        {
            "Q": "아침에 일어났을 때 몸 상태는 어때?",
            "A": "그저 그래요. 나쁘지 않아요."
        },
        {
            "Q": "평소에 잠들기 힘들다거나 중간에 자주 깨진 않아?",
            "A": "네, 그냥 폰하다가 졸리면 바로 자요."
        },
        {
            "Q": "평소에 아버지는 어떤 표정을 자주 지어?",
            "A": "그냥 무표정이에요."
        },
        {
            "Q": "그런 표정을 보면 친구는 기분이 어때?",
            "A": "무섭기도 한데 기분 나빠요. 저를 무시하는 것 같아서요."
        },
        {
            "Q": "평소에 어머니는 어떤 표정을 자주 지어?",
            "A": "엄마는 새엄만데요. 그냥 저를 안 쳐다보는 것 같아요."
        },
        {
            "Q": "그럴 때 친구 기분은 어때?",
            "A": "기분 나쁘죠."
        },
        {
            "Q": "친구는 형제나 자매가 있을까?",
            "A": "아니요, 없어요."
        },
        {
            "Q": "친구들이랑 뭐 하고 놀아?",
            "A": "축구하고 배드민턴 치고 놀아요."
        },
        {
            "Q": "주로 몇 명이서 놀아?",
            "A": "다섯 명이요."
        },
        {
            "Q": "담임선생님은 어때? 좋은 것 같아?",
            "A": "네, 선생님은 우리 편이라서 좋아요 ."
        },
        {
            "Q": "요즘 큰 걱정거리는 뭐야?",
            "A": "저는 엄마 아빠가 있지만 없는 것 같아서 걱정이에요."
        },
        {
            "Q": "걱정 때문에 생활이 불편하거나 힘들까?",
            "A": "네, 아빠 일찍 오는 날마다 그냥 집에 있기 불편해요."
        },
        {
            "Q": "요즘 행복한 것 같아?",
            "A": "별로요."
        },
        {
            "Q": "왜 불행하다고 느껴?",
            "A": "그냥 즐거운 것도 없이 새엄마랑 아빠는 저 무시하고 그러니까요."
        },
        {
            "Q": "친구는 커서 어떤 사람이 되고 싶어?",
            "A": "몰라요. 뭐든 되겠죠. 그게 중요하다고 생각하지 않아요."
        },
        {
            "Q": "주로 나를 돌봐주는 어른은 누구예요?",
            "A": "아빠요."
        },
        {
            "Q": "배가 고픈데 먹을 게 없어서 굶은 적이 있을까?",
            "A": "그러진 않아요."
        },
        {
            "Q": "저녁에 나를 집에 혼자 두고 어른들이 나갔던 적은 있을까?",
            "A": "아니요."
        },
        {
            "Q": "어디 아픈 곳이 있는데 어른들이 병원에 데려가지 않은 적이 있어?",
            "A": "병원은 원래 저 혼자 가요."
        },
        {
            "Q": "더럽고 냄새나는 옷을 입어야 한 적이 있거나 작은 옷이나 신발을 입거나 신고 다닌 적 있을까?",
            "A": "아니요, 없어요."
        },
        {
            "Q": "인터넷이나 휴대폰을 가지고 노는 시간은 하루에 몇 시간 정도야?",
            "A": "자기 전에 한 세 시간 정도 폰 보는 것 같아요."
        },
        {
            "Q": "어른들이 오셔야 하는 학교행사가 있을 때 잘 오셔?",
            "A": "아니요, 저는 신경 안 쓰는 것 같아요."
        },
        {
            "Q": "부모님이나 선생님 때문에 슬프거나 화가 난 적이 있을까?",
            "A": "그냥 저는 아빠랑 새엄마 같이 있는 집에 오면 자주 화나는 것 같아요."
        },
        {
            "Q": "마음이 힘들 때 가족에게 이야기하니?",
            "A": "아니요."
        },
        {
            "Q": "주위 어른들 중 나를 때린 적이 있는 사람이 있나요?",
            "A": "없어요."
        },
        {
            "Q": "내가 원하지 않는데도 누군가가 내 몸을 만지거나 보여달라고 한 적 있어요?",
            "A": "아니요."
        },
        {
            "Q": "집에서 어른들끼리 소리 지르면서 싸우는 걸 듣거나 본 적이 있을까?",
            "A": "아니요, 싸우진 않은 것 같던데요."
        },
        {
            "Q": "친구들이 나를 자주 놀리거나 괴롭힌다고 느낀 적이 있나요?",
            "A": "아니요, 저는 친구들 만나는 게 제일 좋아요."
        },
        {
            "Q": "어떨 때 마음이 복잡하거나 힘들까?",
            "A": "집에 갈 때요."
        },
        {
            "Q": "안 좋은 기억 때문에 괴로워서 죽고 싶다는 생각을 한 적 있어?",
            "A": "그 정돈 아니에요."
        },
        {
            "Q": "잠잘 때 주로 어떤 꿈을 꿀까?",
            "A": "꿈 안 꿔요."
        },
        {
            "Q": "부모님의 허락 없이 또는 말도 없이 집에 오랫동안 나와 있었던 적 있을까?",
            "A": "그런 적 없어요."
        }
    ]
}