{
    "info": {
        "위기단계": "정상군"
    },
    "kids_ment": [
        {
            "Q": "최근 건강은 어떤 것 같아? 아픈 곳은 없어?",
            "A": "네, 건강해요."
        },
        {
            "Q": "최근에 다친 곳 있어?",
            "A": "아니요."
        },
        {
            "Q": "뭘 할 때가 즐거워?",
            "A": "공룡 책 볼 때요."
        },
        {
            "Q": "어떤 점이 즐거운 것 같아?",
            "A": "공룡이 엄청 많이 나와서요."
        },
        {
            "Q": "최근 일주일 동안 짜증이나 화가 난 적 있어?",
            "A": "네, 짜증 난 적 있어요."
        },
        {
            "Q": "뭐 때문에 그렇게 느낀 것 같아?",
            "A": "엄마가 자꾸 공룡 이름 틀리게 말해서요."
        },
        {
            "Q": "평소에 그런 기분이 들면 어떻게 해?",
            "A": "공룡 이름 다시 알려주거나 제가 책 들고 가서 읽어줘요."
        },
        {
            "Q": "평소에 몇 시에 자고 몇 시에 일어나?",
            "A": "열 시에 자서 여덟 시에 일어나요."
        },
        {
            "Q": "아침에 일어났을 때 피곤하거나 몸이 무겁진 않아?",
            "A": "아니요."
        },
        {
            "Q": "잠들기 힘들거나 자다가 중간에 깨진 않아?",
            "A": "안 그래요."
        },
        {
            "Q": "같이 사는 가족은 누구누구야?",
            "A": "엄마랑 아빠랑이요."
        },
        {
            "Q": "평소 아빠랑 엄마의 표정은 어때?",
            "A": "둘 다 많이 웃어요."
        },
        {
            "Q": "어떨 때 그런 표정을 지으시는 것 같아?",
            "A": "제가 좋아서 그러는 것 같아요."
        },
        {
            "Q": "그 표정을 보면 기분이 어때?",
            "A": "저도 좋아요."
        },
        {
            "Q": "같이 사는 가족은 누구누구야?",
            "A": "엄마랑 아빠랑이요."
        },
        {
            "Q": "평소 아빠랑 엄마의 표정은 어때?",
            "A": "둘 다 많이 웃어요."
        },
        {
            "Q": "어떨 때 그런 표정을 지으시는 것 같아?",
            "A": "제가 좋아서 그러는 것 같아요."
        },
        {
            "Q": "그 표정을 보면 기분이 어때?",
            "A": "저도 좋아요."
        },
        {
            "Q": "친구들이랑 주로 뭐 하고 놀아?",
            "A": "공룡 놀이해요."
        },
        {
            "Q": "친구들이랑 놀면 기분이 어때?",
            "A": "재밌어요, 그리고 공룡 아는 거 제가 1등이에요."
        },
        {
            "Q": "담임선생님은 좋아 싫어?",
            "A": "좋아요."
        },
        {
            "Q": "어떤 점이 좋은 것 같아?",
            "A": "발표 잘하고 말 잘 들으면 공룡 스티커 줘요."
        },
        {
            "Q": "요즘 걱정하는 게 있어?",
            "A": "아니요, 없어요."
        },
        {
            "Q": "요즘 행복한 것 같아?",
            "A": "네."
        },
        {
            "Q": "1에서 5 사이에 몇 점 정도 행복한 것 같아?",
            "A": "5점이요."
        },
        {
            "Q": "어떤 점이 행복한 거 같아?",
            "A": "어제 공룡 모양 쿠키를 엄마가 사줘서요."
        },
        {
            "Q": "나중에 어떤 사람이 되고 싶어?",
            "A": "공룡 박사요."
        },
        {
            "Q": "그렇게 되고 싶다고 생각한 이유는 뭐야?",
            "A": "공룡이 좋고 제가 제일 공룡을 잘 아는 사람 하고 싶어서요."
        },
        {
            "Q": "주로 집에서 돌봐주는 사람은 누구야?",
            "A": "엄마요."
        },
        {
            "Q": "배가 고픈데 밥을 챙겨주지 않아서 굶은 적이 있어?",
            "A": "아니요."
        },
        {
            "Q": "빨래가 안 돼서 냄새나고 불쾌한 옷을 입은 적 있어?",
            "A": "아니요."
        },
        {
            "Q": "크기가 맞지 않는 옷을 입거나 신발을 신은 적 있어?",
            "A": "없어요."
        },
        {
            "Q": "아플 때 어른들이 병원에 데려가지 않은 적 있어?",
            "A": "없어요."
        },
        {
            "Q": "운동회나 수업 참관 같은  학교 행사에 잘 오시는 편이야?",
            "A": "네, 엄마가 항상 와요."
        },
        {
            "Q": "인터넷이나 휴대폰을 하루에 몇 시간 정도 하는 것 같아?",
            "A": "저 휴대폰 아직 없어요."
        },
        {
            "Q": "부모님이나 선생님이나 주위 어른들 때문에 화나거나 슬픈 적 있어?",
            "A": "네, 슬펐던 적 있어요."
        },
        {
            "Q": "누구 때문에 그렇게 느꼈어?",
            "A": "엄마요."
        },
        {
            "Q": "어떤 말이나 행동 때문에 그렇게 느꼈어?",
            "A": "이마트에서 갖고 싶은 공룡 책 있었는데 엄마가 너무 많다고 하면서 못 사게 했어요."
        },
        {
            "Q": "어른들이 방이나 다른 곳에 가두고 못 나오게 한 적 있어?",
            "A": "아니요."
        },
        {
            "Q": "다른 사람 앞에서 혼난 적 있어?",
            "A": "아니요."
        },
        {
            "Q": "어른들이 다른 아이들이랑 비교할 때 있어?",
            "A": "없어요."
        },
        {
            "Q": "어른들이 집에서 쫓아낸다고 하거나 버리겠다고 하거나 진짜 쫓아낸 적 있어?",
            "A": "아니요."
        },
        {
            "Q": "뭔가 하려고 할 때 무조건 안 된다고 하거나, 하기 싫은데도 무조건 하라고 한 적 있어?",
            "A": "공룡 책 못 사게 한 거요."
        },
        {
            "Q": "마음이 힘들 때 누구에게 말해?",
            "A": "엄마랑 아빠요."
        },
        {
            "Q": "주위 어른들 중에 몸을 아프게 하거나 때린 사람이 있어?",
            "A": "아니요."
        },
        {
            "Q": "누군가 원하지 않는데도 몸을 만지거나 보여달라고 한 적 있어?",
            "A": "아니요."
        },
        {
            "Q": "집에서 어른들이 소리 지르면서 싸우는 걸 듣거나 본 적 있어?",
            "A": "없어요."
        },
        {
            "Q": "친구들이 자주 놀리거나 괴롭히거나 따돌린다고 느낀 적 있어?",
            "A": "안 그래요."
        },
        {
            "Q": "어떨 때 마음이 복잡하거나 힘들어?",
            "A": "딱히 그런 적 없는 거 같아요."
        },
        {
            "Q": "잠잘 때 어떤 꿈을 꾸는 편이야?",
            "A": "공룡 나오는 꿈도 꾸고 하늘 나는 꿈도 꿔요."
        },
        {
            "Q": "기분 나쁜 꿈인 것 같아?",
            "A": "아니요, 자주 꾸면 좋겠어요."
        },
        {
            "Q": "가출을 해보거나 아는 사람들 중에 가출 한 사람이 있어?",
            "A": "없어요."
        }
    ]
}