{
    "info": {
        "위기단계": "관찰필요"
    },
    "kids_ment": [
        {
            "Q": "최근 건강은 어떤 것 같아? 아픈 곳은 없어?",
            "A": "아픈 곳 있어요."
        },
        {
            "Q": "어디가 어떻게 아파?",
            "A": "머리가 너무 어지러워요."
        },
        {
            "Q": "언제부터 아팠어? 지금도 아파?",
            "A": "3일 전부터 아팠어요. 지금도 아파요."
        },
        {
            "Q": "예전에도 지금처럼 아팠던 적 있어?",
            "A": "네, 가끔 그랬어요."
        },
        {
            "Q": "한 달에 몇 번 정도 아팠어?",
            "A": "한두 번이요."
        },
        {
            "Q": "한번 아프면 얼마나 오래 아파?",
            "A": "3일에서 4일이요."
        },
        {
            "Q": "어떤 것 때문에 아픈 것 같아?",
            "A": "모르겠어요, 언니가 자꾸 머리 때려서 그런가."
        },
        {
            "Q": "최근에 다친 곳 있어?",
            "A": "아니요."
        },
        {
            "Q": "뭘 할 때가 즐거워?",
            "A": "아빠가 와구와구 놀이할 때요."
        },
        {
            "Q": "어떤 점이 즐거운 것 같아?",
            "A": "아빠가 와구와구 놀이하면 간지럽고 재밌어요."
        },
        {
            "Q": "최근 일주일 동안 짜증이나 화가 난 적 있어?",
            "A": "아니요, 없어요."
        },
        {
            "Q": "평소에 몇 시에 자고 몇 시에 일어나?",
            "A": "열 시에 자서 일곱 시에 일어나요."
        },
        {
            "Q": "아침에 일어났을 때 피곤하거나 몸이 무겁진 않아?",
            "A": "네, 안 그래요."
        },
        {
            "Q": "잠들기 힘들거나 자다가 중간에 깨진 않아?",
            "A": "네."
        },
        {
            "Q": "같이 사는 가족은 누구누구야?",
            "A": "아빠랑 엄마랑 언니요."
        },
        {
            "Q": "평소 아빠랑 엄마의 표정은 어때?",
            "A": "웃는 것 같아요."
        },
        {
            "Q": "어떨 때 그런 표정을 지으시는 것 같아?",
            "A": "둘 다 그냥 웃는 거 같아요."
        },
        {
            "Q": "그 표정을 보면 기분이 어때?",
            "A": "좋아요."
        },
        {
            "Q": "같이 사는 가족은 누구누구야?",
            "A": "아빠랑 엄마랑 언니요."
        },
        {
            "Q": "평소 아빠랑 엄마의 표정은 어때?",
            "A": "웃는 것 같아요."
        },
        {
            "Q": "어떨 때 그런 표정을 지으시는 것 같아?",
            "A": "둘 다 그냥 웃는 거 같아요"
        },
        {
            "Q": "그 표정을 보면 기분이 어때?",
            "A": "좋아요."
        },
        {
            "Q": "언니가 있다고 했는데 몇 명이야?",
            "A": "한 명이요."
        },
        {
            "Q": "언니는 몇 살이야?",
            "A": "언니는 중학생이에요."
        },
        {
            "Q": "사이는 어때?",
            "A": "별로 안 좋아요."
        },
        {
            "Q": "어떤 점 때문에 그렇게 느껴?",
            "A": "언니가 저 안 좋아해요. 제가 뭐 먹고 있으면 뺏어 먹고, 그림 그리고 놀면 크레파스 뺏어 가고, 아픈 척해서 엄마랑 아빠 관심 다 가져가요. 그리고 막 와서 저 때리고 가서 그래요."
        },
        {
            "Q": "차별하는 것 같아?",
            "A": "아니요, 차별도 안 하고 언니가 저러면 혼내는데 언니는 제가 싫은가 봐요. 그래서 저도 언니 싫어서 무시해요."
        },
        {
            "Q": "친구들이랑 주로 뭐 하고 놀아?",
            "A": "슬라임 가지고 놀아요."
        },
        {
            "Q": "친구들이랑 놀면 기분이 어때?",
            "A": "재밌어요."
        },
        {
            "Q": "담임선생님은 좋아 싫어?",
            "A": "좋은 것 같아요."
        },
        {
            "Q": "어떤 점이 좋은 것 같아?",
            "A": "선생님 착하고 이뻐서요."
        },
        {
            "Q": "요즘 걱정하는 게 있어?",
            "A": "네, 있어요."
        },
        {
            "Q": "어떤게 걱정이야?",
            "A": "언니가 어제 제 인형 맘대로 가져가서 안 돌려줘서요."
        },
        {
            "Q": "그 걱정 때문에 한 달에 몇 번 정도 힘들거나 불편하다고 느끼는 것 같아?",
            "A": "항상 언니가 그러니까 두세 번씩 그렇게 느껴요."
        },
        {
            "Q": "요즘 행복한 것 같아?",
            "A": "네."
        },
        {
            "Q": "1에서 5 사이에 몇 점 정도 행복한 것 같아?",
            "A": "4점 정도요."
        },
        {
            "Q": "어떤 점이 행복한 거 같아?",
            "A": "엄마 아빠가 저 사랑해 줘서요. 언니는 싫지만요."
        },
        {
            "Q": "나중에 어떤 사람이 되고 싶어?",
            "A": "모델이요."
        },
        {
            "Q": "그렇게 되고 싶다고 생각한 이유는 뭐야?",
            "A": "엄마랑 아빠가 항상 저는 팔다리가 길어서 모델하면 좋겠다고 해서요."
        },
        {
            "Q": "우리 친구도 모델이 되고 싶어?",
            "A": "네, 제가 찾아보니까 모델 멋있는 것 같아서 저도 하고 싶어요."
        },
        {
            "Q": "주로 집에서 돌봐주는 사람은 누구야?",
            "A": "엄마요."
        },
        {
            "Q": "배가 고픈데 밥을 챙겨주지 않아서 굶은 적이 있어?",
            "A": "아니요."
        },
        {
            "Q": "빨래가 안 돼서 냄새나고 불쾌한 옷을 입은 적 있어?",
            "A": "그런 적 없어요."
        },
        {
            "Q": "크기가 맞지 않는 옷을 입거나 신발을 신은 적 있어?",
            "A": "언니 옷을 입어서 옷이 조금 컸을 때는 있는데 그렇게 불편하게 큰 건 아니었어요."
        },
        {
            "Q": "아플 때 어른들이 병원에 데려가지 않은 적 있어?",
            "A": "없어요."
        },
        {
            "Q": "운동회나 수업 참관 같은 학교행사에 잘 오시는 편이야?",
            "A": "네."
        },
        {
            "Q": "다섯 번 중에 몇 번 정도 오시는 것 같아?",
            "A": "다섯 번 전부요."
        },
        {
            "Q": "인터넷이나 휴대폰을 하루에 몇 시간 정도 하는 것 같아?",
            "A": "두 시간이요."
        },
        {
            "Q": "인터넷이나 휴대폰을 많이 한다고 어른들이 뭐라고 하진 않아?",
            "A": "엄마랑 아빠랑 두 시간씩만 하기로 약속한 거예요."
        },
        {
            "Q": "피시방 같은 곳을 자주 가는 편이야?",
            "A": "아니요, 안 가요."
        },
        {
            "Q": "부모님이나 선생님이나 주위 어른들 때문에 화나거나 슬픈 적 있어?",
            "A": "아니요, 없는 것 같아요."
        },
        {
            "Q": "어른들이 방이나 다른 곳에 가두고 못 나오게 한 적 있어?",
            "A": "아니요."
        },
        {
            "Q": "다른 사람 앞에서 혼난 적 있어?",
            "A": "아니요."
        },
        {
            "Q": "어른들이 다른 아이들이랑 비교할 때 있어?",
            "A": "안 그래요."
        },
        {
            "Q": "어른들이 집에서 쫓아낸다고 하거나 버리겠다고 하거나 진짜 쫓아낸 적 있어?",
            "A": "아니요."
        },
        {
            "Q": "뭔가 하려고 할 때 무조건 안 된다고 하거나, 하기 싫은데도 무조건 하라고 한 적 있어?",
            "A": "아니요."
        },
        {
            "Q": "마음이 힘들 때 누구에게 말해?",
            "A": "엄마랑 아빠요."
        },
        {
            "Q": "주위 어른들 중에 몸을 아프게 하거나 때린 사람이 있어?",
            "A": "없는 것 같아요."
        },
        {
            "Q": "누군가 원하지 않는데도 몸을 만지거나 보여달라고 한 적 있어?",
            "A": "아니요."
        },
        {
            "Q": "집에서 어른들이 소리 지르면서 싸우는 걸 듣거나 본 적 있어?",
            "A": "드라마에서 본 거 말곤 없어요."
        },
        {
            "Q": "친구들이 자주 놀리거나 괴롭히거나 따돌린다고 느낀 적 있어?",
            "A": "아니요."
        },
        {
            "Q": "어떨 때 마음이 복잡하거나 힘들어?",
            "A": "언니가 저 싫어할 때요."
        },
        {
            "Q": "그런 것 때문에 괴로워서 죽고 싶다고 생각한 적 있어?",
            "A": "아니요."
        },
        {
            "Q": "잠잘 때 어떤 꿈을 꾸는 편이야?",
            "A": "동물들이 잔뜩 나오는 꿈이요."
        },
        {
            "Q": "기분 나쁜 꿈인 것 같아?",
            "A": "아니요, 귀엽고 좋은 꿈이었어요."
        },
        {
            "Q": "가출을 해보거나 아는 사람들 중에 가출 한 사람이 있어?",
            "A": "언니가 그런 적 있어요."
        },
        {
            "Q": "최근 한 달 사이에도 그런 적 있어?",
            "A": "아니요, 3개월 전에 그랬어요."
        }
    ]
}