{
    "info": {
        "위기단계": "상담필요"
    },
    "kids_ment": [
        {
            "Q": "최근에 건강한가요? 아니면 아픈 곳이 있어요?",
            "A": "아픈 곳 없어요."
        },
        {
            "Q": "최근에 다쳤던 적이 있나요?",
            "A": "없어요."
        },
        {
            "Q": "뭘 할 때 즐거워요?",
            "A": "담임선생님이랑 놀 때요."
        },
        {
            "Q": "담임선생님이랑 놀 때 어떤 점이 즐거운가요?",
            "A": "선생님이랑 재밌는 놀이를 하는 게 좋아요."
        },
        {
            "Q": "최근 일주일 동안 짜증이나 화가 난 적이 있나요?",
            "A": "아니요."
        },
        {
            "Q": "평소에, 짜증이나 화가 났을 때, 어떻게 하면 마음이 풀려요?",
            "A": "그냥 울어요."
        },
        {
            "Q": "몇 시에 자고, 몇 시에 일어나나요?",
            "A": "열 시쯤에 자고 여덟 시에 일어나는 것 같아요."
        },
        {
            "Q": "아침에 일어났을 때, 몸 상태는 어때요?",
            "A": "좋아요."
        },
        {
            "Q": "평소에 잠들기 힘들거나, 잠자는 중간에 자주 깨나요?",
            "A": "아니요."
        },
        {
            "Q": "아버지가 어떤 표정을 자주 지었는지 기억나요?",
            "A": "네, 웃는 표정이요."
        },
        {
            "Q": "왜 웃는 표정을 짓는 것 같아요?",
            "A": "저를 사랑해서요."
        },
        {
            "Q": "그 표정을 지을 때, 내 기분은 어때요?",
            "A": "행복해요."
        },
        {
            "Q": "돌봐주시는 센터 선생님은 어떤 표정을 자주 짓나요?",
            "A": "웃는 표정이요."
        },
        {
            "Q": "왜 그런 표정을 짓는 것 같아요?",
            "A": "저랑 친구들이 말을 잘 들어서 그런 거 아닐까요."
        },
        {
            "Q": "그 표정을 지을 때, 내 기분은 어때요?",
            "A": "저도 좋아요."
        },
        {
            "Q": "형제자매가 있나요?",
            "A": "없어요."
        },
        {
            "Q": "친구들이랑 뭐 하고 놀아요?",
            "A": "친구 없어요."
        },
        {
            "Q": "왜 친구가 없어요?",
            "A": "제가 친구들한테 말을 잘 못 걸어요."
        },
        {
            "Q": "왜 친구들한테 말 거는 게 어려워요?",
            "A": "그냥 그 친구들이 저를 싫어할까 봐요."
        },
        {
            "Q": "담임선생님을 좋아하나요, 싫어하나요?",
            "A": "좋아요."
        },
        {
            "Q": "어떤 점이 좋아요?",
            "A": "저한테 재밌는 놀이를 많이 알려주시거든요."
        },
        {
            "Q": "요즘 제일 걱정되는 게 뭐에요?",
            "A": "아빠가 절 데리러 오지 않을까 봐 걱정돼요."
        },
        {
            "Q": "어떤 점에서 걱정이 돼요?",
            "A": "꼭 데리러 온다고 하긴 했지만, 안 올 수도 있을 것 같아요."
        },
        {
            "Q": "이런 걱정 때문에 어느 정도로 힘든가요?",
            "A": "학교 갈 땐 괜찮아요. 근데 주말엔 아빠 생각이 더 많이 나서 울어요."
        },
        {
            "Q": "요즘 행복한 것 같아요?",
            "A": "아니요."
        },
        {
            "Q": "왜 행복하지 않다고 느끼나요?",
            "A": "아빠가 제 옆에 없어서요."
        },
        {
            "Q": "커서 어떤 사람이 되고 싶어요?",
            "A": "잘 모르겠어요. 아직 없어요."
        },
        {
            "Q": "집에서 주로 나를 돌봐주는 어른은 누구인가요?",
            "A": "센터 선생님이요."
        },
        {
            "Q": "배가 고픈데 먹을 게 없어서 굶은 적이 있나요?",
            "A": "아니요."
        },
        {
            "Q": "저녁에 나를 집에 혼자 두고 어른들이 나갔던 적 있나요?",
            "A": "아니요."
        },
        {
            "Q": "더럽고 냄새나는 옷을 입어야 한 적이 있거나 작은 옷이나 신발을 입거나 신고 다닌 적이 있나요?",
            "A": "아니요."
        },
        {
            "Q": "인터넷이나 휴대폰을 가지고 노는 시간은 하루에 몇 시간 정도인가요?",
            "A": "두 시간 정도요."
        },
        {
            "Q": "어른들이 운동회나 참관 수업 또는 학부모 상담 같은 학교 행사에 잘 오시나요?",
            "A": "네."
        },
        {
            "Q": "부모님이나 선생님 때문에 슬프거나 화가 난 적이 있나요?",
            "A": "없어요."
        },
        {
            "Q": "주위 어른들 중 나를 때린 적이 있는 사람이 있나요?",
            "A": "아니요."
        },
        {
            "Q": "내가 원하지 않는데도 누군가가 내 몸을 만지거나 보여달라고 한 적 있어요?",
            "A": "아니요."
        },
        {
            "Q": "집에서 어른들끼리 소리 지르면서 싸우는 걸 듣거나 본 적이 있나요?",
            "A": "아니요."
        },
        {
            "Q": "친구들이 나를 자주 놀리거나 괴롭힌다고 느낀 적이 있나요?",
            "A": "그렇지는 않아요."
        },
        {
            "Q": "어떨 때 마음이 복잡하거나 힘든가요?",
            "A": "아빠 생각 날 때요."
        },
        {
            "Q": "안 좋은 기억 때문에 괴로워서 죽고 싶다는 생각을 한 적 있나요?",
            "A": "그런 적은 없어요."
        },
        {
            "Q": "잠잘 때 주로 어떤 꿈을 꾸나요?",
            "A": "꿈은 잘 안 꿔요. 저 엄청 잘자요."
        },
        {
            "Q": "부모님의 허락 없이 또는 말도 없이 집에 오랫동안 나와 있었던 적이 있나요?",
            "A": "아니요."
        }
    ]
}