{
    "info": {
        "위기단계": "응급"
    },
    "kids_ment": [
        {
            "Q": "요즘 건강은 어때?",
            "A": "학교에 오래 있기가 힘들어요. 머리가 아파서 조퇴하거나 결석을 많이 해요."
        },
        {
            "Q": "언제부터 그랬어?",
            "A": "지난달부터요."
        },
        {
            "Q": "어떨 때 머리가 아파?",
            "A": "학교에 있으면 2교시부터 느낌이 와요. 조퇴하거나 보건실에 누워 있으면 괜찮아져요."
        },
        {
            "Q": "최근 다친 곳 있어?",
            "A": "네, 팔뚝에 멍들고 꼬집혔어요."
        },
        {
            "Q": "어쩌다 그랬어?",
            "A": "반 남자애들이 주먹으로 치기도 하고 꼬집기도 해요."
        },
        {
            "Q": "뭘 할 때 즐거워?",
            "A": "책 읽을 때 좋아요. 편안한 느낌이에요."
        },
        {
            "Q": "최근 일주일 동안 짜증이나 화가 난 적 있어?",
            "A": "네, 남자애들이 저를 너무 괴롭혀서 화가 났어요."
        },
        {
            "Q": "그렇게 화가 났을 때 어떻게 하면 기분이 풀려?",
            "A": "잘 모르겠어요. 걔네 앞에서 화난 걸 보여주고 싶지 않아서 화장실 세수하니까 좀 진정되는 것 같았어요."
        },
        {
            "Q": "잠은 몇 시부터 몇 시까지 자?",
            "A": "열두 시 정도에 자는 것 같아요. 그리고 여덟 시 조금 넘어서 일어나요."
        },
        {
            "Q": "일어나면 몸 상태가 어때?",
            "A": "그냥 그래요."
        },
        {
            "Q": "잠들기 힘들거나 자다 자주 깨는 편이야?",
            "A": "심장 뛰는 소리가 커서 자기 힘든 것 같아요."
        },
        {
            "Q": "평소에 아버지는 어떤 표정을 지어?",
            "A": "요즘은 제 걱정을 많이 하시는 것 같아요."
        },
        {
            "Q": "왜 그러시는 것 같아?",
            "A": "제가 학교에서 괴롭힘당하는 걸 아시니까 그런 것 같아요."
        },
        {
            "Q": "그럴 때 내 기분은 어때?",
            "A": "죄송해요."
        },
        {
            "Q": "평소에 어머니는 어떤 표정을 지어?",
            "A": "엄마도 제 걱정을 많이 하세요."
        },
        {
            "Q": "그럴 때 내 기분은 어때?",
            "A": "죄송해요."
        },
        {
            "Q": "형제자매가 있어?",
            "A": "아니요."
        },
        {
            "Q": "친구들이랑은 뭐 하고 놀아?",
            "A": "친구들이랑 같이 스터디해요."
        },
        {
            "Q": "몇 명이서 해?",
            "A": "두 명이요."
        },
        {
            "Q": "담임선생님은 어때? 좋아 싫어?",
            "A": "담임쌤은 좋은 사람이에요. 남자애들도 혼내고 그러시는데 애들이 말을 안 들어요."
        },
        {
            "Q": "요즘 가장 큰 걱정이 뭐야?",
            "A": "반에서 절 괴롭히는 애들이요."
        },
        {
            "Q": "그 애들 때문에 일상생활이 불편하거나 힘들어?",
            "A": "네, 맞아요. 매일 학교 가기가 싫어요."
        },
        {
            "Q": "요즘 행복한 것 같아?",
            "A": "아니요, 힘들어요. 이 학교 애들이랑 안 맞는 것 같아요."
        },
        {
            "Q": "커서 어떤 사람이 되고 싶어?",
            "A": "유치원 선생님이 되고 싶어요."
        },
        {
            "Q": "이유가 뭐야?",
            "A": "제가 아기들을 좋아해요."
        },
        {
            "Q": "집에서 주로 나를 돌봐주는 어른은 누구야?",
            "A": "엄마랑 아빠 번갈아서 돌봐주세요."
        },
        {
            "Q": "배가 고픈데 먹을 게 없어서 굶은 적 있어?",
            "A": "아니요."
        },
        {
            "Q": "저녁에 나를 집에 혼자 두고 어른들이 나간 적 있어?",
            "A": "아니요."
        },
        {
            "Q": "어디 아픈 곳이 있는데 어른들이 병원에 데려가지 않은 적 있어?",
            "A": "아니요."
        },
        {
            "Q": "빨래 안 한 더럽고 냄새나는 옷을 입은 적 있어?",
            "A": "아니요."
        },
        {
            "Q": "사이즈가 작은 옷이나 신발을 입거나 신고 다닌 적 있어?",
            "A": "아니요."
        },
        {
            "Q": "인터넷이나 휴대폰을 가지고 노는 시간은 하루에 몇 시간 정도야?",
            "A": "두 시간 정도요."
        },
        {
            "Q": "부모님이 운동회나 참관수업, 학부모 상담에 잘 오셔?",
            "A": "네."
        },
        {
            "Q": "부모님이나 선생님 때문에 슬프거나 화가 난 적 있어?",
            "A": "그런 적은 딱히 없는 것 같아요."
        },
        {
            "Q": "주위 어른들 중 나를 때린 적 있는 사람 있어?",
            "A": "아니요."
        },
        {
            "Q": "내가 원하지 않는데 누군가가 내 몸을 만지거나 보여달라고 한 적 있어?",
            "A": "아니요."
        },
        {
            "Q": "집에서 어른들끼리 소리 지르면서 싸우는 걸 듣거나 본 적 있어?",
            "A": "없어요."
        },
        {
            "Q": "친구들이 나를 자주 놀리거나 괴롭힌다고 느낀 적 있어?",
            "A": "네, 사실 친구들은 아니죠. 반에 있는 남자애들이 저를 일방적으로 괴롭히는 거예요."
        },
        {
            "Q": "어떻게 괴롭히는지 자세하게 말해줄 수 있어?",
            "A": "저를 주먹으로 치거나 팔을 꼬집기도 하고요 못생겼다거나 찐따라고 놀리기도 해요."
        },
        {
            "Q": "얼마나 자주 그래?",
            "A": "한 달 전부터 시작한 것 같고요. 제가 지나가다 실수로 부딪힌 후로 그래요. 괴롭히는 건 매일이고요."
        },
        {
            "Q": "이 때문에 다쳐서 보건실이나 병원에 간 적도 있어?",
            "A": "네, 꼬집힌 것 때문에 보건실에서 연고를 발랐어요."
        },
        {
            "Q": "이 아이들 때문에 학교를 가지 않은 적도 있어?",
            "A": "지난주에는 두 번이나 결석했어요."
        },
        {
            "Q": "어떨 때 마음이 복잡하거나 힘들어?",
            "A": "학교에 있으면 그래요."
        },
        {
            "Q": "혹시 이 때문에 죽고 싶다고 생각한 적 있어?",
            "A": "죽고 싶다고는 생각해 봤어요."
        },
        {
            "Q": "얼마나 자주 그런 생각이 들었어?",
            "A": "이번 주에는 거의 매일이에요."
        },
        {
            "Q": "잠잘 때 어떤 꿈을 꿔?",
            "A": "남자애들이 저를 따라오는 꿈을 자주 꿔요."
        },
        {
            "Q": "잠이 들기 힘든 이유가 그런 꿈 때문인 것 같아?",
            "A": "그건 아니에요."
        },
        {
            "Q": "꿈을 꾸고 일어나면 몸 상태가 어때?",
            "A": "심장이 두근두근거려요."
        },
        {
            "Q": "부모님의 허락 없이 집에 오랫동안 나와 있었던 적 있어?",
            "A": "아니요."
        }
    ]
}