{
    "info": {
        "위기단계": "학대의심"
    },
    "kids_ment": [
        {
            "Q": "요즘 건강은 어때?",
            "A": "건강한 것 같아요."
        },
        {
            "Q": "최근에 다친 곳 있어?",
            "A": "네, 등이랑 다리에 피멍 들었어요."
        },
        {
            "Q": "언제 다쳤어?",
            "A": "어제요."
        },
        {
            "Q": "어쩌다 다쳤어?",
            "A": "아빠가 가방끈으로 때렸어요."
        },
        {
            "Q": "어떤 거 할 때가 즐거워?",
            "A": "티브이 볼 때요."
        },
        {
            "Q": "티브이 볼 때 어떤 점이 즐거워?",
            "A": "재밌는 것도 많이 하고요. 티브이 안 틀어 놓으면 집이 너무 조용해서 틀어놔요."
        },
        {
            "Q": "최근 일주일 동안 짜증이나 화가 난 적 있어?",
            "A": "네."
        },
        {
            "Q": "언제 짜증이나 화가 났어?",
            "A": "어제 아빠한테 맞을 때 화가 났어요."
        },
        {
            "Q": "아빠한테 맞는 일이 자주 있어?",
            "A": "네."
        },
        {
            "Q": "그렇게 화가 났을 때 어떻게 하면 기분이 풀려?",
            "A": "기분이 안 좋을 때는 잠을 자긴 하는데 그래도 나아지는지는 잘 모르겠어요."
        },
        {
            "Q": "잠을 몇 시부터 몇 시까지 자?",
            "A": "아빠가 한 아홉 시에 오시니까 저는 열 시나 열한 시에 자요. 그리고 여덟 시에 일어나요."
        },
        {
            "Q": "일어나면 컨디션이 어때?",
            "A": "피곤하고 머리가 멍한 것 같아요."
        },
        {
            "Q": "잠이 들기 힘들거나 잠자는 중간에 자주 깨는 것 같아?",
            "A": "네, 여섯 시 일곱 시 이때 깨서 화장실을 가요."
        },
        {
            "Q": "평상시에 아버지는 어떤 표정을 지어?",
            "A": "아빠는 무서워요. 술도 자주 마시고 욕도 많이 하고 저한테 명령하는 것처럼 말해요."
        },
        {
            "Q": "형제자매가 있어?",
            "A": "없어요."
        },
        {
            "Q": "친구들이랑 뭐 하고 놀아?",
            "A": "학교 끝나고 친구 집 가서 게임하는 것 같아요."
        },
        {
            "Q": "몇 명이 같이 놀아?",
            "A": "두세 명이요, 어릴 때부터 친한 애들이에요."
        },
        {
            "Q": "담임선생님은 어때? 좋아 싫어?",
            "A": "좋아요, 조용하시고 애들도 조용한 걸 좋아하는 것 같아요."
        },
        {
            "Q": "요즘 가장 큰 걱정거리는 뭐야?",
            "A": "아빠가 한번 때리면 너무 심하게 때려서 너무 싫고 무서워요."
        },
        {
            "Q": "그런 점 때문에 일주일에 몇 번이나 힘들다고 느껴?",
            "A": "매일 힘든 거 같아요."
        },
        {
            "Q": "요즘 행복하다고 느껴?",
            "A": "아니요, 차라리 엄마랑 사는 게 훨씬 좋을 것 같아요."
        },
        {
            "Q": "커서 어떤 사람이 되고 싶어?",
            "A": "아이언맨처럼 강한 사람이 돼서 아빠가 꼼짝도 못 했으면 좋겠어요."
        },
        {
            "Q": "집에서 주로 나를 돌봐주는 어른은 누구야?",
            "A": "아빠요."
        },
        {
            "Q": "배가 고픈데 먹을 게 없어서 굶은 적 있어?",
            "A": "네, 아빠가 일찍 나가고 늦게 들어와서 밥은 제가 다 해요."
        },
        {
            "Q": "저녁에 나를 집에 혼자 두고 아빠가 나간 적 있어?",
            "A": "가끔 술 마시거나 회식한다고 늦게 들어와요. 한 달에 한 번 정도요."
        },
        {
            "Q": "어디 아픈 곳이 있는데 어른들이 병원에 데려가지 않은 적 있어?",
            "A": "네, 아빠는 제가 아픈 거에 관심이 없어서 혼자 병원 갔어요."
        },
        {
            "Q": "빨래 안 한 더럽고 냄새나는 옷을 입은 적 있어?",
            "A": "네."
        },
        {
            "Q": "사이즈가 작은 옷이나 신발을 입거나 신고 다닌 적 있어?",
            "A": "네."
        },
        {
            "Q": "인터넷이나 휴대폰을 가지고 노는 시간은 하루에 몇 시간 정도야?",
            "A": "컴퓨터랑 휴대폰이 없어요."
        },
        {
            "Q": "부모님이 운동회나 참관수업, 학부모 상담에 잘 오셔?",
            "A": "아니요."
        },
        {
            "Q": "부모님이나 선생님 때문에 슬프거나 화가 난 적 있어?",
            "A": "네, 아빠 때문에 화가 났어요."
        },
        {
            "Q": "아빠의 어떤 말이나 행동이 나를 슬프게 했어?",
            "A": "제가 필요 없다고 하고 엄마도 제가 필요 없을 거라고 했어요."
        },
        {
            "Q": "어른들이 나를 어디에 가두고 못 나오게 한 적 있어?",
            "A": "아니요."
        },
        {
            "Q": "남들 앞에서 혼나거나 다른 아이들과 비교당할 때 있어?",
            "A": "아니요."
        },
        {
            "Q": "어른들이 나를 집에서 쫓아내거나 버리겠다고 말하거나 진짜 쫓아낸 적 있어?",
            "A": "아빠가 엄마 집으로 가라고 할 때가 종종 있어요."
        },
        {
            "Q": "내가 무엇을 하려고 할 때 무조건 안 된다고 하거나 하기 싫은데 무조건 하라고 할 때가 있어?",
            "A": "네, 매번 그런 것 같아요."
        },
        {
            "Q": "마음이 힘들 때 가족에게 내 마음을 이야기해?",
            "A": "아니요, 해 봤자 친구한테 말하거나 안 해요."
        },
        {
            "Q": "주위 어른들 중 나를 때린 적 있는 사람 있어?",
            "A": "네, 아빠가 자주 때려요. 어제도 맞았어요."
        },
        {
            "Q": "아빠가 나를 때린 이유는 뭐라고 생각해?",
            "A": "제가 숙제 안 하고 티브이 보고 있으니까 화내면서 때렸어요."
        },
        {
            "Q": "어디를 무엇으로 맞았어?",
            "A": "어제는 가방이랑 가방끈으로 얼굴이랑 등, 다리요."
        },
        {
            "Q": "아빠가 얼마나 자주 때리는 것 같아?",
            "A": "요즘은 일주일에 한 번이요."
        },
        {
            "Q": "맞아서 얼마나 다쳤어?",
            "A": "등이랑 다리에 피멍이 들고 퉁퉁 부었어요."
        },
        {
            "Q": "이렇게 다친 것 때문에 병원에서 치료를 받거나 입원한 적 있어?",
            "A": "아니요, 두면 나아요."
        },
        {
            "Q": "내가 원하지 않는데 누군가가 내 몸을 만지거나 보여달라고 한 적 있어?",
            "A": "아니요."
        },
        {
            "Q": "집에서 어른들끼리 소리 지르면서 싸우는 걸 듣거나 본 적 있어?",
            "A": "아니요."
        },
        {
            "Q": "친구들이 나를 자주 놀리거나 괴롭힌다고 느낀 적 있어?",
            "A": "아니요, 친구들은 제가 불쌍하대요."
        },
        {
            "Q": "어떨 때 마음이 복잡하거나 힘들어?",
            "A": "아빠를 볼 때요."
        },
        {
            "Q": "혹시 이 때문에 죽고 싶다고 생각한 적 있어?",
            "A": "아니요."
        },
        {
            "Q": "잠잘 때 어떤 꿈을 꿔?",
            "A": "내용이 뒤죽박죽이긴 한데 악몽은 아니구요. 그냥 꿈을 많이 꿔요."
        },
        {
            "Q": "부모님의 허락 없이 집에 오랫동안 나와 있었던 적 있어?",
            "A": "아니요."
        }
    ]
}