{
    "info": {
        "위기단계": "학대의심"
    },
    "kids_ment": [
        {
            "Q": "최근에 건강한가요, 아니면 아픈 곳이 있나요?",
            "A": "있어요."
        },
        {
            "Q": "어디가 어떻게 아픈가요?",
            "A": "배가 좀 아파요."
        },
        {
            "Q": "언제부터 아팠나요?",
            "A": "어제부터요."
        },
        {
            "Q": "얼마나 자주 아팠나요?",
            "A": "가끔이요."
        },
        {
            "Q": "최근에 다쳤던 적이 있었나요, 없었나요?",
            "A": "없어요."
        },
        {
            "Q": "뭘 할 때가 즐겁나요?",
            "A": "노래 부를 때 즐거워요."
        },
        {
            "Q": "노래할 때 어떤 점이 즐거운가요?",
            "A": "아무런 생각도 안 나요. 그냥 즐거워요."
        },
        {
            "Q": "최근 일주일 동안 짜증이나 화가 난 적이 있나요?",
            "A": "있어요."
        },
        {
            "Q": "무엇 때문에, 짜증이나 화가 났나요?",
            "A": "부모님이 저를 폭행했어요."
        },
        {
            "Q": "그런 일이 자주 일어나나요?",
            "A": "가끔이요."
        },
        {
            "Q": "평소에, 짜증이나 화가 났을 때, 어떻게 하면 마음이 풀려요?",
            "A": "가만있어요."
        },
        {
            "Q": "몇 시에 자고, 몇 시에 일어나나요?",
            "A": "밤 열두 시에 자서, 아침 일곱 시에 일어나요."
        },
        {
            "Q": "아침에 일어났을 때, 몸 상태는 어때요?",
            "A": "괜찮아요."
        },
        {
            "Q": "평소에 잠이 들기 힘들거나, 잠자는 중간에 자주 깨나요?",
            "A": "아니요."
        },
        {
            "Q": "평상시에 아버지는 어떤 표정을 자주 짓나요?",
            "A": "화난 표정이에요."
        },
        {
            "Q": "왜 그런 표정을 짓는 것 같아요?",
            "A": "짜증 나는 일이 많으신 것 같아요."
        },
        {
            "Q": "그 표정을 지을 때, 내 기분은 어때요?",
            "A": "저도 기분 안 좋아요."
        },
        {
            "Q": "평상시에 어머니는 어떤 표정을 자주 짓나요?",
            "A": "엄마는 무표정이에요."
        },
        {
            "Q": "왜 그런 표정을 짓는 것 같아요?",
            "A": "항상 그런 표정을 지으셔서, 잘 안 웃으세요."
        },
        {
            "Q": "그 표정을 지을 때, 내 기분은 어때요?",
            "A": "저도 기분이 별로예요."
        },
        {
            "Q": "형제자매는 몇 명이에요?",
            "A": "한 명이에요."
        },
        {
            "Q": "형제자매는 누구누구가 있어요?",
            "A": "남동생 있어요."
        },
        {
            "Q": "남동생과 사이가 어때요?",
            "A": "좋아요."
        },
        {
            "Q": "평소에 부모님이 남동생과 나를 차별하는 것 같아요?",
            "A": "네, 조금 남동생을 칭찬하며 편애해요."
        },
        {
            "Q": "친구들이랑 주로 뭐 하고 놀아요?",
            "A": "게임하고 유튜브 보며 놀아요."
        },
        {
            "Q": "주로 몇 명이 놀아요?",
            "A": "세 명이요."
        },
        {
            "Q": "담임선생님을 좋아하나요, 싫어하나요?",
            "A": "좋아해요."
        },
        {
            "Q": "담임 선생님이 어떤 부분에서 좋아요?",
            "A": "모르는 것도 잘 알려주셔서 좋아요."
        },
        {
            "Q": "요즘 가장 큰 걱정거리는 무엇인가요?",
            "A": "학교 성적이 걱정이에요."
        },
        {
            "Q": "무엇 때문에 그런 걱정이 되나요?",
            "A": "수학 성적이 잘 안 올라요."
        },
        {
            "Q": "걱정거리 때문에 생활이 불편하거나 힘든가요?",
            "A": "아니요."
        },
        {
            "Q": "요즘 행복하다고 느끼나요?",
            "A": "아니요."
        },
        {
            "Q": "왜 불행하다고 느끼나요?",
            "A": "부모님이 저를 많이 혼내세요."
        },
        {
            "Q": "커서 어떤 사람이 되고 싶은지, 꿈이 무엇인지 이야기해 줄래요?",
            "A": "꿈은 없어요."
        },
        {
            "Q": "해보고 싶은 일이 없나요?",
            "A": "네, 없어요."
        },
        {
            "Q": "집에서 주로 나를 돌봐주는 어른은 누구인가요?",
            "A": "엄마세요."
        },
        {
            "Q": "배가 고픈데 먹을 게 없어서 굶은 적이 있나요? 왜 그랬나요?",
            "A": "집에 먹을 것이 별로 없어요."
        },
        {
            "Q": "저녁에 나를 집에 혼자 두고 어른들이 나갔던 적 있나요? 얼마나 자주 이런 일이 있나요?",
            "A": "네, 자주 그러세요."
        },
        {
            "Q": "가족 중에 나를 항상 돌봐주는 사람이 갑자기 말도 없이 집을 나가서 안 들어온 적이 있나요?",
            "A": "네, 엄마가 그러셨어요."
        },
        {
            "Q": "어디 아픈 곳이 있는데 어른들이 병원에 데려가지 않은 적이 있나요? 몇 번이나 있나요?",
            "A": "네, 있어요. 서너 번이요."
        },
        {
            "Q": "옷이나 신발 사이즈가 작은 걸 입거나 신고 다닌 적이 있나요? 기간은 어느 정도인가요?",
            "A": "그렇진 않아요."
        },
        {
            "Q": "부모님이나 선생님 때문에 슬프거나 화가 난 적이 있나요?",
            "A": "없어요."
        },
        {
            "Q": "주위 어른들 중 나를 때린 적이 있는 사람이 있나요?",
            "A": "네, 있어요."
        },
        {
            "Q": "최근에 나를 때린 어른은 누구인가요? 누가 그랬어요?",
            "A": "엄마, 아빠예요."
        },
        {
            "Q": "엄마 아빠가 나를 때리시는 이유는 뭐라고 생각해요?",
            "A": "이유 없이 때리셨어요."
        },
        {
            "Q": "어느 부위를 무엇으로 맞았나요?",
            "A": "손으로 종아리와 등을 맞았어요."
        },
        {
            "Q": "평소 부모님이 자주 때리시나요.",
            "A": "네 ."
        },
        {
            "Q": "부모님에게 맞아서 얼마나 다쳤나요?",
            "A": "종아리와 등에 멍이 들 정도였고 병원에 가야 할 정도였어요."
        },
        {
            "Q": "내가 원하지 않는데도 누군가가 내 몸을 만지거나 보여달라고 한 적 있어요?",
            "A": "없어요."
        },
        {
            "Q": "집에서 어른들끼리 소리 지르면서 싸우는 걸 듣거나 본 적이 있나요? 있다면 얼마나 자주 있나요?",
            "A": "없어요."
        },
        {
            "Q": "친구들이 나를 자주 놀리거나 괴롭힌다고 느낀 적이 있나요?",
            "A": "없어요."
        },
        {
            "Q": "어떨 때 마음이 복잡하거나 힘든가요?",
            "A": "부모님이 저를 때리셨을 때 힘들었어요."
        },
        {
            "Q": "안 좋은 기억 때문에 괴로워서 죽고 싶다는 생각을 한 적 있나요?",
            "A": "그렇진 않았어요."
        },
        {
            "Q": "잠잘 때 주로 어떤 꿈을 꾸나요?",
            "A": "꿈은 잘 안 꿔요."
        },
        {
            "Q": "부모님의 허락 없이 또는 말도 없이 집에 오랫동안 나와 있었던 적이 있나요?",
            "A": "아니요."
        }
    ]
}