{
    "info": {
        "위기단계": "응급"
    },
    "kids_ment": [
        {
            "Q": "최근에 아팠거나 아파서 약을 먹었던 적이 있나요?",
            "A": "머리요."
        },
        {
            "Q": "지금 손으로 만지는 머리 쪽은 언제부터 아팠어요?",
            "A": "몰라요. 그냥 계속 아팠어요."
        },
        {
            "Q": "머리 아프다고 부모님께 이야기 한 적 있나요?",
            "A": "아빠한테 말한 적 있는데 참으래요. 그냥."
        },
        {
            "Q": "머리가 맨 처음 아팠을 때 아무 일도 없었었나요?",
            "A": "기억 안 나요. 뭐가 쿵 하고 했던 거 같기도 한데 모르겠어요. 몰라요."
        },
        {
            "Q": "예전에도 머리가 자주 아프고 그랬나요?",
            "A": "자주 아파요. 머리 그냥."
        },
        {
            "Q": "최근에 다친 적이 있거나 상처가 난 적이 있나요?",
            "A": "머리에서 피 쪼금 났어요. 아빠가 약 발라줬어요."
        },
        {
            "Q": "머리는 언제 다쳤어요?",
            "A": "기억 안 나요. 머리에 뭐가 쿵 했었는데 그때 난 거 같기도 하고."
        },
        {
            "Q": "머리에 뭐가 쿵 한 건 언제 그랬던 거 같아요?",
            "A": "잘 모르겠어요. 아빠가 <욕설> 라고 욕하시다 갑자기 쿵 했어요."
        },
        {
            "Q": "아빠가 <욕설> 라고 욕을 하셨나요?",
            "A": "네, 엄마랑 똑같다며 <욕설> 래요. 근데 저가 맨날 실수 많아서 그런가 봐요."
        },
        {
            "Q": "예전에도 아빠가 그럴 때마다 뭐가 머리에 쿵 한 거 같고 그랬나요?",
            "A": "네, 쿵 했어요."
        },
        {
            "Q": "어떤 걸 할 때 가장 기분이 즐겁나요?",
            "A": "별로 재미없어요. 예전에 레고는 재밌었는데."
        },
        {
            "Q": "예전에는 레고 할 때 즐거웠나요?",
            "A": "네, 레고 만들 때 좋아요."
        },
        {
            "Q": "지금은 레고 만들 때 즐겁지 않아요?",
            "A": "네. 레고+ 레고하면 뭐 만들려 했는지 가끔 기억이 안 나서 안나요."
        },
        {
            "Q": "언제부터 레고 만들 때 뭐 만드지 기억도 안 나고 재미가 없어요?",
            "A": "모르겠어요. 레고 만들면 아빠가 뭐라 하시기도 하고."
        },
        {
            "Q": "레고 만들 때 아빠가 뭐라고 하시던가요?",
            "A": "하지 말래요. 책이나 보라고."
        },
        {
            "Q": "",
            "A": ""
        },
        {
            "Q": "최근 일주일 동안 짜증이나 화가 난 적이 있나요?",
            "A": "네, 아빠가 시키신 거 까먹어서 짜증 났어요."
        },
        {
            "Q": "아빠가 어떤 걸 시키셨는데 까먹었어요?",
            "A": "아빠가 올 때까지 빨래 개라고 하셨는데 저가 깜빡했어요."
        },
        {
            "Q": "아빠가 시킨 일을 깜빡하고 기억 못 하는 일이 자주 있나요?",
            "A": "원랜 안 그랬는데 맨날 맨날 깜빡하는 거 같아요."
        },
        {
            "Q": "아빠가 시키신 거 까먹어서 짜증 났을 때 어떻게 했어요?",
            "A": "아빠가 잘못하면 맞아야 하는 거래서 저가 장난감 막대기로 때렸어요."
        },
        {
            "Q": "장난감 막대기로 본인을 때렸나요?",
            "A": "네, 다리 여기 때렸어요. 아빠가 잘못하면 여기 맞아야 한댔어요."
        },
        {
            "Q": "실수할 때마다 스스로 때리나요?",
            "A": "네, 저는 나쁜 아이니까 혼나야 해요."
        },
        {
            "Q": "몇 시에 자고 몇 시에 일어나나요?",
            "A": "졸리면 자고, 학교 가야 할 때 되면 아빠가 깨워주세요."
        },
        {
            "Q": "아침에 일어났을 때, 몸 상태는 어때요?",
            "A": "졸려요, 자꾸 깨서."
        },
        {
            "Q": "평소에 잠이 들기 힘들거나, 잠자는 중간에 자주 깨나요?",
            "A": "네, 무서운 꿈 꾸면 자다가 맨날 깨요."
        },
        {
            "Q": "무서운 꿈은 언제부터 꾸었어요?",
            "A": "몰라요. 기억 안 나요. 쿵 하고 나서부터인가 몰라요."
        },
        {
            "Q": "무서운 꿈은 어떤 무서운 꿈이에요? 말해줄 수 있어요?",
            "A": "저가 막 도망가는데 뒤에서 키가 엄청 크고 까만 호랑이가 자꾸 쫓아와요."
        },
        {
            "Q": "키가 엄청 크고 까만 호랑이가 쫓아와서 어떻게 했어요?",
            "A": "여기 머리를 자꾸 깨물어요."
        },
        {
            "Q": "평상시에 아버지는 어떤 표정을 자주 짓나요?",
            "A": "맨날 화나 있어요. 무서워요."
        },
        {
            "Q": "아빠는 맨날 화가 무엇 때문에 나 있을까요?",
            "A": "제가 나쁜 아이래요. 저만 보면 화내세요."
        },
        {
            "Q": "아빠가 그런 표정 지으면 기분이 어때요?",
            "A": "제가 잘못해서 그러시구나 하고 슬퍼요."
        },
        {
            "Q": "아버지가 화내는 표정 말고 또 어떤 표정 짓나요?",
            "A": "몰라요. 기억 안 나요. 아빠 얼굴 잘 못 봐서."
        },
        {
            "Q": "형제자매는 몇 명이에요?",
            "A": "없어요."
        },
        {
            "Q": "친구들이랑 주로 뭐 하고 놀아요?",
            "A": "잘 못 놀아요."
        },
        {
            "Q": "친구들이랑 잘 못 노는 이유가 있어요?",
            "A": "아빠가 놀지 말래요. 학교 끝나고 집에 오라고."
        },
        {
            "Q": "아빠가 친구들이랑 놀지 말라는 이유를 말해 줬나요?",
            "A": "여기 동네 애들 다 나쁘다고 같이 놀면 혼낸대요."
        },
        {
            "Q": "친구들이 다 나쁜 친구들 같아요?",
            "A": "아빠가 그렇대요. 그래서 저도 집에 바로 와요."
        },
        {
            "Q": "담임선생님을 좋아하나요, 싫어하나요?",
            "A": "선생님 좋아요."
        },
        {
            "Q": "담임선생님이 어떤 부분에서 좋아요?",
            "A": "맨날 저 보면 밥 먹었냐, 어디 아픈 데 없냐, 물어봐 줘요."
        },
        {
            "Q": "담임선생님이 그렇게 물어보면 기분이 어때요?",
            "A": "좋아요. 근데 아빠가 선생님 싫어해요."
        },
        {
            "Q": "아빠가 담임선생님이 싫은 이유를 말해준 적 있나요?",
            "A": "자꾸 간섭한다고 <욕설> 이래요."
        },
        {
            "Q": "아빠가 그런 말을 앞에서 자주 하시나요?",
            "A": "네."
        },
        {
            "Q": "요즘 가장 큰 걱정거리는 무엇인가요?",
            "A": "아빠가 시킨 거 깜빡깜빡 안 하고 싶은데 자꾸 그래서."
        },
        {
            "Q": "아빠가 시킨 거 기억 잘 못 하는 게 어떤 점에서 걱정이에요?",
            "A": "착한 아이가 돼야 하는데 자꾸 나쁜 아이라서요."
        },
        {
            "Q": "그런 걱정 때문에 생활하기 힘든가요?",
            "A": "깜빡 까먹을 때마다 맞아야 하니까 근데 착한 아이 돼야 해요."
        },
        {
            "Q": "요즘 행복하다고 느끼나요?",
            "A": "아니요, 저는 착한 아이 아니라서 안 돼요."
        },
        {
            "Q": "어떤 점에서 착한 아이가 아닌 게 안 돼요?",
            "A": "나쁜 아이는 혼나야 하고 착한 아이가 돼야 잘 사는 거랬어요, 아빠가."
        },
        {
            "Q": "나쁜 아이는 행복하면 안 될까요?",
            "A": "네, 나쁜 아이니까요. 저는 나쁜 아이라 그러면 안 되요."
        },
        {
            "Q": "커서 어떤 사람이 되고 싶어요?",
            "A": "착한 아이요."
        },
        {
            "Q": "착한 아이가 왜 되고 싶어요?",
            "A": "그래야 아빠가 칭찬해 주고 밥도 주고 그럴 거 같아서."
        },
        {
            "Q": "아빠가 나쁜 아이는 밥 먹으면 안 된다고 했어요?",
            "A": "네, 그래서 배고픈데 전 나쁜 아이라 먹으면 안 된대요."
        },
        {
            "Q": "착한 아이 말고 또 되고 싶은 사람이 있나요?",
            "A": "아빠요. 힘세고 의자도 잘 들고 그래서요."
        },
        {
            "Q": "집에서 주로 나를 돌봐주는 어른은 누구인가요?",
            "A": "아빠요."
        },
        {
            "Q": "배가 고픈데 먹을 게 없어서 굶은 적이 있나요?",
            "A": "네, 아빠가 나쁜 아이라고 혼내면 먹을 수 없어요."
        },
        {
            "Q": "굶은 적이 자주 있나요?",
            "A": "아빠가 혼낼 때마다 먹을 수 없어요."
        },
        {
            "Q": "가장 최근에, 집에서 밥 먹은 게 언제인가요?",
            "A": "이틀 전이요. 어제도 혼났어요. 나쁜 아이래요."
        },
        {
            "Q": "저녁에 나를 집에 혼자 두고 아빠가 나간 적 있나요?",
            "A": "네, 자주 그러세요."
        },
        {
            "Q": "몇 번이나 그러시는 거 같아요?",
            "A": "열 번?"
        },
        {
            "Q": "아빠가 나가시고 집에 안 들어오신 적도 있나요?",
            "A": "네, 그래서 학교 지각한 적 있어요."
        },
        {
            "Q": "아빠가 몇 번이나 집에 안 들어오고 그러세요?",
            "A": "열 번?"
        },
        {
            "Q": "어디 아픈 곳이 있는데 아빠가 병원에 데려가지 않은 적 있나요?",
            "A": "아프면 참아야 한대요."
        },
        {
            "Q": "저번에, 머리에 피 쪼금 났을 때 아빠가 병원에 데려가셨나요?",
            "A": "아니요, 그냥 약 발라줬어요. 이제 안 아플 거랬어요."
        },
        {
            "Q": "더럽고 냄새나는 옷을 입어야 한 적 있었나요?",
            "A": "지금도 나요, 냄새. 세탁기 안 돌려주셔서 입었어요. 그냥."
        },
        {
            "Q": "아빠가 운동회나 참관 수업 또는 학부모 상담 같은 학교 행사에 잘 오시나요? 안 오신 적은 없나요?",
            "A": "안 오세요."
        },
        {
            "Q": "부모님이나 선생님의 어떤 말이나 행동이 나를 슬프게 하나요?",
            "A": "저는 나쁜 아이래요. 쓸모도 없고. 그래서 아빠 말을 잘 들어야 한대요."
        },
        {
            "Q": "그런 말을 들으면 슬픈가요?",
            "A": "네, 하지만 착한 아이가 돼야 해서 참을 거예요."
        },
        {
            "Q": "아빠가 나를 가두고 못 나오게 한 적이 있나요?",
            "A": "학교 갔다가 집에 오면 나가지 말래요. 나가면 죽는다고."
        },
        {
            "Q": "밖에 나가면 죽는다고 아빠가 말하던가요?",
            "A": "네, 맘대로 나가면 가만 안 둘 거래요."
        },
        {
            "Q": "다른 사람들 앞에서도 혼날 때도 있었나요?",
            "A": "아니요."
        },
        {
            "Q": "내가 무엇을 하려고 할 때, 무조건 안 된다고 하거나, 하기 싫은데도 무조건 하라고 할 때가 있나요?",
            "A": "친구랑 놀지 말라고 하고, 밖에 나가면 안 된대요. 바닥도 수건으로 닦으래요."
        },
        {
            "Q": "그럴 때 아빠에게 하기 싫다고 말해본 적 있어요?",
            "A": "아니요, 전 착한 아이가 돼야 해서, 하기 싫지만 해야 해요."
        },
        {
            "Q": "마음이 아프거나 힘들 때, 아빠에게 말하나요?",
            "A": "아니요, 귀찮게 하면 나쁜 아이랬어요."
        },
        {
            "Q": "최근에 나를 때린 어른이 누구인가요?",
            "A": "몰라요, 기억 안 나요."
        },
        {
            "Q": "아빠가 잘못하면 어떻게 혼내세요?",
            "A": "아빠 방에 나무칼 같은 걸로요."
        },
        {
            "Q": "아빠가 그걸로 어느 부위를 혼내시던가요?",
            "A": "그냥 여기저기요. 나쁜 아이래요."
        },
        {
            "Q": "그래서 얼마나 아팠어요? 다치거나 상처 나진 않았어요?",
            "A": "여기 다리랑 여기 팔이랑 빨갛게 됐었는데 이젠 아프진 않아요."
        },
        {
            "Q": "다리랑 팔이랑 빨갛게 돼서 병원에 간 적 있나요?",
            "A": "아니요, 나쁜 아이라 그런 거라 착한 아이 되면 안 생긴댔어요, 아빠가."
        },
        {
            "Q": "내가 원하지 않는데도 누군가 내 몸을 만지거나 보여달라고 한 적 있어요?",
            "A": "아니요."
        },
        {
            "Q": "집에서 아빠가 소리 지르거나 화내는 걸 얼마나 자주 봤어요?",
            "A": "몰라요. 기억 안 나요. 맨날 그러세요."
        },
        {
            "Q": "아빠가 집에서 술도 드시나요?",
            "A": "맨날 초록 병물 마시는데 냄새 이상해요. 머리 아파요."
        },
        {
            "Q": "아빠가 초록 병물 마시고 집에서 무섭게 행동할 때가 많나요?",
            "A": "네, 맨날 그래요."
        },
        {
            "Q": "몇 번이나 그러시는 거 같아요?",
            "A": "몰라요. 기억 안 나요."
        },
        {
            "Q": "열 번 넘은 거 같아요? 열 번 보다 적은 거 같아요?",
            "A": "열 번보다 많은 거 같아요."
        },
        {
            "Q": "그렇게 무섭게 행동할 때 안 좋은 소리를 하시나요?",
            "A": "엄마처럼 나쁜 아이래요. 근데 엄마 모르는데 저는."
        },
        {
            "Q": "그런 일 때문에, 집에 경찰이나 누가 온 적 있나요?",
            "A": "아니요, 없어요."
        },
        {
            "Q": "친구들이 나를 자주 놀리거나 괴롭힌다고 느낀 적이 있나요?",
            "A": "아니요."
        },
        {
            "Q": "어떨 때 마음이 복잡하거나 힘든가요?",
            "A": "착한 아이 되고 싶은데 자꾸 나쁜 아이라서."
        },
        {
            "Q": "착한 아이 되고 싶은데 못 그래서 혹시 죽고 싶다는 생각 한 적 있나요?",
            "A": "아니요, 아빠한테 착한 아이 돼야 해요."
        },
        {
            "Q": "나쁜 아이라고 생각 들 때 어떻게 해요?",
            "A": "나쁜 아이는 혼나야 해서 장난감 빨간 막대기로 저 막 혼내요."
        },
        {
            "Q": "본인 스스로 혼내나요?",
            "A": "네, 나쁜 아이니까요."
        },
        {
            "Q": "잠잘 때 주로 어떤 꿈을 꾸어요?",
            "A": "까만 호랑이가 맨날 쫓아와요."
        },
        {
            "Q": "아까 까만 호랑이가 맨날 쫓아오는 꿈을 꾼다고 했는데, 언제부터 꾸었어요?",
            "A": "몰라요. 기억 안나요. 쿵 했을 때부터 그랬나 잘 모르겠어요."
        },
        {
            "Q": "쿵 하기 전에는 이런 꿈을 꾼 적이 없나요?",
            "A": "네, 기억 안 나는데 그런 거 같아요."
        },
        {
            "Q": "이런 꿈을 자꾸 꿀 때 어떻게 해요?",
            "A": "무서워서 이불 속에서 로보트 껴안고 꼭 가만있어요."
        },
        {
            "Q": "그렇게 있으면 무서운 게 많이 줄어드나요?",
            "A": "네, 로보트처럼 멋지고 착한 사람 될 거니까요."
        },
        {
            "Q": "부모님의 허락 없이 또는 말도 없이 집에 오랫동안 나와 있었던 적이 있나요?",
            "A": "아니요."
        }
    ]
}