{
    "info": {
        "위기단계": "상담필요"
    },
    "kids_ment": [
        {
            "Q": "최근에 건강한가요, 아니면 아픈 곳이 있나요?",
            "A": "육회 먹어서 화장실 갔어요."
        },
        {
            "Q": "언제 그랬나요?",
            "A": "지난주 목요일이요."
        },
        {
            "Q": "육회를 먹었을 때 자주 그런가요?",
            "A": "이번에 육회를 처음 먹어봤어요."
        },
        {
            "Q": "최근에 다쳤던 적이 있었나요?",
            "A": "아니요."
        },
        {
            "Q": "뭘 할 때가 즐겁나요?",
            "A": "글쎄요. 잘 모르겠어요."
        },
        {
            "Q": "요새 즐거움을 느끼지 못하고 있다면 이유가 뭘까요?",
            "A": "좋아하는 친구가 있었는데 그 친구가 남자친구가 생겼어요."
        },
        {
            "Q": "최근 일주일 동안 짜증이나 화가 난 적이 있나요?",
            "A": "제가 좋아하는 친구는 저랑 학원을 같이 다니는데 남자친구 생기기 전까지 저랑 같이 학원에 갔어요. 근데 이제는 남자친구랑 간대요. 짜증 나요."
        },
        {
            "Q": "그런 일이 자주 일어나나요?",
            "A": "그 친구가 남자친구가 생긴 후에는 자주 그래요."
        },
        {
            "Q": "평소에, 짜증이나 화가 났을 때, 어떻게 하면 마음이 풀려요?",
            "A": "그림 그리거나 레고 만들어요."
        },
        {
            "Q": "몇 시에 자고, 몇 시에 일어나나요?",
            "A": "열두 시에 자고 일곱 시에 일어나요."
        },
        {
            "Q": "아침에 일어났을 때, 몸 상태는 어때요?",
            "A": "좋아요."
        },
        {
            "Q": "평소에 잠이 들기 힘들거나, 잠자는 중간에 자주 깨나요?",
            "A": "아니요."
        },
        {
            "Q": "평상시에 아버지는 어떤 표정을 자주 짓나요?",
            "A": "아빠는 웃음이 많아요."
        },
        {
            "Q": "아빠는 친구를 볼 때 왜 그런 표정을 짓는 것 같아요?",
            "A": "저를 사랑해서요."
        },
        {
            "Q": "그 표정을 지을 때, 내 기분은 어때요?",
            "A": "좋아요."
        },
        {
            "Q": "평상시에 어머니는 어떤 표정을 자주 짓나요?",
            "A": "엄마는 좋지만, 걱정이 많아요."
        },
        {
            "Q": "엄마는 친구를 볼 때 왜 그런 표정을 짓는 것 같아요?",
            "A": "모르겠어요. 걱정이 많아요."
        },
        {
            "Q": "그 표정을 지을 때, 내 기분은 어때요?",
            "A": "엄마가 너무 걱정하지 않으면 좋겠어요."
        },
        {
            "Q": "엄마가 어떤 부분을 걱정하는 것 같아요?",
            "A": "뉴스에 무서운 이야기가 나와서 그런 것 같아요."
        },
        {
            "Q": "형제자매는 몇 명이에요?",
            "A": "쌍둥이 형이 있어요."
        },
        {
            "Q": "사이가 어때요?",
            "A": "좋아하는 음식도 비슷해서 자주 싸우기도 하지만, 가끔은 제 이야기를  형이 잘 들어줘요."
        },
        {
            "Q": "평소에 부모님이 형과 나를 차별하는 것 같아요?",
            "A": "아니요."
        },
        {
            "Q": "친구들이랑 주로 뭐 하고 놀아요?",
            "A": "핸드폰 게임하거나 축구해요."
        },
        {
            "Q": "주로 몇 명이서 놀아요?",
            "A": "네 명이요."
        },
        {
            "Q": "담임선생님을 좋아하나요, 싫어하나요?",
            "A": "담임선생님 웃기고, 수업 시간에 재밌는 거 많이 해서 좋아요."
        },
        {
            "Q": "요즘 가장 큰 걱정거리는 무엇인가요?",
            "A": "제가 좋아하는 친구랑 계속 멀어질 것 같아요."
        },
        {
            "Q": "걱정거리 때문에 생활이 불편하거나 힘든가요?",
            "A": "학교 가서 그 친구랑 남자친구 보면 너무 화나고 서운해요."
        },
        {
            "Q": "요즘 행복하다고 느끼나요?",
            "A": "아니요, 제가 그 친구의 남자친구가 되고 싶어요."
        },
        {
            "Q": "커서 어떤 사람이 되고 싶은지, 꿈이 무엇인지 이야기해 줄래요?",
            "A": "사촌 형이 주식이랑 토토로 돈 많이 벌었는데 저도 그러고 싶어요, 그래서 돈 많은 백수가 될래요."
        },
        {
            "Q": "집에서 주로 나를 돌봐주는 어른은 누구인가요?",
            "A": "엄마랑 아빠요."
        },
        {
            "Q": "배가 고픈데 먹을 게 없어서 굶은 적이 있나요?",
            "A": "아니요."
        },
        {
            "Q": "저녁에 나를 집에 혼자 두고 어른들이 나갔던 적이 있나요?",
            "A": "아니요."
        },
        {
            "Q": "인터넷이나 휴대폰을 가지고 노는 시간은 하루에 몇 시간 정도인가요?",
            "A": "두 시간이요."
        },
        {
            "Q": "어른들이 운동회나 참관 수업 또는 학부모 상담 같은 학교 행사에 잘 오시나요?",
            "A": "네, 대부분 오세요."
        },
        {
            "Q": "부모님이나 선생님 때문에 슬프거나 화가 난 적이 있나요?",
            "A": "아니요, 없어요."
        },
        {
            "Q": "다른 사람들 앞에서도 혼날 때 있나요?",
            "A": "아니요."
        },
        {
            "Q": "어른들이 나를 다른 아이들과 비교하나요?",
            "A": "아니요, 안 그래요."
        },
        {
            "Q": "내가 무엇을 하려고 할 때, 무조건 안 된다고 하거나, 하기 싫은데도 무조건 하라고 할 때가 있나요?",
            "A": "없어요."
        },
        {
            "Q": "마음이 힘들 때, 누구에게 내 마음을 이야기하나요?",
            "A": "쌍둥이 형이요."
        },
        {
            "Q": "주위 어른들 중 나를 때린 적이 있는 사람이 있나요?",
            "A": "아니요."
        },
        {
            "Q": "내가 원하지 않는데도 누군가가 내 몸을 만지거나 보여달라고 한 적 있어요?",
            "A": "아니요."
        },
        {
            "Q": "어른들끼리 소리 지르면서 싸우는 걸 듣거나 본 적이 있나요?",
            "A": "아니요."
        },
        {
            "Q": "친구들이 나를 자주 놀리거나 괴롭힌다고 느낀 적이 있나요?",
            "A": "아니요."
        },
        {
            "Q": "어떨 때 마음이 복잡하거나 힘든가요?",
            "A": "짝사랑하는 친구랑 남자친구 볼 때요."
        },
        {
            "Q": "안 좋은 기억 때문에 괴로워서 죽고 싶다는 생각을 한 적 있나요?",
            "A": "아니요."
        },
        {
            "Q": "잠잘 때 주로 어떤 꿈을 꾸나요?",
            "A": "꿈 안 꿔요."
        },
        {
            "Q": "부모님의 허락 없이 또는 말도 없이 집에서 오랫동안 나와 있었던 적이 있나요?",
            "A": "아니요, 없어요."
        }
    ]
}