{
    "info": {
        "위기단계": "학대의심"
    },
    "kids_ment": [
        {
            "Q": "최근에 건강한가요? 아니면 아픈 곳이 있나요?",
            "A": "배가 아팠어요."
        },
        {
            "Q": "배가 어떻게 아파요?",
            "A": "따끔따끔 거리고 더부룩해요."
        },
        {
            "Q": "언제부터 아팠어요?",
            "A": "오래됐어요."
        },
        {
            "Q": "언제부터 아팠는지 계절로 이야기해 줄 수 있어요?",
            "A": "봄부터 아팠어요."
        },
        {
            "Q": "한번 아프기 시작하면 얼마나 오랫동안 아파요?",
            "A": "아프다가 조금 지나면 괜찮아졌다가 다시 아프다가 그래요."
        },
        {
            "Q": "병원에는 가봤어요?",
            "A": "아니요, 엄마한테 이야기 안 했어요."
        },
        {
            "Q": "최근에 다쳤던 적이 있나요?",
            "A": "있었어요."
        },
        {
            "Q": "어디를 다쳤어요?",
            "A": "걸어가다가 어딘가에 걸려서 넘어져서 무릎 아야 했어요."
        },
        {
            "Q": "언제 다쳤어요?",
            "A": "어제요."
        },
        {
            "Q": "우리 친구는 뭘 할 때 즐거워요?",
            "A": "잘 모르겠어요."
        },
        {
            "Q": "좋아하는 일이 없을까요?",
            "A": "그냥 집에서 엄마랑 같이 있으면 제일 좋아요."
        },
        {
            "Q": "최근 일주일 동안 짜증이나 화가 난 적이 있나요?",
            "A": "네, 있었어요."
        },
        {
            "Q": "무엇 때문에 짜증이 났어요?",
            "A": "줄넘기 학원 가기 싫은데 엄마가 자꾸 가라고 해서 짜증 났어요."
        },
        {
            "Q": "그렇게 짜증이 나면 어떻게 하면 마음이 풀려요?",
            "A": "그냥 울어요."
        },
        {
            "Q": "우리 친구는 몇 시에 자고 몇 시에 일어나요?",
            "A": "열 시에 자고 일곱 시에 일어나요."
        },
        {
            "Q": "아침에 일어났을 때 몸 상태는 어때요?",
            "A": "졸리고 멍해요."
        },
        {
            "Q": "평소에 잠이 들기 힘들거나 잠자는 중간에 깬 적이 있나요?",
            "A": "꿈꿔서 가끔 깰 때도 있어요."
        },
        {
            "Q": "평소에 아버지는 어떤 표정을 자주 짓고 계세요?",
            "A": "피곤해 보이세요."
        },
        {
            "Q": "아빠가 왜 그런 표정을 짓고 계신 것 같아요?",
            "A": "회사가 아빠를 힘들게 하나 봐요."
        },
        {
            "Q": "아빠가 그런 표정을 짓고 계시면 친구 기분이 어때요?",
            "A": "아빠가 힘냈으면 좋겠어요."
        },
        {
            "Q": "아빠가 친구랑 이야기하실 때는 어떤 표정이에요?",
            "A": "웃어주세요."
        },
        {
            "Q": "평소에 엄마는 어떤 표정을 자주 짓고 계세요?",
            "A": "엄마는 항상 웃고 계세요."
        },
        {
            "Q": "엄마는 왜 그런 표정을 짓고 계신 것 같아요?",
            "A": "엄마는 기분이 항상 좋으신 것 같아요."
        },
        {
            "Q": "엄마가 그런 표정을 짓고 계시면 친구 기분은 어때요?",
            "A": "좋아요."
        },
        {
            "Q": "엄마가 친구랑 이야기하실 때는 어떤 표정이에요?",
            "A": "제 이야기를 엄청 잘 들어주세요."
        },
        {
            "Q": "우리 친구는 형제자매가 있나요?",
            "A": "언니가 한 명 있어요."
        },
        {
            "Q": "사이가 어때요?",
            "A": "좋아요. 언니랑 놀면 재미있어요."
        },
        {
            "Q": "부모님이 동생들과 친구를 차별하는 것 같아요?",
            "A": "아니요, 그렇진 않아요."
        },
        {
            "Q": "우리 친구, 친구들이랑 뭐하고 놀아요?",
            "A": "인형놀이해요."
        },
        {
            "Q": "주로 몇 명이랑 놀아요?",
            "A": "두 명이요."
        },
        {
            "Q": "우리 친구는 담임선생님을 좋아하나요, 싫어하나요?",
            "A": "좋아요."
        },
        {
            "Q": "어떤 점이 좋아요?",
            "A": "상냥하시고 제 이야기를 잘 들어주세요."
        },
        {
            "Q": "우리 친구, 요즘 제일 걱정되는 게 뭐예요?",
            "A": "줄넘기 학원 가기 싫은데, 가야 하는 거요."
        },
        {
            "Q": "왜 줄넘기 학원이 가기 싫어요?",
            "A": "줄넘기 학원 선생님 싫어요, 좀 이상해요."
        },
        {
            "Q": "이런 걱정 때문에 생활이 불편하거나 힘들어요?",
            "A": "네, 줄넘기 학원 일주일에 세 번 가는데 그때마다 힘들어요."
        },
        {
            "Q": "우리 친구, 요즘 행복한 것 같아요?",
            "A": "아니요."
        },
        {
            "Q": "왜 불행하다고 생각하는 거예요?",
            "A": "줄넘기 학원 가기 싫어서요. 학원만 안 가면 행복할 것 같아요."
        },
        {
            "Q": "우리 친구, 꿈이 무엇인지 말해 줄 수 있을까요?",
            "A": "엄마 같은 간호사가 되고 싶어요."
        },
        {
            "Q": "왜 간호사가 되고 싶어요?",
            "A": "간호사가 돼서 엄마처럼 아픈 사람들 많이 도와주고 싶어요."
        },
        {
            "Q": "집에서 주로 나를 돌봐주는 어른은 누구예요?",
            "A": "엄마요."
        },
        {
            "Q": "배가 고픈데 먹을 게 없어서 굶은 적이 있나요?",
            "A": "아니요, 그런 적은 없었어요."
        },
        {
            "Q": "저녁에 친구를 집에 혼자 두고 어른들이 나갔던 적이 있나요?",
            "A": "아니요, 그런 적은 없었어요."
        },
        {
            "Q": "친구가 아픈데 어른들이 병원에 데려가지 않은 적이 있나요?",
            "A": "아니요, 그런 적은 없었어요."
        },
        {
            "Q": "세탁되지 않아서 더러운 옷을 입어야 한 적이 있거나 작은 옷이나 신발을 입거나 신고 다닌 적이 있나요?",
            "A": "아니요, 그런 적은 없었어요."
        },
        {
            "Q": "인터넷이나 휴대폰을 가지고 노는 시간은 하루에 몇 시간 정도에요?",
            "A": "한 시간 정도요."
        },
        {
            "Q": "어른들이 운동회나 참관 수업 또는 학부모 상담 같은 학교 행사에 잘 오시나요?",
            "A": "네, 잘 오세요."
        },
        {
            "Q": "어른들 때문에 슬프거나 화가 난 적이 있어요?",
            "A": "네, 있었어요."
        },
        {
            "Q": "어른들의 어떤 말이나 행동이 친구를 슬프거나 화나게 했어요?",
            "A": "학원 선생님이 이상한 일을 하셔서 조금 화가 났어요."
        },
        {
            "Q": "어른들이 친구를 어디 가두고 못 나오게 한 적이 있었어요?",
            "A": "아니요, 그런 적은 없었어요."
        },
        {
            "Q": "다른 사람들 앞에서 혼날 때도 있었어요?",
            "A": "아니요, 그런 적은 없었어요."
        },
        {
            "Q": "어른들이 친구를 다른 아이들과 비교한 적이 있어요?",
            "A": "아니요, 그런 적은 없었어요."
        },
        {
            "Q": "어른들이 친구를 집에서 쫓아낸 적이 있나요?",
            "A": "아니요, 그런 적은 없었어요."
        },
        {
            "Q": "마음이 힘들 때 누구에게 이야기하나요?",
            "A": "엄마한테 이야기해요."
        },
        {
            "Q": "주위 어른들 중 나를 때린 적이 있는 사람이 있나요?",
            "A": "아니요, 없었어요."
        },
        {
            "Q": "혹시 친구가 원하지 않는데도 누군가가 친구 몸을 만지거나 보여달라고 한 적이 있나요?",
            "A": "네, 있었어요."
        },
        {
            "Q": "누가 그랬어요?",
            "A": "줄넘기 학원 선생님이요."
        },
        {
            "Q": "선생님이 어떻게 했어요?",
            "A": "이상한 동영상 보여주고 제 몸에 부끄러운 부분을 막 만지셨어요. 그리고 선생님의 부끄러운 곳도 만지라고 했어요."
        },
        {
            "Q": "그러면 선생님이 친구의 소중한 곳을 아프게도 했나요?",
            "A": "아니요, 그냥 만지기만 하셨어요."
        },
        {
            "Q": "선생님이 만진 후에 친구의 소중한 곳이 혹시 아팠나요?",
            "A": "그냥 있으면 괜찮은데 어딘가에 닿으면 아파요."
        },
        {
            "Q": "소중한 곳이 아파서 병원에 다녀왔어요?",
            "A": "아니요, 아직 엄마한테 말을 못 했어요. 선생님이 말하면 안 된다고 했어요."
        },
        {
            "Q": "혹시 선생님이 친구의 몸 사진을 찍기도 했나요?",
            "A": "아니요, 사진은 안 찍었어요."
        },
        {
            "Q": "집에서 어른들끼리 소리 지르면서 싸우는 걸 듣거나 본 적이 있나요?",
            "A": "아니요, 그런 적은 없었어요."
        },
        {
            "Q": "친구들이 나를 자주 놀리거나 괴롭힌다고 느낀 적이 있나요?",
            "A": "아니요, 없었어요."
        },
        {
            "Q": "어떨 때 마음이 복잡하거나 힘든가요?",
            "A": "줄넘기 학원 가기 싫은데, 가야 할 때 힘들어요."
        },
        {
            "Q": "안 좋은 기억 때문에 괴로워서 죽고 싶다는 생각을 한 적이 있나요?",
            "A": "아니요, 그런 적은 없어요."
        },
        {
            "Q": "우리 친구 잠잘 때 주로 어떤 꿈을 꾸나요?",
            "A": "귀신이 막 저를 잡으려고 하는 꿈이요."
        },
        {
            "Q": "꿈을 꾸고 일어나면 몸 상태가 어때요?",
            "A": "귀신 때문에 놀라서 잠에서 깨거든요. 그래서 가슴이 막 두근거려요."
        },
        {
            "Q": "부모님의 허락 없이 또는 말도 없이 집에서 오랫동안 나와 있었던 적이 있나요?",
            "A": "아니요, 그런 적은 없었어요."
        }
    ]
}