{
    "info": {
        "위기단계": "정상군"
    },
    "kids_ment": [
        {
            "Q": "최근에 아픈 곳이 있어?",
            "A": "없어요."
        },
        {
            "Q": "최근에 다친 적은 있었어?",
            "A": "없어요."
        },
        {
            "Q": "친구는 뭐 할 때가 즐거워?",
            "A": "춤 배울 때 즐거워요."
        },
        {
            "Q": "어떤 점이 즐거운 거야?",
            "A": "춤을 배워와서 엄마나 할머니한테 보여주는 게 좋아요."
        },
        {
            "Q": "최근 일주일 동안 짜증이나 화가 난 적 있어?",
            "A": "짜증 난 적 있어요."
        },
        {
            "Q": "무엇 때문에 짜증이 났어?",
            "A": "남동생이 제가 노래 부를 때 끼어들어서 짜증 났어요."
        },
        {
            "Q": "그런 일이 자주 일어나?",
            "A": "네, 제가 노래나 춤 어른들한테 보여줄 때 꼭 끼어들거든요? 어른들이 칭찬해 주시는 거 자기도 칭찬받고 싶어서 그러는 거 같아요."
        },
        {
            "Q": "평소 짜증이나 화가 났을 때 어떻게 풀어?",
            "A": "엄마한테 이야기하거나 맛있는 거 먹으면 풀려요."
        },
        {
            "Q": "몇 시에 자고 몇 시에 일어나?",
            "A": "열 시에 자고 여섯 시에 눈이 떠져요."
        },
        {
            "Q": "아침에 일어났을 때 몸 상태는 어때?",
            "A": "하품 나오기는 한데 그건 잠깐이고 바로 괜찮아져요."
        },
        {
            "Q": "평소 잠들기 힘들거나 잠자는 중간에 깨지는 않아?",
            "A": "네."
        },
        {
            "Q": "평소 아빠는 어떤 표정을 자주 지으셔?",
            "A": "아빠는 무표정이요."
        },
        {
            "Q": "아빠가 왜 무표정을 지으시는 거 같아?",
            "A": "아빠는 원래 표정이 많지 않아요. 근데 그게 안 행복하거나 우리가 싫어서 그런 게 아니라 그냥 혼자 가만히 있을 때 그런 거라고 했어요. 전에 아빠가 무표정하게 티브이 보길래 아빠 화났냐고 물어봤었거든요."
        },
        {
            "Q": "아빠가 그런 표정을 지으시면 내 기분은 어때?",
            "A": "화난 게 아니라는 거를 알고 있어서 아빠가 무표정을 지으셔도 괜찮아요. 저랑 동생이랑 엄마가 웃게 해주면 되거든요."
        },
        {
            "Q": "평소 엄마는 어떤 표정을 자주 지으셔?",
            "A": "엄마는 자주 웃으세요."
        },
        {
            "Q": "엄마가 왜 웃으시는 거 같아?",
            "A": "우리를 사랑하셔서요."
        },
        {
            "Q": "엄마가 그런 표정을 지으시면 내 기분은 어때?",
            "A": "저도 행복해져요."
        },
        {
            "Q": "형제자매가 있어?",
            "A": "네, 남동생 한 명 있어요."
        },
        {
            "Q": "남동생이랑 사이는 어때?",
            "A": "동생이 좀 귀찮게 할 때가 있는데 사이는 좋은 편이에요."
        },
        {
            "Q": "부모님이 나랑 남동생을 다르게 대할 때가 있어?",
            "A": "아니요, 그러지는 않아요."
        },
        {
            "Q": "친구들이랑 주로 뭐 하고 놀아?",
            "A": "재밌는 춤 발견하거나 멋있는 춤 있으면 같이 추면서 놀아요."
        },
        {
            "Q": "몇 명이서 놀아?",
            "A": "다섯 명, 여섯 명이서요."
        },
        {
            "Q": "학교 담임 선생님은 좋아하는 편이야, 안 좋아하는 편이야?",
            "A": "좋아해요."
        },
        {
            "Q": "어떤 점이 좋은 거야?",
            "A": "모르는 문제 있으면 쉽게 풀어서 알려주셔서 좋아요."
        },
        {
            "Q": "요즘 가장 큰 고민이 있어?",
            "A": "할머니랑 할아버지가 보고 싶어요."
        },
        {
            "Q": "그게 왜 고민이야?",
            "A": "할머니, 할아버지가 저희 돌봐주셨는데 왕할머니가 조금 아프셔서 왕할머니 집에 가셨어요. 그래서 명절 때나 아빠 휴가 때만 가끔 만나요."
        },
        {
            "Q": "이런 고민 때문에 생활이 불편하거나 힘들어?",
            "A": "아니요, 힘들지는 않아요."
        },
        {
            "Q": "요즘 행복하다고 느껴?",
            "A": "네, 행복해요."
        },
        {
            "Q": "어떤 점에서 행복하다고 느끼는 거야?",
            "A": "최근에 학교에 전학 온 친구가 있는데요. 그 친구는 엄마랑 아빠랑 헤어져서 따로 산다고 같이 살고 싶다고 하더라고요. 그래서 나는 엄마랑 아빠랑 동생이랑 다 같이 살고 있으니까 정말로 행복한 사람이구나 이런 걸 느꼈어요."
        },
        {
            "Q": "커서 되고 싶은 사람이나 꿈이 있다면 무엇인지 말해줄래?",
            "A": "행복을 나눠주는 사람이 되고 싶어요."
        },
        {
            "Q": "왜 그런 사람이 되고 싶어?",
            "A": "저는 엄청 행복한 사람이라서요. 제 행복을 조금씩 나눠줘서 다른 사람들도 행복해졌으면 좋겠어요."
        },
        {
            "Q": "주로 나를 돌봐주는 어른은 누구야?",
            "A": "엄마요."
        },
        {
            "Q": "배가 고픈데 먹을 게 없어서 굶은 적 있어?",
            "A": "아니요, 없어요."
        },
        {
            "Q": "어디 아픈 곳이 있는데 병원에 데려가지 않은 적 있어?",
            "A": "없어요."
        },
        {
            "Q": "빨래가 되어 있지 않거나 사이즈가 안 맞는 옷이나 신발을 사용한 적이 있어?",
            "A": "없어요."
        },
        {
            "Q": "인터넷이나 휴대폰을 가지고 노는 시간은 하루에 몇 시간 정도야?",
            "A": "네 시간 정도요."
        },
        {
            "Q": "부모님이 휴대폰을 너무 많이 사용한다고 뭐라 하시지는 않아?",
            "A": "네. 그런데 네 시간 내내 하는 게 아니고 30분씩 나눠서 해요."
        },
        {
            "Q": "피시방은 얼마나 자주 가?",
            "A": "가본 적 없어요."
        },
        {
            "Q": "부모님이나 학교 선생님 때문에 슬프거나 화난 적 있어?",
            "A": "없어요."
        },
        {
            "Q": "주위 어른들 중 나를 때린 적이 있는 사람이 있어?",
            "A": "아니요."
        },
        {
            "Q": "내가 원하지 않는데도 누군가가 내 몸을 만지거나 보여달라고 한 적 있어?",
            "A": "없어요."
        },
        {
            "Q": "집에서 어른들끼리 소리 지르면서 싸우는 걸 듣거나 본 적 있어?",
            "A": "없어요."
        },
        {
            "Q": "친구들이 나를 자주 놀리거나 괴롭힌다고 느낀 적 있어?",
            "A": "아니요."
        },
        {
            "Q": "언제 마음이 복잡하거나 힘들어?",
            "A": "아직 그렇게까지 복잡하거나 힘든 적 없어요."
        },
        {
            "Q": "잠잘 때 주로 어떤 꿈을 꿔?",
            "A": "자주 꾸는 꿈은 없어요. 음 근데 기억나는 꿈은 왕할머니 집에서 강아지랑 뛰어다니는 꿈 꿨어요."
        },
        {
            "Q": "꿈을 꾸고 일어나면 몸 상태는 어때?",
            "A": "좋아요."
        },
        {
            "Q": "어른들의 허락이나 말도 없이 오랫동안 집에서 나와 있었던 적 있어?",
            "A": "없어요."
        }
    ]
}