{
    "info": {
        "위기단계": "상담필요"
    },
    "kids_ment": [
        {
            "Q": "친구는 최근에 건강해요? 아니면 아픈 곳이 있어요?",
            "A": "없어요, 건강해요."
        },
        {
            "Q": "최근에 다쳤던 적이 있었어요?",
            "A": "아니요, 안 다쳤어요."
        },
        {
            "Q": "친구는 뭘 할 때가 즐거워요?",
            "A": "저 모르겠어요."
        },
        {
            "Q": "즐겁다고 느끼지 못한 게 언제부터예요?",
            "A": "저번에 원장님이 막 센터 오빠 때리는 거 보고 나니까 너무 무서워요."
        },
        {
            "Q": "최근 일주일 동안 짜증이나 화가 난 적이 있어요?",
            "A": "아니요, 짜증이나 화는 나지 않았어요."
        },
        {
            "Q": "친구는 몇 시에 자고 몇 시에 일어나요?",
            "A": "저는 열두 시에 자서 일곱 시에 일어나요."
        },
        {
            "Q": "아침에 일어났을 때, 몸 상태는 어때요?",
            "A": "그냥 졸린 것 같아요."
        },
        {
            "Q": "평소에 잠이 들기 힘들거나, 잠자는 중간에 자주 깨요?",
            "A": "아니요, 그렇지는 않아요."
        },
        {
            "Q": "시설 원장님은 평소에 어떤 표정을 자주 보여줘요?",
            "A": "맨날 화만 내세요."
        },
        {
            "Q": "그 표정을 보여주는 이유가 뭐인 것 같아요?",
            "A": "모르겠어요, 화가 엄청 많으세요."
        },
        {
            "Q": "그 표정을 볼 때, 친구 기분은 어때요?",
            "A": "원장님이 화나면 너무 무서워요. 그래서 그냥 원장님이 무서워요."
        },
        {
            "Q": "친구는 형제자매가 있어요?",
            "A": "아니요, 저는 가족은 없어요."
        },
        {
            "Q": "친구들이랑은 주로 뭐 하고 놀아요?",
            "A": "저는 보드게임도 하고, 나가서 술래잡기도 하고 그래요."
        },
        {
            "Q": "주로 몇 명이서 같이 놀아요?",
            "A": "여기 열네 명 있는데, 다 같이 놀아요."
        },
        {
            "Q": "친구는 담임 선생님 좋아해요?",
            "A": "네, 우리 담임 선생님은 엄청 착하고 맨날 웃어줘서 좋아해요."
        },
        {
            "Q": "친구는 요즘 가장 큰 걱정거리가 있어요?",
            "A": "네, 있어요."
        },
        {
            "Q": "뭐 때문에, 걱정이에요?",
            "A": "원장님이 저도 때릴까봐 걱정이에요."
        },
        {
            "Q": "걱정거리 때문에 생활이 불편하거나 힘들어요?",
            "A": "네, 원장님만 보면 막 가슴이 뛰어요."
        },
        {
            "Q": "친구는 요즘 행복하다고 느껴요?",
            "A": "원장님 없으면 친구들이랑 노는 거 너무 재밌어요."
        },
        {
            "Q": "친구랑 노는 게 어떤 점에서 행복했어요?",
            "A": "그냥 마음 편하게 노는 게 행복해요."
        },
        {
            "Q": "친구는 커서 어떤 사람이 되고 싶어요?",
            "A": "저는 초등학교 선생님이 되고 싶어요."
        },
        {
            "Q": "선생님이 되고 싶은 이유가 있어요?",
            "A": "네, 우리 담임 선생님이 너무 좋아서요."
        },
        {
            "Q": "센터에서 주로 친구를 돌봐주는 어른은 누구예요?",
            "A": "원장님이요."
        },
        {
            "Q": "배가 고픈데 먹을 게 없어서 굶은 적이 있어요?",
            "A": "아니요, 그런 적 없어요."
        },
        {
            "Q": "밤에 친구를 혼자 두고 어른들이 나가거나, 갑자기 말도 없이 나가서 센터를 안 들어 온 적이 있어요?",
            "A": "아니요, 없는 것 같아요. 그리고 항상 센터 친구들이랑 같이 있어요."
        },
        {
            "Q": "어디 아픈 곳이 있는데 어른들이 병원에 데려가지 않은 적이 있어요?",
            "A": "아니요, 그런 적도 없었어요."
        },
        {
            "Q": "빨래가 되어 있지 않아서 더럽고 냄새나는 옷을 입어야 한 적이 있어요?",
            "A": "아니요, 저희 센터는 빨래하고, 다 같이 밖에 널어요."
        },
        {
            "Q": "옷이나 신발 사이즈가 작은 걸 입거나 신고 다닌 적이 있어요?",
            "A": "아니요, 없어요."
        },
        {
            "Q": "인터넷이나 휴대폰을 가지고 노는 시간은 하루에 몇 시간 정도 해요?",
            "A": "음/ 잘 모르겠는데 한 시간 조금 넘는 것 같아요."
        },
        {
            "Q": "학교에 참석해야 하는 행사에 어른들이 잘 오세요?",
            "A": "네, 센터 다른 선생님들이 항상 와줬어요."
        },
        {
            "Q": "부모님이나 선생님 때문에 슬프거나 화가 난 적이 있어요?",
            "A": "네, 저번에 원장님이 막 저희 다 모아놓고 센터 언니 막 때렸어요."
        },
        {
            "Q": "원장님의 그런 행동이랑 또 친구를 슬프게 하는 말이나 행동이 있어요?",
            "A": "그 때 막 언니 목 조르고 저희한테 너희들도 이렇게 된다고 조심하라고 그랬어요."
        },
        {
            "Q": "어른들이 친구를 어디에 가두고 못 나오게 한 적이 있어요?",
            "A": "아니요, 없어요."
        },
        {
            "Q": "다른 사람들 앞에서도 혼날 때가 있어요?",
            "A": "네, 한 명 잘못하면 다 모아놓고 그래요."
        },
        {
            "Q": "어른들이 친구를 다른 아이들과 비교해요?",
            "A": "저한텐 안 그랬어요."
        },
        {
            "Q": "어른들이 친구를 쫓아내거나 버리겠다고 말하거나 진짜 쫓아낸 적이 있어요?",
            "A": "아니요, 없어요."
        },
        {
            "Q": "마음이 힘들 때, 누구한테 친구의 마음을 얘기해요?",
            "A": "담임 선생님한테 얘기하는 것 같아요."
        },
        {
            "Q": "주위 어른들 중 친구를 때린 적이 있는 사람이 있어요?",
            "A": "아니요, 그런 적 없었어요. 맞는 거 무서워요."
        },
        {
            "Q": "친구가 원하지 않는데도 누가 몸을 만지거나 보여달라고 한 적 있어요?",
            "A": "아니요, 그런 사람 한 명도 없었어요."
        },
        {
            "Q": "센터에서 어른들끼리 소리 지르면서 싸우는 걸 듣거나 본 적이 있어요?",
            "A": "아니요, 어른들끼리 싸우는 거 본 적 없어요."
        },
        {
            "Q": "친구들이 자주 놀리거나 괴롭힌다고 느낀 적 있어요?",
            "A": "아니요, 그런 적 없어요. 저 친구 엄청 많아요."
        },
        {
            "Q": "친구는 어떨 때 마음이 복잡하거나 힘들어요?",
            "A": "원장님이 막 이상하게 화내고 무서운 말 하면 무서워요."
        },
        {
            "Q": "그런 기억과 두려움 때문에 괴로워서 죽고 싶다는 생각을 한 적 있어요?",
            "A": "아니요, 죽는 것도 무서워요. 싫어요."
        },
        {
            "Q": "잠잘 때 주로 어떤 꿈을 꿔요?",
            "A": "모르겠어요. 잘 안 꾸는 것 같아요."
        },
        {
            "Q": "친구는 가출했던 적이 있어요?",
            "A": "아니요, 없어요."
        }
    ]
}