{
    "info": {
        "위기단계": "상담필요"
    },
    "kids_ment": [
        {
            "Q": "친구는 최근에 건강해요? 아니면 아픈 곳이 있어요?",
            "A": "저는 건강해요."
        },
        {
            "Q": "최근에 다쳤던 적이 있었어요?",
            "A": "다친 적 없었어요."
        },
        {
            "Q": "친구는 뭘 할 때가 즐거워요?",
            "A": "모르겠어요, 즐겁지가 않아요."
        },
        {
            "Q": "즐겁다고 느끼지 못한 게 언제부터예요?",
            "A": "멘토링 선생님이랑 싸우고 나서부터 그냥 짜증만 나요."
        },
        {
            "Q": "최근 일주일 동안 짜증이나 화가 난 적이 있어요?",
            "A": "네, 그냥 멘토링 선생님 생각하면 짜증 나요."
        },
        {
            "Q": "무엇 때문에, 짜증이나 화가 났어요?",
            "A": "멘토링 선생님이 저한테 한 말 생각하면 너무 짜증 나요."
        },
        {
            "Q": "그런 일이 자주 일어나요?",
            "A": "이제 연락은 안 오는데, 그때 생각하면 맨날 짜증 나요."
        },
        {
            "Q": "그럼 평소에, 짜증이나 화가 났을 때, 어떻게 하면 마음이 풀려요?",
            "A": "저는 음악 들으면 좀 풀리는 편이라서 음악 들어요."
        },
        {
            "Q": "친구는 몇 시에 자고 몇 시에 일어나요?",
            "A": "열두 시에 자서 일곱 시에 일어나는 것 같아요."
        },
        {
            "Q": "아침에 일어났을 때, 몸 상태는 어때요?",
            "A": "괜찮아요."
        },
        {
            "Q": "평소에 잠이 들기 힘들거나, 잠자는 중간에 자주 깨요?",
            "A": "아니요, 그렇지는 않은 것 같아요."
        },
        {
            "Q": "평소 어머니는 친구한테 어떤 표정을 자주 보여줘요?",
            "A": "엄마는 항상 웃으시려고 하는 것 같아요."
        },
        {
            "Q": "그 표정을 짓는 이유가 뭐인 것 같아요?",
            "A": "잘 모르겠어요. 엄마가 알지 않을까요?"
        },
        {
            "Q": "그 표정을 볼 때, 친구 기분은 어때요?",
            "A": "엄마가 웃으면 저도 기분이 좋아지긴 해요."
        },
        {
            "Q": "친구는 형제자매가 있어요?",
            "A": "네, 저 여동생 있어요."
        },
        {
            "Q": "여동생이랑은 사이가 어때요?",
            "A": "여동생이랑 엄청 잘 지내요."
        },
        {
            "Q": "여동생이랑 친구를 어른들이 차별하는 것 같아요?",
            "A": "아니요, 항상 똑같이 용돈 주고, 그러세요."
        },
        {
            "Q": "친구들이랑은 주로 뭐 하고 놀아요?",
            "A": "친구들이랑 보통 각자 핸드폰 하거나 보드게임 하면서 노는 것 같아요."
        },
        {
            "Q": "주로 몇 명이서 같이 놀아요?",
            "A": "저랑 친한 친구는 세 명 있어요."
        },
        {
            "Q": "친구는 담임 선생님 좋아해요?",
            "A": "네, 담임 선생님 좋아해요."
        },
        {
            "Q": "좋아하는 이유가 있어요?",
            "A": "그냥 착하고, 배려도 많이 해줘서 좋아요."
        },
        {
            "Q": "친구는 요즘 가장 큰 걱정거리가 있어요?",
            "A": "빨리 알바라도 해서 돈을 벌고 싶어요."
        },
        {
            "Q": "그게 걱정인 이유가 있어요?",
            "A": "저는 공부도 못해서 나중에 성공하기도 힘들고, 우리 집은 기초생활 수급자라서 돈이 없어요."
        },
        {
            "Q": "걱정거리 때문에 생활이 불편하거나 힘들어요?",
            "A": "네, 그냥 맨날맨날 스트레스 받아요."
        },
        {
            "Q": "친구는 요즘 행복하다고 느껴요?",
            "A": "아니요, 행복하지 않아요."
        },
        {
            "Q": "행복하지 않다고 느끼는 이유가 있을까요?",
            "A": "우리 집은 가난하니까요."
        },
        {
            "Q": "친구는 커서 어떤 사람이 되고 싶어요?",
            "A": "그런 거 없어요, 그냥 돈 벌고 싶어요."
        },
        {
            "Q": "하고 싶은 일이 없어요?",
            "A": "네, 어차피 저 가난하고, 무식해서 못해요. 그냥 돈 벌고 싶어요."
        },
        {
            "Q": "집에서 주로 친구를 돌봐주는 어른은 누구예요?",
            "A": "엄마요."
        },
        {
            "Q": "배가 고픈데 먹을 게 없어서 굶은 적이 있어요?",
            "A": "아니요, 그런 적 없어요."
        },
        {
            "Q": "밤에 친구를 혼자 두고 어른들이 나가거나, 갑자기 말도 없이 나가서 집을 안 들어온 적이 있어요?",
            "A": "일하느라 늦게 들어온 적은 있는데, 집에 있다가 나간 적은 없어요."
        },
        {
            "Q": "어디 아픈 곳이 있는데, 어른들이 병원에 데려가지 않은 적이 있어요?",
            "A": "아니요, 그런 적도 없었어요."
        },
        {
            "Q": "빨래가 되어 있지 않아서 더럽고 냄새나는 옷을 입어야 한 적이 있어요?",
            "A": "빨래는 제가 하거나, 엄마가 해서 그러진 않아요."
        },
        {
            "Q": "옷이나 신발 사이즈가 작은 걸 입거나 신고 다닌 적이 있어요?",
            "A": "아니요, 그런 적도 없어요."
        },
        {
            "Q": "인터넷이나 휴대폰을 가지고 노는 시간은 하루에 몇 시간 정도예요?",
            "A": "그냥 네다섯 시간 정도 하는 것 같아요."
        },
        {
            "Q": "어른들이 인터넷이나 휴대폰을 너무 많이 한다고 뭐라고 하지는 않아요?",
            "A": "네, 그렇게 뭐라고 하시지는 않아요."
        },
        {
            "Q": "학교에 참석해야 하는 행사에 어른들이 잘 오세요?",
            "A": "엄마는 일해서 잘 못 오세요. 그래도 올 수 있으면 오세요."
        },
        {
            "Q": "부모님이나 선생님 때문에 슬프거나 화가 난 적이 있어요?",
            "A": "네, 멘토링 선생님 때문에요."
        },
        {
            "Q": "멘토링 선생님의 어떤 행동이나 말이 친구를 슬프게 해요?",
            "A": "갑자기 저한테 문자로 기초생활 수급자라고 그러고, 거지라고 하고, 무식하다고 그랬어요."
        },
        {
            "Q": "그 사람이 친구한테 그런 얘기를 한 이유를 알 수 있을까요?",
            "A": "갑자기 엄마랑 한 문자 보여주더니, 나중에 문자로 막 기분 나쁘게 했어요."
        },
        {
            "Q": "그런 문자를 받았을 때, 친구 기분이 어땠어요?",
            "A": "저 너무 속상하고, 짜증 나고, 화나고, 미웠어요."
        },
        {
            "Q": "또 다른 사람들이 친구를 슬프거나 화나게 한 적이 있어요?",
            "A": "없어요."
        },
        {
            "Q": "친구는 마음이 힘들 때, 누구한테 얘기해요?",
            "A": "엄마한테도 얘기하고, 담임 선생님한테도 얘기하는 것 같아요."
        },
        {
            "Q": "주위 어른들 중 친구를 때린 적이 있는 사람이 있어요?",
            "A": "아니요, 저 맞아본 적은 없었어요."
        },
        {
            "Q": "친구가 원하지 않는데도 누가 몸을 만지거나 보여달라고 한 적 있어요?",
            "A": "아니요, 그런 사람들은 이상한 사람이라고 생각해요."
        },
        {
            "Q": "집에서 어른들끼리 소리 지르면서 싸우는 걸 듣거나 본 적이 있어요?",
            "A": "우리 엄마는 싸울 사람도 없어요."
        },
        {
            "Q": "친구들이 자주 놀리거나 괴롭힌다고 느낀 적 있어요?",
            "A": "아니요, 친구들이랑은 잘 지내요."
        },
        {
            "Q": "친구는 어떨 때 마음이 복잡하거나 힘들어요?",
            "A": "우리 집이 돈이 없고, 제가 무식하다는 게 너무 짜증 나고 힘들어요. 저도 잘할 수 있어요."
        },
        {
            "Q": "그런 안 좋은 기억 때문에 괴로워서 죽고 싶다는 생각을 한 적 있어요?",
            "A": "네, 그냥 죽고 싶어요."
        },
        {
            "Q": "얼마나 자주 이런 생각을 했어요?",
            "A": "그냥 그 말들이 생각나면 그래요."
        },
        {
            "Q": "자살 시도도 했었나요?",
            "A": "아니요, 그러진 않았어요. 생각만 해봤어요."
        },
        {
            "Q": "잠잘 때 주로 어떤 꿈을 꿔요?",
            "A": "꿈은 잘 안 꾸는 것 같아요."
        },
        {
            "Q": "친구는 가출했던 적이 있어요?",
            "A": "아니요, 가출은 해 본 적 없어요."
        }
    ]
}