{
    "info": {
        "위기단계": "상담필요"
    },
    "kids_ment": [
        {
            "Q": "최근에 건강한가요? 아니면 아픈 곳이 있어요?",
            "A": "아픈 데는 딱히 없어요."
        },
        {
            "Q": "최근에 다쳤던 적이 있나요?",
            "A": "없어요."
        },
        {
            "Q": "뭘 할 때 즐거워요?",
            "A": "티브이 볼 때요."
        },
        {
            "Q": "티브이를 볼 때 어떤 점이 즐거운가요?",
            "A": "뽀로로를 볼 수 있어요. 재밌어요."
        },
        {
            "Q": "최근 일주일 동안 짜증이나 화가 난 적이 있나요?",
            "A": "네, 아빠한테 짜증 나요."
        },
        {
            "Q": "무엇 때문에 짜증이 났어요?",
            "A": "아빠가 남자가 맞고 다니면 안 된다면서 자꾸 태권도장에 보내려고 하잖아요, 가기 싫은데."
        },
        {
            "Q": "그렇게 짜증이 나면 어떻게 할 때 마음이 풀려요?",
            "A": "그냥 제 방에서 혼자 책 읽다 보면 기분이 나아져요."
        },
        {
            "Q": "몇 시에 자고, 몇 시에 일어나나요?",
            "A": "아홉 시에 자고 일곱 시에 일어나요."
        },
        {
            "Q": "아침에 일어났을 때, 몸 상태는 어때요?",
            "A": "조금 피곤한 것 같아요."
        },
        {
            "Q": "평소에 잠에 들기 힘들거나, 잠자는 중간에 자주 깨나요?",
            "A": "네, 조금 자주 깨는 편인 것 같아요."
        },
        {
            "Q": "왜 자주 깨는 것 같아요?",
            "A": "악몽을 꿔요. 누가 절 쫓아오는 꿈이나 숨어있는 저를 찾아내는 꿈을 꿔요. 그러다가 잠이 깨요."
        },
        {
            "Q": "아버지는 어떤 표정을 자주 짓나요?",
            "A": "웃을 때가 많아요."
        },
        {
            "Q": "아빠가 웃으시면 기분이 어때요?",
            "A": "저도 좋아요."
        },
        {
            "Q": "아버지랑 사이좋아요?",
            "A": "네, 아빠가 저를 너무 많이 놀려서 짜증 날 때도 있지만, 제가 놀아달라고 할 때마다 놀아주세요."
        },
        {
            "Q": "친구들이랑 뭐 하고 놀아요?",
            "A": "친구들이랑 운동장에서 축구해요."
        },
        {
            "Q": "주로 몇 명이 놀아요?",
            "A": "여덟 명이요."
        },
        {
            "Q": "담임선생님을 좋아하나요, 싫어하나요?",
            "A": "좋아요."
        },
        {
            "Q": "어떤 점이 좋아요?",
            "A": "제가 형들한테 맞고 나서 무서워하고 힘들어하니까 저를 많이 위로해 주셨어요."
        },
        {
            "Q": "요즘 제일 걱정되는 게 뭐에요?",
            "A": "저를 때린 그 형들이 다시 저를 찾아올까 봐 걱정돼요."
        },
        {
            "Q": "걱정거리 때문에 생활이 불편하거나 힘든가요?",
            "A": "네."
        },
        {
            "Q": "그런 걱정이 얼마나 자주 들어요?",
            "A": "자주 들어요. 이틀에 한 번?"
        },
        {
            "Q": "요즘 행복한 것 같아요?",
            "A": "아니요."
        },
        {
            "Q": "왜 불행하다고 느끼나요?",
            "A": "하늘나라에 있는 엄마가 보고 싶어요. 근데 볼 수가 없어요."
        },
        {
            "Q": "커서 어떤 사람이 되고 싶어요?",
            "A": "음/ 모르겠어요. 예전에는 경찰이 되고 싶었는데 지금은 아니에요."
        },
        {
            "Q": "왜 지금은 경찰을 하고 싶지 않은 건가요?",
            "A": "저같이 맞고 다니는 애가 무슨 경찰을 해요."
        },
        {
            "Q": "집에서 주로 나를 돌봐주는 어른은 누구인가요?",
            "A": "아빠요."
        },
        {
            "Q": "배가 고픈데 먹을 게 없어서 굶은 적이 있나요?",
            "A": "아니요."
        },
        {
            "Q": "저녁에 나를 집에 혼자 두고 어른들이 나갔던 적 있나요?",
            "A": "아니요."
        },
        {
            "Q": "어디 아픈 곳이 있는데 어른들이 병원에 데려가지 않은 적이 있나요?",
            "A": "아니요."
        },
        {
            "Q": "더럽고 냄새나는 옷을 입어야 한 적이 있나요?",
            "A": "아니요."
        },
        {
            "Q": "인터넷이나 휴대폰을 가지고 노는 시간은 하루에 몇 시간 정도인가요?",
            "A": "세 시간 정도요."
        },
        {
            "Q": "어른들이 운동회나 참관 수업 또는 학부모 상담 같은 학교 행사에 잘 오시나요?",
            "A": "네."
        },
        {
            "Q": "부모님이나 선생님 때문에 슬프거나 화가 난 적이 있나요?",
            "A": "없어요."
        },
        {
            "Q": "주위 어른들 중 나를 때린 적이 있는 사람이 있나요?",
            "A": "아니요."
        },
        {
            "Q": "내가 원하지 않는데도 누군가가 내 몸을 만지거나 보여달라고 한 적 있어요?",
            "A": "아니요."
        },
        {
            "Q": "집에서 어른들끼리 소리 지르면서 싸우는 걸 듣거나 본 적이 있나요?",
            "A": "아니요."
        },
        {
            "Q": "친구들이나 다른 사람들이 나를 자주 놀리거나 괴롭힌다고 느낀 적이 있나요?",
            "A": "네."
        },
        {
            "Q": "누가 언제 괴롭혔나요?",
            "A": "우리 학교에 다니던 형들이요. 한 3개월 전쯤에요."
        },
        {
            "Q": "그 형들이 어떻게 괴롭혔나요?",
            "A": "저를 막 주먹으로 치고 발로 때렸어요."
        },
        {
            "Q": "그렇게 형들한테 맞을 때 기분이 어땠어요?",
            "A": "엄청 무서웠어요. 도망가고 싶었어요. 저항에도 이길 수가 없어서 비참했어요."
        },
        {
            "Q": "그렇게 맞았던 게 몇 번이나 되나요?",
            "A": "두 번이요."
        },
        {
            "Q": "형들이 때렸다는 걸 선생님께 말했나요?",
            "A": "네, 말했어요. 그래서 그 형들 다 전학 갔어요. 선생님이 제 잘못이 아니라며 안아주셨어요."
        },
        {
            "Q": "어떨 때 마음이 복잡하거나 힘든가요?",
            "A": "길 가다가 저를 때렸던 형들과 비슷한 사람을 보면 힘들어요."
        },
        {
            "Q": "안 좋은 기억 때문에 괴로워서 죽고 싶다는 생각을 한적 있나요?",
            "A": "아니요."
        },
        {
            "Q": "잠잘 때 주로 어떤 꿈을 꾸나요?",
            "A": "누가 절 쫓아오는 꿈이나 숨어있는 저를 찾아내는 꿈을 꿔요."
        },
        {
            "Q": "꿈을 꾸고 일어나면 몸 상태가 어떤가요?",
            "A": "땀이 엄청 많이 나요."
        },
        {
            "Q": "부모님의 허락 없이 또는 말도 없이 집에 오랫동안 나와 있었던 적이 있나요?",
            "A": "아니요."
        }
    ]
}