{
    "info": {
        "위기단계": "학대의심"
    },
    "kids_ment": [
        {
            "Q": "최근에 건강한가요? 아니면 아픈 곳이 있어요?",
            "A": "아픈 데 없어요."
        },
        {
            "Q": "최근에 다쳤던 적이 있나요?",
            "A": "아니요."
        },
        {
            "Q": "뭘 할 때 즐거워요?",
            "A": "즐거울 일이 없어요."
        },
        {
            "Q": "즐겁다고 느끼지 못한 것이 언제부터인가요?",
            "A": "재작년부터요. 아빠랑 새엄마랑 결혼하고 난 후부터 그래요."
        },
        {
            "Q": "최근 일주일 동안 짜증이나 화가 난 적이 있나요?",
            "A": "네, 여동생 때문에 화났어요."
        },
        {
            "Q": "무엇 때문에 짜증이나 화가 났나요?",
            "A": "여동생이 자기가 접시 깨뜨려 놓고 엄마한테는 자기가 했다고 거짓말했어요."
        },
        {
            "Q": "그런 일이 자주 일어나나요?",
            "A": "네, 무조건 새엄마가 자기편 들어주니까요. 맨날 거짓말 쳐요. 동생 너무 싫어요."
        },
        {
            "Q": "몇 시에 자고, 몇 시에 일어나요?",
            "A": "두 시에 자고 여덟 시에 일어나요."
        },
        {
            "Q": "아침에 일어났을 때, 몸 상태는 어때요?",
            "A": "괜찮아요."
        },
        {
            "Q": "평소에 잠들기 힘들거나, 잠자는 중간에 자주 깨나요?",
            "A": "네, 잠이 안 와요."
        },
        {
            "Q": "아버지는 어떤 표정을 자주 짓나요?",
            "A": "그냥 무표정이에요."
        },
        {
            "Q": "그럴 때, 내 기분은 어때요?",
            "A": "아빠한테 말 걸고 싶은데 무표정이면 조금 무서워요."
        },
        {
            "Q": "어머니는 어떤 표정을 자주 짓나요?",
            "A": "화난 표정이요."
        },
        {
            "Q": "엄마가 화난 표정을 지으면 기분이 어때요?",
            "A": "무서워요. 할머니 보고 싶어요."
        },
        {
            "Q": "형제자매가 있나요?",
            "A": "여동생 한 명 있어요."
        },
        {
            "Q": "사이가 어때요?",
            "A": "안 좋아요. 걔는 맨날 거짓말 쳐서 제가 새엄마한테 혼나게 만들어요. 짜증 나서 몰래 한 대씩 때려요."
        },
        {
            "Q": "부모님이 여동생과 나를 차별하는 것 같아요?",
            "A": "엄청 차별해요. 엄마는 여동생은 잘 안 혼내고 저만 엄청 혼내요. 제가 용돈 모아서 산 스티커도 여동생 다 줬다니까요."
        },
        {
            "Q": "친구들이랑 뭐 하고 놀아요?",
            "A": "코인노래방 가서 노래 불러요."
        },
        {
            "Q": "주로 몇 명이 놀아요?",
            "A": "다섯 명이요."
        },
        {
            "Q": "담임선생님을 좋아하나요, 싫어하나요?",
            "A": "좋아해요."
        },
        {
            "Q": "담임 선생님이 어떤 부분에서 좋아요?",
            "A": "우리 선생님은 엄청 예쁘시고요. 제 이야기도 잘 들어주세요."
        },
        {
            "Q": "요즘 제일 걱정되는 게 뭐예요?",
            "A": "친엄마가 보고싶어요."
        },
        {
            "Q": "걱정거리 때문에 생활이 불편하거나 힘든가요?",
            "A": "네, 맨날 울어요."
        },
        {
            "Q": "요즘 행복한 것 같아요?",
            "A": "아닌 것 같아요."
        },
        {
            "Q": "왜 행복하지 않다고 느끼나요?",
            "A": "새엄마한테 맨날 혼나서요. 친엄마랑 살고 싶어요."
        },
        {
            "Q": "커서 어떤 사람이 되고 싶어요?",
            "A": "저는 과학 선생님이 되고 싶어요."
        },
        {
            "Q": "왜 되고 싶나요?",
            "A": "과학이 너무 재밌어요. 그리고 친구들이 저보고 과학 잘 가르친대요. 저 잘할 수 있을 것 같아요."
        },
        {
            "Q": "집에서 주로 나를 돌봐주는 어른은 누구인가요?",
            "A": "엄마요."
        },
        {
            "Q": "배가 고픈데 먹을 게 없어서 굶은 적이 있나요?",
            "A": "네, 일주일에 한두 번 정도 그래요. 엄마가 밥 차려주기 귀찮대요."
        },
        {
            "Q": "저녁에 나를 집에 혼자 두고 어른들이 나갔던 적 있나요?",
            "A": "아니요."
        },
        {
            "Q": "어디 아픈 곳이 있는데 어른들이 병원에 데려가지 않은 적이 있나요?",
            "A": "아니요."
        },
        {
            "Q": "더럽고 냄새나는 옷을 입어야 한 적이 있나요?",
            "A": "아니요."
        },
        {
            "Q": "인터넷이나 휴대폰을 가지고 노는 시간은 하루에 몇 시간 정도인가요?",
            "A": "한 시간 정도요."
        },
        {
            "Q": "어른들이 운동회나 참관 수업 같은 학교 행사에 잘 오시나요?",
            "A": "네."
        },
        {
            "Q": "부모님이나 선생님 때문에 슬프거나 화가 난 적이 있나요?",
            "A": "네, 엄마 때문에 화났어요."
        },
        {
            "Q": "엄마의 어떤 말이나 행동이 나를 슬프게 하나요?",
            "A": "저만 없었으면 우리 가족은 행복했을 거래요. 저 못 키우겠대요."
        },
        {
            "Q": "어른들이 나를 집에서 쫓아내거나 버리겠다고 말하거나 진짜 쫓아낸 적이 있나요?",
            "A": "네, 제가 학원 안 갔다고 알몸 상태로 쫓아냈어요. 문 앞에서 세 시간 동안 있었어요."
        },
        {
            "Q": "주위 어른들 중 나를 때린 적이 있는 사람이 있나요?",
            "A": "아니요."
        },
        {
            "Q": "내가 원하지 않는데도 누군가가 내 몸을 만지거나 보여달라고 한 적 있나요?",
            "A": "아니요."
        },
        {
            "Q": "집에서 어른들끼리 소리 지르면서 싸우는 걸 듣거나 본 적이 있나요?",
            "A": "아니요."
        },
        {
            "Q": "친구들이 나를 자주 놀리거나 괴롭힌다고 느낀 적이 있나요?",
            "A": "아니요."
        },
        {
            "Q": "어떨 때 마음이 복잡하거나 힘든가요?",
            "A": "새엄마가 저한테 뭐라고 할 때요."
        },
        {
            "Q": "그럴 때 죽고 싶다는 생각을 한 적 있나요?",
            "A": "네, 있어요."
        },
        {
            "Q": "자살 시도는 해본 적 있나요?",
            "A": "아니요, 그건 무서워서요."
        },
        {
            "Q": "잠잘 때 주로 어떤 꿈을 꾸나요?",
            "A": "꿈은 잘 안 꾸는 것 같아요."
        },
        {
            "Q": "부모님의 허락 없이 또는 말도 없이 집에 오랫동안 나와 있었던 적이 있나요?",
            "A": "아니요."
        }
    ]
}