{
    "info": {
        "위기단계": "상담필요"
    },
    "kids_ment": [
        {
            "Q": "우리 친구 몸은 어때? 어디 아픈 곳 있어?",
            "A": "저 팔이 가렵고 아파요. 아토피가 있는데 계속 간지러워서 긁었더니 피가 나서."
        },
        {
            "Q": "얼마나 다친 거야?",
            "A": "피 나도 간지러워서 긁으니까 흉터 생겼어요."
        },
        {
            "Q": "우리 친구는 뭘 할 때가 가장 즐거워?",
            "A": "즐거운 거 없어요."
        },
        {
            "Q": "언제부터 즐거운 게 없었어?",
            "A": "몇 달 됐어요. 이 학교로 전학오고 나서부터요."
        },
        {
            "Q": "최근 일주일 동안 짜증이나 화가 난 적이 있을까?",
            "A": "네, 반 애들이 저 더럽다고 병균 옮는다고 놀려서 화났어요."
        },
        {
            "Q": "그래서 어떻게 했어?",
            "A": "선생님한테 애들이 놀린다고 말했어요."
        },
        {
            "Q": "그 말을 듣고 선생님은 어떻게 했어?",
            "A": "반 애들 모아서 혼냈는데 그래도 똑같아요."
        },
        {
            "Q": "평소에 짜증이나 화가 났을 때, 어떻게 하면 마음이 풀려?",
            "A": "그냥 책 읽거나 좋아하는 노래 들어요."
        },
        {
            "Q": "평소 몇 시에 자고, 몇 시에 일어나는 편이야?",
            "A": "열 시쯤에 자서 여섯 시에 일어나요."
        },
        {
            "Q": "아침에 일어났을 때, 몸 상태는 어때?",
            "A": "그냥 그런데요."
        },
        {
            "Q": "평소에 잠들기 힘들다거나, 잠자는 중간에 자주 깨는 편이야?",
            "A": "자주 깨요."
        },
        {
            "Q": "평상시에 어머니, 아버지는 어떤 표정을 자주 짓는 것 같아?",
            "A": "항상 걱정이 많은 표정이에요."
        },
        {
            "Q": "왜 그런 표정을 자주 짓는 것 같아?",
            "A": "제가 아토피도 있고 그것 때문에 왕따당하니까 그런 것 같아요."
        },
        {
            "Q": "우리 친구는 형제자매는 몇 명이야?",
            "A": "저밖에 없어요."
        },
        {
            "Q": "같이 노는 친구가 있을까?",
            "A": "아니요, 병균 옮는다고 같이 안 놀아줘요."
        },
        {
            "Q": "담임선생님은 어때? 좋아 아니면 싫어?",
            "A": "좋아요."
        },
        {
            "Q": "담임선생님의 어떤 부분이 좋아?",
            "A": "저 왕따 안 당하게 하려고 엄청 노력해 주세요. 그래서 고마워요."
        },
        {
            "Q": "요즈음 우리 친구 고민은 뭐야?",
            "A": "아토피가 나아서 친구들이랑 놀고 싶어요."
        },
        {
            "Q": "그 고민 때문에 생활이 불편하거나 힘들어?",
            "A": "네, 학교에서 혼자 있으니까 심심하고 애들이 놀리면 속상하고 그래요."
        },
        {
            "Q": "그럼, 요즈음 행복하다고 느껴?",
            "A": "아니요."
        },
        {
            "Q": "어떤 점에서 행복하지 않은 것 같아?",
            "A": "옛날 학교에서는 친구들 많아서 좋았는데, 아토피 치료한다고 여기로 전학 오고 나서는 친구도 없고 왕따당하니까요."
        },
        {
            "Q": "전학 오기 전이랑 비교했을 때 행복을 1에서 10으로 나타내면 몇 점이야?",
            "A": "1점인 것 같아요."
        },
        {
            "Q": "우리 친구는 커서 어떤 사람이 되고 싶어?",
            "A": "전 소설가가 되고 싶어요."
        },
        {
            "Q": "왜 소설가가 되고 싶어?",
            "A": "저 책 읽는 것도 좋아하고 글 쓰는 것도 좋아해요."
        },
        {
            "Q": "주로 친구를 돌봐주는 어른은 누구야?",
            "A": "엄마요."
        },
        {
            "Q": "배가 고픈데 집에 먹을 게 없어서 굶은 적 있어?",
            "A": "아니요."
        },
        {
            "Q": "저녁에 친구를 집에 혼자 두고 어른들이 나갔던 적 있어?",
            "A": "아니요."
        },
        {
            "Q": "친구를 항상 돌봐주는 사람이 갑자기 말도 없이 집을 나가서 안 들어온 적 있어?",
            "A": "없어요."
        },
        {
            "Q": "우리 친구가 어디 아픈 곳이 있는데 부모님이 병원에 데려가지 않은 적은?",
            "A": "없어요."
        },
        {
            "Q": "빨래가 안 되어 있어서 더럽고 냄새나는 옷을 입어야 한 적은 있어?",
            "A": "아니요, 항상 깨끗해요."
        },
        {
            "Q": "옷이나 신발 사이즈가 작은 걸 입거나 신고 다닌 적은 있어?",
            "A": "없어요."
        },
        {
            "Q": "하루에 인터넷이나 휴대폰을 가지고 노는 시간은 몇 시간 정도야?",
            "A": "전 휴대폰보다 책이 더 좋아요. 그래서 한 시간도 안 해요."
        },
        {
            "Q": "피시방도 가?",
            "A": "아니요."
        },
        {
            "Q": "부모님이 운동회나 참관 수업 같은 학교에 오는 행사에 잘 오셔?",
            "A": "엄마가 오는 것 같아요."
        },
        {
            "Q": "부모님이나 선생님 때문에 슬프거나 화난 적 있었어?",
            "A": "없어요."
        },
        {
            "Q": "마음이 힘들 때, 가족에게 친구 마음을 이야기해?",
            "A": "네, 엄마한테 해요."
        },
        {
            "Q": "주위 어른들 중 우리 친구를 때린 적이 있는 사람이 있어?",
            "A": "아니요."
        },
        {
            "Q": "우리 친구가 원하지 않는데도 누군가가 친구 몸을 만지거나 보여달라고 한 적 있었을까?",
            "A": "아니요."
        },
        {
            "Q": "집에서 어른들끼리 소리 지르면서 싸우는 걸 듣거나 본 적이 있어?",
            "A": "없어요."
        },
        {
            "Q": "친구들이 자주 놀리거나 괴롭힌다고 느낀 적이 있어?",
            "A": "네, 맨날 병균 옮는다고 가까이 오지 말라 하고 다시 전학 가라고 그래요."
        },
        {
            "Q": "애들이 놀릴 때 어떤 기분이야?",
            "A": "속상하고 울고 싶고 그래요."
        },
        {
            "Q": "얼마나 자주 그런 일이 있었어?",
            "A": "맨날 놀려요. 등교하면 세균 온다고 그래요."
        },
        {
            "Q": "이렇게 놀림당한 기간이 얼마나 돼?",
            "A": "전학 오고 계속 그래요."
        },
        {
            "Q": "이 괴롭힘 때문에 다쳐서 보건실이나 병원에 간 적도 있어?",
            "A": "아니요, 더럽다고 근처에도 안 오는데요."
        },
        {
            "Q": "그 애들 때문에 학교를 가지 않은 적도 있어?",
            "A": "그런 적은 없어요."
        },
        {
            "Q": "우리 친구는 어떨 때 마음이 복잡하거나 힘들어?",
            "A": "애들이 놀리면요."
        },
        {
            "Q": "이런 상황 때문에 괴로워서 죽고 싶다는 생각을 한 적 있어?",
            "A": "네, 놀릴 때마다요. 아토피 없이 다시 태어나고 싶은데 무서워서 진짜로는 못할 것 같아요."
        },
        {
            "Q": "잠잘 때 주로 어떤 꿈을 꾸는 것 같아?",
            "A": "애들이 저 놀리는 꿈이요."
        },
        {
            "Q": "자주 깨는 이유가 학교 애들 때문에 그런 것 같아?",
            "A": "네."
        },
        {
            "Q": "생각하고 싶지 않은데 싫은 기억이 떠오른 적 있어?",
            "A": "학교 가기 전에 늘 떠올라요."
        },
        {
            "Q": "그런 싫은 기억이 떠오를 때 어떻게 해?",
            "A": "아무것도 안 해요. 할 수 있는 게 없는 것 같아요."
        },
        {
            "Q": "꿈을 꾸고 일어나면 몸 상태가 어때?",
            "A": "땀이 엄청나요."
        },
        {
            "Q": "부모님 허락이나 말도 없이 집에 오랫동안 나와 있었던 적이 있어?",
            "A": "아니요."
        }
    ]
}