{
    "info": {
        "위기단계": "응급"
    },
    "kids_ment": [
        {
            "Q": "우리 친구 몸은 어때? 어디 아픈 곳 있어?",
            "A": "없어요."
        },
        {
            "Q": "그럼 다친 곳은 있을까?",
            "A": "아니요."
        },
        {
            "Q": "우리 친구는 뭘 할 때가 가장 즐거워?",
            "A": "모르겠어요."
        },
        {
            "Q": "즐거움을 느끼지 못한 게 언제부터야?",
            "A": "몇 달 정도 된 것 같아요."
        },
        {
            "Q": "최근 일주일 동안 짜증이나 화가 난 적이 있을까?",
            "A": "네, 자꾸 할아버지가 티브이 보고 있는데 옆에서 이상한 짓 해서 짜증 났어요."
        },
        {
            "Q": "평소에 짜증이나 화가 났을 때, 어떻게 하면 마음이 풀려?",
            "A": "티브이 보거나 친구들이랑 놀면 풀려요."
        },
        {
            "Q": "평소 몇 시에 자고, 몇 시에 일어나는 편이야?",
            "A": "열 시에 자서 여섯 시에 일어나요."
        },
        {
            "Q": "아침에 일어났을 때, 몸 상태는 어때?",
            "A": "매일 피곤한 것 같아요."
        },
        {
            "Q": "평소에 잠들기 힘들다거나, 잠자는 중간에 자주 깨는 편이야?",
            "A": "네, 중간에 깨요."
        },
        {
            "Q": "우리 친구는 누구누구랑 살고 있어?",
            "A": "전 할머니랑 둘이 살아요."
        },
        {
            "Q": "할머니는 어떤 표정을 자주 짓는 것 같아?",
            "A": "그냥 아무 표정도 없는데요."
        },
        {
            "Q": "왜 표정이 없으신 것 같아?",
            "A": "모르겠는데요."
        },
        {
            "Q": "할머니가 우리 친구를 어떻게 대하셔?",
            "A": "그냥 관심 없는 것 같은데요."
        },
        {
            "Q": "우리 친구는 형제자매가 있어?",
            "A": "없어요."
        },
        {
            "Q": "친구들이랑은 주로 뭐 하면서 놀아?",
            "A": "친구들이랑 놀이터에서 놀아요."
        },
        {
            "Q": "담임선생님은 어때? 좋아 아니면 싫어?",
            "A": "좋아요."
        },
        {
            "Q": "담임선생님의 어떤 부분이 좋아?",
            "A": "예쁘고 엄청 착해요."
        },
        {
            "Q": "요즈음 우리 친구 고민은 뭐야?",
            "A": "할아버지가 저 안 만졌으면 좋겠는데 자꾸 건드려서 싫어요."
        },
        {
            "Q": "그 고민 때문에 생활이 불편하거나 힘들어?",
            "A": "할아버지가 일주일에 3일 4일 있는데요. 가끔씩 그러니까 할아버지가 집에 올 때마다 무섭고 그래요."
        },
        {
            "Q": "요즘은 행복하다고 느껴?",
            "A": "아니요."
        },
        {
            "Q": "어떤 점에서 행복하지 않은 것 같아?",
            "A": "할아버지는 할머니 남자친구라서 할아버지가 한 짓 말을 못 하겠어요. 그래서 계속 참아야 되니까요."
        },
        {
            "Q": "그럼, 지금의 행복을 1에서 10으로 나타내면 몇 점이야?",
            "A": "3점인 것 같아요."
        },
        {
            "Q": "우리 친구는 커서 어떤 사람이 되고 싶어?",
            "A": "전 배우가 되고 싶어요."
        },
        {
            "Q": "왜 배우가 되고 싶어?",
            "A": "티브이 보니까 드라마에서 배우가 연기하는 게 너무 멋있어 보여서요."
        },
        {
            "Q": "주로 친구를 돌봐주는 어른은 누구야?",
            "A": "할머니요."
        },
        {
            "Q": "배가 고픈데 집에 먹을 게 없어서 굶은 적 있어?",
            "A": "아니요."
        },
        {
            "Q": "저녁에 친구를 집에 혼자 두고 어른들이 나갔던 적 있어?",
            "A": "그런 적 없어요."
        },
        {
            "Q": "친구를 항상 돌봐주는 사람이 갑자기 말도 없이 집을 나가서 안 들어 온 적 있어?",
            "A": "없어요."
        },
        {
            "Q": "우리 친구가 어디 아픈 곳이 있는데 할머니가 병원에 데려가지 않은 적은?",
            "A": "없어요."
        },
        {
            "Q": "빨래가 안 되어 있어서 더럽고 냄새나는 옷을 입어야 한 적은 있어?",
            "A": "아니요."
        },
        {
            "Q": "옷이나 신발 사이즈가 작은 걸 입거나 신고 다닌 적은 있어?",
            "A": "없어요. 말하면 새로 사주세요."
        },
        {
            "Q": "하루에 인터넷이나 휴대폰을 가지고 노는 시간은 몇 시간 정도야?",
            "A": "한 시간 정도? 전 티브이 보는 게 더 재밌는데요."
        },
        {
            "Q": "피시방도 가?",
            "A": "아니요."
        },
        {
            "Q": "할머니가 운동회나 참관 수업 같은 학교에 오는 행사에 잘 오셔?",
            "A": "오라고 하면 오는 것 같아요."
        },
        {
            "Q": "할머니나 선생님 때문에 슬프거나 화난 적 있었어?",
            "A": "할머니한테 할아버지가 한 거 말했는데, 그냥 무시해서 슬펐어요."
        },
        {
            "Q": "어른들이 친구를 어디에 가두고 못 나오게 한 적 있어?",
            "A": "아니요."
        },
        {
            "Q": "할머니가 다른 사람들 앞에서 혼내실 때가 있어?",
            "A": "없어요."
        },
        {
            "Q": "어른들이 우리 친구를 다른 아이들과 비교하는 편이야?",
            "A": "아니요."
        },
        {
            "Q": "어른들이 친구를 집에서 쫓아내거나 버리겠다고 말한 적 있어?",
            "A": "없어요."
        },
        {
            "Q": "우리 친구가 뭘 하려고 할 때, 무조건 안 된다고 하거나 하기 싫은데 무조건 하라고 할 때가 있어?",
            "A": "아니요."
        },
        {
            "Q": "마음이 힘들 때, 가족에게 친구 마음을 이야기해?",
            "A": "안 해요, 할머니한테 해도 안 들어줘요."
        },
        {
            "Q": "주위 어른들 중 우리 친구를 때린 적이 있는 사람이 있어?",
            "A": "아니요."
        },
        {
            "Q": "우리 친구가 원하지 않는데도 누군가가 친구 몸을 만지거나 보여달라고 한 적 있었을까?",
            "A": "할아버지가 저 다리 사이 만지고 막 할아버지 꺼 넣었어요."
        },
        {
            "Q": "어떻게 만지고 한 거야?",
            "A": "저 티브이 보고 있는데 할아버지가 저 배 위에 올려서 팬티 까더니 할아버지 몸에 있는 거랑 문대다가 그거 저한테 넣었어요. 제가 하지 말라고 막 때리고 그랬는데 계속했어요."
        },
        {
            "Q": "이런 일이 자주 있었어?",
            "A": "전에는 그냥 만지고 막 손가락 넣고 그랬는데 이런 건 이번이 처음이에요."
        },
        {
            "Q": "누가 친구에게 부끄럽고 창피한 걸 시킨 적 있어?",
            "A": "없어요."
        },
        {
            "Q": "누가 소중한 부위를 아프게 한 적 있어?",
            "A": "할아버지요."
        },
        {
            "Q": "소중한 부위에 상처가 나거나 다쳐서 병원에 간 적 있어?",
            "A": "그건 없어요."
        },
        {
            "Q": "누가 친구 몸을 사진 찍거나 동영상을 찍은 적 있어?",
            "A": "아니요."
        },
        {
            "Q": "인터넷이나 휴대폰으로 친구의 신체 부위를 사진이나 영상으로 찍어서 보내달라고 요청한 사람이 있어?",
            "A": "없어요."
        },
        {
            "Q": "친구가 싫다는 데도 계속해서 연락하거나 따라다니는 사람이 있어?",
            "A": "없어요."
        },
        {
            "Q": "온라인이나 휴대폰에서 알게 된 사람을 실제로 만나본 적 있어?",
            "A": "없어요."
        },
        {
            "Q": "집에서 어른들끼리 소리 지르면서 싸우는 걸 듣거나 본 적 있어?",
            "A": "아니요."
        },
        {
            "Q": "친구들이 자주 놀리거나 괴롭힌다고 느낀 적이 있어?",
            "A": "아니요."
        },
        {
            "Q": "우리 친구는 어떨 때 마음이 복잡하거나 힘들어?",
            "A": "할아버지가 자꾸 저 만질 때요."
        },
        {
            "Q": "이런 상황 때문에 괴로워서 죽고 싶다는 생각을 한 적 있어?",
            "A": "네, 진짜 수치스럽고 그랬어요."
        },
        {
            "Q": "얼마나 자주 그런 생각이 들었어?",
            "A": "그 일 있고 매일이요."
        },
        {
            "Q": "실제로 행동으로 옮긴 적 있어?",
            "A": "무서워서 하진 못했어요."
        },
        {
            "Q": "잠잘 때 주로 어떤 꿈을 꾸는 것 같아?",
            "A": "그때 할아버지가 저 괴롭히는 꿈이요."
        },
        {
            "Q": "중간에 깨는 이유가 그 일 때문에 그런 것 같아?",
            "A": "네."
        },
        {
            "Q": "생각하고 싶지 않은데 그 일이 떠오른 적 있어?",
            "A": "매일 떠올라요."
        },
        {
            "Q": "그런 싫은 기억이 떠오를 때 어떻게 해?",
            "A": "그냥 티브이 보면서 생각 안 하려고 해요."
        },
        {
            "Q": "꿈을 꾸고 일어나면 몸 상태가 어때?",
            "A": "막 가슴이 엄청 빨리 뛰어요."
        },
        {
            "Q": "할머니 허락이나 말도 없이 집에 오랫동안 나와 있었던 적이 있어?",
            "A": "없어요."
        }
    ]
}