{
    "info": {
        "위기단계": "관찰필요"
    },
    "kids_ment": [
        {
            "Q": "최근에 건강한가요? 아니면 아픈 곳이 있어요?",
            "A": "아픈 곳 없어요."
        },
        {
            "Q": "최근에 다쳤던 적이 있나요?",
            "A": "멍이 잘 들어요."
        },
        {
            "Q": "왜 멍이 든 거예요?",
            "A": "여기저기 잘 부딪혀요."
        },
        {
            "Q": "언제 멍들었어요?",
            "A": "2, 3일에 한 번씩은 생기는 거 같아서 멍은 매일 있는 거 같아요."
        },
        {
            "Q": "그 전에 자주 그렇게 멍이 생겼어요?",
            "A": "네."
        },
        {
            "Q": "뭘 할 때 즐거워요?",
            "A": "저 메이크업 할 때랑 해줄 때요."
        },
        {
            "Q": "그게 왜 즐거워요?",
            "A": "예쁘게 꾸미는 거에 관심이 많아요. 유튜브 보고 따라서 커버 메이크업하는 거 재미있어요."
        },
        {
            "Q": "최근 일주일 동안 짜증이나 화가 난 적이 있나요?",
            "A": "없어요."
        },
        {
            "Q": "몇 시에 자고 몇 시에 일어나요?",
            "A": "열 시 반쯤 자고 일곱 시에 일어나요."
        },
        {
            "Q": "아침에 일어나면 몸 상태는 어때요?",
            "A": "괜찮은 거 같아요."
        },
        {
            "Q": "잠들기 어렵거나 중간에 깨는 일이 있나요?",
            "A": "아니요."
        },
        {
            "Q": "아빠는 보통 때 어떤 표정으로 친구를 봐요?",
            "A": "저 맘에 안 들어 하시는 거 같아요."
        },
        {
            "Q": "왜 그렇게 느껴요?",
            "A": "저랑 대화하는 거 안 좋아해요."
        },
        {
            "Q": "아빠의 그런 태도를 보면 친구는 어떤 느낌이 들어요?",
            "A": "속상해요. 아빠는 강한 아들을 원하는 것 같아요."
        },
        {
            "Q": "엄마는 어떤 표정으로 친구를 대해요?",
            "A": "울상이에요."
        },
        {
            "Q": "왜 그런 것 같아요?",
            "A": "아들 같지 않다고 아빠가 엄마한테 뭐하고 하니까 그러는 걸 거예요."
        },
        {
            "Q": "그런 엄마를 보면 친구는 어떤 느낌이 들어요?",
            "A": "외톨이가 된 것 같아요."
        },
        {
            "Q": "형제자매가 있나요?",
            "A": "저 혼자예요."
        },
        {
            "Q": "친구들이랑 뭐 하고 놀아요?",
            "A": "메이크업해 주기도 하고 아이돌 메이크업 보면서 수다 떨어요."
        },
        {
            "Q": "친구들 몇 명이서 놀아요?",
            "A": "두 명에서 네 명이요."
        },
        {
            "Q": "남자, 여자 다 같이 놀아요?",
            "A": "여자애들이랑 더 많이 놀아요. 전 축구나 이런 건 잘 못해서."
        },
        {
            "Q": "담임선생님을 좋아하나요, 싫어하나요?",
            "A": "좋아요."
        },
        {
            "Q": "어떤 점이 좋아요?",
            "A": "남자애들이 학기 초에 저보고 계집애 같다고 놀리고 좀 그랬는데 선생님이 사람마다 관심과 재능이 다른 거라고 하면서 저는 예술 쪽이 더 발달한 거지 그게 여자 같은 건 아니라고 말해줬어요. 그 뒤로 남자애들이 안 놀려요."
        },
        {
            "Q": "요즘 제일 걱정되는 게 뭐예요?",
            "A": "혹시 제가 성 정체성에 문제가 있는 건 아닌가 고민돼요."
        },
        {
            "Q": "어떤 점에서 고민이 돼요?",
            "A": "여자들이랑 노는 게 더 편하고 저도 예쁘게 꾸미는 게 더 좋아요. 나중에 군대 가는 것도 좀 걱정되고 아직 잘 모르겠어요."
        },
        {
            "Q": "이런 걱정 때문에 어느 정도 힘든가요?",
            "A": "가끔 생각나면 하루 종일 고민해요."
        },
        {
            "Q": "가끔이면 일주일에 몇 번 정도예요?",
            "A": "일주일에 한 번 정도요."
        },
        {
            "Q": "요즘 행복한 것 같아요?",
            "A": "요즘은 그런 것 같아요."
        },
        {
            "Q": "어떤 점에서 행복해요?",
            "A": "학교생활도 재미있고 엄마 아빠도 요즘에는 뭐라고 하지 않아서 좋아요."
        },
        {
            "Q": "커서 어떤 사람이 되고 싶어요?",
            "A": "메이크업 아티스트 될 거예요."
        },
        {
            "Q": "그게 왜 되고 싶어요?",
            "A": "제가 잘하기도 하고 우리나라에서 최고가 될 자신 있어요. 이왕이면 세계에 이름을 알리는 아티스트가 되고 싶어요."
        },
        {
            "Q": "집에서 주로 나를 돌봐주는 어른은 누구인가요?",
            "A": "엄마요."
        },
        {
            "Q": "배가 고픈데 먹을 게 없어서 굶은 적이 있나요?",
            "A": "없어요."
        },
        {
            "Q": "부모님이나 선생님 때문에 슬프거나 화가 난 적이 있나요?",
            "A": "부모님이요."
        },
        {
            "Q": "부모님의 어떤 말이나 행동이 슬프게 했어요?",
            "A": "저보고 남자답지 못하다고 메이크업 도구나 화장품 다 버려버리라고 화낼 때요."
        },
        {
            "Q": "어른들이 나를 어디에 가두고 못 나오게 한 적 있어요?",
            "A": "없어요."
        },
        {
            "Q": "다른 사람들 앞에서도 혼날 때 있나요?",
            "A": "아니요."
        },
        {
            "Q": "어른들이 나를 다른 아이들과 비교하나요? 얼마나 자주 그런가요?",
            "A": "전에는 거의 매일 그랬는데 올해 담임선생님과 상담하고 나시고는 그런 이야기 안 하세요."
        },
        {
            "Q": "친구를 집에서 쫓아내거나 버리겠다고 말하거나 진짜 쫓아낸 적 있나요?",
            "A": "없어요."
        },
        {
            "Q": "내가 무엇을 하려고 할 때 무조건 안 된다고 하거나 하기 싫은데도 무조건 하라고 할 때가 있나요?",
            "A": "제가 처음에 메이크업 아티스트 된다고 할 때 반대하셨는데, 지금은 아무 말 안 하세요."
        },
        {
            "Q": "마음이 힘들 때 가족에게 내 마음을 이야기하나요?",
            "A": "아니요."
        },
        {
            "Q": "주위 어른들 중 나를 때린 적이 있는 사람이 있나요?",
            "A": "없어요."
        },
        {
            "Q": "내가 원하지 않는데도 누군가가 내 몸을 만지거나 보여달라고 한 적 있어요?",
            "A": "없어요."
        },
        {
            "Q": "집에서 어른들끼리 소리 지르면서 싸우는 걸 듣거나 본 적이 있나요?",
            "A": "아니요."
        },
        {
            "Q": "친구들이 나를 자주 놀리거나 괴롭힌다고 느낀 적이 있나요?",
            "A": "네, 학기 초예요."
        },
        {
            "Q": "반 친구들이 놀렸을 때 어떤 기분이었어요?",
            "A": "내가 진짜 <욕설> 건가 생각도 들고 나만 이상한 건가 생각했어요."
        },
        {
            "Q": "이렇게 괴롭힘을 당한 기간이 어떻게 되나요?",
            "A": "한 달 정도요."
        },
        {
            "Q": "이 아이들 때문에 학교를 가지 않은 적이 있나요?",
            "A": "아니요."
        },
        {
            "Q": "어떨 때 마음이 복잡하거나 힘든가요?",
            "A": "사람들이 계집애 같다고 하면 좀 기분이 그래요."
        },
        {
            "Q": "안 좋은 기억 때문에 괴로워서 죽고 싶다는 생각을 한 적 있나요?",
            "A": "태어나지 말았어야 했다고 생각한 적 있어요."
        },
        {
            "Q": "얼마나 자주 이런 생각이 들었나요?",
            "A": "요즘에는 일주일에 한 번 정도 들어요."
        },
        {
            "Q": "자살 시도해 본 적 있어요?",
            "A": "네, 있어요."
        },
        {
            "Q": "언제 그랬어요?",
            "A": "학기 초에 애들이 뭐라고 할 때요. 네 달 전에요."
        },
        {
            "Q": "어떻게 했어요?",
            "A": "잠에서 안 깨려고 집에 있는 수면제 먹었는데 그냥 잠만 오래 잤어요."
        },
        {
            "Q": "잠잘 때 주로 어떤 꿈을 꾸나요?",
            "A": "제가 유명해져서 메이크업 강연하는 꿈도 꾸고 경연대회 나가는 꿈도 꾸고 그래요."
        },
        {
            "Q": "가출해 본 적 있어요?",
            "A": "없어요."
        }
    ]
}