{
    "info": {
        "위기단계": "응급"
    },
    "kids_ment": [
        {
            "Q": "최근에 아팠거나 약을 먹어야 했던 적이 있나요?",
            "A": "아니요."
        },
        {
            "Q": "최근에 다쳤거나 상처가 난 적이 있나요?",
            "A": "아니요, 없었어요."
        },
        {
            "Q": "무얼 할 때 가장 즐겁나요?",
            "A": "재밌는 게 없어요."
        },
        {
            "Q": "언제부터 재밌는 게 사라진 거 같아요?",
            "A": "잘 모르겠어요. 그냥 이제 재밌지가 않아요."
        },
        {
            "Q": "재밌지 않게 된 특별한 이유가 있을까요?",
            "A": "말하기 싫어요."
        },
        {
            "Q": "최근 일주일 동안 짜증이나 화가 난 적이 있나요?",
            "A": "네."
        },
        {
            "Q": "어떤 일 때문에 짜증이나 화가 났어요?",
            "A": "자꾸 친구들이랑 몸이 부딪혀서."
        },
        {
            "Q": "그런 일이 자주 일어나요?",
            "A": "네, 스쳐도 싫어요."
        },
        {
            "Q": "평소에 짜증이 나거나 화가 날 때 어떻게 풀어요?",
            "A": "그냥 생각 안 하려 하는데 자꾸 생각나요."
        },
        {
            "Q": "몇 시에 자고 몇 시에 일어나요?",
            "A": "열 시? 그때 자서 학교 갈 때 일어나요."
        },
        {
            "Q": "학교 가려면 몇 시에 일어나요, 보통?",
            "A": "여덟 시?"
        },
        {
            "Q": "아침에 일어났을 때 몸 상태는 어때요?",
            "A": "피곤하고 졸려요."
        },
        {
            "Q": "평소에 잠이 들기 힘들거나, 잠자는 중간에 자주 깨나요?",
            "A": "네, 꿈꾸다 자주 깨요."
        },
        {
            "Q": "평소에 누구와 같이 지내요?",
            "A": "저 가는 시설에 수녀님이랑 형, 누나들이요."
        },
        {
            "Q": "평상시에 수녀님은 어떤 표정을 많이 짓나요?",
            "A": "잘 웃으시고 저한테 칭찬 많이 해주세요."
        },
        {
            "Q": "그런 표정 지으실 때 본인은 기분이 어때요?",
            "A": "좋아요. 수녀님 최고."
        },
        {
            "Q": "평소에 수녀님이 다른 형, 누나들이나 시설 친구들이랑 차별하는 거 같아요?",
            "A": "아니요."
        },
        {
            "Q": "친구들이랑 주로 뭐 하고 놀아요?",
            "A": "잘 안 놀아요."
        },
        {
            "Q": "친구들이랑 안 노는 이유가 있어요?",
            "A": "싫어할 거 같아서요."
        },
        {
            "Q": "본인을 친구들이 싫어할 거 같아요?",
            "A": "네."
        },
        {
            "Q": "그렇게 생각하는 이유가 있을까요?",
            "A": "말하고 싶지 않아요."
        },
        {
            "Q": "담임선생님을 좋아하나요? 싫어하나요?",
            "A": "좋아요."
        },
        {
            "Q": "어떤 점에서 담임선생님이 좋아요?",
            "A": "저한테 관심이 많아서요."
        },
        {
            "Q": "요즘 가장 큰 걱정거리가 무엇인가요?",
            "A": "친구들이 절 싫어할 거 같아요."
        },
        {
            "Q": "친구들이 어떤 점에서 본인을 싫어할 거 같아요?",
            "A": "말하면 선생님도 싫어할 거예요."
        },
        {
            "Q": "싫어하지 않겠다고 약속할 테니 이야기 해줄 수 있어요?",
            "A": "학원 형이 저 만져서."
        },
        {
            "Q": "같은 학원 다니는 형이 본인을 만졌나요?",
            "A": "네."
        },
        {
            "Q": "요즘 행복하다고 느끼나요?",
            "A": "아니요."
        },
        {
            "Q": "어떤 점에서 행복하지 않다고 느껴요?",
            "A": "아까 말한 거."
        },
        {
            "Q": "조금 전에 말해준 학원 형 때문에요?",
            "A": "네."
        },
        {
            "Q": "커서 어떤 사람이 되고 싶거나 꿈이 있다면 말해줄래요?",
            "A": "없어요."
        },
        {
            "Q": "해보고 싶거나 어떨까 궁금한 일도 없나요?",
            "A": "네, 없어요."
        },
        {
            "Q": "주로 나를 돌봐주는 어른은 누구인가요?",
            "A": "수녀님이요."
        },
        {
            "Q": "배가 고픈데 먹을 게 없어서 굶은 적이 있나요?",
            "A": "아니요."
        },
        {
            "Q": "어디 아픈 곳이 있는데 어른들이 병원에 데려가지 않은 적이 \n있나요?",
            "A": "아니요. 아프다고 말하면 데려가 주세요."
        },
        {
            "Q": "수녀님 때문에 슬프거나 화가 난 적이 있나요?",
            "A": "아니요."
        },
        {
            "Q": "주위 어른 중에 나를 때린 적이 있는 사람이 있나요?",
            "A": "아니요."
        },
        {
            "Q": "내가 원하지도 않는데도 누군가 내 몸을 만지거나 보여달라고 한 적 있나요?",
            "A": "네."
        },
        {
            "Q": "아까 얘기해준 그 학원 형이 어디를 만졌나요?",
            "A": "여기요."
        },
        {
            "Q": "그런 일이 자주 있었나요?",
            "A": "몇 번."
        },
        {
            "Q": "다섯 번 넘은 거 같아요?",
            "A": "네."
        },
        {
            "Q": "소중한 부위를 아프게 한 적도 있나요?",
            "A": "아프진 않은데 자꾸 계속 만져서."
        },
        {
            "Q": "그 형이 본인이 하기 싫은 부끄럽고 창피한 일도 시켰나요?",
            "A": "네, 형도 만지라고."
        },
        {
            "Q": "시설에서 어른들끼리 소리 지르면서 싸우는 걸 듣거나 본 적이 있나요?",
            "A": "아니요."
        },
        {
            "Q": "친구들이 나를 자주 놀리거나 괴롭힌다고 느낀 적이 있나요?",
            "A": "아니요."
        },
        {
            "Q": "어떨 때 마음이 복잡하거나 힘든가요?",
            "A": "이제 친구들이랑 못 놀 거 같아서요."
        },
        {
            "Q": "아까 말해준 그 형 때문에요?",
            "A": "네."
        },
        {
            "Q": "혹시 그렇게 괴로워서 죽고 싶다는 생각을 한 적 있나요?",
            "A": "네."
        },
        {
            "Q": "얼마나 자주 그런 생각이 들었어요?",
            "A": "가끔이요."
        },
        {
            "Q": "혹시 정말 죽어야겠다 싶어서 실제 시도 해 본 적도 있나요?",
            "A": "아니요."
        },
        {
            "Q": "잠잘 때 주로 어떤 꿈을 꾸나요?",
            "A": "큰 뱀이 저를 휘감고 놓아주지 않아요."
        },
        {
            "Q": "그런 꿈을 꾸다 잠자는 중간에 자주 깨나요?",
            "A": "네, 숨 막혀서."
        },
        {
            "Q": "생각하고 싶지 않은 데도 자꾸 그 기억이 떠오르나요?",
            "A": "네, 매일."
        },
        {
            "Q": "자꾸 떠오를 땐 어떻게 하나요?",
            "A": "그냥 꾹 참아요."
        },
        {
            "Q": "수녀님의 허락 없이 또는 말없이 오랫동안 시설 밖에 나와 있었던 적이 있나요?",
            "A": "아니요."
        }
    ]
}