{
    "info": {
        "위기단계": "응급"
    },
    "kids_ment": [
        {
            "Q": "최근에 건강한가요, 아니면 아픈 곳이 있나요?",
            "A": "배가 아파요."
        },
        {
            "Q": "언제부터 아팠나요?",
            "A": "집에 가면 자주 아파요."
        },
        {
            "Q": "집이 아니라 다른 곳에서는 배가 괜찮아요?",
            "A": "네, 집에서 밥 먹으면 배가 아파요."
        },
        {
            "Q": "집에서 먹으면 배가 아픈 이유가 있을까요?",
            "A": "집이 불편해요."
        },
        {
            "Q": "집이 불편한 이유 물어봐도 될까요?",
            "A": "그냥요."
        },
        {
            "Q": "최근에 다쳤던 적이 있었나요, 없었나요?",
            "A": "다친 적 없어요."
        },
        {
            "Q": "뭘 할 때가 즐겁나요?",
            "A": "학교에 있을 때가 즐거워요."
        },
        {
            "Q": "어떤 점이 즐거운가요?",
            "A": "친구들이랑 노는 것도 좋고, 편해요."
        },
        {
            "Q": "최근 일주일 동안 짜증이나 화가 난 적이 있나요?",
            "A": "큰 소리가 싫은데 반에서 어떤 애가 자꾸 소리 질러요."
        },
        {
            "Q": "그런 일이 자주 일어나요?",
            "A": "1, 2일에 한 번은 그래요. 너무 짜증이 나요."
        },
        {
            "Q": "소리 지르는 친구는 소리 지르는 이유가 뭘까요?",
            "A": "그냥 매번 큰소리로 소리 지르듯이 말해요. 목소리가 너무 커요."
        },
        {
            "Q": "평소에 짜증이나 화가 났을 때, 어떻게 하면 마음이 풀려요?",
            "A": "종이에 스트레스 나는 것을 적고 연필 등으로 막 낙서한 뒤에 마구마구 찢어서 쓰레기통에 버려요."
        },
        {
            "Q": "몇 시에 자고, 몇 시에 일어나요?",
            "A": "열두 시에 자고 일곱 시에 일어나요."
        },
        {
            "Q": "아침에 일어났을 때, 몸 상태는 어때요?",
            "A": "아침에 일어나면 학교 가니까 좋아요."
        },
        {
            "Q": "평소에 잠이 들기 힘들거나, 잠자는 중간에 자주 깨나요?",
            "A": "자주 깨요."
        },
        {
            "Q": "자주 깨는 이유가 있을까요?",
            "A": "시끄러워서요."
        },
        {
            "Q": "시끄러운 이유가 있을까요?",
            "A": "엄마랑 아빠가 시끄러워요."
        },
        {
            "Q": "평상시에 아버지는 어떤 표정을 자주 짓나요?",
            "A": "아빠는 무서워요."
        },
        {
            "Q": "왜 그런 표정을 짓는 것 같아요?",
            "A": "아빠는 나쁜 사람이라서요."
        },
        {
            "Q": "그 표정을 지을 때, 내 기분은 어때요?",
            "A": "무서워요. 몸이 움직이지 않을 때도 있어요. 그냥 이불에 들어가요."
        },
        {
            "Q": "평상시에 어머니는 어떤 표정을 자주 짓나요?",
            "A": "엄마는 울거나 표정이 없어요"
        },
        {
            "Q": "왜 그런 표정을 짓는 것 같아요?",
            "A": "마음이랑 몸이 아파서요."
        },
        {
            "Q": "그 표정을 지을 때, 내 기분은 어때요?",
            "A": "엄마가 안 아프면 좋겠어요. 불쌍해요."
        },
        {
            "Q": "형제자매는 몇 명이에요?",
            "A": "외동딸이요."
        },
        {
            "Q": "친구들이랑 주로 뭐 하고 놀아요?",
            "A": "친구들이랑 수다도 떨고, 아이유랑 방탄소년단 덕질해요."
        },
        {
            "Q": "주로 몇 명이 놀아요?",
            "A": "네 명이요."
        },
        {
            "Q": "담임선생님을 좋아하나요, 싫어하나요?",
            "A": "선생님이 저한테 관심 가져줘서 좋아요."
        },
        {
            "Q": "요즘 가장 큰 걱정거리는 무엇인가요?",
            "A": "곧 방학하면 집에 있는 시간이 많아져서 걱정돼요."
        },
        {
            "Q": "집에 있는 시간이 많으면 어떤 부분이 걱정될까요?",
            "A": "아빠랑 있는 시간이 많아져서요."
        },
        {
            "Q": "아빠랑 있는 시간이 많으면 어때요?",
            "A": "너무 싫어요. 밖으로 나가고 싶어요."
        },
        {
            "Q": "걱정거리 때문에 생활이 불편하거나 힘든가요?",
            "A": "네, 집에 갈 때마다 방학하기 싫다고 생각해요."
        },
        {
            "Q": "요즘 행복하다고 느끼나요?",
            "A": "조금 행복해요."
        },
        {
            "Q": "왜 행복하다고 느끼나요?",
            "A": "친구 따라서 교회 갔는데 친구들도 선생님도 너무 친절해요. 재밌어요."
        },
        {
            "Q": "커서 어떤 사람이 되고 싶은지, 꿈이 무엇인지 이야기해 줄래요?",
            "A": "잘 모르겠어요."
        },
        {
            "Q": "해보고 싶은 일이 없나요?",
            "A": "네, 하고 싶은 게 없어요. 그냥 엄마랑 집에서 나가고 싶어요."
        },
        {
            "Q": "집에서 나가고 싶은 이유가 있어요?",
            "A": "네, 엄마가 불쌍해요."
        },
        {
            "Q": "집에서 주로 나를 돌봐주는 어른은 누구인가요?",
            "A": "엄마요."
        },
        {
            "Q": "배가 고픈데 먹을 게 없어서 굶은 적이 있나요?",
            "A": "아니요, 없어요."
        },
        {
            "Q": "저녁에 나를 집에 혼자 두고 어른들이 나갔던 적 있나요?",
            "A": "아빠는 나갈 때가 있지만, 엄마는 잘 안 나가요."
        },
        {
            "Q": "어디 아픈 곳이 있는데 어른들이 병원에 데려가지 않은 적이 있나요?",
            "A": "엄마가 데려가 줘요."
        },
        {
            "Q": "인터넷이나 휴대폰을 가지고 노는 시간은 하루에 몇 시간 정도인가요?",
            "A": "세 시간 정도요."
        },
        {
            "Q": "부모님이나 선생님 때문에 슬프거나 화가 난 적이 있나요?",
            "A": "엄마랑 아빠 때문에 슬퍼요."
        },
        {
            "Q": "부모님이나 선생님의 어떤 말이나 행동이 나를 슬프게 하나요?",
            "A": "아빠가 엄마를 아프게 해요."
        },
        {
            "Q": "어른들이 나를 어디에 가두고 못 나오게 한 적이 있나요?",
            "A": "아니요."
        },
        {
            "Q": "다른 사람들 앞에서도 혼날 때가 있나요?",
            "A": "아니요."
        },
        {
            "Q": "어른들이 나를 다른 아이들과 비교하나요?",
            "A": "아니요."
        },
        {
            "Q": "어른들이 나를 집에서 쫓아내거나 버리겠다고 말하거나 진짜 쫓아낸 적이 있나요?",
            "A": "아니요."
        },
        {
            "Q": "마음이 힘들 때, 누구에게 내 마음을 이야기하나요?",
            "A": "말할 사람이 없어요."
        },
        {
            "Q": "주위 어른 중 나를 때린 적이 있는 사람이 있나요?",
            "A": "아니요."
        },
        {
            "Q": "누군가가 내 몸을 만지거나 보여달라고 한 적 있어요?",
            "A": "아니요."
        },
        {
            "Q": "집에서 어른들끼리 소리 지르면서 싸우는 걸 듣거나 본 적 있나요?",
            "A": "네, 엄마랑 아빠랑 자주 싸워요."
        },
        {
            "Q": "누가 어떻게 싸웠었나요?",
            "A": "아빠가 엄마를 막 때려요. 주먹으로 때리기도 하고 어떨 때는 물건 던져요. 그리고 가장 최근에는 <욕설> 라고도 하고 욕하면서 엄마 뺨 때렸어요."
        },
        {
            "Q": "그때 어른들이 술을 마신 상태였나요?",
            "A": "아빠는 술 마실 때도 그러고 안 마실 때도 그래요."
        },
        {
            "Q": "어른들이 술을 마시고 집에서 무섭게 행동할 때가 많나요?",
            "A": "아빠는 자주 그래요. 한 달에 두 번 정도요."
        },
        {
            "Q": "그렇게 싸울 때 나한테 안 좋은 소리를 하나요?",
            "A": "제가 보는 앞에서 싸울 때도 있지만, 제가 방에 들어가서 이불 덮고 있을 때도 있어요. 저한테는 뭐라고 잘 안 해요."
        },
        {
            "Q": "이런 일 때문에, 집에 나와서 있어야 한 적이 있나요?",
            "A": "엄마랑 이모 집이랑 할머니 집에 간 적이 있어요."
        },
        {
            "Q": "이런 일 때문에, 집에 경찰이나 다른 사람이 온 적이 있나요?",
            "A": "네, 시끄럽다고 옆집 아저씨도 오고, 경찰 아저씨도 왔었어요. 한 달에 한 번은 왔어요."
        },
        {
            "Q": "이런 일로 집에 경찰이나 다른 사람이 오고 나서도 또 비슷하거나 똑같은 일이 일어난 적이 있나요?",
            "A": "아빠는 계속 그래요. 안 바뀌어요. 너무 싫어요. 경찰이 하는 게 없어요."
        },
        {
            "Q": "친구들이 나를 자주 놀리거나 괴롭힌다고 느낀 적이 있나요?",
            "A": "아니요."
        },
        {
            "Q": "어떨 때 마음이 복잡하거나 힘든가요?",
            "A": "엄마랑 아빠랑 싸울 때요."
        },
        {
            "Q": "안 좋은 기억 때문에 괴로워서 죽고 싶다는 생각을 한 적 있나요?",
            "A": "네, 엄마랑 아빠랑 싸우면 그냥 사라지고 싶어요."
        },
        {
            "Q": "얼마나 자주 이런 생각이 들었나요?",
            "A": "한 달에 한 번 두 번이요."
        },
        {
            "Q": "그러면 스스로를 아프게 하거나 죽으려 한 적이 있나요?",
            "A": "아니요, 없어요. 용기가 없어요."
        },
        {
            "Q": "잠잘 때 주로 어떤 꿈을 꾸나요?",
            "A": "엄마랑 노는 꿈이랑 친구랑 노는 꿈이요."
        },
        {
            "Q": "자는 중간에 자주 깼던 이유가 무섭거나 끔찍하거나 힘들었던 경험 때문인가요?",
            "A": "엄마랑 아빠가 싸워서 시끄러워서 깨요."
        },
        {
            "Q": "생각하고 싶지 않은 데도 자꾸 그 기억이 떠오른 적이 있나요?",
            "A": "아니요."
        },
        {
            "Q": "부모님의 허락 없이 또는 말도 없이 집에 오랫동안 나와 있었던 적이 있나요?",
            "A": "아니요, 그런데 돈만 있으면 엄마랑 집에서 나가고 싶어요."
        }
    ]
}