{
    "info": {
        "위기단계": "응급"
    },
    "kids_ment": [
        {
            "Q": "최근에 건강한가요, 아니면 아픈 곳이 있나요?",
            "A": "건강해요."
        },
        {
            "Q": "최근에 다쳤던 적이 있었나요, 없었나요?",
            "A": "친구랑 놀면서 뛰다가 발목 삐었어요."
        },
        {
            "Q": "언제 다쳤나요?",
            "A": "지난주 수요일이요."
        },
        {
            "Q": "뭘 할 때가 즐겁나요?",
            "A": "그림 그리는 걸 좋아해요. 색칠하는 것도 좋아하고요. 그럴 때만큼은 다른 생각을 안 해도 돼서 좋아요."
        },
        {
            "Q": "최근 일주일 동안 짜증이나 화가 난 적이 있나요?",
            "A": "주말에 친구가 너무 바빠서 저랑 같이 공원에 못 갔어요."
        },
        {
            "Q": "그런 일이 자주 일어나나요?",
            "A": "아니요, 아주 가끔이요."
        },
        {
            "Q": "평소에 짜증이나 화가 났을 때, 어떻게 하면 마음이 풀려요?",
            "A": "산책하거나 노래 들어요."
        },
        {
            "Q": "몇 시에 자고, 몇 시에 일어나나요?",
            "A": "열한 시에 자고 일곱 시에 일어나요."
        },
        {
            "Q": "아침에 일어났을 때, 몸 상태는 어때요?",
            "A": "피곤해요."
        },
        {
            "Q": "평소에 잠이 들기 힘들거나, 잠자는 중간에 자주 깨나요?",
            "A": "자주 깨요."
        },
        {
            "Q": "자주 깨는 이유가 있을까요?",
            "A": "엄마가 걱정돼요."
        },
        {
            "Q": "어떤 부분이 걱정되나요?",
            "A": "엄마가 다칠까 봐요."
        },
        {
            "Q": "엄마가 평소에 자주 다치나요?",
            "A": "네."
        },
        {
            "Q": "평상시에 아버지는 어떤 표정을 자주 짓나요?",
            "A": "아빠는 대부분 화난 표정을 짓거나, 아무런 표정도 없어요. 가끔 웃어요."
        },
        {
            "Q": "왜 그런 표정을 짓는 것 같아요?",
            "A": "아빠가 왜 그런지는 정확히 모르겠어요."
        },
        {
            "Q": "그 표정을 지을 때, 내 기분은 어때요?",
            "A": "무서워요. 그리고 슬퍼요."
        },
        {
            "Q": "평상시에 어머니는 어떤 표정을 자주 짓나요?",
            "A": "엄마는 대부분 슬픈 표정을 짓거나, 걱정하는 표정을 짓는 것 같아요."
        },
        {
            "Q": "왜 그런 표정을 짓는 것 같아요?",
            "A": "아빠 때문에 힘들어서요."
        },
        {
            "Q": "그 표정을 지을 때, 내 기분은 어때요?",
            "A": "슬프고, 마음이 아파요."
        },
        {
            "Q": "형제자매는 몇 명이에요?",
            "A": "외동딸이요."
        },
        {
            "Q": "친구들이랑 주로 뭐 하고 놀아요?",
            "A": "친구들과 주로 놀이터에서 뛰놀거나, 카페가요."
        },
        {
            "Q": "주로 몇 명이 놀아요?",
            "A": "여섯 명이요."
        },
        {
            "Q": "담임선생님을 좋아하나요, 싫어하나요?",
            "A": "친절하셔서 좋아해요."
        },
        {
            "Q": "요즘 가장 큰 걱정거리는 무엇인가요?",
            "A": "시험이 다가오고 있어서 많이 불안해요."
        },
        {
            "Q": "걱정거리 때문에 생활이 불편하거나 힘든가요?",
            "A": "조금 지쳐요. 그냥 하기 싫어요. 매일 그냥 쉬고 싶어요."
        },
        {
            "Q": "요즘 행복하다고 느끼나요?",
            "A": "아니요."
        },
        {
            "Q": "왜 불행하다고 느끼나요?",
            "A": "시험이랑 아빠 때문에 행복하지 않아요."
        },
        {
            "Q": "커서 어떤 사람이 되고 싶은지, 꿈이 무엇인지 이야기해 줄래요?",
            "A": "의사요. 아프거나 힘들 때 도와주는 일을 하고 싶어요. 특히 엄마가 안 아프면 좋겠어요."
        },
        {
            "Q": "집에서 주로 나를 돌봐주는 어른은 누구인가요?",
            "A": "엄마요."
        },
        {
            "Q": "배가 고픈데 먹을 게 없어서 굶은 적이 있나요?",
            "A": "아니요, 없어요."
        },
        {
            "Q": "저녁에 나를 집에 혼자 두고 어른들이 나갔던 적 있나요?",
            "A": "아니요."
        },
        {
            "Q": "어디 아픈 곳이 있는데 어른들이 병원에 데려가지 않은 적이 있나요?",
            "A": "엄마랑 병원 가요."
        },
        {
            "Q": "인터넷이나 휴대폰을 가지고 노는 시간은 하루에 몇 시간 정도인가요.",
            "A": "두 시간 정도요."
        },
        {
            "Q": "부모님이나 선생님 때문에 슬프거나 화가 난 적이 있나요?",
            "A": "네."
        },
        {
            "Q": "부모님이나 선생님의 어떤 말이나 행동이 나를 슬프게 하나요?",
            "A": "아빠가 엄마를 아프게 해요. 신고해도 아빠는 또 엄마를 때려요. 그리고 지애미 닮아서 싸가지 없네! 라고 저한테 했어요."
        },
        {
            "Q": "어른들이 나를 어디에 가두고 못 나오게 한 적이 있나요?",
            "A": "아니요."
        },
        {
            "Q": "다른 사람들 앞에서도 혼날 때가 있나요?",
            "A": "아니요."
        },
        {
            "Q": "어른들이 나를 다른 아이들과 비교하나요?",
            "A": "아니요."
        },
        {
            "Q": "어른들이 나를 집에서 쫓아내거나 버리겠다고 말하거나 진짜 쫓아낸 적이 있나요?",
            "A": "아니요."
        },
        {
            "Q": "마음이 힘들 때, 누구에게 내 마음을 이야기하나요?",
            "A": "상담 선생님한테 말해요."
        },
        {
            "Q": "주위 어른 중 나를 때린 적이 있는 사람이 있나요?",
            "A": "아빠가 저를 때렸어요. 제가 엄마를 도와주려고 하니까 화를 내더니 목 졸랐어요."
        },
        {
            "Q": "나를 때리시는 이유가 뭐라고 생각해요?",
            "A": "저도 잘 모르겠어요. 아빠가 화가 나면 저희 엄마를 때리는데, 제가 그걸 막으려고 하니까 저도 때리더라고요. 아마 제가 방해해서 그런 것 같아요."
        },
        {
            "Q": "자주 때리시나요?",
            "A": "네, 한 달에 두 번은 소리 지르고 때려요."
        },
        {
            "Q": "다친 것 때문에, 병원에 가서 치료를 받은 적 있나요?",
            "A": "아니요."
        },
        {
            "Q": "병원에 입원한 적도 있나요?",
            "A": "아니요."
        },
        {
            "Q": "누군가가 내 몸을 만지거나 보여달라고 한 적 있어요?",
            "A": "아니요."
        },
        {
            "Q": "집에서 어른들끼리 소리 지르면서 싸우는 걸 듣거나 본 적이 있나요?",
            "A": "네, 많이 봤어요. 아빠가 엄마를 욕하면서 소리를 지르고 때리는 걸 자주 봐요."
        },
        {
            "Q": "누가 어떻게 싸웠나요?",
            "A": "아빠가 엄마한테 너 아직도 골프 쳐야겠냐, <욕설>라고 욕하면서 엄마 머리채를 붙잡았어요."
        },
        {
            "Q": "그때 어른들이 술을 마신 상태였나요?",
            "A": "네, 술 냄새났어요."
        },
        {
            "Q": "어른들이 술을 마시고 집에서 무섭게 행동할 때가 많나요?",
            "A": "아빠는 자주 그래요. 한 달에 두 번 정도요."
        },
        {
            "Q": "그렇게 싸울 때 나한테 안 좋은 소리를 하나요?",
            "A": "네, 아빠가 저를 방해꾼이라고 불러요. 제가 엄마를 돕는 걸 보면 더 화를 내고 저에게 소리 질러요."
        },
        {
            "Q": "이런 일 때문에, 집에 나와서 있어야 한 적이 있나요?",
            "A": "네, 쉼터에 간 적 있어요."
        },
        {
            "Q": "이런 일 때문에, 집에 경찰이나 다른 사람이 온 적 있나요?",
            "A": "네, 제가 경찰에 신고했어요."
        },
        {
            "Q": "이런 일로 집에 경찰이나 다른 사람이 오고 나서도 또 비슷하거나 똑같은 일이 일어난 적이 있나요?",
            "A": "경찰이 가고 아빠가 더 화냈어요. 그리고 엄마와 저에게 더 심하게 소리 질렀어요. 그리고 이전에도 경찰 왔었는데 아빠는 또 그래요."
        },
        {
            "Q": "친구들이 나를 자주 놀리거나 괴롭힌다고 느낀 적이 있나요?",
            "A": "아니요."
        },
        {
            "Q": "어떨 때 마음이 복잡하거나 힘든가요?",
            "A": "아빠가 엄마를 때릴 때, 그리고 저를 소리치며 때릴 때가 제일 힘들어요. 도망가고 싶어요."
        },
        {
            "Q": "안 좋은 기억 때문에 괴로워서 죽고 싶다는 생각을 한 적 있나요?",
            "A": "모든 게 끝나면 좋겠다는 생각이 들어요."
        },
        {
            "Q": "얼마나 자주 이런 생각이 들었나요?",
            "A": "일주일에 몇 번씩은 그런 생각 하게 돼요."
        },
        {
            "Q": "그러면 스스로를 아프게 하거나 죽으려고 한 적이 있나요?",
            "A": "아니요, 제가 죽으면 엄마 혼자 남아서 안 돼요."
        },
        {
            "Q": "잠잘 때 주로 어떤 꿈을 꾸나요?",
            "A": "아빠가 저를 쫓아오는 꿈을 꾸곤 해요."
        },
        {
            "Q": "자는 중간에 자주 깼던 이유가 무섭거나 끔찍하거나 힘들었던 경험 때문인가요?",
            "A": "또 아빠가 엄마를 때릴까 봐 놀라서 깨기도 해요."
        },
        {
            "Q": "생각하고 싶지 않은 데도 자꾸 그 기억이 떠오른 적이 있나요?",
            "A": "아빠가 저를 때리거나 소리치는 기억이 자꾸 떠오르곤 해요. 그런 일이 없는 날에도 갑자기 그런 기억이 떠올라서 놀라요."
        },
        {
            "Q": "이런 싫은 기억이 떠오를 때 어떻게 하나요?",
            "A": "울거나 자요."
        },
        {
            "Q": "꿈을 꾸고 일어나면 몸 상태가 어떤가요?",
            "A": "심장이 빠르게 뛰거나 숨쉬기 어려워요."
        },
        {
            "Q": "부모님의 허락 없이 또는 말도 없이 집에 오랫동안 나와 있었던 적이 있나요?",
            "A": "아니요."
        }
    ]
}