{
    "info": {
        "위기단계": "정상군"
    },
    "kids_ment": [
        {
            "Q": "최근에 건강한가요? 아니면 아픈 곳이 있나요?",
            "A": "넘어져서 무릎 다쳤어요."
        },
        {
            "Q": "무릎 말고 배나 머리가 아프진 않아요?",
            "A": "네. 배랑 머리는 안 아파요."
        },
        {
            "Q": "최근에 다쳤던 적이 있나요?",
            "A": "네. 있었어요."
        },
        {
            "Q": "왜 다쳤어요?",
            "A": "뛰어가다가 넘어졌어요."
        },
        {
            "Q": "치료는 어떻게 했어요?",
            "A": "엄마가 소독해 주시고 대일밴드 붙여주셨어요."
        },
        {
            "Q": "우리 친구는 뭘 할 때가 즐거워요?",
            "A": "노래 부르고 춤출 때가 좋아요."
        },
        {
            "Q": "노래 부르고 춤추는 것이 왜 좋아요?",
            "A": "재미있어서요. 그리고 엄마, 아빠랑 할머니 할아버지가 엄청 좋아해 주세요."
        },
        {
            "Q": "우리 친구 최근 일주일 동안 짜증이나 화가 난 적 있었어요?",
            "A": "네, 있었어요."
        },
        {
            "Q": "왜 짜증이나 화가 났어요?",
            "A": "친구랑 같이 과자 먹었는데 친구가 제 과자 뺏어 먹었어요."
        },
        {
            "Q": "그래서 친구랑 싸운 거예요?",
            "A": "아니요, 싸우진 않았어요."
        },
        {
            "Q": "평소에 짜증이 나면 어떻게 하면 마음이 풀려요?",
            "A": "노래 부르고 춤도 춰요."
        },
        {
            "Q": "우리 친구는 몇 시에 자고 몇 시에 일어나요?",
            "A": "열 시에 자고 일곱 시에 일어나요."
        },
        {
            "Q": "아침에 일어났을 때 몸 상태는 어때요?",
            "A": "좋아요."
        },
        {
            "Q": "평소에 잠이 들기 힘들거나 잠자는 중간에 자주 깬 적이 있을까요?",
            "A": "아니요, 없어요."
        },
        {
            "Q": "아빠는 평상시에 어떤 표정을 자주 짓고 계세요?",
            "A": "우리 아빠는 언제나 막 힘이 넘치세요."
        },
        {
            "Q": "아빠는 왜 그런 표정을 짓고 계신 것 같아요?",
            "A": "아빠는 힘이 세니까요."
        },
        {
            "Q": "아빠가 그런 표정을 짓고 계시면 친구 기분이 어때요?",
            "A": "좋아요. 저랑 놀아주실 것 같아서요."
        },
        {
            "Q": "아빠가 친구랑 이야기하실 때는 어떤 표정을 짓고 계세요?",
            "A": "웃고 계세요."
        },
        {
            "Q": "엄마는 평상시에 어떤 표정을 짓고 계세요?",
            "A": "엄마는 항상 웃고 계세요."
        },
        {
            "Q": "엄마는 왜 그런 표정을 짓고 계신 것 같아?",
            "A": "기분이 좋으신가 봐요."
        },
        {
            "Q": "그런 엄마 표정을 보면 친구 기분이 어때요?",
            "A": "좋아요. 저도 기분 좋아져요."
        },
        {
            "Q": "엄마가 친구랑 이야기하실 때는 어떤 표정을 짓고 계세요?",
            "A": "활짝 웃는 표정을 짓고 계세요."
        },
        {
            "Q": "우리 친구 형제자매는 몇 명이에요?",
            "A": "오빠가 한 명 있어요."
        },
        {
            "Q": "오빠랑 사이는 어때요?",
            "A": "좋아요. 오빠랑 같이 놀면 힘들긴 한데 엄청 재미있어요."
        },
        {
            "Q": "부모님이 오빠랑 친구를 차별하신다고 느낀 적이 있어요?",
            "A": "아니요, 없었어요."
        },
        {
            "Q": "우리 친구는 친구들이랑 주로 뭐하면서 놀아요?",
            "A": "노래도 부르고 킥보드도 타요."
        },
        {
            "Q": "주로 몇 명이랑 놀아요?",
            "A": "세 명이요."
        },
        {
            "Q": "우리 친구는 담임선생님을 좋아하나요?",
            "A": "네. 좋아요."
        },
        {
            "Q": "담임선생님이 왜 좋아요?",
            "A": "재미있고 상냥하세요."
        },
        {
            "Q": "우리 친구 요즘 가장 큰 걱정거리는 뭐예요?",
            "A": "다음 주에 학원에서 시험 본다고 했어요."
        },
        {
            "Q": "시험 보는 게 걱정인 거예요?",
            "A": "네, 공부하기 싫어요."
        },
        {
            "Q": "그럼 그런 걱정 때문에 생활이 힘들거나 불편한가요?",
            "A": "아니요, 그렇진 않아요."
        },
        {
            "Q": "우리 친구는 요즈음 행복하다고 느끼나요?",
            "A": "네."
        },
        {
            "Q": "왜 행복하다고 느껴요?",
            "A": "엄마가 다음 달에 놀이동산 간다고 했어요."
        },
        {
            "Q": "우리 친구 꿈이 무엇인지 말해줄 수 있을까요?",
            "A": "인기 가수가 되고 싶어요."
        },
        {
            "Q": "왜 가수가 되고 싶어요?",
            "A": "노래 부르고 춤추는 거 좋아해서요."
        },
        {
            "Q": "집에서 주로 친구를 돌봐주는 어른은 누구예요?",
            "A": "엄마요."
        },
        {
            "Q": "배가 고픈데 먹을 게 없어서 굶은 적이 있나요?",
            "A": "아니요, 없었어요."
        },
        {
            "Q": "저녁에 친구를 집에 혼자 두고 어른들이 나갔던 적 있었어요?",
            "A": "아니요, 없었어요."
        },
        {
            "Q": "친구가 아픈 데 어른들이 병원에 데려가지 않은 적이 있었어요?",
            "A": "아니요, 없었어요."
        },
        {
            "Q": "세탁하지 않아서 냄새나는 옷을 입어야 한 적이 있거나 작은 옷이나 신발을 입거나 신고 다닌 적 있어요?",
            "A": "아니요, 없었어요."
        },
        {
            "Q": "인터넷이나 휴대폰을 가지고 노는 시간은 하루에 몇 시간 정도예요?",
            "A": "두 시간 정도요."
        },
        {
            "Q": "휴대폰 많이 한다고 어른들이 뭐라고 하지는 않아요?",
            "A": "네, 하세요. 이제 그만하라고."
        },
        {
            "Q": "어른들이 운동회나 참관 수업 또는 학부모 상담 같은 학교 행사에 잘 오시나요?",
            "A": "네."
        },
        {
            "Q": "부모님이나 선생님 때문에 슬프거나 화가 난 적이 있어요?",
            "A": "아니요. 없었어요."
        },
        {
            "Q": "주위 어른들 중 친구를 때린 사람이 있나요?",
            "A": "아니요, 없어요."
        },
        {
            "Q": "혹시 친구가 원하지 않는데도 누군가가 친구 몸을 만지거나 보여달라고 한 적 있어요?",
            "A": "아니요, 없었어요."
        },
        {
            "Q": "집에서 어른들끼리 소리 지르면서 싸우는 걸 듣거나 본 적이 있어요?",
            "A": "아니요, 없었어요."
        },
        {
            "Q": "다른 아이들이 우리 친구를 자주 놀리거나 괴롭힌다고 느낀 적이 있나요?",
            "A": "아니요. 없어요."
        },
        {
            "Q": "우리 친구는 어떨 때 마음이 복잡하거나 힘들어요?",
            "A": "공부해야 할 때 힘들어요."
        },
        {
            "Q": "그런 일 때문에 괴로워서 죽고 싶다는 생각을 한 적이 있나요?",
            "A": "아니요, 그런 적은 없어요."
        },
        {
            "Q": "우리 친구는 잠잘 때 주로 어떤 꿈을 꾸나요?",
            "A": "잘 모르겠어요. 기억이 잘 안 나요."
        },
        {
            "Q": "어른들 허락 없이 또는 말도 없이 집에서 오랫동안 나와 있었던 적이 있나요?",
            "A": "아니요, 없었어요."
        }
    ]
}