{
    "info": {
        "위기단계": "정상군"
    },
    "kids_ment": [
        {
            "Q": "최근에 건강한가요? 아니면 아픈 곳이 있어요?",
            "A": "배가 아팠어요."
        },
        {
            "Q": "왜 배가 아팠어요?",
            "A": "그날이라서 생리통이요."
        },
        {
            "Q": "아픈 건 어떻게 치료했어요?",
            "A": "진통제 먹었어요."
        },
        {
            "Q": "최근에 다쳤던 적이 있나요?",
            "A": "아니요, 없었어요."
        },
        {
            "Q": "우리 친구는 뭘 할 때가 즐거워요?",
            "A": "동생들 머리 예쁘게 만들어 줄 때가 좋아요."
        },
        {
            "Q": "동생들이랑 노는 게 좋은 거예요?",
            "A": "그것도 좋지만, 머리 예쁘게 만드는 게 재미있어서요."
        },
        {
            "Q": "우리 친구 최근 일주일 동안 짜증이나 화가 난 적 있었어요?",
            "A": "네, 있었어요."
        },
        {
            "Q": "왜 짜증이나 화가 났어요?",
            "A": "엄마가 잔소리하셔서요."
        },
        {
            "Q": "엄마는 무슨 잔소리를 하셨어요?",
            "A": "그만 놀고 공부하라고 잔소리하셨어요."
        },
        {
            "Q": "평소에 짜증이 나면 어떻게 하면 마음이 풀려요?",
            "A": "머리 묶는 유튜브 영상 같은 거 보면 기분이 좋아져요."
        },
        {
            "Q": "우리 친구는 몇 시에 자고 몇 시에 일어나요?",
            "A": "열두 시에 자고 일곱 시에 일어나요."
        },
        {
            "Q": "아침에 일어났을 때 몸 상태는 어때요?",
            "A": "좋아요."
        },
        {
            "Q": "평소에 잠이 들기 힘들거나 잠자는 중간에 자주 깬 적이 있을까요?",
            "A": "아니요, 없어요."
        },
        {
            "Q": "아빠는 평상시에 어떤 표정을 짓고 계셔?",
            "A": "항상 웃고 계세요."
        },
        {
            "Q": "아빠는 왜 그런 표정을 짓고 계신 것 같아?",
            "A": "기분이 좋으신가 봐요."
        },
        {
            "Q": "아빠가 그런 표정을 짓고 계시면 친구는 기분이 어때?",
            "A": "좋아요. 아빠 기분 좋으시면 가끔 용돈도 주시거든요."
        },
        {
            "Q": "엄마는 평상시에 어떤 표정을 짓고 계셔?",
            "A": "항상 바빠 보이세요."
        },
        {
            "Q": "엄마는 왜 그런 표정을 짓고 계신 것 같아?",
            "A": "일이 많으세요. 집안일도 많고 회사 일도 많고요."
        },
        {
            "Q": "그런 엄마 표정을 보면 친구 기분이 어때?",
            "A": "도와드리고 싶어요."
        },
        {
            "Q": "우리 친구 형제자매는 몇 명이에요?",
            "A": "여동생이 두 명 있어요."
        },
        {
            "Q": "여동생들이랑 사이는 어때요?",
            "A": "좋아요. 제가 머리 예쁘게 해주면 다들 엄청 좋아해요."
        },
        {
            "Q": "부모님이 동생들이랑 친구를 차별하신다고 느낀 적이 있나요?",
            "A": "아니요, 없었어요."
        },
        {
            "Q": "우리 친구는 친구들이랑 주로 뭐하면서 놀아요?",
            "A": "마라탕도 사 먹고 아이돌 이야기도 해요."
        },
        {
            "Q": "주로 몇 명이랑 놀아요?",
            "A": "세 명이요."
        },
        {
            "Q": "우리 친구는 담임선생님을 좋아하나요?",
            "A": "네, 좋아요."
        },
        {
            "Q": "담임선생님이 왜 좋아요?",
            "A": "친절하시고 상냥하세요."
        },
        {
            "Q": "우리 친구 요즘 가장 큰 걱정거리는 뭘까요?",
            "A": "중학교 올라가면 공부할 게 많다는데 걱정이에요."
        },
        {
            "Q": "공부하는 게 걱정인 거예요?",
            "A": "네, 공부하는 거 힘들잖아요."
        },
        {
            "Q": "그럼 그런 걱정 때문에 생활이 힘들거나 불편한가요?",
            "A": "아니요, 그렇진 않아요."
        },
        {
            "Q": "우리 친구는 요즈음 행복하다고 느끼나요?",
            "A": "네."
        },
        {
            "Q": "왜 행복하다고 느낄까?",
            "A": "엄마가 이번 주에 같이 미용실 가자고 했거든요."
        },
        {
            "Q": "우리 친구 꿈이 무엇인지 말해 줄 수 있을까요?",
            "A": "미용사가 되고 싶어요."
        },
        {
            "Q": "왜 미용사가 되고 싶어요?",
            "A": "제 머리 예쁘게 꾸미는 것도 좋고 남들 해주는 것도 좋아해서요."
        },
        {
            "Q": "집에서 주로 나를 돌봐주는 어른은 누구인가요?",
            "A": "엄마요."
        },
        {
            "Q": "배가 고픈데 먹을 게 없어서 굶은 적이 있나요?",
            "A": "아니요, 없었어요."
        },
        {
            "Q": "저녁에 친구를 집에 혼자 두고 어른들이 나갔던 적 있나요?",
            "A": "아니요, 없었어요."
        },
        {
            "Q": "어디 아픈 곳이 있는데 어른들이 병원에 데려가지 않은 적이 있나요?",
            "A": "아니요, 없었어요."
        },
        {
            "Q": "더럽고 냄새나는 옷을 입어야 한 적이 있거나 작은 옷이나 신발을 입거나 신고 다닌 적 있나요?",
            "A": "아니요, 없었어요."
        },
        {
            "Q": "인터넷이나 휴대폰을 가지고 노는 시간은 하루에 몇 시간 정도인가요?",
            "A": "두 시간 정도요."
        },
        {
            "Q": "휴대폰 많이 한다고 어른들이 뭐라고 하지는 않나요?",
            "A": "네, 하세요. 이제 그만하라고."
        },
        {
            "Q": "어른들이 운동회나 참관 수업 또는 학부모 상담 같은 학교 행사에 잘 오시나요?",
            "A": "네."
        },
        {
            "Q": "부모님이나 선생님 때문에 슬프거나 화가 난 적이 있나요?",
            "A": "아니요, 없었어요."
        },
        {
            "Q": "주위 어른들 중 나를 때린 적이 있는 사람이 있나요?",
            "A": "아니요, 없어요."
        },
        {
            "Q": "내가 원하지 않는데도 누군가가 내 몸을 만지거나 보여달라고 한 적 있어요?",
            "A": "아니요, 없었어요."
        },
        {
            "Q": "집에서 어른들끼리 소리 지르면서 싸우는 걸 듣거나 본 적이 있나요?",
            "A": "아니요, 없었어요."
        },
        {
            "Q": "다른 아이들이 우리 친구를 자주 놀리거나 괴롭힌다고 느낀 적이 있나요?",
            "A": "아니요, 없어요."
        },
        {
            "Q": "우리 친구는 어떨 때 마음이 복잡하거나 힘든가요?",
            "A": "이제 곧 중학교 올라간다 생각하면 마음이 복잡해요."
        },
        {
            "Q": "그런 생각 때문에 괴로워서 죽고 싶다는 생각을 한 적이 있나요?",
            "A": "아니요, 그런 적 없어요."
        },
        {
            "Q": "우리 친구는 잠잘 때 주로 어떤 꿈을 꾸나요?",
            "A": "제가 꿈을 잘 안 꾸는 편이라서 기억이 잘 안 나요."
        },
        {
            "Q": "어른들 허락 없이 또는 말도 없이 집에서 오랫동안 나와 있었던 적이 있나요?",
            "A": "아니요, 없었어요."
        }
    ]
}