{
    "info": {
        "위기단계": "정상군"
    },
    "kids_ment": [
        {
            "Q": "친구는 최근에 건강해? 아니면 아픈 곳이 있어?",
            "A": "아니요. 저 완전 건강하다고 소문났어요."
        },
        {
            "Q": "최근에 다쳤던 적이 있었어?",
            "A": "아니요. 저는 아픈 거 싫어해서 맨날 조심해요."
        },
        {
            "Q": "친구는 뭘 할 때가 즐거워?",
            "A": "저는 책 읽으면 제일 재밌어요."
        },
        {
            "Q": "책 읽는 게 어떤 점이 즐거워?",
            "A": "그냥 책 읽으면 재밌어서 좋아해요."
        },
        {
            "Q": "친구는 최근 일주일 동안 짜증이나 화가 난 적이 있어?",
            "A": "아니요. 짜증이나 화는 잘 모르겠어요."
        },
        {
            "Q": "그럼, 평소에 짜증이나 화가 났을 때, 어떻게 하면 마음이 풀려요?",
            "A": "너무 오래전이라 기억이 안 나는데, 책 읽으면 풀렸던 것 같아요."
        },
        {
            "Q": "친구는 몇 시에 자고 몇 시에 일어나?",
            "A": "저는 열두 시에 자서 일곱 시에 일어나요."
        },
        {
            "Q": "아침에 일어났을 때, 몸 상태는 어때?",
            "A": "그냥 맨날 똑같아요. 조금 졸린 것 같아요."
        },
        {
            "Q": "평소에 잠이 들기 힘들거나, 잠자는 중간에 자주 깨?",
            "A": "아니요. 그냥 쭉 자는 것 같아요."
        },
        {
            "Q": "아버지는 평소에 어떤 표정을 자주 보여?",
            "A": "아빠한테 관심이 없어서 잘 모르겠는데, 무표정인 것 같아요."
        },
        {
            "Q": "그 표정을 짓는 이유가 뭐인 것 같아?",
            "A": "아빠도 저한테 별로 관심 없을걸요."
        },
        {
            "Q": "아빠가 그렇게 표정을 지으면 친구 기분이 어때?",
            "A": "그냥 아무 생각도 안 들어요."
        },
        {
            "Q": "어머니는 평소에 어떤 표정을 자주 보여?",
            "A": "엄마는 저랑 놀면 항상 웃으세요."
        },
        {
            "Q": "그 표정을 짓는 이유가 뭐인 것 같아?",
            "A": "엄마는 저랑 노는 게 좋은 것 같아요."
        },
        {
            "Q": "엄마가 그렇게 표정을 지으면 친구는 기분이 어때?",
            "A": "엄마랑 놀면 저도 좀 행복해지는 것 같아요."
        },
        {
            "Q": "친구는 형제자매가 있어?",
            "A": "네. 형 있어요."
        },
        {
            "Q": "형이랑 사이가 어때?",
            "A": "형이랑 자주 싸워요. 자꾸 막 뭐 하라고 시키는데, 하기 싫어서 안 하면 막 뭐라 해서 싸워요."
        },
        {
            "Q": "평소에 부모님이 형이랑 친구를 차별하는 것 같아?",
            "A": "그렇게 느껴본 적은 없는 것 같아요."
        },
        {
            "Q": "친구들이랑 주로 뭐 하고 놀아?",
            "A": "친구들이랑 놀 땐 놀이터에서 축구하거나, 술래잡기 많이 해요."
        },
        {
            "Q": "주로 몇 명이 놀아?",
            "A": "여섯 명 정도 같이 노는 것 같아요."
        },
        {
            "Q": "친구는 담임 선생님을 좋아해?",
            "A": "네. 담임 선생님 좋아요."
        },
        {
            "Q": "담임 선생님이 어떤 부분에서 좋아?",
            "A": "저 책 좋아한다고, 반에 책 가져다주셨어요. 그래서 좋아요."
        },
        {
            "Q": "친구는 요즘 가장 큰 걱정거리가 뭐야?",
            "A": "잘 모르겠어요. 막 걱정이 되는 건 없어요."
        },
        {
            "Q": "친구는 요즘 행복하다고 느껴?",
            "A": "네. 저는 책 읽으면 엄청 행복해요."
        },
        {
            "Q": "친구는 커서 어떤 사람이 되고 싶어?",
            "A": "저는 작가가 되고 싶어요."
        },
        {
            "Q": "작가가 되고 싶은 이유가 있어?",
            "A": "저는 밖에 돌아다니는 것도 막 좋아하지 않고 그래서 드라마 작가나 영화 작가 해보고 싶어요."
        },
        {
            "Q": "집에서 주로 친구를 돌봐주는 어른은 누구야?",
            "A": "엄마가 항상 챙겨주세요."
        },
        {
            "Q": "배가 고픈데 먹을 게 없어서 굶은 적이 있어?",
            "A": "아니요. 굶은 적 없어요."
        },
        {
            "Q": "저녁에 친구를 집에 혼자 두고 나가거나, 갑자기 말도 없이 집을 나가서 안 들어온 적이 있어?",
            "A": "아니요. 엄마는 항상 집에 계시는 것 같아요."
        },
        {
            "Q": "어디 아픈 곳이 있는데 어른들이 병원에 데려가지 않은 적 있어?",
            "A": "아니요. 잘 아프지도 않은데, 아프면 바로 병원에 데려가세요."
        },
        {
            "Q": "빨래가 안 되거나, 옷이나 신발 사이즈가 작은 걸 입거나 신고 다닌 적 있어?",
            "A": "아니요. 항상 깨끗한 옷 입고 다녀요."
        },
        {
            "Q": "인터넷이나 휴대폰을 가지고 노는 시간은 하루에 몇 시간 정도 해?",
            "A": "저는 한 시간 정도 하는 것 같아요."
        },
        {
            "Q": "어른들이 학교에 참석해야 하는 행사에 잘 오셔?",
            "A": "네. 엄마가 항상 오세요."
        },
        {
            "Q": "부모님이나 선생님 때문에 슬프거나 화가 난 적이 있어?",
            "A": "아니요. 그런 적은 한 번도 없었어요."
        },
        {
            "Q": "주위 어른들 중에 친구를 때린 적이 있는 사람이 있어?",
            "A": "아니요. 저 맞아본 적 한 번도 없어요."
        },
        {
            "Q": "친구가 원하지 않는데도 누가 몸을 만지거나 보여달라고 한 적 있어?",
            "A": "아니요. 그런 적도 없었어요."
        },
        {
            "Q": "집에서 어른들끼리 소리 지르면서 싸우는 걸 듣거나 본 적이 있어?",
            "A": "아니요. 우리 부모님은 싸우는 거 싫어하세요."
        },
        {
            "Q": "친구들이 자주 놀리거나 괴롭힌다고 느낀 적이 있어?",
            "A": "아니요. 친구들이랑도 잘 지내는 편이에요."
        },
        {
            "Q": "친구는 어떨 때 마음이 복잡하거나 힘들어?",
            "A": "그렇게 느껴본 적이 없어서 잘 모르겠어요."
        },
        {
            "Q": "친구는 잘 때 주로 어떤 꿈을 꿔?",
            "A": "꿈은 꾸는 것 같은데, 기억이 안 나요."
        },
        {
            "Q": "친구는 가출했던 적이 있어?",
            "A": "아니요. 그런 거 할 생각 없어요."
        }
    ]
}