{
    "info": {
        "위기단계": "학대의심"
    },
    "kids_ment": [
        {
            "Q": "요즘 건강은 어때? 아픈 곳 있어?",
            "A": "건강은 괜찮아요."
        },
        {
            "Q": "최근 다친 곳 있어?",
            "A": "네. 다리 부러졌어요."
        },
        {
            "Q": "어쩌다 그랬어?",
            "A": "학원 선생님이 각목으로 때렸어요."
        },
        {
            "Q": "언제 그랬어?",
            "A": "지난주에요."
        },
        {
            "Q": "얼마나 다쳤어?",
            "A": "다리 부러져서 깁스했어요."
        },
        {
            "Q": "뭘 할 때 즐거워?",
            "A": "친구들이랑 게임할 때요."
        },
        {
            "Q": "어떤 점이 즐거워?",
            "A": "시간이 빨리 가는 것 같고 신나요."
        },
        {
            "Q": "최근 일주일 동안 짜증이나 화난 적 있어?",
            "A": "네. 학원선생님이 때려서 개 빡쳤어요."
        },
        {
            "Q": "그렇게 화가 났을 때 어떻게 해야 기분이 풀려?",
            "A": "저도 똑같이 때려주고 싶더라고요. 근데 못하니까 책상 주먹으로 쳤어요."
        },
        {
            "Q": "몇 시부터 몇 시까지 자?",
            "A": "열두 시부터 일곱 시까지 자요."
        },
        {
            "Q": "일어나면 컨디션이 어때?",
            "A": "좋아요."
        },
        {
            "Q": "잠들기 힘들거나 자다 깨는 경우 있어?",
            "A": "아니요. 잘 자요."
        },
        {
            "Q": "평소에 할머니는 표정이 어때?",
            "A": "저를 되게 아기 보듯이 하세요."
        },
        {
            "Q": "왜 그러시는 것 같아?",
            "A": "제가 아직 어리다고 생각하시는 것 같아요."
        },
        {
            "Q": "그럴 때 기분이 어때?",
            "A": "좋긴 한데 좀 민망해요."
        },
        {
            "Q": "형제자매가 있어?",
            "A": "아니요. 저랑 할머니랑 살아요."
        },
        {
            "Q": "친구들이랑은 뭐 하고 놀아?",
            "A": "피시방을 자주 가요 가서 게임해요."
        },
        {
            "Q": "몇 명이서 놀아?",
            "A": "많으면 다섯 명이요."
        },
        {
            "Q": "담임 선생님은 어때? 좋아? 싫어?",
            "A": "너무 엄격해서 별로예요."
        },
        {
            "Q": "최근 가장 큰 걱정은 뭐야?",
            "A": "다리가 부러져서 걸어 다니기가 힘들어요."
        },
        {
            "Q": "일상에서 얼마나 불편하고 힘들어?",
            "A": "일단 걷기도 힘들고 걸음도 느리고 깁스가 좀 쪽팔리기도 하고요."
        },
        {
            "Q": "요즘 행복하다고 느껴?",
            "A": "아니요. 완전 기분 별로예요."
        },
        {
            "Q": "왜 그렇게 느껴?",
            "A": "다리가 부러졌잖아요."
        },
        {
            "Q": "커서 어떤 사람이 되고 싶어?",
            "A": "프로게이머가 되고 싶어요."
        },
        {
            "Q": "왜 프로게이머가 되고 싶어?",
            "A": "제가 게임을 제일 잘하고요. 또 대회에서 우승해서 돈 많이 벌고 싶어요."
        },
        {
            "Q": "집에서 주로 나를 돌봐주는 어른은 누구야?",
            "A": "할머니요."
        },
        {
            "Q": "배가 고픈데 먹을 게 없어서 굶은 적 있어?",
            "A": "아니요."
        },
        {
            "Q": "어른들이 갑자기 말도 없이 집 나가서 안 들어온 적 있어?",
            "A": "아니요."
        },
        {
            "Q": "어디 아픈 곳이 있는데 어른들이 병원에 데려가지 않은 적 있어?",
            "A": "아니요."
        },
        {
            "Q": "빨래 안 한 더럽고 냄새나는 옷을 입은 적 있어?",
            "A": "아니요."
        },
        {
            "Q": "작은 옷이나 신발을 입거나 신고 다닌 적 있어?",
            "A": "네. 한 일주일 정도 그랬고요. 다음에는 할머니가 새 신발 주셨어요."
        },
        {
            "Q": "인터넷이나 휴대폰을 가지고 노는 시간은 하루에 몇 시간 정도야?",
            "A": "세 시간은 넘는 것 같아요."
        },
        {
            "Q": "너무 많이 한다고 뭐라고 하진 않으셔?",
            "A": "뭐라고 하시는데 제가 못 들은 척해요."
        },
        {
            "Q": "어른들이 운동회나 참관수업, 학부모 상담에 잘 오셔?",
            "A": "할머니는 일하느라 바쁘셔서 학교에는 거의 안 오세요."
        },
        {
            "Q": "부모님이나 선생님 때문에 슬프거나 화가 난 적 있어?",
            "A": "네. 학원선생님이 야 이 <욕설> 하고 욕할 때 화나요."
        },
        {
            "Q": "어른들이 나를 어디에 가두고 못 나오게 한 적 있어?",
            "A": "아니요."
        },
        {
            "Q": "남들 앞에서 혼나거나 다른 아이들과 비교할 때 있어?",
            "A": "네. 애들 앞에 불러서 혼냈어요."
        },
        {
            "Q": "얼마나 자주 그래?",
            "A": "제가 완전 찍혔거든요. 솔직히 떠들지도 않았는데 꼬투리 잡아서 혼낼 때가 많아요."
        },
        {
            "Q": "내가 무엇을 하려고 할 때 무조건 안 된다고 하거나 하기 싫은데 무조건 하라고 할 때가 있어?",
            "A": "네. 학원선생님이 그냥 제 말은 다 무시해요."
        },
        {
            "Q": "마음이 힘들 때 가족에게 내 마음을 이야기해?",
            "A": "아니요. 친구한테 카톡 보내요."
        },
        {
            "Q": "주위 어른들 중 나를 때린 적 있는 사람이 있어?",
            "A": "네. 학원선생님이 각목으로 때려서 다리 부러졌어요."
        },
        {
            "Q": "왜 때리신 거야?",
            "A": "떠들어서 혼냈는데 제가 건방지다고요."
        },
        {
            "Q": "평소에 선생님이 자주 때리셔?",
            "A": "화나면 때려요. 한 달에 한 번은 때리는 것 같아요."
        },
        {
            "Q": "이렇게 다친 것 때문에 병원 가서 치료받은 적 있어?",
            "A": "네. 깁스했어요."
        },
        {
            "Q": "병원에 입원한 적 있어?",
            "A": "아니요."
        },
        {
            "Q": "내가 원하지 않는데 누군가가 내 몸을 만지거나 보여달라고 한 적 있어?",
            "A": "아니요."
        },
        {
            "Q": "집에서 어른들끼리 소리 지르면서 싸우는 걸 듣거나 본 적이 있어?",
            "A": "아니요."
        },
        {
            "Q": "친구들이 나를 자주 놀리거나 괴롭힌다고 느낀 적 있어?",
            "A": "아니요."
        },
        {
            "Q": "스스로 해치고 싶다거나 죽고 싶다고 생각한 적 있어?",
            "A": "아니요."
        },
        {
            "Q": "잠잘 때 주로 어떤 꿈을 꿔?",
            "A": "제가 운전을 하는 꿈이라던가 아무나 때리는 꿈을 많이 꿔요."
        },
        {
            "Q": "가출한 적 있어?",
            "A": "아니요."
        }
    ]
}