{
    "info": {
        "위기단계": "정상군"
    },
    "kids_ment": [
        {
            "Q": "최근에 아팠거나 약을 먹었던 적이 있나요?",
            "A": "아니요."
        },
        {
            "Q": "최근 다쳤다거나 상처를 입은 적이 있어요?",
            "A": "저번에 친구들이랑 축구하다가 넘어졌어요."
        },
        {
            "Q": "언제 친구들이랑 축구하다가 넘어졌어요?",
            "A": "저번 주 수요일이요."
        },
        {
            "Q": "넘어지고 괜찮았어요?",
            "A": "네. 까졌는데 약 바르고 밴드 붙여서 다 났어요."
        },
        {
            "Q": "무엇을 할 때 가장 즐겁나요?",
            "A": "아빠가 놀아줄 때요."
        },
        {
            "Q": "아빠가 놀아주면 어떤 점에서 가장 즐거워요?",
            "A": "아빠가 회사 다녀서 많이 못 봐서 같이 놀면 좋아요."
        },
        {
            "Q": "최근 일주일 동안 짜증이 나거나 화가 난 적이 있나요?",
            "A": "아니요."
        },
        {
            "Q": "몇 시에 자고 몇 시에 일어나나요?",
            "A": "열 시에 자서 학교 갈 때 되면 아빠가 깨워주세요."
        },
        {
            "Q": "아침에 일어났을 때 몸 상태는 어때요?",
            "A": "졸리지만 엄마가 물 주셔서 괜찮아요."
        },
        {
            "Q": "평상시에 아빠는 어떤 표정을 짓나요?",
            "A": "잘 웃고 그래요."
        },
        {
            "Q": "아빠가 그런 표정을 지으면 기분이 어때요?",
            "A": "저도 좋아요. 같이 놀 때 많이 웃어요."
        },
        {
            "Q": "평상시에 엄마는 어떤 표정을 짓나요?",
            "A": "엄마도 잘 웃어요."
        },
        {
            "Q": "엄마가 그런 표정을 지으면 어떤 기분이 들어요?",
            "A": "좋아요. 밥 잘 먹으면 더 많이 웃어주세요."
        },
        {
            "Q": "형제자매는 몇 명 있어요?",
            "A": "형 있어요."
        },
        {
            "Q": "형은 한 명인가요?",
            "A": "네, 한 명, 형."
        },
        {
            "Q": "형이랑은 잘 지내나요?",
            "A": "네. 형이 잘 챙겨줘요."
        },
        {
            "Q": "부모님이 형이랑 차별한다고 느낀 적 있나요?",
            "A": "아니요. 없어요. 형도 더 좋아해요."
        },
        {
            "Q": "친구들이랑 주로 뭐 하고 놀아요?",
            "A": "같이 피시방도 가고 학원도 가고요."
        },
        {
            "Q": "주로 몇 명이 놀아요?",
            "A": "세 명."
        },
        {
            "Q": "담임 선생님을 좋아하나요? 싫어하나요?",
            "A": "좋아요. 선생님."
        },
        {
            "Q": "어떤 점에서 담임 선생님이 좋아요?",
            "A": "저를 예뻐해 줘요."
        },
        {
            "Q": "요즘 가장 큰 걱정거리가 무엇인가요?",
            "A": "딱히 없어요. 그런 거."
        },
        {
            "Q": "요즘 행복하다고 느끼나요?",
            "A": "네."
        },
        {
            "Q": "어떤 점에서 행복했어요?",
            "A": "아빠가 앞으로 더 자주 놀아준댔어요."
        },
        {
            "Q": "커서 어떤 사람이 되고 싶거나 꿈이 있다면 말해줄래요?",
            "A": "엄마, 아빠랑 같이 재밌게 사는 게 꿈이에요."
        },
        {
            "Q": "엄마, 아빠랑 같이 재밌게 살고 싶은 이유가 있어요?",
            "A": "좋으니까요."
        },
        {
            "Q": "집에서 주로 나를 돌봐주는 어른은 누구인가요?",
            "A": "엄마요."
        },
        {
            "Q": "배가 고픈데 먹을 게 없어서 굶은 적이 있나요?",
            "A": "아니요."
        },
        {
            "Q": "어디 아픈 곳이 있는데 어른들이 병원에 데려가지 않은 적이 있나요?",
            "A": "아니요."
        },
        {
            "Q": "인터넷이나 휴대폰을 가지고 노는 시간은 하루에 몇 시간 정도예요?",
            "A": "다섯 시간이요."
        },
        {
            "Q": "부모님이나 선생님 때문에 슬프거나 화가 난 적이 있어요?",
            "A": "아니요."
        },
        {
            "Q": "주위 어른들 중 나를 때린 적이 있는 사람이 있나요?",
            "A": "아니요."
        },
        {
            "Q": "내가 원하지 않는데도 누군가가 내 몸을 만지거나 보여달라고 한 적 있어요?",
            "A": "없어요."
        },
        {
            "Q": "집에서 어른들끼리 소리 지르면서 싸우는 걸 듣거나 본 적이 있나요?",
            "A": "없어요."
        },
        {
            "Q": "친구들이 나를 자주 놀리거나 괴롭힌다고 느낀 적이 있나요?",
            "A": "아니요."
        },
        {
            "Q": "어떨 때 마음이 복잡하거나 힘든가요?",
            "A": "딱히 그럴 때 없는 거 같아요."
        },
        {
            "Q": "잠잘 때 주로 어떤 꿈을 꾸나요?",
            "A": "꿈 잘 안 꿔요."
        },
        {
            "Q": "부모님의 허락 없이 또는 말도 없이 집에 오랫동안 나와 있었던 적이 있나요?",
            "A": "없어요."
        }
    ]
}