{
    "info": {
        "위기단계": "정상군"
    },
    "kids_ment": [
        {
            "Q": "최근에 건강한가요 아니면 아픈 곳이 있나요?",
            "A": "아픈 곳 없어요."
        },
        {
            "Q": "최근에 다쳤던 적이 있었나요?",
            "A": "지난주 주말에 롤러스케이트 타다가 넘어져서 팔꿈치가 까졌어요."
        },
        {
            "Q": "뭘 할 때가 즐겁나요?",
            "A": "가족이랑 친구들이랑 놀 때요."
        },
        {
            "Q": "친구들과 함께 할 때 어떤 점이 즐거운가요?",
            "A": "재밌어요."
        },
        {
            "Q": "최근 일주일 동안 짜증이나 화가 난 적이 있나요?",
            "A": "동생이 제가 좋아하는 장난감 가져가서 짜증 났어요."
        },
        {
            "Q": "그런 일이 자주 일어나나요?",
            "A": "네. 학교 갔다 오면 동생이 제 장난감 가지고 놀아요."
        },
        {
            "Q": "평소에 짜증이나 화가 났을 때, 어떻게 하면 마음이 풀려요?",
            "A": "엄마한테 말하기도 하고, 맛있는 간식 먹어요."
        },
        {
            "Q": "몇 시에 자고, 몇 시에 일어나나요?",
            "A": "열 시에 자고 일곱 시에 일어나요."
        },
        {
            "Q": "아침에 일어났을 때, 몸 상태는 어때요?",
            "A": "좋아요."
        },
        {
            "Q": "평소에 잠이 들기 힘들거나, 잠자는 중간에 자주 깨나요?",
            "A": "화장실 가고 싶어서 깨요."
        },
        {
            "Q": "평상시에 아버지는 어떤 표정을 자주 짓나요?",
            "A": "대부분 진지한 표정이요."
        },
        {
            "Q": "아빠는 친구를 볼 때 왜 그런 표정을 짓는 것 같아요?",
            "A": "일이 바쁘신 편이라서 그런지 생각이 많은 것 같아요."
        },
        {
            "Q": "그 표정을 지을 때, 내 기분은 어때요?",
            "A": "그냥 아빠라서 좋아요."
        },
        {
            "Q": "평상시에 어머니는 어떤 표정을 자주 짓나요?",
            "A": "웃는 표정이요."
        },
        {
            "Q": "엄마는 친구를 볼 때 왜 그런 표정을 짓는 것 같아요?",
            "A": "저를 좋아해서요"
        },
        {
            "Q": "그 표정을 지을 때, 내 기분은 어때요?",
            "A": "좋아요."
        },
        {
            "Q": "형제자매는 몇 명이에요?",
            "A": "남동생이 한 명 있어요."
        },
        {
            "Q": "사이가 어때요?",
            "A": "장난감을 가져갈 때는 짜증 나지만 그래도 귀엽고 좋아요."
        },
        {
            "Q": "평소에 부모님이 동생과 나를 차별하는 것 같아요?",
            "A": "아니요."
        },
        {
            "Q": "친구들이랑 주로 뭐 하고 놀아요?",
            "A": "게임하고 술래잡기해요."
        },
        {
            "Q": "주로 몇 명이서 놀아요?",
            "A": "여섯 명이요."
        },
        {
            "Q": "담임선생님을 좋아하나요 싫어하나요?",
            "A": "담임선생님 잘생겨서 좋아요."
        },
        {
            "Q": "요즘 가장 큰 걱정거리는 무엇인가요?",
            "A": "없어요."
        },
        {
            "Q": "요즘 행복하다고 느끼나요?",
            "A": "네, 주말에는 가족이랑 같이 물감 놀이도 하고 좋아요."
        },
        {
            "Q": "커서 어떤 사람이 되고 싶은지, 꿈이 무엇인지 이야기해 줄래요?",
            "A": "저는 기자요. 아빠가 기자인데 너무 멋있어요."
        },
        {
            "Q": "집에서 주로 나를 돌봐주는 어른은 누구인가요?",
            "A": "엄마랑 아빠요."
        },
        {
            "Q": "배가 고픈데 먹을 게 없어서 굶은 적이 있나요?",
            "A": "아니요. 집에 먹을 거 많아요."
        },
        {
            "Q": "저녁에 나를 집에 혼자 두고 어른들이 나갔던 적 있나요?",
            "A": "아니요."
        },
        {
            "Q": "인터넷이나 휴대폰을 가지고 노는 시간은 하루에 몇 시간 정도인가요?",
            "A": "세 시간이요."
        },
        {
            "Q": "어른들이 운동회나 참관 수업 또는 학부모 상담 같은 학교 행사에 잘 오시나요?",
            "A": "네. 대부분 오세요."
        },
        {
            "Q": "부모님이나 선생님 때문에 슬프거나 화가 난 적이 있나요?",
            "A": "아니요. 없어요."
        },
        {
            "Q": "다른 사람들 앞에서도 혼날 때 있나요?",
            "A": "아니요."
        },
        {
            "Q": "어른들이 나를 다른 아이들과 비교하나요?",
            "A": "아니요. 안 그래요."
        },
        {
            "Q": "내가 무엇을 하려고 할 때, 무조건 안 된다고 하거나, 하기 싫은데도 무조건 하라고 할 때가 있나요?",
            "A": "공부랑 치카치카 무조건 하래요."
        },
        {
            "Q": "마음이 힘들 때, 누구에게 내 마음을 이야기하나요?",
            "A": "친구요."
        },
        {
            "Q": "주위 어른들 중 나를 때린 적이 있는 사람이 있나요?",
            "A": "아니요."
        },
        {
            "Q": "내가 원하지 않는데도 누군가가 내 몸을 만지거나 보여달라고 한 적 있어요?",
            "A": "아니요."
        },
        {
            "Q": "어른들끼리 소리 지르면서 싸우는 걸 듣거나 본 적이 있나요?",
            "A": "아니요."
        },
        {
            "Q": "친구들이 나를 자주 놀리거나 괴롭힌다고 느낀 적이 있나요?",
            "A": "아니요."
        },
        {
            "Q": "어떨 때 마음이 복잡하거나 힘든가요?",
            "A": "별로 없어요."
        },
        {
            "Q": "안 좋은 기억 때문에 괴로워서 죽고 싶다는 생각을 한 적 있나요?",
            "A": "아니요."
        },
        {
            "Q": "잠잘 때 주로 어떤 꿈을 꾸나요?",
            "A": "가끔은 슈퍼히어로가 되어서 나쁜 사람들 잡는 꿈도 있고, 어떤 때는 숲속에서 동물 친구들과 함께 놀고 있는 꿈도 있어요."
        },
        {
            "Q": "부모님의 허락 없이 또는 말도 없이 집에서 오랫동안 나와 있었던 적이 있나요?",
            "A": "아니요."
        }
    ]
}