{
    "info": {
        "위기단계": "상담필요"
    },
    "kids_ment": [
        {
            "Q": "최근에 건강한가요. 아니면 아픈 곳이 있나요?",
            "A": "아픈 곳 없어요."
        },
        {
            "Q": "최근에 다쳤던 적이 있었나요?",
            "A": "학원에 지각할 것 같아서 계단 빨리 올라가다가 넘어져서 다리에 멍이 들었어요."
        },
        {
            "Q": "뭘 할 때가 즐겁나요?",
            "A": "학교에서 친구들이랑 있을 때요."
        },
        {
            "Q": "친구들과 함께할 때 어떤 점이 즐거운가요?",
            "A": "재밌어요."
        },
        {
            "Q": "최근 일주일 동안 짜증이나 화가 난 적이 있나요?",
            "A": "영어학원에서 제가 3등 했어요."
        },
        {
            "Q": "그런 일이 자주 일어나나요?",
            "A": "아니요."
        },
        {
            "Q": "평소에 짜증이나 화가 났을 때 어떻게 하면 마음이 풀려요?",
            "A": "집에서 소리 지르거나 엄마 몰래 게임 해요."
        },
        {
            "Q": "몇 시에 자고 몇 시에 일어나나요?",
            "A": "열두 시에 자고 일곱 시에 일어나요."
        },
        {
            "Q": "아침에 일어났을 때 몸 상태는 어때요?",
            "A": "피곤해요. 더 자고 싶어요."
        },
        {
            "Q": "평소에 잠이 들기 힘들거나 잠자는 중간에 자주 깨나요?",
            "A": "아니요. 누우면 기절해요."
        },
        {
            "Q": "평상시에 아버지는 어떤 표정을 자주 짓나요?",
            "A": "웃는 표정이요."
        },
        {
            "Q": "아빠는 친구를 볼 때 왜 그런 표정을 짓는 것 같아요?",
            "A": "장난기가 많아서요."
        },
        {
            "Q": "그런 표정을 지을 때 내 기분은 어때요?",
            "A": "좋아요."
        },
        {
            "Q": "평상시에 어머니는 어떤 표정을 자주 짓나요?",
            "A": "웃는 표정이요."
        },
        {
            "Q": "엄마는 친구를 볼 때 왜 그런 표정을 짓는 것 같아요?",
            "A": "웃음이 많아요."
        },
        {
            "Q": "그 표정을 지을 때 내 기분은 어때요?",
            "A": "좋아요."
        },
        {
            "Q": "형제자매는 몇 명이에요?",
            "A": "형제자매 없어요."
        },
        {
            "Q": "친구들이랑 주로 뭐 하고 놀아요?",
            "A": "게임 해요."
        },
        {
            "Q": "주로 몇 명이서 놀아요?",
            "A": "네 명이요."
        },
        {
            "Q": "담임 선생님을 좋아하나요, 싫어하나요?",
            "A": "담임 선생님 수업시간에 못 자게 해서 싫어요."
        },
        {
            "Q": "요즘 가장 큰 걱정거리는 무엇인가요?",
            "A": "공부 잘해서 1등이 하고 싶어요. 그런데 어려워요."
        },
        {
            "Q": "1등이 하고 싶은 이유가 있을까요?",
            "A": "1등이 최고니까요. 1등 해야지 나중에 좋은 곳에서 일하고 편하게 살 수 있대요."
        },
        {
            "Q": "걱정거리 때문에 생활이 불편하거나 힘든가요?",
            "A": "시험 결과가 나올 때 짜증 나고 화나요."
        },
        {
            "Q": "요즘 행복하다고 느끼나요?",
            "A": "시험 성적 빼고는 다 좋아요."
        },
        {
            "Q": "커서 어떤 사람이 되고 싶은지 꿈이 무엇인지 이야기해 줄래요?",
            "A": "피부과나 성형외과 의사요. 돈 많이 벌 수 있대요."
        },
        {
            "Q": "집에서 주로 나를 돌봐주는 어른은 누구인가요?",
            "A": "엄마랑 아빠요."
        },
        {
            "Q": "배가 고픈데 먹을 게 없어서 굶은 적이 있나요?",
            "A": "아니요. 집에 먹을 거 많아요."
        },
        {
            "Q": "저녁에 나를 집에 혼자 두고 어른들이 나갔던 적이 있나요?",
            "A": "아니요."
        },
        {
            "Q": "인터넷이나 휴대폰을 가지고 노는 시간은 하루에 몇 시간 정도인가요?",
            "A": "한 시간이요."
        },
        {
            "Q": "어른들이 운동회나 참관 수업 또는 학부모 상담 같은 행사에 잘 오시나요?",
            "A": "네."
        },
        {
            "Q": "부모님이나 선생님 때문에 슬프거나 화가 난 적이 있나요?",
            "A": "아니요. 없어요."
        },
        {
            "Q": "다른 사람들 앞에서도 혼날 때가 있나요?",
            "A": "아니요."
        },
        {
            "Q": "어른들이 나를 다른 아이들과 비교하나요?",
            "A": "아니요. 안 그래요."
        },
        {
            "Q": "내가 무엇을 하려고 할 때 무조건 안 된다고 하거나 하기 싫은데도 무조건 하라고 할 때가 있나요?",
            "A": "엄마는 공부 그만하래요."
        },
        {
            "Q": "마음이 힘들 때 누구에게 내 마음을 이야기하나요?",
            "A": "이야기 안 해요."
        },
        {
            "Q": "주위 어른들 중 나를 때린 적이 있는 사람이 있나요?",
            "A": "아니요."
        },
        {
            "Q": "내가 원하지 않는데도 누군가가 내 몸을 만지거나 보여달라고 한 적 있어요?",
            "A": "아니요."
        },
        {
            "Q": "어른들끼리 소리 지르면서 싸우는 걸 듣거나 본 적 있나요?",
            "A": "아니요."
        },
        {
            "Q": "친구들이 나를 자주 놀리거나 괴롭힌다고 느낀 적이 있나요?",
            "A": "아니요."
        },
        {
            "Q": "어떨 때 마음이 복잡하거나 힘든가요?",
            "A": "공부 못할 때요"
        },
        {
            "Q": "괴로워서 죽고 싶다는 생각을 한 적 있나요?",
            "A": "아니요."
        },
        {
            "Q": "잠잘 때 주로 어떤 꿈을 꾸나요?",
            "A": "기억이 안 나요."
        },
        {
            "Q": "부모님의 허락 없이 또는 말도 없이 집에서 오랫동안 나와 있었던 적이 있나요?",
            "A": "아니요."
        }
    ]
}