{
    "info": {
        "위기단계": "정상군"
    },
    "kids_ment": [
        {
            "Q": "친구는 최근에 건강해? 아니면 아픈 곳이 있어?",
            "A": "아픈 곳 없어요. 건강해요."
        },
        {
            "Q": "최근에 다쳤던 적이 있었어?",
            "A": "네. 다쳤던 적도 없어요. 괜찮아요."
        },
        {
            "Q": "친구는 뭘 할 때가 즐거워?",
            "A": "저는 영화 보면 제일 재밌어요."
        },
        {
            "Q": "영화를 볼 때 어떤 점이 즐거워?",
            "A": "제가 영화 엄청 좋아해서 영화 보는 거 되게 좋아해서 즐거워요."
        },
        {
            "Q": "친구는 최근 일주일 동안 짜증이나 화가 난 적이 있어?",
            "A": "아니요. 짜증이나 화 난 적 없어요."
        },
        {
            "Q": "친구는 몇 시에 자고 몇 시에 일어나?",
            "A": "저는 열한 시쯤 자서 일곱 시 정도에 일어나요."
        },
        {
            "Q": "아침에 일어났을 때, 몸 상태는 어때?",
            "A": "그냥 졸린 것 같아요."
        },
        {
            "Q": "평소에 잠이 들기 힘들거나, 잠자는 중간에 자주 깨?",
            "A": "아니요. 전 누우면 바로 자요."
        },
        {
            "Q": "아버지는 평소에 어떤 표정을 자주 보여?",
            "A": "아빠는 보통 무표정인데, 저랑 놀 땐 엄청 잘 웃어요."
        },
        {
            "Q": "그 표정을 짓는 이유가 뭐인 것 같아?",
            "A": "아빠 저랑 노는 거 되게 좋아하는 것 같아요."
        },
        {
            "Q": "아빠가 그렇게 표정을 지으면 친구 기분이 어때?",
            "A": "아빠랑 놀면 재밌어요."
        },
        {
            "Q": "어머니는 평소에 어떤 표정을 자주 보여?",
            "A": "엄마는 되게 잘 웃으시는 것 같아요."
        },
        {
            "Q": "그 표정을 짓는 이유가 뭐인 것 같아?",
            "A": "엄마는 맨날 기분이 엄청 좋은 것 같아요."
        },
        {
            "Q": "엄마가 그렇게 표정을 지으면 친구는 기분이 어때?",
            "A": "엄마랑 있으면 편해서 좋아요."
        },
        {
            "Q": "친구는 형제자매가 있어?",
            "A": "아니요."
        },
        {
            "Q": "친구들이랑 주로 뭐 하고 놀아?",
            "A": "친구들이랑은 그냥 학교에서 핸드폰 게임 같이 해요."
        },
        {
            "Q": "주로 몇 명이 놀아?",
            "A": "네 명이랑 제일 친해요."
        },
        {
            "Q": "친구는 담임 선생님을 좋아해?",
            "A": "아니요, 싫어요."
        },
        {
            "Q": "담임 선생님이 어떤 부분에서 싫어?",
            "A": "그냥 되게 귀찮아하고, 관심도 없고, 그런 것 같아요."
        },
        {
            "Q": "친구는 요즘 가장 큰 걱정거리가 뭐야?",
            "A": "저는 걱정 같은 거 없어요."
        },
        {
            "Q": "친구는 요즘 행복하다고 느껴?",
            "A": "네, 저 행복해요."
        },
        {
            "Q": "어떤 점에서 행복해?",
            "A": "이제 코로나도 끝나서 영화관에서 영화 볼 수 있어서 행복해요."
        },
        {
            "Q": "친구는 커서 어떤 사람이 되고 싶어?",
            "A": "저는 커서 영화감독이 되고 싶어요."
        },
        {
            "Q": "영화감독이 되고 싶은 이유가 있어?",
            "A": "저도 봉준호 감독님 같은 유명한 감독이 되고 싶어요."
        },
        {
            "Q": "집에서 주로 친구를 돌봐주는 어른은 누구야?",
            "A": "엄마요."
        },
        {
            "Q": "배가 고픈데 먹을 게 없어서 굶은 적이 있어?",
            "A": "아니요, 그런 적 없어요."
        },
        {
            "Q": "저녁에 친구를 집에 혼자 두고 나가거나, 갑자기 말도 없이 집을 나가서 안 들어온 적이 있어?",
            "A": "아니요, 저 혼자 있는 거 싫어해서 엄마가 항상 같이 있어요."
        },
        {
            "Q": "어디 아픈 곳이 있는데 어른들이 병원에 데려가지 않은 적이 있어?",
            "A": "아니요, 아프면 병원에 바로 가요."
        },
        {
            "Q": "빨래가 안 되거나, 옷이나 신발 사이즈가 작은 걸 입거나 신고 다닌 적이 있어?",
            "A": "아니요, 그런 적 한 번도 없어요."
        },
        {
            "Q": "인터넷이나 휴대폰을 가지고 노는 시간은 하루에 몇 시간 정도 해?",
            "A": "저는 게임은 못 해요. 핸드폰으로 전화밖에 못 해요."
        },
        {
            "Q": "어른들이 학교에 참석해야 하는 행사에 잘 오셔?",
            "A": "네. 엄마가 항상 왔어요."
        },
        {
            "Q": "부모님이나 선생님 때문에 슬프거나 화가 난 적이 있어?",
            "A": "아니요. 부모님이랑 선생님 때문에 슬픈 적 없어요."
        },
        {
            "Q": "주위 어른들 중에 친구를 때린 적이 있는 사람이 있어?",
            "A": "아니요. 누구한테 맞아본 적 없어요."
        },
        {
            "Q": "친구가 원하지 않는데도 누가 몸을 만지거나 보여달라고 한 적 있어?",
            "A": "아니요. 그런 사람 한 명도 없었어요."
        },
        {
            "Q": "집에서 어른들끼리 소리 지르면서 싸우는 걸 듣거나 본 적이 있어?",
            "A": "아니요. 아빠랑 엄마 싸우는 거 본 적 없어요."
        },
        {
            "Q": "친구들이 자주 놀리거나 괴롭힌다고 느낀 적 있어?",
            "A": "아니요. 저는 친구들이 엄청 좋아요."
        },
        {
            "Q": "친구는 어떨 때 마음이 복잡하거나 힘들어?",
            "A": "그런 적 한 번도 없어서 모르겠어요."
        },
        {
            "Q": "친구는 잘 때 주로 어떤 꿈을 꿔?",
            "A": "꿈꾸는지 안 꾸는지 몰라요. 기억이 안 나요."
        },
        {
            "Q": "친구는 가출했던 적이 있어?",
            "A": "아니요. 집 나간 적 없었어요."
        }
    ]
}