{
    "info": {
        "위기단계": "응급"
    },
    "kids_ment": [
        {
            "Q": "친구는 최근에 건강해요?",
            "A": "네, 아프지 않아요."
        },
        {
            "Q": "최근에 다쳤었던 적 있었어요?",
            "A": "아니요. 다친 적도 없었어요."
        },
        {
            "Q": "친구는 뭘 할 때가 즐거워요?",
            "A": "즐거운 적 없어요."
        },
        {
            "Q": "즐겁다고 느끼지 못한 게 언제부터예요?",
            "A": "모르겠어요. 그냥 이 집에 살 때부터요."
        },
        {
            "Q": "최근 일주일 동안 짜증이나 화가 난 적이 있어요?",
            "A": "아빠랑 엄마 싸우는 거 보면 그냥 짜증 나요."
        },
        {
            "Q": "그런 일이 자주 일어나요?",
            "A": "맨날 싸우는 것 같아요."
        },
        {
            "Q": "그럼, 평소에 짜증이나 화가 났을 때, 어떻게 하면 마음이 풀려요?",
            "A": "안 풀려요."
        },
        {
            "Q": "친구는 몇 시에 자고, 몇 시에 일어나요?",
            "A": "한 열두 시에서 한 시에 자서 여덟 시에 일어나요."
        },
        {
            "Q": "아침에 일어났을 때, 몸 상태는 어때요?",
            "A": "그냥 그래요."
        },
        {
            "Q": "평소에 잠이 들기 힘들거나, 잠자는 중간에 자주 깨요?",
            "A": "아니요. 그렇지는 않아요."
        },
        {
            "Q": "평소에 아버지는 어떤 표정을 자주 보여요?",
            "A": "몰라요. 맨날 싸우니까 화난 표정 같아요."
        },
        {
            "Q": "그 표정을 짓는 이유가 뭐인 것 같아요?",
            "A": "엄마랑 싸워서요."
        },
        {
            "Q": "그 표정을 볼 때, 친구는 기분이 어때요?",
            "A": "짜증 나요."
        },
        {
            "Q": "어머니는 평소에 어떤 표정을 자주 보여요?",
            "A": "엄마도 아빠랑 똑같아요."
        },
        {
            "Q": "그 표정을 짓는 이유가 뭐인 것 같아요?",
            "A": "아빠랑 맨날 싸우니까요."
        },
        {
            "Q": "그 표정을 볼 때, 친구는 기분이 어때요?",
            "A": "그냥 짜증 나 죽어버리고 싶어요."
        },
        {
            "Q": "친구는 형제자매가 있어요?",
            "A": "아니요. 외동이에요."
        },
        {
            "Q": "친구들이랑 주로 뭐 하고 놀아요?",
            "A": "친구들이랑 그냥 밖에 돌아다녀요."
        },
        {
            "Q": "몇 명이서 놀아요?",
            "A": "저 열 명은 넘어요. 항상 같이 놀아요."
        },
        {
            "Q": "친구는 담임 선생님 좋아해요?",
            "A": "네. 담임 선생님 착해요."
        },
        {
            "Q": "좋아하는 이유가 있어요?",
            "A": "그냥 좀 다른 선생님들보다 착한 것 같아요."
        },
        {
            "Q": "친구는 요즘 가장 큰 걱정거리가 뭐예요?",
            "A": "다시 집 나가고 싶어요."
        },
        {
            "Q": "가정불화 때문에 걱정인가요?",
            "A": "네. 맞아요."
        },
        {
            "Q": "그런 걱정 때문에 생활이 불편하거나 힘들어요?",
            "A": "네. 그냥 매일매일이 스트레스예요. 차라리 죽고 싶어요."
        },
        {
            "Q": "친구는 요즘 행복하다고 느껴요?",
            "A": "아니요."
        },
        {
            "Q": "행복하지 않다고 느끼는 이유가 있어요?",
            "A": "아빠랑 엄마의 자식이라서요."
        },
        {
            "Q": "친구는 꿈이 있어요?",
            "A": "아니요. 없어요."
        },
        {
            "Q": "해보고 싶은 일이 없어요?",
            "A": "네. 그냥 죽고 싶어요."
        },
        {
            "Q": "집에서 주로 친구를 돌봐주는 어른은 누구예요?",
            "A": "엄마요."
        },
        {
            "Q": "배가 고픈데 먹을 게 없어서 굶은 적이 있어요?",
            "A": "배고프면 먹는데 제가 잘 안 먹어요."
        },
        {
            "Q": "저녁에 친구를 혼자 두고 어른들이 나가거나, 말도 없이 집을 나가서 안 들어온 적이 있어요?",
            "A": "아니요. 차라리 나갔으면 좋겠어요."
        },
        {
            "Q": "어디 아픈 곳이 있는데 어른들이 병원에 데려가지 않은 적이 있어요?",
            "A": "그냥 제가 혼자 간다고 해요."
        },
        {
            "Q": "빨래가 되어 있지 않아서 더럽고 냄새나는 옷을 입어야 한 적이 있어요?",
            "A": "아니요. 그런 적 없어요."
        },
        {
            "Q": "옷이나 신발 사이즈가 작은 걸 입거나 신고 다닌 적이 있어요?",
            "A": "아니요. 없어요."
        },
        {
            "Q": "인터넷이나 휴대폰을 가지고 노는 시간은 하루에 몇 시간 정도예요?",
            "A": "여섯 시간 정도는 하는 것 같아요."
        },
        {
            "Q": "너무 많이 한다고 어른들이 뭐라고 하지는 않았어요?",
            "A": "네. 싸우느라 저한테 관심 없어요."
        },
        {
            "Q": "피시방 같은 곳을 얼마나 자주 갔어요?",
            "A": "거의 매일 가는 것 같아요."
        },
        {
            "Q": "어른들이 학교에 참여해야 하는 행사에 잘 오세요?",
            "A": "아니요. 제가 얘기도 안 해요. 안 왔으면 좋겠어요."
        },
        {
            "Q": "부모님이나 선생님 때문에 슬프거나 화가 난 적이 있어요?",
            "A": "아빠랑 엄마 싸우면 화가 나요."
        },
        {
            "Q": "부모님의 어떤 말이나 행동이 친구를 화나게 해요?",
            "A": "그냥 둘이 싸우면서 욕하는 게 화가 나요."
        },
        {
            "Q": "친구를 어디에 가두고 못 나오게 한 적이 있어요?",
            "A": "아니요. 제가 방에서 안 나가요."
        },
        {
            "Q": "다른 사람들 앞에서 혼날 때가 있어요?",
            "A": "없어요."
        },
        {
            "Q": "어른들이 친구와 다른 아이들을 비교해요?",
            "A": "아니요. 둘이 싸워요, 항상."
        },
        {
            "Q": "어른들이 친구를 집에서 쫓아내거나 버리겠다고 말하거나 진짜 쫓아낸 적이 있어요?",
            "A": "아니요, 없어요."
        },
        {
            "Q": "친구가 뭘 하려고 할 때, 무조건 안 된다고 하거나, 하기 싫은데도 무조건 하라고 할 때가 있어요?",
            "A": "아니요. 그냥 제가 다 무시해요."
        },
        {
            "Q": "마음이 힘들 때, 누구한테 마음을 얘기해요?",
            "A": "친구들한테 얘기하는 것 같아요."
        },
        {
            "Q": "주위 어른들 중에 친구를 때린 적 있는 사람이 있어요?",
            "A": "아니요. 전 맞아본 적은 없어요."
        },
        {
            "Q": "친구한테 누가 몸을 만지거나 보여달라고 한 적 있어요?",
            "A": "네, 있어요."
        },
        {
            "Q": "누가 그랬어요? 어떻게 만지거나 보여달라고 했어요?",
            "A": "저 가출하기 전에 알게 된 오빠가 저 가출하고 모텔에서 누워있는데 저보고 관계하자고 했어요."
        },
        {
            "Q": "친구한테 부끄럽고 창피한 것을 시킨 적이 있어요?",
            "A": "관계하는 거 부끄럽고 창피했어요."
        },
        {
            "Q": "누가 소중한 부위를 아프게 한 적이 있어요?",
            "A": "네, 그 오빠가 제 거기에 넣었을 때, 너무 아팠어요."
        },
        {
            "Q": "소중한 부위에 상처가 나거나 다쳐서 병원에 간 적이 있어요?",
            "A": "너무 아파서 병원 가고 싶었는데, 원래 처음은 아픈 거라고 했어요."
        },
        {
            "Q": "친구의 신체 사진이나 영상이 퍼져서 인터넷에 올라오거나 다른 사람이 본 적이 있어요?",
            "A": "아니요, 없어요."
        },
        {
            "Q": "친구의 신체 부위를 사진이나 영상으로 찍어서 보내달라고 요청한 사람이 있어요?",
            "A": "아니요, 없었어요."
        },
        {
            "Q": "혹시 친구의 신체 부위를 사진이나 영상을 찍어서 보내주면 돈을 준다고 한 적이 있거나, 그런 걸 보내서 돈을 받은 적이 있어요?",
            "A": "아니요, 없어요."
        },
        {
            "Q": "친구가 싫다는 데도 계속해서 연락하거나 따라다니는 사람이 있어요?",
            "A": "아니요, 없어요."
        },
        {
            "Q": "온라인이나 휴대폰에서 알게 된 사람을 실제로 만나본 적이 있어요?",
            "A": "아니요, 없어요."
        },
        {
            "Q": "집에서 어른들끼리 소리 지르면서 싸우는 걸 듣거나 본 적이 있어요?",
            "A": "네, 항상 봤죠."
        },
        {
            "Q": "어떻게 싸웠어요?",
            "A": "그냥 둘이 막 너 때문에 사는 거라고 소리 지르면서 싸워요."
        },
        {
            "Q": "그때 어른들이 술을 마신 상태였어요?",
            "A": "네. 그냥 아빠는 밖에서 먹고, 엄마는 집에서 맨날 먹어요."
        },
        {
            "Q": "그렇게 싸울 때 친구한테 안 좋은 소리를 해요?",
            "A": "항상 방에 있어서 저한텐 안 그래요."
        },
        {
            "Q": "이런 일 때문에, 집에 나와서 있어야 한 적이 있어요?",
            "A": "그냥 제가 나가고 싶어요."
        },
        {
            "Q": "이런 일 때문에, 집에 경찰이나 다른 사람이 온 적이 있어요?",
            "A": "아니요, 없어요."
        },
        {
            "Q": "친구들이 자주 놀리거나 괴롭힌다고 느낀 적이 있어요?",
            "A": "아니요. 친구들이랑은 잘 지내요."
        },
        {
            "Q": "어떨 때 마음이 복잡하거나 힘들어요?",
            "A": "그냥 매일매일이 힘들어요."
        },
        {
            "Q": "가정불화에 대한 기억 때문에 괴로워서 죽고 싶다는 생각을 한 적 있어요?",
            "A": "네, 맨날 죽고 싶어요."
        },
        {
            "Q": "자살 시도는 언제 했어요?",
            "A": "그냥 저번달에 커터칼로 손목 긋다가 무서워서 못 했어요."
        },
        {
            "Q": "잠잘 때 주로 어떤 꿈을 꿔요?",
            "A": "꿈은 안 꿔요."
        },
        {
            "Q": "친구는 가출했던 적 있어요?",
            "A": "네, 가출했었어요."
        },
        {
            "Q": "얼마나 나와 있었어요? 제일 처음 이렇게 행동했을 때가 몇 살이었어요?",
            "A": "저 한 3일 정도요. 이번 연도가 처음이었어요."
        },
        {
            "Q": "최근 한 달 사이에 가출했었어요?",
            "A": "아니요. 한 3개월 전이요."
        },
        {
            "Q": "아는 사람 중에 가출한 친구들이 있어요? 그 친구는 원래 알던 친구들이에요?",
            "A": "가출 전에 알게 된 오빠랑 같이 나왔어요. 그 오빠가 재워준다고 했어요."
        },
        {
            "Q": "어디에서 얼마나 같이 지냈어요?",
            "A": "그냥 그 오빠는 성인이라서 3일 정도 같이 있었어요."
        },
        {
            "Q": "그 오빠랑 어떻게 시간을 보냈어요?",
            "A": "모텔에서 있었는데, 그 오빠가 관계하자고 해서 했어요."
        }
    ]
}