{
    "info": {
        "위기단계": "정상군"
    },
    "kids_ment": [
        {
            "Q": "요즘 아프거나 다친 곳은 없어?",
            "A": "다친 곳 있어요."
        },
        {
            "Q": "요즘 아프거나 다친 곳은 없어?",
            "A": "다친 곳 있어요."
        },
        {
            "Q": "어디를 다쳤어?",
            "A": "무릎이요."
        },
        {
            "Q": "어쩌다 다친 거야?",
            "A": "저번 주에 가족끼리 놀러 갔었는데 그때 넘어졌어요."
        },
        {
            "Q": "병원에 가서 치료할 정도로 다쳤어?",
            "A": "아니요. 그냥 까진 거라서 엄마가 연고 발라주고 밴드도 붙여줬어요."
        },
        {
            "Q": "어떤 걸 할 때가 즐거워?",
            "A": "별 볼 때요."
        },
        {
            "Q": "어떤 점이 즐거운 것 같아?",
            "A": "제가 별을 좋아하니까 별 보면 즐거운 것 같아요."
        },
        {
            "Q": "최근 일주일 동안 짜증이나 화가 난 적 있어?",
            "A": "짜증 난 적 있어요."
        },
        {
            "Q": "어떤 것 때문에 그렇게 느낀 것 같아?",
            "A": "어제가 슈퍼문 뜨는 날이라서 제가 엄마랑 아빠한테 꼭 깨워달라고 했는데 둘 다 안 깨워서 슈퍼문을 못 봤거든요."
        },
        {
            "Q": "평소에 그런 기분이 들면 어떻게 해?",
            "A": "짜증 나게 한 사람한테 왜 그랬냐고 물어봐요."
        },
        {
            "Q": "평소에 몇 시에 자고 몇 시에 일어나?",
            "A": "열 시에 자서 여덟 시에 일어나요."
        },
        {
            "Q": "아침에 일어났을 때 피곤하거나 몸이 무겁진 않아?",
            "A": "네. 그런 거 없어요."
        },
        {
            "Q": "잠들기 힘들거나 자다가 중간에 깨진 않아?",
            "A": "네. 안 그래요."
        },
        {
            "Q": "같이 사는 가족은 누구누구야?",
            "A": "엄마랑 아빠요."
        },
        {
            "Q": "평소 엄마랑 아빠의 표정은 어때?",
            "A": "좋은 것 같아요."
        },
        {
            "Q": "어떨 때 그런 표정을 지으시는 것 같아?",
            "A": "저랑 얘기할 때랑 놀 때랑 맛있는 거 먹을 때랑 아무튼 많아요."
        },
        {
            "Q": "그 표정을 보면 기분이 어때?",
            "A": "저도 좋아요."
        },
        {
            "Q": "같이 사는 가족은 누구누구야?",
            "A": "엄마랑 아빠요."
        },
        {
            "Q": "평소 엄마랑 아빠의 표정은 어때?",
            "A": "좋은 것 같아요."
        },
        {
            "Q": "어떨 때 그런 표정을 지으시는 것 같아?",
            "A": "저랑 얘기할 때랑 놀 때랑 맛있는 거 먹을 때랑 아무튼 많아요."
        },
        {
            "Q": "그 표정을 보면 기분이 어때?",
            "A": "저도 좋아요."
        },
        {
            "Q": "친구들이랑 주로 뭐 하고 놀아?",
            "A": "자전거도 타고 어몽어스도 해요."
        },
        {
            "Q": "친구들이랑 놀면 기분이 어때?",
            "A": "재밌어요."
        },
        {
            "Q": "담임선생님은 좋아, 싫어?",
            "A": "좋은 것 같아요."
        },
        {
            "Q": "어떤 점이 좋은 것 같아?",
            "A": "우리 반 선생님이 젤 잘생겼거든요."
        },
        {
            "Q": "요즘 걱정하는 게 있어?",
            "A": "아니요. 없는 것 같아요."
        },
        {
            "Q": "요즘 행복한 것 같아?",
            "A": "네. 행복한 것 같아요."
        },
        {
            "Q": "어떤 점이 행복한 거 같아?",
            "A": "그냥요."
        },
        {
            "Q": "나중에 어떤 사람이 되고 싶어?",
            "A": "우주과학자요."
        },
        {
            "Q": "그렇게 되고 싶다고 생각한 이유는 뭐야?",
            "A": "제가 우주를 좋아해서요. 별도 좋고 달도 좋고 여러 행성들도 다 좋아서 나사에서 일하고 싶어요."
        },
        {
            "Q": "주로 집에서 돌봐주는 사람은 누구야?",
            "A": "엄마요."
        },
        {
            "Q": "배가 고픈데 밥을 챙겨주지 않아서 굶은 적이 있어?",
            "A": "아니요."
        },
        {
            "Q": "빨래가 안 돼서 냄새나고 불쾌한 옷을 입은 적 있어?",
            "A": "아니요."
        },
        {
            "Q": "크기가 맞지 않는 옷을 입거나 신발을 신은 적 있어?",
            "A": "아니요."
        },
        {
            "Q": "아플 때 어른들이 병원에 데려가지 않은 적 있어?",
            "A": "아니요."
        },
        {
            "Q": "운동회나 수업 참관 같은 학교행사에 잘 오시는 편이야?",
            "A": "네. 엄마가 항상 와요."
        },
        {
            "Q": "인터넷이나 휴대폰을 하루에 몇 시간 정도 하는 것 같아?",
            "A": "네 시간이요."
        },
        {
            "Q": "인터넷이나 휴대폰을 많이 한다고 어른들이 뭐라고 하진 않아?",
            "A": "엄마랑 같이 우주 영상 보는 거라서 뭐라고 안 해요."
        },
        {
            "Q": "피시방 같은 곳을 자주 가는 편이야?",
            "A": "안 가요."
        },
        {
            "Q": "부모님이나 선생님이나 주위 어른들 때문에 화나거나 슬픈 적 있어?",
            "A": "아니요. 그런 적은 없는 것 같아요."
        },
        {
            "Q": "어른들이 다른 아이들이랑 비교할 때 있어?",
            "A": "아니요. 비교 안 해요."
        },
        {
            "Q": "어른들이 집에서 쫓아낸다고 하거나 버리겠다고 하거나 진짜 쫓아낸 적 있어?",
            "A": "아니요"
        },
        {
            "Q": "뭔가 하려고 할 때 무조건 안 된다고 하거나, 하기 싫은데도 무조건 하라고 한 적 있어?",
            "A": "안 그래요."
        },
        {
            "Q": "마음이 힘들 때 누구에게 말해?",
            "A": "엄마랑 아빠요."
        },
        {
            "Q": "주위 어른들 중에 몸을 아프게 하거나 때린 사람이 있어?",
            "A": "아니요. 없어요."
        },
        {
            "Q": "누군가 원하지 않는데도 몸을 만지거나 보여달라고 한 적 있어?",
            "A": "아니요."
        },
        {
            "Q": "집에서 어른들이 소리 지르면서 싸우는 걸 듣거나 본 적 있어?",
            "A": "아니요. 아무도 안 싸워요."
        },
        {
            "Q": "어른들이 술을 마시고 친구에게 무섭게 행동하거나 말할 때가 있어?",
            "A": "아니요."
        },
        {
            "Q": "친구들이 자주 놀리거나 괴롭히거나 따돌린다고 느낀 적 있어?",
            "A": "아니요. 안 그래요."
        },
        {
            "Q": "어떨 때 마음이 복잡하거나 힘들어?",
            "A": "과학 문제가 잘 안 풀리면 힘들어요."
        },
        {
            "Q": "그런 것 때문에 괴로워서 죽고 싶다고 생각한 적 있어?",
            "A": "아니요. 엄마한테 물어보면 도와줘서 그런 생각은 안 해요."
        },
        {
            "Q": "잠잘 때 어떤 꿈을 꾸는 편이야?",
            "A": "우주에서 외계인 만나는 꿈이요."
        },
        {
            "Q": "기분 나쁜 꿈인 것 같아?",
            "A": "아니요. 좋아요. 실제로 일어나면 좋겠어요."
        },
        {
            "Q": "가출을 해보거나 아는 사람들 중에 가출 한 사람이 있어?",
            "A": "아니요. 없어요."
        }
    ]
}