{
    "info": {
        "위기단계": "학대의심"
    },
    "kids_ment": [
        {
            "Q": "최근에 건강한가요? 아니면 아픈 곳이 있어요?",
            "A": "아픈 데 없어요."
        },
        {
            "Q": "최근에 다쳤던 적이 있나요?",
            "A": "아니요."
        },
        {
            "Q": "뭘 할 때 즐거워요?",
            "A": "혼자서 노래방 가는 거 좋아요."
        },
        {
            "Q": "왜 혼자서 노래방 가는 게 즐거워요?",
            "A": "혼자 있을 수 있고, 스트레스 풀려요."
        },
        {
            "Q": "최근 일주일 동안 짜증이나 화가 난 적이 있나요?",
            "A": "네."
        },
        {
            "Q": "언제 그랬나요?",
            "A": "어제 수업 시간에, 옆에 짝꿍이 시끄럽게 떠들어서 너무 화났어요."
        },
        {
            "Q": "그렇게 화가 날 때 어떻게 하나요?",
            "A": "절 화나게 만든 그 애가 미안하다고 할 때까지 때려요."
        },
        {
            "Q": "몇 시에 자고, 몇 시에 일어나나요?",
            "A": "열 시에 자고 여덟 시에 일어나요."
        },
        {
            "Q": "아침에 일어났을 때, 몸 상태는 어때요?",
            "A": "괜찮아요."
        },
        {
            "Q": "평소에 잠들기 힘들거나, 잠자는 중간에 자주 깨나요?",
            "A": "아니요."
        },
        {
            "Q": "아버지는 어떤 표정을 자주 짓나요?",
            "A": "화내는 표정이요."
        },
        {
            "Q": "아빠가 그런 표정을 지으면 기분이 어때요?",
            "A": "저도 짜증 나요. 왜 저렇게 성격이 더러운지 모르겠어요."
        },
        {
            "Q": "형제자매가 있나요?",
            "A": "아니요."
        },
        {
            "Q": "친구들이랑 뭐 하고 놀아요?",
            "A": "친구 없어요."
        },
        {
            "Q": "왜 친구가 없어요?",
            "A": "다 싸웠어요."
        },
        {
            "Q": "왜 싸웠어요?",
            "A": "게네들이 싸가지없이 저 빼고 놀러 갔어요. 제가 학원가는 줄 알았대요. 다 뻥이죠. 짜증 나서 머리카락 다 한 움큼씩 뽑아줬어요."
        },
        {
            "Q": "담임선생님을 좋아하나요, 싫어하나요?",
            "A": "별로 안 좋아해요."
        },
        {
            "Q": "담임 선생님이 어떤 부분에서 안 좋아요?",
            "A": "제가 아빠한테 맞았다고 해도 네가 맞을 짓을 해서 그런 거라고 해요. 진짜 짜증 나요."
        },
        {
            "Q": "요즘 제일 걱정되는 게 뭐에요?",
            "A": "아빠가 회사에서 기분 안 좋은 일 있을까 봐 걱정돼요. 회사에서 안 좋은 일 있으면 저한테 불똥 튀거든요. 꼬투리 잡아서 때려요."
        },
        {
            "Q": "그런 걱정 때문에 생활이 불편하거나 힘든가요?",
            "A": "네. 스트레스받아요. 아빠가 일주일에 한두 번은 무조건 꼬투리 잡거든요."
        },
        {
            "Q": "요즘 행복한 것 같아요?",
            "A": "아니요. 너무 불행해요."
        },
        {
            "Q": "어떤 점에서 불행하다고 생각했어요?",
            "A": "아빠 딸인 게 불행해요. 왜 저는 이렇게 이상한 아빠를 가지게 된 걸까요."
        },
        {
            "Q": "집에서 주로 나를 돌봐주는 어른은 누구인가요?",
            "A": "아빠요."
        },
        {
            "Q": "배가 고픈데 먹을 게 없어서 굶은 적이 있나요?",
            "A": "아니요."
        },
        {
            "Q": "저녁에 나를 집에 혼자 두고 어른들이 나갔던 적 있나요?",
            "A": "아니요."
        },
        {
            "Q": "어디 아픈 곳이 있는데 어른들이 병원에 데려가지 않은 적이 있나요?",
            "A": "아니요."
        },
        {
            "Q": "더럽고 냄새나는 옷을 입어야 한 적이 있나요?",
            "A": "아니요."
        },
        {
            "Q": "인터넷이나 휴대폰을 가지고 노는 시간은 하루에 몇 시간 정도인가요?",
            "A": "한 시간 정도요."
        },
        {
            "Q": "어른들이 운동회나 참관 수업 같은 학교 행사에 잘 오시나요?",
            "A": "네."
        },
        {
            "Q": "부모님이나 선생님 때문에 슬프거나 화가 난 적이 있나요?",
            "A": "없어요."
        },
        {
            "Q": "주위 어른들 중 나를 때린 적이 있는 사람이 있나요?",
            "A": "네. 아빠는 저 자주 때리는데요?"
        },
        {
            "Q": "아빠가 왜 때리셨나요?",
            "A": "학교 끝나고 바로 집으로 안 왔다고 때렸어요. 친구들이랑 뒷산 가서 놀다가 두 시간 늦게 들어갔거든요."
        },
        {
            "Q": "어디를 어떻게 때렸나요?",
            "A": "제 배를 발로 찼어요."
        },
        {
            "Q": "병원에는 갔나요?",
            "A": "네. 병원에서 갈비뼈에 금 갔대요. 조심해야 된대요."
        },
        {
            "Q": "아빠가 친구를 때리는 일이 자주 있어요?",
            "A": "그렇죠. 일상이에요. 그냥. 분노조절장애 같은 거 있는 거 같아요. 이상해요."
        },
        {
            "Q": "내가 원하지 않는데도 누군가가 내 몸을 만지거나 보여달라고 한 적 있나요?",
            "A": "아니요."
        },
        {
            "Q": "집에서 어른들끼리 소리 지르면서 싸우는 걸 듣거나 본 적이 있나요?",
            "A": "아니요."
        },
        {
            "Q": "친구들이 나를 자주 놀리거나 괴롭힌다고 느낀 적이 있나요?",
            "A": "아니요."
        },
        {
            "Q": "어떨 때 마음이 복잡하거나 힘든가요?",
            "A": "별로 안 힘들어요."
        },
        {
            "Q": "잠잘 때 주로 어떤 꿈을 꾸나요?",
            "A": "엄청 다양한데 잘 기억은 안 나요."
        },
        {
            "Q": "부모님의 허락 없이 또는 말도 없이 집에 오랫동안 나와 있었던 적이 있나요?",
            "A": "아니요."
        },
        {
            "Q": "주변에 가출을 해봤던 친구가 있나요?",
            "A": "네, 있어요."
        },
        {
            "Q": "친구도 가출하고 싶다는 생각을 한 적이 있어요?",
            "A": "네, 완전요. 그런데 저 집 나갔다가 잡히면 아빠한테 죽기 직전까지 맞을 수도 있어요."
        }
    ]
}