{
    "info": {
        "위기단계": "정상군"
    },
    "kids_ment": [
        {
            "Q": "최근에 건강한가요? 아니면 아픈 곳이 있어요?",
            "A": "네. 얼마 전에 배가 아팠어요."
        },
        {
            "Q": "언제부터 아팠나요?",
            "A": "저번 주 금요일에 굴 먹고 난 후부터 3, 4일 정도 아팠어요."
        },
        {
            "Q": "이전에도 해당 부위가 자주 아팠나요?",
            "A": "아니요. 이렇게 아픈 적은 처음이었던 것 같아요."
        },
        {
            "Q": "최근에 다쳤던 적이 있나요?",
            "A": "네."
        },
        {
            "Q": "어디를 다쳤나요?",
            "A": "무릎 쪽에 멍들었어요."
        },
        {
            "Q": "언제 다쳤나요?",
            "A": "어제요."
        },
        {
            "Q": "어쩌다가 다친 거예요?",
            "A": "교실에서 친구랑 놀다가 사물함 모서리에 부딪혔어요."
        },
        {
            "Q": "뭘 할 때 즐거워요?",
            "A": "요즘은 친구들이랑 농구하는 거요."
        },
        {
            "Q": "농구할 때 어떤 점이 즐거운가요?",
            "A": "골대에 공을 넣으면 너무 기분이 좋아요."
        },
        {
            "Q": "최근 일주일 동안 짜증이나 화가 난 적이 있나요?",
            "A": "아니요."
        },
        {
            "Q": "몇 시에 자고, 몇 시에 일어나나요?",
            "A": "열 시에 자고 여덟 시쯤에 일어나는 것 같아요."
        },
        {
            "Q": "아침에 일어났을 때, 몸 상태는 어때요?",
            "A": "괜찮은 것 같아요."
        },
        {
            "Q": "평소에 잠들기 힘들거나, 잠자는 중간에 자주 깨나요?",
            "A": "그렇지는 않은 것 같아요."
        },
        {
            "Q": "아버지는 어떤 표정을 자주 짓나요?",
            "A": "아빠요? 맨날 눈 마주치면 메롱 하고 도망가요."
        },
        {
            "Q": "아빠가 그렇게 하면 기분이 어때요?",
            "A": "열 받아요. 저도 아빠한테 똑같이 메롱 해요."
        },
        {
            "Q": "아빠랑 사이좋아요?",
            "A": "네. 그런 편인 것 같아요."
        },
        {
            "Q": "어머니는 어떤 표정을 자주 짓나요?",
            "A": "웃을 때도 있고, 화낼 때도 있어요."
        },
        {
            "Q": "언제 자주 웃고, 언제 화내세요?",
            "A": "제가 학원 안 가면 화내고요. 평소에는 웃는 것 같아요."
        },
        {
            "Q": "형제자매가 있나요?",
            "A": "아니요. 없어요."
        },
        {
            "Q": "친구들이랑 뭐 하고 놀아요?",
            "A": "피시방 가서 피파 해요."
        },
        {
            "Q": "주로 몇 명이 놀아요?",
            "A": "다섯 명? 근데 맨날 달라요. 다 친하거든요."
        },
        {
            "Q": "담임선생님을 좋아하나요, 싫어하나요?",
            "A": "좋아해요."
        },
        {
            "Q": "담임 선생님이 어떤 부분에서 좋아요?",
            "A": "가끔 컴퓨터 자유시간에 피파 해도 된다고 해주시거든요."
        },
        {
            "Q": "요즘 제일 걱정되는 게 뭐에요?",
            "A": "수학 성적이 떨어지고 있어요. 엄마한테 학원 다니고 싶다고 말했는데 엄마가 돈 없대요."
        },
        {
            "Q": "걱정거리 때문에 생활이 불편하거나 힘든가요?",
            "A": "평소엔 괜찮은데 가끔. 시험 기간에만 좀 걱정돼요."
        },
        {
            "Q": "요즘 행복한 것 같아요?",
            "A": "네."
        },
        {
            "Q": "어떤 점에서 행복했어요?",
            "A": "학교 가니까 친구들이 엄청 많아서 좋아요."
        },
        {
            "Q": "커서 어떤 사람이 되고 싶어요?",
            "A": "음/ 빵 만드는 사람이 되고 싶어요."
        },
        {
            "Q": "왜 빵 만드는 사람이 되고 싶나요?",
            "A": "제가 빵을 엄청 좋아하거든요. 세상에서 제일 맛있는 빵을 만들고 싶어요."
        },
        {
            "Q": "집에서 주로 나를 돌봐주는 어른은 누구인가요?",
            "A": "아빠요."
        },
        {
            "Q": "배가 고픈데 먹을 게 없어서 굶은 적이 있나요?",
            "A": "아니요."
        },
        {
            "Q": "저녁에 나를 집에 혼자 두고 어른들이 나갔던 적 있나요?",
            "A": "아니요."
        },
        {
            "Q": "어디 아픈 곳이 있는데 어른들이 병원에 데려가지 않은 적이 있나요?",
            "A": "아니요."
        },
        {
            "Q": "더럽고 냄새나는 옷을 입어야 한 적이 있나요?",
            "A": "아니요."
        },
        {
            "Q": "인터넷이나 휴대폰을 가지고 노는 시간은 하루에 몇 시간 정도인가요?",
            "A": "한 시간 정도요."
        },
        {
            "Q": "어른들이 운동회나 참관 수업 같은 학교 행사에 잘 오시나요?",
            "A": "네."
        },
        {
            "Q": "부모님이나 선생님 때문에 슬프거나 화가 난 적이 있나요?",
            "A": "없어요."
        },
        {
            "Q": "주위 어른들 중 나를 때린 적이 있는 사람이 있나요?",
            "A": "아니요."
        },
        {
            "Q": "내가 원하지 않는데도 누군가가 내 몸을 만지거나 보여달라고 한 적 있나요?",
            "A": "아니요."
        },
        {
            "Q": "집에서 어른들끼리 소리 지르면서 싸우는 걸 듣거나 본 적이 있나요?",
            "A": "아니요."
        },
        {
            "Q": "친구들이 나를 자주 놀리거나 괴롭힌다고 느낀 적이 있나요?",
            "A": "아니요."
        },
        {
            "Q": "어떨 때 마음이 복잡하거나 힘든가요?",
            "A": "별로 안 힘들어요."
        },
        {
            "Q": "잠잘 때 주로 어떤 꿈을 꾸나요?",
            "A": "꿈은 꾸는데 무슨 꿈 꿨는지 잘 기억이 안 나요."
        },
        {
            "Q": "부모님의 허락 없이 또는 말도 없이 집에 오랫동안 나와 있었던 적이 있나요?",
            "A": "아니요."
        }
    ]
}