{
    "info": {
        "위기단계": "응급"
    },
    "kids_ment": [
        {
            "Q": "우리 친구 몸은 어때? 어디 아픈 곳 있어?",
            "A": "저 아빠가 의자 얼굴에 던져서 이마에 피 났어요."
        },
        {
            "Q": "치료는 어떻게 했어?",
            "A": "엄마가 병원에 데려가 줬어요."
        },
        {
            "Q": "아빠가 자주 그러셔?",
            "A": "물건 던진 거는 이번이 처음이에요."
        },
        {
            "Q": "우리 친구는 뭘 할 때가 가장 즐거워?",
            "A": "즐거운 게 없는 것 같아요."
        },
        {
            "Q": "언제부터 즐거움을 느끼지 못한 것 같아?",
            "A": "몇 달 된 것 같아요."
        },
        {
            "Q": "최근 일주일 동안 짜증이나 화가 난 적이 있을까?",
            "A": "네. 아빠가 엄마 때리고 저한테 물건 던지고 해서 화났어요."
        },
        {
            "Q": "평소에 짜증이나 화가 났을 때, 어떻게 하면 마음이 풀려?",
            "A": "친구들이랑 놀거나 슬라임 만지다 보면 풀려요."
        },
        {
            "Q": "평소 몇 시에 자고, 몇 시에 일어나는 편이야?",
            "A": "열한 시쯤에 자서 일곱 시에 일어나요."
        },
        {
            "Q": "아침에 일어났을 때, 몸 상태는 어때?",
            "A": "매일 피곤해요."
        },
        {
            "Q": "평소에 잠들기 힘들다거나, 잠자는 중간에 자주 깨는 편이야?",
            "A": "네. 자주 깨요."
        },
        {
            "Q": "평상시에 어머니 아버지는 어떤 표정을 자주 짓는 것 같아?",
            "A": "엄마는 슬픈 표정이고 아빠는 화난 표정이요."
        },
        {
            "Q": "왜 아빠가 화난 표정을 자주 짓는 것 같아?",
            "A": "그냥 화가 많은 것 같아요."
        },
        {
            "Q": "엄마는 왜 슬픈 표정을 짓는 것 같아?",
            "A": "아빠한테 맞고 그러니까요."
        },
        {
            "Q": "부모님이 우리 친구를 어떻게 대하셔?",
            "A": "엄마는 잘 대해주시고 아빠는 화만 내요."
        },
        {
            "Q": "우리 친구는 형제자매는 몇 명이야?",
            "A": "남동생 두 명 있어요."
        },
        {
            "Q": "남동생들이랑 사이가 어때?",
            "A": "둘 다 제 말 잘 들어서 사이좋아요. 착해요."
        },
        {
            "Q": "그럼, 부모님이 남동생들이랑 우리 친구를 어떻게 대하시는 것 같아? 차별하셔?",
            "A": "아니요. 셋 다 똑같이 대해요."
        },
        {
            "Q": "친구들이랑은 주로 뭐하면서 놀아?",
            "A": "슬라임 만지고 놀아요."
        },
        {
            "Q": "담임선생님은 어때? 좋아 아니면 싫어?",
            "A": "좋아요."
        },
        {
            "Q": "담임선생님의 어떤 부분이 좋아?",
            "A": "예쁘고 저희 칭찬도 많이 해줘요."
        },
        {
            "Q": "요즈음 우리 친구 고민은 뭐야?",
            "A": "아빠가 엄마 그만 때렸으면 좋겠어요."
        },
        {
            "Q": "그 고민 때문에 생활이 불편하거나 힘들어?",
            "A": "네. 맨날 아빠 집에 오면 기분이 어떤지 확인하고 안 좋아 보이면 남동생들이랑 방에서 조용히 있어야 돼요. 신경 안 건들게."
        },
        {
            "Q": "요즈음 행복하다고 느껴?",
            "A": "아니요."
        },
        {
            "Q": "어떤 점에서 행복하지 않은 것 같아?",
            "A": "아빠가 자꾸 엄마 때리고 저희한테도 협박하고 그러니까요."
        },
        {
            "Q": "지금의 행복을 1에서 10으로 나타내면 몇 점이야?",
            "A": "2점인 것 같아요."
        },
        {
            "Q": "우리 친구는 커서 어떤 사람이 되고 싶어?",
            "A": "요리사가 되고 싶어요."
        },
        {
            "Q": "왜 요리사가 되고 싶어?",
            "A": "요리하는 게 좋아서요."
        },
        {
            "Q": "주로 친구를 돌봐주는 어른은 누구야?",
            "A": "엄마요."
        },
        {
            "Q": "배가 고픈데 집에 먹을 게 없어서 굶은 적 있어?",
            "A": "아니요."
        },
        {
            "Q": "저녁에 친구를 집에 혼자 두고 어른들이 나갔던 적 있어?",
            "A": "그런 적 없어요."
        },
        {
            "Q": "친구를 항상 돌봐주는 사람이 갑자기 말도 없이 집을 나가서 안 들어온 적 있어?",
            "A": "없어요."
        },
        {
            "Q": "우리 친구가 어디 아픈 곳이 있는데 부모님이 병원에 데려가지 않은 적은?",
            "A": "없어요."
        },
        {
            "Q": "빨래가 안 되어 있어서 더럽고 냄새나는 옷을 입어야 한 적은 있어?",
            "A": "아니요. 항상 좋은 냄새가 나요."
        },
        {
            "Q": "옷이나 신발 사이즈가 작은 걸 입거나 신고 다닌 적은 있어?",
            "A": "없어요."
        },
        {
            "Q": "하루에 인터넷이나 휴대폰을 가지고 노는 시간은 몇 시간 정도야?",
            "A": "한두 시간 정도 하는데, 엄마가 눈 나빠진다고 오래 못 하게 해요."
        },
        {
            "Q": "피시방도 가?",
            "A": "아니요."
        },
        {
            "Q": "부모님이 운동회나 참관 수업 같은 학교에 오는 행사에 잘 오셔?",
            "A": "엄마가 오는 것 같아요."
        },
        {
            "Q": "부모님이나 선생님 때문에 슬프거나 화난 적 있었어?",
            "A": "아빠가 엄마 때리고 저도 물건 던져서 맞고 다 같이 죽자면서 그럴 때 무섭고 화나요."
        },
        {
            "Q": "아빠의 어떤 말이나 행동이 친구를 무섭고 화나게 만든 거야?",
            "A": "아빠가 저한테 캠핑 의자 던지고 칼로 같이 죽자고 그랬어요."
        },
        {
            "Q": "어른들이 친구를 어디에 가두고 못 나오게 한 적 있어?",
            "A": "아니요."
        },
        {
            "Q": "부모님이 다른 사람들 앞에서 혼내실 때가 있어?",
            "A": "없어요."
        },
        {
            "Q": "어른들이 우리 친구를 다른 아이들과 비교하는 편이야?",
            "A": "아니요."
        },
        {
            "Q": "어른들이 친구를 집에서 쫓아내거나 버리겠다고 말한 적 있어?",
            "A": "없어요."
        },
        {
            "Q": "우리 친구가 뭘 하려고 할 때, 무조건 안 된다고 하거나 하기 싫은데 무조건 하라고 할 때가 있어?",
            "A": "아니요."
        },
        {
            "Q": "마음이 힘들 때, 가족에게 친구 마음을 이야기해?",
            "A": "네. 엄마한테 하는 것 같아요."
        },
        {
            "Q": "주위 어른들 중 우리 친구를 때린 적 있는 사람이 있어?",
            "A": "때린 적은 없는데 아빠가 던진 의자에 맞아서 피 났어요."
        },
        {
            "Q": "아빠가 최근에 우리 친구한테 그러신 적 있어?",
            "A": "며칠 전에 의자 던졌어요."
        },
        {
            "Q": "왜 아빠가 친구한테 그러시는 것 같아?",
            "A": "아빠가 자기 무시하냐고 그렇게 물건 던지고 그랬어요."
        },
        {
            "Q": "평소에 아빠가 자주 그러셔?",
            "A": "엄마한테는 자주 때리고 그러는데 저희한테는 한 달에 한두 번씩 그렇게 해요."
        },
        {
            "Q": "이렇게 다친 것 때문에, 병원에 가서 치료받은 적 있어?",
            "A": "아니요. 그렇게 심하게 다치진 않았어요."
        },
        {
            "Q": "우리 친구가 원하지 않는데도 누군가가 친구 몸을 만지거나 보여달라고 한 적 있었을까?",
            "A": "아니요."
        },
        {
            "Q": "집에서 어른들끼리 소리 지르면서 싸우는 걸 듣거나 본 적이 있어?",
            "A": "아빠가 엄마한테 그래요."
        },
        {
            "Q": "얼마나 자주 그러셔?",
            "A": "일주일에 한 번씩은 싸워요."
        },
        {
            "Q": "그때 어른들이 술을 마신 상태였어?",
            "A": "네. 아빠는 술 마셨어요."
        },
        {
            "Q": "어른들이 술을 마시고 집에서 무섭게 행동할 때가 많아?",
            "A": "아빠가 일주일에 한두 번씩 그래요."
        },
        {
            "Q": "그렇게 싸울 때 친구한테 안 좋은 소리도 해?",
            "A": "네. 저번에 칼 들고 저한테 같이 죽자고 그랬어요."
        },
        {
            "Q": "그 상황에서 우리 친구가 다친 적 있어?",
            "A": "네. 그때 의자 던져서요."
        },
        {
            "Q": "이런 일 때문에, 집에서 나와서 있었어야 한 적 있어?",
            "A": "아니요."
        },
        {
            "Q": "이런 일 때문에 집에 경찰이나 다른 사람이 온 적 있어?",
            "A": "옆집에서 신고해서 경찰이 한두 번 왔었어요."
        },
        {
            "Q": "이런 일로 경찰이 오고 나서도 또 비슷하거나 똑같은 일이 일어난 적 있어?",
            "A": "네. 있어요."
        },
        {
            "Q": "친구들이 자주 놀리거나 괴롭힌다고 느낀 적이 있어?",
            "A": "아니요."
        },
        {
            "Q": "우리 친구는 어떨 때 마음이 복잡하거나 힘들어?",
            "A": "아빠가 엄마 때릴 때요."
        },
        {
            "Q": "이런 상황 때문에 괴로워서 죽고 싶다는 생각을 한 적 있어?",
            "A": "그런 생각 한 적 있는데 무서워서 한 적은 없어요."
        },
        {
            "Q": "얼마나 자주 그런 생각이 들었어?",
            "A": "아빠가 엄마 때릴 때마다요. 한 달에 한두 번?"
        },
        {
            "Q": "잠잘 때 주로 어떤 꿈을 꾸는 것 같아?",
            "A": "아빠가 때리고 위협하는 꿈이요."
        },
        {
            "Q": "잠들기 힘든 이유가 끔찍하고 힘들었던 일 때문에 그런 것 같아?",
            "A": "네."
        },
        {
            "Q": "생각하고 싶지 않은데 그 일이 떠오른 적 있어?",
            "A": "아빠가 술 마시고 들어오면 그런 것 같아요. 한 달에 한두 번이요."
        },
        {
            "Q": "그런 싫은 기억이 떠오를 때 어떻게 해?",
            "A": "생각을 안 하려고 노력해요."
        },
        {
            "Q": "꿈을 꾸고 일어나면 몸 상태가 어때?",
            "A": "가슴이 엄청 빠르게 뛰어요."
        },
        {
            "Q": "부모님 허락이나 말도 없이 집에 오랫동안 나와 있었던 적이 있어?",
            "A": "없어요."
        }
    ]
}