{
    "info": {
        "위기단계": "정상군"
    },
    "kids_ment": [
        {
            "Q": "최근에 건강한가요? 아니면 아픈 곳이 있어요?",
            "A": "배가 좀 아파요."
        },
        {
            "Q": "배 어디가 어떻게 아파요?",
            "A": "위가 콕콕 쑤시는 것 같아요."
        },
        {
            "Q": "언제부터 아팠어요?",
            "A": "저번 주부터 아팠어요."
        },
        {
            "Q": "한번 아프기 시작하면 얼마나 오랫동안 아파요?",
            "A": "보통 2, 3일이면 괜찮아지는데 이번에는 일주일 넘은 거 같아요."
        },
        {
            "Q": "최근에 다쳤던 적이 있나요?",
            "A": "없어요."
        },
        {
            "Q": "뭘 할 때 즐거워요?",
            "A": "즐거운 거 모르겠어요."
        },
        {
            "Q": "이전에도 즐겁다고 느낀 적이 없나요?",
            "A": "아니요. 전에는 즐거운 적 많았어요."
        },
        {
            "Q": "즐겁다고 느끼지 못한 것이 언제부터예요?",
            "A": "2주 정도 됐어요."
        },
        {
            "Q": "왜 그때부터 즐겁지 않아요?",
            "A": "엄마가 동생들만 이불 새로 사주고 전 깨끗하다고 안 바꿔줬어요."
        },
        {
            "Q": "최근 일주일 동안 짜증이나 화가 난 적이 있나요?",
            "A": "없어요."
        },
        {
            "Q": "몇 시에 자고 몇 시에 일어나요?",
            "A": "열 시 반에 자고 일곱 시에 일어나요."
        },
        {
            "Q": "아침에 일어나면 몸 상태가 어때요?",
            "A": "그냥 괜찮아요."
        },
        {
            "Q": "잠들기 힘들거나 잠자는 중간에 자주 깨나요?",
            "A": "중간에 깨진 않는데 핸드폰 보다가 자면 잠이 잘 안 와요."
        },
        {
            "Q": "아빠는 보통 때 어떤 표정을 많이 지어요?",
            "A": "아빠는 많이 웃어요."
        },
        {
            "Q": "왜 웃으시는 거 같아요?",
            "A": "아빠는 재미있는 사람이라서 항상 즐거운가 봐요."
        },
        {
            "Q": "그런 아빠를 보면 친구는 어떤 느낌이 들어요?",
            "A": "좋아요."
        },
        {
            "Q": "엄마는 보통 때 어떤 표정을 지어요?",
            "A": "엄마는 좀 차가운 표정이요."
        },
        {
            "Q": "왜 그런 표정을 지으실까요?",
            "A": "그냥 엄마 성격이 그런 거 같아요. 좀 무관심해요."
        },
        {
            "Q": "그런 엄마를 보면 친구는 어떤 느낌이 들어요?",
            "A": "음/ 별 느낌 없는데요."
        },
        {
            "Q": "형제자매가 있나요?",
            "A": "네, 있어요."
        },
        {
            "Q": "누구 있어요?",
            "A": "여동생 두 명 있어요."
        },
        {
            "Q": "여동생들이랑은 사이가 어때요?",
            "A": "나이 차이가 별로 안 나서 엄청 투닥거려요."
        },
        {
            "Q": "두 여동생이랑 자주 싸워요?",
            "A": "네, 둘 다 말 엄청 안 들어요."
        },
        {
            "Q": "부모님이 동생이랑 차별한다고 느끼나요?",
            "A": "그건 아닌 거 같아요."
        },
        {
            "Q": "친구들이랑 뭐 하고 놀아요?",
            "A": "같이 쇼핑 가거나 그냥 아이돌 이야기해요."
        },
        {
            "Q": "주로 몇 명이랑 놀아요?",
            "A": "세 명이요."
        },
        {
            "Q": "담임선생님을 좋아하나요, 싫어하나요?",
            "A": "안 좋아해요."
        },
        {
            "Q": "어떤 부분이 싫어요?",
            "A": "말도 좀 느끼하게 하고 그냥 싫어요."
        },
        {
            "Q": "요즘 제일 걱정되는 게 뭐에요?",
            "A": "걱정 없어요."
        },
        {
            "Q": "요즘 행복한 것 같아요?",
            "A": "잘 모르겠는데."
        },
        {
            "Q": "행복과 불행 중에 하나 고르면 어느 쪽에 더 가까워요?",
            "A": "그럼, 행복이요."
        },
        {
            "Q": "어떤 부분이 행복한 거 같아요?",
            "A": "지금 크게 걱정하는 거 없고 괜찮은 거 같아요."
        },
        {
            "Q": "커서 어떤 사람이 되고 싶어요?",
            "A": "한국무용 하고 싶어요."
        },
        {
            "Q": "그게 왜 되고 싶어요?",
            "A": "학교에서 한국무용 배우는데 선생님이 소질 있다고 해보라고 했어요. 저도 재미있고요."
        },
        {
            "Q": "집에서 주로 나를 돌봐주는 어른은 누구인가요?",
            "A": "아빠요."
        },
        {
            "Q": "배가 고픈데 먹을 게 없어서 굶은 적이 있나요?",
            "A": "없어요."
        },
        {
            "Q": "부모님이나 선생님 때문에 슬프거나 화가 난 적이 있나요?",
            "A": "엄마가 저만 이불 안 사줬을 때 좀 슬펐어요."
        },
        {
            "Q": "어른들이 어디에 가두고 못 나오게 한 적이 있나요?",
            "A": "없어요."
        },
        {
            "Q": "다른 사람들 앞에서 혼날 때 있나요?",
            "A": "없어요."
        },
        {
            "Q": "주위 어른들 중 나를 때린 적이 있는 사람이 있나요?",
            "A": "아니요."
        },
        {
            "Q": "내가 원하지 않는데도 누군가가 내 몸을 만지거나 보여달라고 한 적 있어요?",
            "A": "없어요."
        },
        {
            "Q": "집에서 어른들끼리 소리 지르면서 싸우는 걸 듣거나 본 적이 있나요?",
            "A": "싸우는 거 못 봤어요."
        },
        {
            "Q": "친구들이 나를 자주 놀리거나 괴롭힌다고 느낀 적이 있나요?",
            "A": "아니요."
        },
        {
            "Q": "어떨 때 마음이 복잡하거나 힘든가요?",
            "A": "첫째라고 모범을 보이라고 할 때요."
        },
        {
            "Q": "안 좋은 기억 때문에 괴로워서 죽고 싶다는 생각을 한 적 있나요?",
            "A": "그렇지는 않아요."
        },
        {
            "Q": "잠잘 때 주로 어떤 꿈을 꾸나요?",
            "A": "꿈 잘 안 꾸는데 꾸면 제가 좋아하는 캐릭터랑 같이 노는 꿈이요."
        },
        {
            "Q": "꿈을 꾸고 일어나면 몸 상태가 어떤가요?",
            "A": "기분 좋아요."
        },
        {
            "Q": "가출 해 본 적 있어요?",
            "A": "아니요."
        }
    ]
}