{
    "info": {
        "위기단계": "정상군"
    },
    "kids_ment": [
        {
            "Q": "최근에 건강은 어때?",
            "A": "딱히 아픈 데는 없는데 허약해서 홍삼 먹고 있어요."
        },
        {
            "Q": "최근에 다친 곳 있어?",
            "A": "어제 킥보드 타다 넘어져서 무릎 까졌어요."
        },
        {
            "Q": "요즘 뭘 할 때 즐거워?",
            "A": "피아노 칠 때요."
        },
        {
            "Q": "어떤 점이 재밌어?",
            "A": "하나도 안 틀리고 처음부터 끝까지 연주하면 기분이 좋아요."
        },
        {
            "Q": "최근 일주일 동안 짜증이나 화가 난 적 있어?",
            "A": "네, 어려운 곡 연습 중인데 잘 안 외워지기도 하고 자꾸 틀려서 화가 났어요."
        },
        {
            "Q": "그렇게 화가 났을 때 어떻게 해야 기분이 풀려?",
            "A": "안 되는 부분을 연습해서 잘하게 됐을 때 제일 기분이 좋긴 한데 잘 안돼서 힘들어요."
        },
        {
            "Q": "몇 시부터 몇 시까지 자?",
            "A": "열 시부터 일곱 시 반까지 자요."
        },
        {
            "Q": "일어나면 컨디션이 어때?",
            "A": "쉬 마려워요."
        },
        {
            "Q": "잠들기 힘들거나 자다 중간에 깨는 경우 있어?",
            "A": "아니요."
        },
        {
            "Q": "평소에 아빠는 어떤 표정이야?",
            "A": "아빠는 제가 안아주면 좋아해요."
        },
        {
            "Q": "그럴 때 내 기분은 어때?",
            "A": "뿌듯해요."
        },
        {
            "Q": "평소에 엄마는 어떤 표정이야?",
            "A": "엄마는 까다롭기도 하고 잔소리가 많아요."
        },
        {
            "Q": "그럴 때 내 기분은 어때?",
            "A": "귀찮아요."
        },
        {
            "Q": "형제자매가 몇 명이야?",
            "A": "여동생 한 명 있어요."
        },
        {
            "Q": "사이가 어때?",
            "A": "좋아요."
        },
        {
            "Q": "엄마 아빠가 동생하고 나 중에 누구를 더 좋아하는 것 같아?",
            "A": "저요!"
        },
        {
            "Q": "친구들과 뭐 하고 놀아?",
            "A": "요즘, 같이 틱톡 찍어요."
        },
        {
            "Q": "몇 명이 같이 놀아?",
            "A": "세 명이요."
        },
        {
            "Q": "담임선생님은 어때? 좋아 아니면 싫어?",
            "A": "좋아요. 맨날 수업 안 하고 웃긴 얘기 들려줘요."
        },
        {
            "Q": "요즘 제일 큰 걱정은 뭐야?",
            "A": "무릎이 너무 따가워서 걷기가 힘들어요."
        },
        {
            "Q": "그런 걱정 때문에 일상생활이 힘들어?",
            "A": "조금 힘들긴 한데 금방 나을 것 같아요."
        },
        {
            "Q": "요즘 행복한 것 같아?",
            "A": "네."
        },
        {
            "Q": "어떤 점에서 행복해?",
            "A": "학교에서 새로 사귄 친구가 저를 되게 좋아하는 것 같아요."
        },
        {
            "Q": "커서 어떤 사람이 되고 싶어?",
            "A": "지금은 피아니스트가 되고 싶어요."
        },
        {
            "Q": "이유가 뭐야?",
            "A": "제가 피아노를 2년이나 배웠는데 아직 재밌기도 하고 잘할 수 있을 것 같아요."
        },
        {
            "Q": "집에서 주로 나를 돌봐주는 어른은 누구야?",
            "A": "엄마요."
        },
        {
            "Q": "배가 고픈데 먹을 게 없어서 굶은 적 있어?",
            "A": "아니요."
        },
        {
            "Q": "어른들이 갑자기 말도 없이 집 나가서 안 들어온 적 있어?",
            "A": "아니요."
        },
        {
            "Q": "어디 아픈 곳이 있는데 어른들이 병원에 데려가지 않은 적 있어?",
            "A": "아니요."
        },
        {
            "Q": "빨래 안 한 더럽고 냄새나는 옷을 입은 적 있어?",
            "A": "아니요."
        },
        {
            "Q": "작은 옷이나 신발을 입거나 신고 다닌 적 있어?",
            "A": "아니요."
        },
        {
            "Q": "인터넷이나 휴대폰을 가지고 노는 시간은 하루에 몇 시간 정도야?",
            "A": "최대 두 시간이요."
        },
        {
            "Q": "부모님이 운동회나 참관 수업, 학부모 상담에 잘 오셔?",
            "A": "네."
        },
        {
            "Q": "부모님이나 선생님 때문에 슬프거나 화가 난 적 있어?",
            "A": "아니요."
        },
        {
            "Q": "주위 어른들 중 나를 때린 적 있는 사람이 있어?",
            "A": "아니요."
        },
        {
            "Q": "내가 원하지 않는데 누군가가 내 몸을 만지거나 보여달라고 한 적 있어?",
            "A": "아니요."
        },
        {
            "Q": "집에서 어른들끼리 소리 지르면서 싸우는 걸 듣거나 본 적이 있어?",
            "A": "아니요."
        },
        {
            "Q": "친구들이 나를 자주 놀리거나 괴롭힌다고 느낀 적 있어?",
            "A": "아니요."
        },
        {
            "Q": "어떨 때 마음이 복잡하거나 힘들어?",
            "A": "동생이 제 장난감 망가뜨리고 제 방에 낙서할 때요."
        },
        {
            "Q": "그럴 때 죽고 싶다고 생각한 적 있어?",
            "A": "아니요, 근데 동생을 때리고 싶긴 해요."
        },
        {
            "Q": "잠 잘 때 주로 어떤 꿈을 꿔?",
            "A": "모르겠어요. 기억이 잘 안나요."
        },
        {
            "Q": "부모님 허락 없이 집에서 오랫동안 나와 있었던 적 있어?",
            "A": "아니요."
        }
    ]
}