{
    "info": {
        "위기단계": "관찰필요"
    },
    "kids_ment": [
        {
            "Q": "최근에 건강은 어때?",
            "A": "감기 걸렸어요. 나머지는 괜찮아요."
        },
        {
            "Q": "최근에 다친 곳 있어?",
            "A": "구두 신고 걷다가 발목 삐었어요."
        },
        {
            "Q": "얼마나 다쳤어?",
            "A": "깁스할 정도는 아니래요. 그래서 얼음찜질하고 발목 보호대 찼어요."
        },
        {
            "Q": "요즘 뭘 할 때 즐거워?",
            "A": "바이올린 할 때 즐거워요."
        },
        {
            "Q": "어떤 점이 재밌어?",
            "A": "처음에는 어려웠는데 요즘은 제가 연주를 잘해서 좋아요."
        },
        {
            "Q": "최근 일주일 동안 짜증이나 화가 난 적 있어?",
            "A": "네, 음악 이론 공부하기 싫은데 해야 돼서 짜증 났어요."
        },
        {
            "Q": "그렇게 화가 났을 때 어떻게 해야 기분이 풀려?",
            "A": "그냥 빨리하고 가야 기분이 더 안 나쁜 것 같아요."
        },
        {
            "Q": "몇 시부터 몇 시까지 자?",
            "A": "열 시부터 여덟 시까지 자요."
        },
        {
            "Q": "일어나면 컨디션이 어때?",
            "A": "괜찮아요."
        },
        {
            "Q": "잠들기 힘들거나 자다 중간에 깨는 경우 있어?",
            "A": "네. 오줌 마려워서 자기 전에 화장실을 여러 번 가는 것 같아요."
        },
        {
            "Q": "평소에 아빠는 어떤 표정이야?",
            "A": "조금 무뚝뚝하긴 한데 퇴근할 때 인사하면 웃어줘요."
        },
        {
            "Q": "그럴 때 내 기분은 어때?",
            "A": "좋아요."
        },
        {
            "Q": "평소에 엄마는 어떤 표정이야?",
            "A": "웃는 편이에요."
        },
        {
            "Q": "그럴 때 내 기분은 어때?",
            "A": "좋아요."
        },
        {
            "Q": "형제자매가 몇 명이야?",
            "A": "저만 있어요."
        },
        {
            "Q": "친구들과 뭐 하고 놀아?",
            "A": "엄마끼리 친해서 같이 놀이공원도 가고 수영장도 가요."
        },
        {
            "Q": "몇 명이 같이 놀아?",
            "A": "두 명이요."
        },
        {
            "Q": "담임 선생님은 어때? 좋아 아니면 싫어?",
            "A": "좋아요, 재밌어요."
        },
        {
            "Q": "요즘 제일 큰 걱정은 뭐야?",
            "A": "혼자 자는 거 좀 무서운데 엄마, 아빠가 이제 혼자 자야 된대요."
        },
        {
            "Q": "그런 걱정 때문에 일상생활이 힘들어?",
            "A": "네. 그래서 아빠가 거실에서 티브이 보는 동안 자려고 해요."
        },
        {
            "Q": "일주일에 몇 번이나 힘들어?",
            "A": "일주일에 세 번이요."
        },
        {
            "Q": "요즘 행복한 것 같아?",
            "A": "네."
        },
        {
            "Q": "어떤 점에서 행복해?",
            "A": "학교 재밌어요."
        },
        {
            "Q": "커서 어떤 사람이 되고 싶어?",
            "A": "음악가가 되고 싶어요."
        },
        {
            "Q": "이유가 뭐야?",
            "A": "바이올린도 잘하니까 계속하고 싶어요."
        },
        {
            "Q": "집에서 주로 나를 돌봐주는 어른은 누구야?",
            "A": "엄마요."
        },
        {
            "Q": "배가 고픈데 먹을 게 없어서 굶은 적 있어?",
            "A": "아니요."
        },
        {
            "Q": "어른들이 갑자기 말도 없이 집 나가서 안 들어온 적 있어?",
            "A": "아니요."
        },
        {
            "Q": "빨래 안 한 더럽고 냄새나는 옷을 입은 적 있어?",
            "A": "아니요."
        },
        {
            "Q": "작은 옷이나 신발을 입거나 신고 다닌 적 있어?",
            "A": "아니요."
        },
        {
            "Q": "인터넷이나 휴대폰을 가지고 노는 시간은 하루에 몇 시간 정도야?",
            "A": "최대 두 시간이요."
        },
        {
            "Q": "부모님이 운동회나 참관 수업, 학부모 상담에 잘 오셔?",
            "A": "네."
        },
        {
            "Q": "부모님이나 선생님 때문에 슬프거나 화가 난 적 있어?",
            "A": "아니요."
        },
        {
            "Q": "주위 어른들 중 나를 때린 적 있는 사람이 있어?",
            "A": "아니요."
        },
        {
            "Q": "내가 원하지 않는데 누군가가 내 몸을 만지거나 보여달라고 한 적 있어?",
            "A": "아니요."
        },
        {
            "Q": "집에서 어른들끼리 소리 지르면서 싸우는 걸 듣거나 본 적이 있어?",
            "A": "아니요."
        },
        {
            "Q": "친구들이 나를 자주 놀리거나 괴롭힌다고 느낀 적 있어?",
            "A": "아니요."
        },
        {
            "Q": "어떨 때 마음이 복잡하거나 힘들어?",
            "A": "혼자 잘 때 좀 힘들어요."
        },
        {
            "Q": "그럴 때 죽고 싶다고 생각한 적 있어?",
            "A": "아니요."
        },
        {
            "Q": "잠잘 때 주로 어떤 꿈을 꿔?",
            "A": "제가 혼자 자기 시작했는데 악몽을 많이 꿔요."
        },
        {
            "Q": "악몽은 어떤 내용이야?",
            "A": "제가 식탁 밑에 숨어 있는데 아빠가 괴물로 변한 꿈도 꿨었고요. 제 방에 있는데 귀신이 나온 꿈도 있었어요."
        },
        {
            "Q": "그런 내용은 실제로 있었던 일이야, 아니면 평소에 걱정하던 일이야?",
            "A": "평소에 상상하던 내용인 것 같아요."
        },
        {
            "Q": "꿈을 꾸고 일어나면 몸 상태가 어때?",
            "A": "가슴이 쿵쿵 뛰는 소리가 들려요."
        },
        {
            "Q": "부모님 허락 없이 집에서 오랫동안 나와 있었던 적 있어?",
            "A": "아니요."
        }
    ]
}