{
    "info": {
        "위기단계": "관찰필요"
    },
    "kids_ment": [
        {
            "Q": "최근에 건강한가요, 아니면 아픈 곳이 있나요?",
            "A": "없어요."
        },
        {
            "Q": "최근에 다쳤던 적이 있었나요, 없었나요?",
            "A": "있어요."
        },
        {
            "Q": "어디를 다쳤나요?",
            "A": "무릎을 다쳤어요."
        },
        {
            "Q": "왜 다쳤나요?",
            "A": "걷다가 넘어져서 다쳤어요."
        },
        {
            "Q": "뭘 할 때가 즐겁나요?",
            "A": "놀이터에서 뛰어놀고, 자전거 타는 것도 좋아요."
        },
        {
            "Q": "놀이터에서 뛰어놀고, 자전거 탈 때 어떤 점이 즐거운가요?",
            "A": "야외에서 활동하고 몸을 움직이는 것이 즐거워요."
        },
        {
            "Q": "최근 일주일 동안 짜증이나 화가 난 적이 있나요?",
            "A": "없어요."
        },
        {
            "Q": "몇 시에 자고, 몇 시에 일어나나요?",
            "A": "밤 열한 시에 자서, 아침 일곱 시에 일어나요."
        },
        {
            "Q": "아침에 일어났을 때, 몸 상태는 어때요?",
            "A": "좋아요."
        },
        {
            "Q": "평소에 잠이 들기 힘들거나, 잠자는 중간에 자주 깨나요?",
            "A": "아니요."
        },
        {
            "Q": "평상시에 아버지는 어떤 표정을 자주 짓나요?",
            "A": "아빠는 평소 화난 표정이세요."
        },
        {
            "Q": "왜 그런 표정을 짓는 것 같아요?",
            "A": "아빠는 화가 좀 많으신 것 같아요."
        },
        {
            "Q": "그 표정을 지을 때, 내 기분은 어때요?",
            "A": "저도 기분 별로 안 좋아요."
        },
        {
            "Q": "평상시에 어머니는 어떤 표정을 자주 짓나요?",
            "A": "엄마는 웃는 표정이에요."
        },
        {
            "Q": "왜 그런 표정을 짓는 것 같아요?",
            "A": "엄마는 운동도 좋아하시고, 뭘 배우는 것도 좋아하시고 즐거우신 것 같아요."
        },
        {
            "Q": "그 표정을 지을 때, 내 기분은 어때요?",
            "A": "저도 기분이 밝아져요."
        },
        {
            "Q": "형제자매는 몇 명이에요?",
            "A": "한 명이에요."
        },
        {
            "Q": "형제자매는 누구누구가 있어요?",
            "A": "남동생 있어요."
        },
        {
            "Q": "남동생과 사이가 어때요?",
            "A": "좋아요."
        },
        {
            "Q": "평소에 부모님이 남동생과 나를 차별하는 것 같아요?",
            "A": "그렇진 않아요."
        },
        {
            "Q": "친구들이랑 주로 뭐 하고 놀아요?",
            "A": "유튜브도 보고, 게임도 하고 놀아요."
        },
        {
            "Q": "주로 몇 명이 놀아요?",
            "A": "서너 명이서 놀아요."
        },
        {
            "Q": "담임선생님을 좋아하나요, 싫어하나요?",
            "A": "좋아해요."
        },
        {
            "Q": "담임 선생님이 어떤 부분에서 좋아요?",
            "A": "저희를 잘 챙겨주시고, 모르는 것도 잘 알려주세요."
        },
        {
            "Q": "요즘 가장 큰 걱정거리는 무엇인가요?",
            "A": "크게 없어요."
        },
        {
            "Q": "요즘 행복하다고 느끼나요?",
            "A": "아니요."
        },
        {
            "Q": "왜 불행하다고 느끼나요?",
            "A": "가족들이랑 그렇게 화목하지는 않은 것 같아서 좀 불행한 것 같아요."
        },
        {
            "Q": "커서 어떤 사람이 되고 싶은지, 꿈이 무엇인지 이야기해 줄래요?",
            "A": "경찰관이 되고 싶어요."
        },
        {
            "Q": "왜 그 직업이 되고 싶나요?",
            "A": "경찰이 돼서 정의로운 일을 하며 살아가고 싶어요."
        },
        {
            "Q": "집에서 주로 나를 돌봐주는 어른은 누구인가요?",
            "A": "엄마예요."
        },
        {
            "Q": "배가 고픈데 먹을 게 없어서 굶은 적이 있나요? 왜 그랬나요?",
            "A": "없어요."
        },
        {
            "Q": "저녁에 나를 집에 혼자 두고 어른들이 나갔던 적 있나요? 얼마나 자주 이런 일이 있나요?",
            "A": "없어요."
        },
        {
            "Q": "가족 중에 나를 항상 돌봐주는 사람이 갑자기 말도 없이 집을 나가서 안 들어온 적이 있나요?",
            "A": "없어요."
        },
        {
            "Q": "어디 아픈 곳이 있는데 어른들이 병원에 데려가지 않은 적이 있나요? 몇 번이나 있나요?",
            "A": "이가 아픈 적은 있는데, 제가 말씀 안 드렸던 거고, 잠자고 일어났더니 괜찮아졌어요."
        },
        {
            "Q": "옷이나 신발 사이즈가 작은 걸 입거나 신고 다닌 적이 있나요? 기간은 어느 정도인가요?",
            "A": "없어요."
        },
        {
            "Q": "부모님이나 선생님 때문에 슬프거나 화가 난 적이 있나요?",
            "A": "없어요."
        },
        {
            "Q": "주위 어른들 중 나를 때린 적이 있는 사람이 있나요?",
            "A": "없어요."
        },
        {
            "Q": "내가 원하지 않는데도 누군가가 내 몸을 만지거나 보여달라고 한 적 있어요?",
            "A": "있어요."
        },
        {
            "Q": "누가 그랬나요? 나보다 몇 살이나 더 많아 보였나요?",
            "A": "외할머니가 그랬어요."
        },
        {
            "Q": "어떻게 보여달라고 했나요? 이런 일이 자주 있었나요?",
            "A": "옷을 벗으라고 했어요. 자주는 아니에요."
        },
        {
            "Q": "누가 나에게 부끄럽고 창피한 것을 시킨 적이 있나요? 어떤 걸 시켰나요?",
            "A": "외할머니가 목욕을 해야 한다며, 옷을 벗으라고 했어요. 목욕을 해야 하는 거라서 괜찮았어요. 지금은 제가 목욕을 혼자 해요."
        },
        {
            "Q": "누가 소중한 부위를 아프게 한 적이 있나요? 어떤 걸로 아프게 했나요?",
            "A": "없어요."
        },
        {
            "Q": "소중한 부위에 상처가 나거나 다쳐서 병원에 간 적이 있나요?",
            "A": "없어요."
        },
        {
            "Q": "누가 내 몸을 사진 찍거나 동영상을 찍은 적이 있나요?",
            "A": "없어요."
        },
        {
            "Q": "집에서 어른들끼리 소리 지르면서 싸우는 걸 듣거나 본 적이 있나요? 있다면 얼마나 자주 있나요?",
            "A": "네, 있어요."
        },
        {
            "Q": "누가 어떻게 싸웠었나요?",
            "A": "엄마랑 아빠랑 말다툼하셨어요."
        },
        {
            "Q": "그때 어른들이 술을 마신 상태였나요?",
            "A": "아니요."
        },
        {
            "Q": "친구들이 나를 자주 놀리거나 괴롭힌다고 느낀 적이 있나요?",
            "A": "없어요."
        },
        {
            "Q": "어떨 때 마음이 복잡하거나 힘든가요?",
            "A": "크게 그런 적은 없어요."
        },
        {
            "Q": "잠잘 때 주로 어떤 꿈을 꾸나요?",
            "A": "마법사가 되어 주문을 부리는 꿈을 꿔요."
        },
        {
            "Q": "꿈을 꾸고 나면 몸 상태가 어떤가요?",
            "A": "별 이상 없어요."
        },
        {
            "Q": "부모님의 허락 없이 또는 말도 없이 집에 오랫동안 나와 있었던 적이 있나요?",
            "A": "없어요."
        }
    ]
}