{
    "info": {
        "위기단계": "상담필요"
    },
    "kids_ment": [
        {
            "Q": "최근 아팠다거나 약을 먹어야 했던 적 있나요?",
            "A": "네."
        },
        {
            "Q": "언제 아팠거나 약을 먹었어요?",
            "A": "배가 자주 아파서 그저께도 약 먹었어요."
        },
        {
            "Q": "배가 주로 어떨 때 많이 아파요?",
            "A": "저번달에 친구들이랑 조금 싸웠는데 그때부터 배가 아팠어요."
        },
        {
            "Q": "예전에도 친구들이랑 싸우고 나면 배가 계속 아팠나요?",
            "A": "그냥 속상하고 그럴 때마다 배가 아파요."
        },
        {
            "Q": "최근 다쳤다거나 상처를 입은 적 있나요?",
            "A": "아니요."
        },
        {
            "Q": "무엇을 할 때 가장 즐겁나요?",
            "A": "친구들이랑 놀 때요."
        },
        {
            "Q": "친구들이랑 놀 때 어떤 점이 가장 즐겁나요?",
            "A": "외롭지 않으니까요. 근데 이제 잘, 못 그래서."
        },
        {
            "Q": "아까 말한 것처럼 친구들이랑 싸워서요?",
            "A": "네. 다른 애들은 아직 많이 안 친해서."
        },
        {
            "Q": "자주 어울리던 친구들이랑은 아직 화해 안 했나요?",
            "A": "네."
        },
        {
            "Q": "최근 일주일 동안 짜증이 나거나 화가 난 적 있나요?",
            "A": "아니요. 그런 건 없어요."
        },
        {
            "Q": "몇 시에 자서, 몇 시에 일어나나요?",
            "A": "열 시에 자서 학교 가야 하면 엄마가 깨워줘요."
        },
        {
            "Q": "자고 일어나면 몸 상태는 어때요?",
            "A": "졸려요. 피곤하고."
        },
        {
            "Q": "평소에 잠이 들기 힘들다거나 자다가 중간에 깨고 그러나요?",
            "A": "친구 생각에 잠이 잘 안 와요."
        },
        {
            "Q": "언제부터 친구 생각에 잠이 잘 안 오기 시작한 거 같아요?",
            "A": "한 3주?"
        },
        {
            "Q": "평상시에 아빠는 어떤 표정을 짓나요?",
            "A": "잘 웃고 놀아주시는데 바빠서 잘 못 봐요."
        },
        {
            "Q": "아빠의 그런 표정 보면 기분이 어때요?",
            "A": "저도 좋아요."
        },
        {
            "Q": "평상시에 엄마는 어떤 표정을 짓나요?",
            "A": "엄마도 잘 웃고 이야기 많이 들어주세요."
        },
        {
            "Q": "엄마의 그런 표정을 보면 기분이 어때요?",
            "A": "저도 좋아요. 근데 속상할까 봐 친구 얘기는 못 말해요."
        },
        {
            "Q": "형제자매는 몇 명이에요?",
            "A": "한 명이요."
        },
        {
            "Q": "형제자매는 누구예요?",
            "A": "형이요."
        },
        {
            "Q": "형이랑은 사이가 어때요?",
            "A": "친구랑 싸운 거 말했는데 형이 괜찮다고 잘될 거래요."
        },
        {
            "Q": "평소에 부모님이 형이랑 차별하시는 거 같나요?",
            "A": "아니요."
        },
        {
            "Q": "친구들이랑 주로 뭐 하고 놀아요?",
            "A": "피시방도 가고 축구도 하고 이것저것요."
        },
        {
            "Q": "주로 몇 명이랑 놀아요?",
            "A": "네 명이요."
        },
        {
            "Q": "아까 친구들이랑 싸워서 못 논다고 했는데 혹시 못 놀게 된 이유가 있을까요?",
            "A": "저가 약속 시간에 자꾸 늦어서 이제 같이 안 논대요."
        },
        {
            "Q": "평소에 친구랑 놀면 약속 시간에 자주 늦나요?",
            "A": "네. 몇 번 그랬는데 맨날 애들이 기다렸거든요."
        },
        {
            "Q": "몇 번이나 늦었던 거 같아요?",
            "A": "다섯 번."
        },
        {
            "Q": "담임 선생님을 좋아하나요? 싫어하나요?",
            "A": "좋아요."
        },
        {
            "Q": "어떤 점에서 좋아요?",
            "A": "저한테 친절해요. 애들한테도 엄청 잘해주세요."
        },
        {
            "Q": "요즘 가장 큰 걱정거리가 무엇인가요?",
            "A": "친구들이랑 다시 놀고 싶어요."
        },
        {
            "Q": "그런 걱정 때문에 생활이 불편하거나 힘든가요?",
            "A": "그냥 어떻게 화해하지 고민이 많아요."
        },
        {
            "Q": "어떻게 하면 친구들이랑 화해 할 수 있을 거 같아요?",
            "A": "제가 먼저 사과하고 앞으로 안 늦어야죠."
        },
        {
            "Q": "요즘 행복하다고 느끼나요?",
            "A": "친구 문제만 빼면 그런 거 같아요."
        },
        {
            "Q": "친구 문제가 어떻게 해결되면 다시 행복할 거 같아요?",
            "A": "제가 먼저 사과해야죠. 근데 받아줄지 모르겠어요."
        },
        {
            "Q": "커서 어떤 사람이 되고 싶은지, 꿈이 무엇인지 이야기해 줄래요?",
            "A": "선생님이요."
        },
        {
            "Q": "선생님이 되고 싶은 이유가 있어요?",
            "A": "친구끼리 잘 지내게 해주고 싶어요."
        },
        {
            "Q": "집에서 주로 나를 돌봐주는 어른은 누구인가요?",
            "A": "엄마요."
        },
        {
            "Q": "배가 고픈데 먹을 게 없어서 굶은 적 있나요?",
            "A": "아니요."
        },
        {
            "Q": "어디 아픈 곳이 있는데 어른들이 병원에 데려가지 않은 적 있나요?",
            "A": "아니요."
        },
        {
            "Q": "인터넷이나 휴대폰을 가지고 노는 시간은 하루에 몇 시간 정도에요?",
            "A": "밤 열 시 전까지는 맘대로 써요."
        },
        {
            "Q": "부모님이나 선생님 때문에 슬프거나 화가 난 적이 있어요?",
            "A": "없어요."
        },
        {
            "Q": "주위 어른들 중 나를 때린 적 있는 사람이 있나요?",
            "A": "아니, 없어요."
        },
        {
            "Q": "내가 원하지 않는데도 누군가가 내 몸을 만지거나 보여달라고 한 적 있어요?",
            "A": "없어요, 그런 적."
        },
        {
            "Q": "집에서 어른들끼리 소리 지르면서 싸우는 걸 듣거나 본 적 있나요?",
            "A": "없어요."
        },
        {
            "Q": "친구들이 나를 자주 놀리거나 괴롭힌다고 느낀 적 있나요?",
            "A": "아니요."
        },
        {
            "Q": "어떨 때 마음이 복잡하거나 힘든가요?",
            "A": "친구들이 안 놀아줄 때요."
        },
        {
            "Q": "그런 마음이 괴로워서 혹시 죽고 싶다는 생각 한 적 있나요?",
            "A": "아니, 없어요."
        },
        {
            "Q": "잠잘 때 주로 어떤 꿈을 꾸나요?",
            "A": "꿈은 잘 안 꾸어요."
        },
        {
            "Q": "부모님의 허락 없이 또는 말도 없이 집에 오랫동안 나와 있었던 적 있나요?",
            "A": "아니, 없어요."
        }
    ]
}