{
    "info": {
        "위기단계": "응급"
    },
    "kids_ment": [
        {
            "Q": "몸 어디 아픈 곳이 있어?",
            "A": "머리가 가끔 아파서 학교에서 집중이 안 돼요."
        },
        {
            "Q": "통증이 언제부터 시작했어?",
            "A": "지난달에 수영장에서 물에 빠진 후로 머리가 아파요."
        },
        {
            "Q": "통증이 얼마나 자주 발생해?",
            "A": "한 주에 두 번 정도? 크게 아픈 건 아니지만 불편해요."
        },
        {
            "Q": "어디 다친 데는 없니?",
            "A": "수영장에서 물에 빠졌을 때 무릎을 좀 다쳤어요."
        },
        {
            "Q": "얼마나 다쳤어?",
            "A": "멍이 든 거는 다 나았는데 무릎에 통증이 가끔씩 있어요."
        },
        {
            "Q": "최근에 기분 좋은 일 있었어?",
            "A": "아니요. 없었어요."
        },
        {
            "Q": "왜 기분이 안 좋아?",
            "A": "원래 놀이동산 가는 거 좋아했었는데 이제는 무서워서 못 가요."
        },
        {
            "Q": "왜 못 가?",
            "A": "사고 날까 봐 무서워요."
        },
        {
            "Q": "최근에 화가 나거나 짜증 난 적은 없었니?",
            "A": "수영장에서 물에 빠질 뻔해서 너무 무서웠어요."
        },
        {
            "Q": "화가 나거나 짜증 날 때 어떻게 해?",
            "A": "보통은 그냥 혼자 있으면 괜찮아지는데 요즘은 가만히 있어도 숨이 찰 때가 있어요."
        },
        {
            "Q": "우리 친구는 몇 시에 자고 몇 시에 일어나?",
            "A": "한 시쯤 자서 아침에 다섯 시쯤 깨요."
        },
        {
            "Q": "잠을 충분히 자는 거야?",
            "A": "수영장 일 이후로 잠이 좀 안 와요."
        },
        {
            "Q": "악몽을 꾸는 일은 있어?",
            "A": "네. 죽는 꿈을 꿀 때가 있어요."
        },
        {
            "Q": "중간에 깰 때도 있어?",
            "A": "네. 엄청 가슴이 두근대면서 깰 때도 있어요."
        },
        {
            "Q": "아버지랑 사이가 어때?",
            "A": "아빠가 일이 바빠서 자주 못 봐요."
        },
        {
            "Q": "집에 계실 때는 어때?",
            "A": "아빠가 집에 있을 때는 잘 놀아줘요."
        },
        {
            "Q": "어머니랑 사이가 어때?",
            "A": "엄마가 이야기 잘 들어줘요."
        },
        {
            "Q": "우리 친구 형제자매는 몇 명이에요?",
            "A": "형이 한 명 있어요."
        },
        {
            "Q": "형이랑 사이는 어때?",
            "A": "형이 좀 자주 짜증 내요. 그래도 놀 때는 재미있어요."
        },
        {
            "Q": "부모님이 형이랑 나랑 대하는 게 다르다고 느껴?",
            "A": "아니요."
        },
        {
            "Q": "친구들이랑은 잘 지내?",
            "A": "네, 친구들이랑은 재밌게 노는 것 같아요."
        },
        {
            "Q": "친구들과 뭐 하고 놀아?",
            "A": "주로 공원에서 축구를 해요."
        },
        {
            "Q": "담임 선생님은 잘 대해줘?",
            "A": "네, 선생님은 친절해요."
        },
        {
            "Q": "요즘 걱정거리가 있니?",
            "A": "네. 좀 수영장 이후로 갑자기 숨이 가쁠 때가 있어요."
        },
        {
            "Q": "걱정거리 때문에 일상생활이 많이 불편하고 힘드니?",
            "A": "네, 수업 중에나 놀다가 갑자기 숨이 가빠져서 죽을 것 같아서 무서워요."
        },
        {
            "Q": "요즘 행복하다고 느껴?",
            "A": "요즘은 좀 우울해요."
        },
        {
            "Q": "왜 우울해?",
            "A": "갑자기 죽을까 봐 무서워서요."
        },
        {
            "Q": "우리 친구 꿈이 무엇인지 말해 줄 수 있을까요?",
            "A": "모르겠어요. 되고 싶은 게 없어요."
        },
        {
            "Q": "집에서 주로 나를 돌봐주는 어른은 누구야?",
            "A": "엄마요."
        },
        {
            "Q": "배가 고픈데 먹을 게 없어서 굶은 적이 있어?",
            "A": "아니요."
        },
        {
            "Q": "저녁에 친구를 집에 혼자 두고 어른들이 나갔던 적 있어?",
            "A": "아니요."
        },
        {
            "Q": "어디 아픈 곳이 있는데 어른들이 병원에 데려가지 않은 적이 있니?",
            "A": "아니요."
        },
        {
            "Q": "누가 기분 나쁘게 하거나 슬프게 한 적이 있어?",
            "A": "아니요."
        },
        {
            "Q": "주위 어른들 중 나를 때린 적이 있는 사람이 있어?",
            "A": "아니요, 그런 일은 없어요."
        },
        {
            "Q": "내가 원하지 않는데도 누군가가 내 몸을 만지거나 보여달라고 한 적 있어?",
            "A": "아니요. 없었어요."
        },
        {
            "Q": "집에서 무서운 일이 있었어?",
            "A": "아니요, 집에서 그런 일은 없었어요."
        },
        {
            "Q": "학교에서 누군가가 너를 괴롭혀?",
            "A": "아니요."
        },
        {
            "Q": "너무 힘들어서 스스로를 다치게 한 적이 있어?",
            "A": "아니요. 없어요."
        },
        {
            "Q": "무서운 일이나 기억하고 싶지 않은 일이 있었어?",
            "A": "네. 수영장에서 죽을 뻔한 일이요."
        },
        {
            "Q": "생각하고 싶지 않은데 그 기억이 자꾸 떠오른 적 있어?",
            "A": "네. 수영장에서 죽을 뻔한 일이요."
        },
        {
            "Q": "얼마나 자주 떠올라?",
            "A": "일주일에 두 번 정도요."
        },
        {
            "Q": "집을 나간 적이 있어?",
            "A": "아니요."
        }
    ]
}