{
    "info": {
        "위기단계": "정상군"
    },
    "kids_ment": [
        {
            "Q": "몸은 건강하니?",
            "A": "네. 건강해요."
        },
        {
            "Q": "어디 다친 데는 없니?",
            "A": "발가락을 책상에 부딪혀서 아파요."
        },
        {
            "Q": "많이 다쳤어?",
            "A": "아니요. 그냥 빨갛게 됐어요."
        },
        {
            "Q": "언제 그랬어?",
            "A": "어저께요."
        },
        {
            "Q": "최근에 기분 좋은 일 있었니?",
            "A": "점수 잘 받아서 엄마가 칭찬해 줬어요."
        },
        {
            "Q": "최근에 화가 나거나 짜증 난 적은 없었니?",
            "A": "동생이 내 장난감 가지고 놀아서 화났어요."
        },
        {
            "Q": "화가 나면 어떻게 하면 기분이 풀려?",
            "A": "동생한테 다음부터는 허락받고 가지고 놀라고 했어요."
        },
        {
            "Q": "우리 친구는 몇 시에 자고 몇 시에 일어나?",
            "A": "열 시에 자고 일곱 시에 일어나요."
        },
        {
            "Q": "잠은 잘 자니?",
            "A": "가끔 꿈 때문에 중간에 깨기도 해요."
        },
        {
            "Q": "어떤 꿈을 꾸는 거야?",
            "A": "일상생활 같은 거요."
        },
        {
            "Q": "잠 올 때까지 오래 걸리니?",
            "A": "피곤하면 잠이 바로 오지만, 안 피곤하면 좀 걸려요."
        },
        {
            "Q": "아버지랑은 사이가 어때?",
            "A": "바쁘셔서 잘 못 봐요, 그래도 주말에 같이 놀아요."
        },
        {
            "Q": "아빠가 좋은 점은 뭐야?",
            "A": "숙제 어려운 문제 있을 때 도와줘요."
        },
        {
            "Q": "어머니랑은 사이가 어때?",
            "A": "엄마랑은 잘 지내요, 같이 요리도 해요."
        },
        {
            "Q": "엄마의 좋은 점은 뭐야?",
            "A": "힘들 때 엄마가 위로해 줘서 좋아요."
        },
        {
            "Q": "우리 친구 형제자매는 몇 명이에요?",
            "A": "남동생 한 명 있어요."
        },
        {
            "Q": "동생이랑 사이는 어때?",
            "A": "동생이랑 있으면 너무 시끄럽고 귀찮게 해요."
        },
        {
            "Q": "부모님이 동생이랑 나랑 대하는 게 다르다고 느껴?",
            "A": "네. 엄마도 동생 땜에 힘들대요."
        },
        {
            "Q": "친구들이랑은 잘 지내?",
            "A": "친구들이랑은 놀 때는 재밌어요."
        },
        {
            "Q": "친구들과 뭐 하고 놀아?",
            "A": "친구들이랑 떡볶이 사 먹어요."
        },
        {
            "Q": "담임 선생님은 잘 대해줘?",
            "A": "네. 선생님은 잘 웃으셔서 좋아요."
        },
        {
            "Q": "요즘 걱정거리가 있니?",
            "A": "시험이 있어서 공부 걱정이 있어요."
        },
        {
            "Q": "걱정거리 때문에 일상생활이 많이 불편하고 힘드니?",
            "A": "걱정하고 있으면 엄마가 너무 스트레스받지 말라고 말해줘서 나아져요."
        },
        {
            "Q": "요즘 행복하다고 느껴?",
            "A": "친구랑 놀면 행복해요."
        },
        {
            "Q": "행복한 순간 중 기억에 남는 것은 뭐야?",
            "A": "생일 파티에서 친구들이랑 케이크 먹을 때 너무 행복했어요."
        },
        {
            "Q": "커서 어떤 사람이 되고 싶은지 말해줄래?",
            "A": "저는 과학자가 되고 싶어요."
        },
        {
            "Q": "그 꿈을 선택한 이유가 뭐야?",
            "A": "과학 실험하는 게 너무 재밌어서요."
        },
        {
            "Q": "집에서 주로 나를 돌봐주는 어른은 누구야?",
            "A": "엄마요."
        },
        {
            "Q": "배가 고픈데 먹을 게 없어서 굶은 적이 있어?",
            "A": "아니요."
        },
        {
            "Q": "저녁에 친구를 집에 혼자 두고 어른들이 나갔던 적이 있어?",
            "A": "아니요."
        },
        {
            "Q": "어디 아픈 곳이 있는데 어른들이 병원에 데려가지 않은 적이 있니?",
            "A": "아니요."
        },
        {
            "Q": "누가 기분 나쁘게 하거나 슬프게 한 적이 있어?",
            "A": "친구가 장난을 좀 심하게 쳐서 기분이 나빴어요."
        },
        {
            "Q": "그럴 때 어떻게 해?",
            "A": "엄마에게 얘기하고 친구에게 말했더니 미안하다고 했어요."
        },
        {
            "Q": "주위 어른들 중 나를 때린 적 있는 사람이 있어?",
            "A": "아니요, 그런 일은 없어요."
        },
        {
            "Q": "내가 원하지 않는데도 누군가가 내 몸을 만지거나 보여달라고 한 적 있어?",
            "A": "아니요. 없었어요."
        },
        {
            "Q": "집에서 무서운 일이 있었어?",
            "A": "아니요, 집에서 그런 일은 없었어요."
        },
        {
            "Q": "학교에서 누군가가 너를 괴롭혀?",
            "A": "아니요."
        },
        {
            "Q": "너무 힘들어서 스스로를 다치게 한 적이 있어?",
            "A": "아니요. 없어요."
        },
        {
            "Q": "무서운 일이나 기억하고 싶지 않은 일이 있었어?",
            "A": "아니요. 없었어요."
        },
        {
            "Q": "집을 나간 적이 있어?",
            "A": "아니요."
        }
    ]
}