{
    "info": {
        "위기단계": "학대의심"
    },
    "kids_ment": [
        {
            "Q": "최근에 아픈 적 있었니?",
            "A": "아픈 적은 없어요."
        },
        {
            "Q": "최근에 다쳤던 적 있었니?",
            "A": "네. 가슴이 결리고 아팠어요."
        },
        {
            "Q": "언제부터 왜 아팠니?",
            "A": "며칠 전에 아버지가 발로 가슴을 차서 그때부터 아팠어요."
        },
        {
            "Q": "이전에도 가슴이 아팠니?",
            "A": "아버지가 말을 안 들으면 저를 가끔씩 때려요."
        },
        {
            "Q": "병원은 간 적이 있니?",
            "A": "아파서 병원에 가야 하는데 아버지가 안 데리고 갔어요."
        },
        {
            "Q": "뭐 할 때 즐거워?",
            "A": "즐거울 때 없어요."
        },
        {
            "Q": "즐겁다고 느끼지 못한 것이 언제부터야?",
            "A": "새엄마랑 아버지가 같이 살면서부터요."
        },
        {
            "Q": "새엄마랑 언제부터 같이 살았어?",
            "A": "2년 정도 됐어요."
        },
        {
            "Q": "최근 일주일 동안 짜증이나 화가 난 적이 있었니?",
            "A": "새엄마랑 아버지 때문에 화가 난 적 있어요."
        },
        {
            "Q": "평소에 짜증이나 화가 났을 때 어떻게 하면 마음이 풀려?",
            "A": "풀리지 않아요. 계속 쌓여가는 것 같아요."
        },
        {
            "Q": "몇 시에 자고 몇 시에 일어나니?",
            "A": "아홉 시쯤 자서 일곱 시쯤 일어나요."
        },
        {
            "Q": "아침에 일어났을 때 몸 상태는 어때?",
            "A": "잠을 많이 자서 그런지 괜찮아요."
        },
        {
            "Q": "평소에 잠이 들기 힘들거나, 잠자는 중간에 자주 깨니?",
            "A": "그래도 잠은 잘 자는 편이에요."
        },
        {
            "Q": "평소에 아버지는 어떤 표정을 지으셔?",
            "A": "무섭고 화난 표정요."
        },
        {
            "Q": "왜 아버지가 무섭고 화난 표정을 짓는 것 같아?",
            "A": "새엄마랑 같이 살면서 괜히 저에게 화를 내요."
        },
        {
            "Q": "왜 아버지가 화를 내? 무슨 잘못이라도 했니?",
            "A": "아니요. 제가 잘못을 안 해도 기분 나쁘면 저에게 시비 걸고 화를 내요."
        },
        {
            "Q": "평소에 엄마는 어떤 표정을 지으셔?",
            "A": "새엄마도 무서운 표정요."
        },
        {
            "Q": "새엄마가 왜 무서운 표정을 짓는 것 같아?",
            "A": "제가 친엄마에게 연락을 자주 한다고 연락하지 말라면서 화를 내요."
        },
        {
            "Q": "평소에 새엄마가 어떻게 대해주셔?",
            "A": "새엄마가 시키는 데로 안 하면 많이 혼나요."
        },
        {
            "Q": "형제자매는 몇 명이야?",
            "A": "아무도 없어요."
        },
        {
            "Q": "친구들은 몇 명이고 주로 뭐 하고 놀아?",
            "A": "친구는 두 명이고 아동센터에서 만들기 하며 놀아요."
        },
        {
            "Q": "담임 선생님을 좋아해, 싫어해?",
            "A": "선생님 좋아요."
        },
        {
            "Q": "어떤 부분에서 선생님이 좋아?",
            "A": "특별히 저에게 관심 가져주시고 친절하세요."
        },
        {
            "Q": "요즘 가장 걱정되는 것이 무엇이야?",
            "A": "아버지랑 새엄마가 화내고 때리는 거요."
        },
        {
            "Q": "이런 걱정거리 때문에 생활에 불편하고 힘드니?",
            "A": "네. 매일 힘들어요."
        },
        {
            "Q": "요즘 행복하다고 느끼니?",
            "A": "행복하지 않아요."
        },
        {
            "Q": "왜 불행하다고 느껴?",
            "A": "친엄마랑 같이 살고 싶은데 아버지가 못하게 해요."
        },
        {
            "Q": "앞으로 커서 어떤 사람이 되고 싶어?",
            "A": "되고 싶은 사람이 없어요."
        },
        {
            "Q": "무엇 때문에 되고 싶은 사람이 없는 것 같아?",
            "A": "모르겠어요. 생각해 본 적 없어요."
        },
        {
            "Q": "집에서 주로 나를 돌봐주는 어른은 누구야?",
            "A": "엄마요."
        },
        {
            "Q": "배가 고픈데 먹을 게 없어서 굶은 적이 있니?",
            "A": "네. 굶은 적 많아요."
        },
        {
            "Q": "빨래가 되어 있지 않아서 더럽고 냄새나는 옷을 입어야 한 적이 있니?",
            "A": "거의 옷이 더러워요."
        },
        {
            "Q": "옷이나 신발 사이즈가 작은 걸 입거나 신고 다닌 적이 있니?",
            "A": "제대로 된 신발이 없어요."
        },
        {
            "Q": "어른들이 운동회나 참관 수업 또는 학부모 상담 같은 학교 행사에 잘 오시니?",
            "A": "거의 오지 않으세요."
        },
        {
            "Q": "부모님이나 선생님 때문에 슬프거나 화가 난 적이 있었니?",
            "A": "아버지랑 새엄마 때문에 우울해요."
        },
        {
            "Q": "왜 부모님들 때문에 우울해?",
            "A": "제가 잘못을 안 했는데도 윽박지르고 욕하고 그래요."
        },
        {
            "Q": "부모님의 어떤 말이 나를 우울하게 하는 것 같아?",
            "A": "잘하는 게 하나도 없어서 쓸모가 없다고 그래요."
        },
        {
            "Q": "주위 어른들 중 나를 때린 적이 있는 사람이 있니?",
            "A": "아버지랑 새엄마가 자주 때려요."
        },
        {
            "Q": "왜 부모님이 때리는 것 같아?",
            "A": "제가 잘못을 안 해도 부모님이 기분이 나쁘면 그래요."
        },
        {
            "Q": "부모님이 어떻게 때리셔?",
            "A": "발로 차고 손으로 때려서 온몸이 멍들고 아파요."
        },
        {
            "Q": "내가 원하지 않는데도 누군가가 내 몸을 만지거나 보여달라고 한 적 있어?",
            "A": "아니요. 없어요."
        },
        {
            "Q": "집에서 어른들끼리 소리 지르면서 싸우는 걸 듣거나 본 적이 있니?",
            "A": "아니요. 없어요."
        },
        {
            "Q": "친구들이 나를 자주 놀리거나 괴롭힌다고 느낀 적이 있니?",
            "A": "괴롭히지 않아요."
        },
        {
            "Q": "어떨 때 마음이 복잡하고 힘들어?",
            "A": "부모님이 화내고 때릴 때요."
        },
        {
            "Q": "힘들어서 죽고 싶다는 생각을 한 적 있니?",
            "A": "아니요. 그런 생각은 안 해봤어요."
        },
        {
            "Q": "부모님의 허락 없이 또는 말도 없이 집에 오랫동안 나와 있었던 적이 있니?",
            "A": "아니요. 없어요."
        }
    ]
}