{
    "info": {
        "위기단계": "학대의심"
    },
    "kids_ment": [
        {
            "Q": "친구는 최근에 건강해? 아니면 아픈 곳이 있어?",
            "A": "저는 건강해요."
        },
        {
            "Q": "최근에 다쳤었던 적이 있었어?",
            "A": "아니요. 다친 적 없었어요."
        },
        {
            "Q": "친구는 뭘 할 때가 즐거워?",
            "A": "저는 핸드폰 게임 할 때가 제일 즐거워요."
        },
        {
            "Q": "핸드폰 게임 할 때 어떤 점이 즐거워?",
            "A": "그냥 게임이 재밌어서 게임하면 재밌어요."
        },
        {
            "Q": "최근 일주일 동안 짜증이나 화가 난 적이 있어?",
            "A": "네. 있어요."
        },
        {
            "Q": "무엇 때문에 짜증이나 화가 났어?",
            "A": "그냥 엄마랑 아빠 늦게 들어오면, 밥 못 먹으면 짜증 나요."
        },
        {
            "Q": "그런 일이 자주 일어나?",
            "A": "네. 일주일에 한 번은 그러는 것 같아요."
        },
        {
            "Q": "그럼 평소에 짜증이나 화가 났을 때, 어떻게 하면 마음이 풀려?",
            "A": "그냥 혼자 방에 있다가 자면 풀리는 것 같아요."
        },
        {
            "Q": "친구는 몇 시에 자고, 몇 시에 일어나?",
            "A": "저는 열한 시에 자서 일곱 시에 일어나요."
        },
        {
            "Q": "아침에 일어났을 때, 몸 상태는 어때?",
            "A": "그냥 졸린 것 같아요."
        },
        {
            "Q": "평소에 잠이 들기 힘들거나, 잠자는 중간에 자주 깨?",
            "A": "아니요. 저는 그냥 잘 자는 것 같아요."
        },
        {
            "Q": "평소에 아버지는 어떤 표정을 자주 보여?",
            "A": "아빠, 잘 모르겠어요. 얼굴도 잘 못 봐서요. 그냥 저한테 관심 없어요."
        },
        {
            "Q": "그런 표정을 짓는 이유가 뭐인 것 같아?",
            "A": "그냥 동생만 좋아하는 것 같아요."
        },
        {
            "Q": "그 표정을 보면, 친구 기분은 어때?",
            "A": "그냥 저도 아빠 싫어요. 짜증 나요."
        },
        {
            "Q": "평소에 어머니는 어떤 표정을 자주 보여?",
            "A": "엄마는 그냥 잘 웃는 것 같긴 해요."
        },
        {
            "Q": "그런 표정을 짓는 이유가 뭐인 것 같아?",
            "A": "엄마도 그냥 동생 보면 좋으니까 웃는 것 같아요."
        },
        {
            "Q": "그 표정을 보면, 친구 기분은 어때?",
            "A": "엄마도 짜증 나요. 싫어요."
        },
        {
            "Q": "친구는 형제자매가 있어?",
            "A": "네. 남동생 있어요."
        },
        {
            "Q": "남동생이랑 사이가 어때?",
            "A": "별로 관심 없어요 어리기도 하고, 그냥 귀찮아요."
        },
        {
            "Q": "평소에 부모님이 남동생이랑 친구를 차별하는 것 같아?",
            "A": "네. 동생을 더 좋아하세요."
        },
        {
            "Q": "친구들이랑은 주로 뭐 하고 놀아?",
            "A": "친구들이랑도 핸드폰 게임하고 놀아요."
        },
        {
            "Q": "주로 몇 명이서 놀아?",
            "A": "저는 두 명이랑 친해서 맨날 세 명이서 같이 다녀요."
        },
        {
            "Q": "담임 선생님 좋아해? 아니면 싫어해?",
            "A": "담임 선생님 좋아해요."
        },
        {
            "Q": "좋아하는 이유가 있을까?",
            "A": "담임 선생님은 저 좋아해서 맨날 저랑 장난치고 놀아요."
        },
        {
            "Q": "요즘 가장 큰 걱정거리가 있어?",
            "A": "아빠랑 엄마가 진짜 저를 싫어할까 봐 무서워요."
        },
        {
            "Q": "걱정거리 때문에 생활이 불편하거나 힘들어?",
            "A": "네. 그냥 매일매일이 진짜 엄마랑 아빠가 저 싫어하는 것 같아서 짜증 나고, 슬퍼요."
        },
        {
            "Q": "요즘 행복하다고 느껴?",
            "A": "힘든 것도 있는데, 그래도 친구들이랑 놀 땐 재밌고 행복해요."
        },
        {
            "Q": "친구들이랑 놀 때 어떤 점에서 행복해?",
            "A": "그냥 친구들이랑 있으면 부모님 생각이 안 나요."
        },
        {
            "Q": "친구는 커서 어떤 사람이 되고 싶어?",
            "A": "저는 아직 잘 모르겠어요."
        },
        {
            "Q": "해보고 싶은 일이 없어?",
            "A": "네. 아직 뭐 해보고 싶은 일이 아직 없어요."
        },
        {
            "Q": "집에서 주로 친구를 돌봐주는 어른은 누구야?",
            "A": "엄마가 집에 더 많이 있는 것 같아요."
        },
        {
            "Q": "배가 고픈데 먹을 게 없어서 굶은 적이 있어?",
            "A": "네. 아빠는 항상 늦고, 엄마도 늦으면 사 먹으라고 하는데 그냥 안 먹어요."
        },
        {
            "Q": "저녁에 친구를 집에 혼자 두고 나가거나, 말도 없이 집을 나가서 안 들어온 적이 있어?",
            "A": "그런 적은 없는데, 늦게 들어와요."
        },
        {
            "Q": "어디 아픈 곳이 있는데 어른들이 병원에 데려가지 않은 적이 있어?",
            "A": "평일에 가야 하면 할머니가 와서 데려가주세요."
        },
        {
            "Q": "빨래가 되어 있지 않아서 더럽고 냄새나는 옷을 입어야 한 적이 있어?",
            "A": "아니요. 그런 적은 없어요."
        },
        {
            "Q": "옷이나 신발 사이즈가 작은 걸 입거나 신고 다닌 적이 있어?",
            "A": "아니요. 그런 적도 없어요."
        },
        {
            "Q": "인터넷이나 휴대폰을 가지고 노는 시간은 하루에 몇 시간 정도야?",
            "A": "저는 다섯 시간 정도 하는 것 같아요."
        },
        {
            "Q": "너무 많이 한다고 어른들이 뭐라고 하지는 않아?",
            "A": "네. 저한테 관심 없어요."
        },
        {
            "Q": "어른들이 학교에 참석해야 하는 행사에 잘 오시는 편이야?",
            "A": "아니요. 일 하느라 못 오세요."
        },
        {
            "Q": "부모님이나 선생님 때문에 슬프거나 화가 난 적이 있어?",
            "A": "네. 그냥 부모님 보면 짜증 나요."
        },
        {
            "Q": "부모님의 어떤 말이나 행동이 친구를 슬프게 해?",
            "A": "그냥 저 진짜 싫어하는 것 같고, 동생은 잘 챙겨주는 것 같아서 슬퍼요."
        },
        {
            "Q": "친구가 뭘 하려고 할 때, 무조건 안 된다고 하거나, 하기 싫은데도 무조건 하라고 할 때가 있어?",
            "A": "아니요. 그러지는 않아요."
        },
        {
            "Q": "마음이 힘들 때, 누구한테 마음을 얘기해?",
            "A": "아무한테도 얘기 안 해요."
        },
        {
            "Q": "주위 어른들 중에 친구를 때린 적이 있는 사람이 있어?",
            "A": "아니요. 저 때린 사람은 없어요."
        },
        {
            "Q": "친구가 원하지 않는데도 누가 몸을 만지거나 보여달라고 한 적 있어?",
            "A": "아니요. 그런 사람도 없었어요."
        },
        {
            "Q": "집에서 어른들끼리 소리 지르면서 싸우는 걸 듣거나 본 적이 있어?",
            "A": "아니요. 본 적 없어요."
        },
        {
            "Q": "친구들이 자주 놀리거나 괴롭힌다고 느낀 적 있어?",
            "A": "아니요. 친구들이랑 잘 지내요."
        },
        {
            "Q": "어떨 때 마음이 복잡하거나 힘들어?",
            "A": "그냥 부모님이 동생 이뻐하는 거 보면 힘들어요."
        },
        {
            "Q": "그럴 때 너무 힘들어서 죽고 싶다는 생각을 한 적 있어?",
            "A": "아니요. 그런 생각은 안 했어요."
        },
        {
            "Q": "잠잘 때 주로 어떤 꿈을 꿔?",
            "A": "꿈 안 꿔서 모르겠어요."
        },
        {
            "Q": "친구는 가출했던 적이 있어?",
            "A": "아니요. 한 번도 없어요."
        }
    ]
}