{
    "info": {
        "위기단계": "관찰필요"
    },
    "kids_ment": [
        {
            "Q": "친구는 최근에 건강해? 아니면 아픈 곳이 있어?",
            "A": "저 막 손가락이 욱신욱신거려서 아파요."
        },
        {
            "Q": "언제부터 아팠어?",
            "A": "손가락에 깁스하고 아팠어요."
        },
        {
            "Q": "깁스를 언제부터 했어?",
            "A": "저 2주 전이요."
        },
        {
            "Q": "이전에도 자주 그랬어?",
            "A": "네. 저 뼈가 되게 잘 부러져서 깁스만 서너 번은 한 것 같아요."
        },
        {
            "Q": "친구는 최근에 다친 적이 있어?",
            "A": "네. 손가락 부러졌어요."
        },
        {
            "Q": "왜 다쳤어?",
            "A": "저 친구랑 손가락 게임 하면서 장난치다가 부러졌어요."
        },
        {
            "Q": "친구는 뭘 할 때가 제일 즐거워?",
            "A": "저는 친구랑 노는 게 제일 재밌어요."
        },
        {
            "Q": "친구들이랑 놀 때 어떤 점이 즐거워?",
            "A": "그냥 혼자 노는 것 보다 훨씬 재밌잖아요. 그래서 즐거워요."
        },
        {
            "Q": "최근 일주일 동안 짜증이나 화가 난 적 있어?",
            "A": "아니요. 짜증이나 화났던 적 없어요."
        },
        {
            "Q": "그럼 만약 짜증이나 화가 났을 때, 어떻게 하면 마음이 풀려?",
            "A": "저는 혼자 있으면 좀 풀리는 것 같아요."
        },
        {
            "Q": "친구는 몇 시에 자고 몇 시에 일어나?",
            "A": "저는 열한 시에 자서 일곱 시에 일어나요."
        },
        {
            "Q": "아침에 일어났을 때, 몸 상태는 어때?",
            "A": "그냥 일어나면 배고파서 밥 먹어요."
        },
        {
            "Q": "평소에 잠이 들기 힘들거나, 잠자는 중간에 자주 깨?",
            "A": "아니요. 전 눈 감고 일어나면 아침이에요."
        },
        {
            "Q": "아버지는 평소에 어떤 표정을 자주 보여줘?",
            "A": "아빠는 무서운 표정이에요."
        },
        {
            "Q": "그런 표정을 짓는 이유가 뭐인 것 같아?",
            "A": "원래 안 그랬는데, 이제는 따로 자야 한다면서 그때부터 무서워졌어요."
        },
        {
            "Q": "그 표정을 볼 때, 친구 기분은 어때?",
            "A": "무섭고 미워요."
        },
        {
            "Q": "어머니는 평소에 어떤 표정을 자주 보여줘?",
            "A": "엄마는 저 막 안아주고 웃어줘요."
        },
        {
            "Q": "엄마가 그런 표정을 짓는 이유가 뭐인 것 같아?",
            "A": "엄마는 저랑 같이 자고 싶어 하고, 저 이뻐해요."
        },
        {
            "Q": "그 표정을 볼 때, 친구 기분은 어때?",
            "A": "엄마랑 있으면 재밌고, 좋아요."
        },
        {
            "Q": "친구는 형제자매가 있어?",
            "A": "네. 형아 있어요."
        },
        {
            "Q": "형이랑 사이가 어때?",
            "A": "형도 미워요. 밤에 무서워서 형아한테 가면 형아가 빨리 가서 자라고 막 혼내요."
        },
        {
            "Q": "평소에 부모님이 형이랑 친구를 차별하는 것 같아?",
            "A": "아니요. 그렇지는 않은 것 같아요."
        },
        {
            "Q": "친구들이랑은 주로 뭐 하고 놀아?",
            "A": "친구들이랑 그냥 손가락 게임이나, 보드게임이나 핸드폰 하고 놀아요."
        },
        {
            "Q": "주로 몇 명이서 놀아?",
            "A": "다섯 명이서 자주 놀아요."
        },
        {
            "Q": "친구는 담임 선생님을 좋아해? 아니면 싫어해?",
            "A": "담임 선생님 좋아해요."
        },
        {
            "Q": "담임 선생님이 어떤 부분에서 좋아?",
            "A": "그냥 착하고, 재밌어요."
        },
        {
            "Q": "친구는 요즘 가장 큰 걱정거리는 뭐야?",
            "A": "저는 걱정이 없어요."
        },
        {
            "Q": "친구는 요즘 행복하다고 느껴?",
            "A": "네. 행복해요."
        },
        {
            "Q": "어떤 점에서 행복했어?",
            "A": "손가락에 깁스해서 엄마가 맨날 씻겨줘요. 엄청 편해요."
        },
        {
            "Q": "친구는 커서 어떤 사람이 되고 싶어?",
            "A": "저는 태권도 선수 될 거예요."
        },
        {
            "Q": "태권도 선수가 되고 싶은 이유가 있어?",
            "A": "저 태권도 검은띠예요. 엄청 잘해요. 그래서 나중에 국가대표 될 거예요."
        },
        {
            "Q": "집에서 주로 친구를 돌봐주는 어른은 누구야?",
            "A": "엄마요."
        },
        {
            "Q": "배가 고픈데 먹을 게 없어서 굶은 적이 있어?",
            "A": "아니요. 배 고프면 밥 달라고 해요."
        },
        {
            "Q": "저녁에 친구를 집에 혼자 두고 어른들이 나가거나, 갑자기 말도 없이 나가서 안 들어온 적이 있어?",
            "A": "아니요. 늦게 들어온 적은 있는데, 밤에 나가거나 그런 적은 없어요."
        },
        {
            "Q": "어디 아픈 곳이 있는데 어른들이 병원에 데려가지 않은 적이 있어?",
            "A": "아니요. 아프면 병원 데려가 주세요."
        },
        {
            "Q": "빨래가 되어 있지 않거나, 옷이나 신발 사이즈가 작은 걸 입거나 신고 다닌 적이 있어?",
            "A": "아니요. 그런 적은 한 번도 없었어요."
        },
        {
            "Q": "인터넷이나 휴대폰을 가지고 노는 시간은 하루에 몇 시간 정도야?",
            "A": "저는 서너 시간 정도 하는 것 같아요."
        },
        {
            "Q": "너무 많이 한다고 어른들이 뭐라고 하지는 않아?",
            "A": "아빠가 퇴근하고, 핸드폰 하고 있으면 아빠가 그만하라고 해요."
        },
        {
            "Q": "피시방 같은 곳을 자주 가?",
            "A": "아니요 피시방은 안 가요."
        },
        {
            "Q": "어른들이 학교에 참석해야 하는 행사에 잘 오셔?",
            "A": "네. 공개수업 날 있으면 엄마가 항상 오세요."
        },
        {
            "Q": "부모님이나 선생님 때문에 슬프거나 화가 난 적 있어?",
            "A": "아니요. 그런 적 한 번도 없어요."
        },
        {
            "Q": "주위 어른들 중에 친구를 때린 적 있는 사람이 있어?",
            "A": "아니요. 저 때린 사람 한 명도 없어요."
        },
        {
            "Q": "친구가 원하지 않는데도 누가 몸을 만지거나 보여달라고 한 적 있어?",
            "A": "아니요. 없었어요."
        },
        {
            "Q": "집에서 어른들끼리 소리 지르면서 싸우는 걸 듣거나 본 적 있어?",
            "A": "아니요. 부모님 싸워도 바로 아빠가 사과해요."
        },
        {
            "Q": "친구들이 자주 놀리거나 괴롭힌다고 느낀 적이 있어?",
            "A": "아니요. 그런 친구들은 저희 학교에 없어요."
        },
        {
            "Q": "친구는 어떨 때 마음이 복잡하거나 힘들어?",
            "A": "저는 잘 모르겠어요. 힘든 적이 없어요."
        },
        {
            "Q": "친구는 잠잘 때 주로 어떤 꿈을 꿔?",
            "A": "친구들이랑 노는 꿈 많이 꾸는 것 같아요."
        },
        {
            "Q": "친구는 가출했던 적 있어?",
            "A": "아니요. 집 나가면 고생한다고 그랬어요. 그리고 나갈 생각도 없어요."
        }
    ]
}