{
    "info": {
        "위기단계": "상담필요"
    },
    "kids_ment": [
        {
            "Q": "요즘 아프거나 다친 곳은 없어?",
            "A": "다친 곳은 없는데 아픈 곳은 있어요."
        },
        {
            "Q": "어디가 어떻게 아파?",
            "A": "배가 꾸르륵거리고 아파요."
        },
        {
            "Q": "언제부터 아팠어? 지금도 아파?",
            "A": "4일 전부터 아팠어요. 지금도 배가 좀 아파요."
        },
        {
            "Q": "예전에도 지금처럼 아팠던 적 있어?",
            "A": "아니요. 이번이 처음이에요."
        },
        {
            "Q": "어떤 걸 할 때가 즐거워?",
            "A": "언니랑 티브이 볼 때요."
        },
        {
            "Q": "최근 일주일 동안 짜증이나 화가 난 적 있어?",
            "A": "네. 짜증 난 적 있어요."
        },
        {
            "Q": "뭐 때문에 그렇게 느낀 것 같아?",
            "A": "언니가 자꾸 이거 해라 저거 해라 해서요."
        },
        {
            "Q": "평소에 그런 기분이 들면 어떻게 해?",
            "A": "그냥 짜증 내요."
        },
        {
            "Q": "평소에 몇 시에 자고 몇 시에 일어나?",
            "A": "네 시에 자서 일곱 시에 일어나요."
        },
        {
            "Q": "아침에 일어났을 때 피곤하거나 몸이 무겁진 않아?",
            "A": "네. 안 그래요."
        },
        {
            "Q": "잠들기 힘들거나 자다가 중간에 깨진 않아?",
            "A": "그런 거 없어요."
        },
        {
            "Q": "같이 사는 가족은 누구누구야?",
            "A": "아빠랑 언니요."
        },
        {
            "Q": "평소 아빠의 표정은 어때?",
            "A": "모르겠어요. 아빠를 잘 못 봐요."
        },
        {
            "Q": "아빠는 친구한테 관심이 있는 것 같아?",
            "A": "아니요. 아빠는 집에 잘 안 들어와요."
        },
        {
            "Q": "언니가 있다고 했는데 몇 명이야?",
            "A": "한 명이요."
        },
        {
            "Q": "사이는 어때?",
            "A": "좋아요."
        },
        {
            "Q": "어떤 점 때문에 그렇게 느껴?",
            "A": "언니가 저 잘 챙겨줘요."
        },
        {
            "Q": "언니랑 우리 친구를 아빠가 차별하시는 것 같아?",
            "A": "아니요. 똑같이 관심 없나 봐요."
        },
        {
            "Q": "친구들이랑 주로 뭐 하고 놀아?",
            "A": "친구들이랑 못 놀아요."
        },
        {
            "Q": "친구들이랑 왜 놀지 않아?",
            "A": "애들이 저한테 냄새난다고 안 놀아줘요."
        },
        {
            "Q": "그럴 때 어떻게 하고 싶어?",
            "A": "부끄러워서 숨고 싶어요."
        },
        {
            "Q": "담임 선생님은 좋아, 싫어?",
            "A": "좋아요."
        },
        {
            "Q": "어떤 점이 좋은 것 같아?",
            "A": "애들이랑 놀 수 있게 조 짤 때 넣어주고 같이 놀으라고 짝도 정해주고 그래서요."
        },
        {
            "Q": "요즘 걱정하는 게 있어?",
            "A": "네."
        },
        {
            "Q": "어떤 게 걱정이야?",
            "A": "친구가 없는 게 좀 걱정이에요."
        },
        {
            "Q": "뭐 때문에 그게 걱정인 것 같아?",
            "A": "밥 먹거나 야외 학습할 때 저 혼자인 게 부끄러워서요."
        },
        {
            "Q": "그 걱정 때문에 한 달에 몇 번 정도 힘들거나 불편하다고 느끼는 것 같아?",
            "A": "일주일에 한두 번 정도요."
        },
        {
            "Q": "요즘 행복한 것 같아?",
            "A": "아니요."
        },
        {
            "Q": "어떤 것 때문에 행복하지 않은 것 같아?",
            "A": "아빠는 저랑 언니한테 신경도 안 써주고 친구도 없고 그래서요."
        },
        {
            "Q": "언제부터 행복하지 않았던 것 같아?",
            "A": "모르겠어요."
        },
        {
            "Q": "나중에 어떤 사람이 되고 싶어?",
            "A": "그것도 모르겠어요."
        },
        {
            "Q": "하고 싶은 일이 없어?",
            "A": "아니요. 그게 아니라 어떤 걸 할 수 있는지 모르겠어요."
        },
        {
            "Q": "주로 집에서 돌봐주는 사람은 누구야?",
            "A": "언니요. 아빠는 집에 안 들어와요."
        },
        {
            "Q": "배가 고픈데 밥을 챙겨주지 않아서 굶은 적이 있어?",
            "A": "네. 아빠가 2만 원 주고 갔는데 그걸로는 부족해서 밥 못 먹은 적도 많고요, 음식이 상했는데 배고프다고 그냥 먹었다가 배탈도 났었어요."
        },
        {
            "Q": "한 달에 몇 번 정도 그런 일이 있어?",
            "A": "거의 매일이요."
        },
        {
            "Q": "빨래가 안 돼서 냄새나고 불쾌한 옷을 입은 적 있어?",
            "A": "네."
        },
        {
            "Q": "일주일에 몇 번이나 그런 일이 있었어?",
            "A": "네 번 넘게요."
        },
        {
            "Q": "크기가 맞지 않는 옷을 입거나 신발을 신은 적 있어?",
            "A": "아니요."
        },
        {
            "Q": "아플 때 어른들이 병원에 데려가지 않은 적 있어?",
            "A": "네. 이번에 배 아픈 것도 아빠한테 전화해서 병원 가자고 했는데 안 가줬어요."
        },
        {
            "Q": "한 달에 몇 번 정도 그런 일이 있어?",
            "A": "두세 번이요."
        },
        {
            "Q": "운동회나 수업 참관 같은 학교행사에 잘 오시는 편이야?",
            "A": "안 와요."
        },
        {
            "Q": "인터넷이나 휴대폰을 하루에 몇 시간 정도 하는 것 같아?",
            "A": "휴대폰 언니만 있어서 전 못해요. 컴퓨터도 없고요."
        },
        {
            "Q": "피시방 같은 곳을 자주 가는 편이야?",
            "A": "돈 없어서 못 가요."
        },
        {
            "Q": "부모님이나 선생님이나 주위 어른들 때문에 화나거나 슬픈 적 있어?",
            "A": "아빠 때문에 슬펐어요."
        },
        {
            "Q": "어떤 말이나 행동 때문에 그렇게 느꼈어?",
            "A": "아프다고 해도 말 안 듣고 나가버리고 배고프다고 해도 돈만 던져주고 나가요."
        },
        {
            "Q": "어른들이 방이나 다른 곳에 가두고 못 나오게 한 적 있어?",
            "A": "아니요."
        },
        {
            "Q": "다른 사람 앞에서 혼난 적 있어?",
            "A": "아니요."
        },
        {
            "Q": "어른들이 다른 아이들이랑 비교할 때 있어?",
            "A": "아니요."
        },
        {
            "Q": "어른들이 집에서 쫓아낸다고 하거나 버리겠다고 하거나 진짜 쫓아낸 적 있어?",
            "A": "그런 적 없어요."
        },
        {
            "Q": "뭔가 하려고 할 때 무조건 안된다고 하거나, 하기 싫은데도 무조건 하라고 한 적 있어?",
            "A": "아니요."
        },
        {
            "Q": "마음이 힘들 때 누구에게 말해?",
            "A": "언니한테요."
        },
        {
            "Q": "주위 어른들 중에 몸을 아프게 하거나 때린 사람이 있어?",
            "A": "아니요."
        },
        {
            "Q": "누군가 원하지 않는데도 몸을 만지거나 보여달라고 한 적 있어?",
            "A": "그런 적 없어요."
        },
        {
            "Q": "집에서 어른들이 소리 지르면서 싸우는 걸 듣거나 본 적 있어?",
            "A": "아니요."
        },
        {
            "Q": "친구들이 자주 놀리거나 괴롭히거나 따돌린다고 느낀 적 있어?",
            "A": "네. 따돌려요."
        },
        {
            "Q": "어떻게 따돌리는 것 같아?",
            "A": "저 오면 냄새난다고 피하고 저랑 말도 안 하려고 해요."
        },
        {
            "Q": "언제부터 따돌렸던 것 같아?",
            "A": "작년부터요."
        },
        {
            "Q": "일주일에 몇 번 정도 따돌리는 것 같아?",
            "A": "항상이요."
        },
        {
            "Q": "담임 선생님은 아이들이 따돌리는 거 알고 있어?",
            "A": "네. 그래서 항상 저 신경 써주고 애들한테도 그러지 말라고 해요."
        },
        {
            "Q": "어떨 때 마음이 복잡하거나 힘들어?",
            "A": "배고플 때랑 옷에서 냄새날 때요."
        },
        {
            "Q": "그런 것 때문에 괴로워서 죽고 싶다고 생각한 적 있어?",
            "A": "네."
        },
        {
            "Q": "일주일에 몇 번 정도 그런 생각을 하는 것 같아?",
            "A": "세 번이요."
        },
        {
            "Q": "자살시도를 한 적 있어?",
            "A": "아니요."
        },
        {
            "Q": "잠잘 때 어떤 꿈을 꾸는 편이야?",
            "A": "꿈 잘 안 꿔요."
        },
        {
            "Q": "가출을 해보거나 아는 사람들 중에 가출 한 사람이 있어?",
            "A": "아니요."
        }
    ]
}