{
    "info": {
        "위기단계": "응급"
    },
    "kids_ment": [
        {
            "Q": "우리 친구 몸은 어때? 어디 아픈 곳 있어?",
            "A": "저 계속 토하고 그래서 목구멍이 아파요."
        },
        {
            "Q": "이전에도 토하고 그랬어?",
            "A": "아니요. 이번에 학폭 이후로 처음이에요."
        },
        {
            "Q": "언제부터 아팠던 거야?",
            "A": "저번 주부터요."
        },
        {
            "Q": "그럼 다친 곳도 있을까?",
            "A": "아니요."
        },
        {
            "Q": "우리 친구는 뭘 할 때가 가장 즐거워?",
            "A": "별로 즐거운 게 없는 것 같아요."
        },
        {
            "Q": "즐거움을 느끼지 못한 게 언제부터야?",
            "A": "몇 주 된 것 같아요."
        },
        {
            "Q": "최근 일주일 동안 짜증이나 화가 난 적이 있을까?",
            "A": "네. 학원 갔는데 학폭 한 걔가 저 학원 못 가게 엘베에서 계속 열림 버튼 누르고 그래서 화났어요."
        },
        {
            "Q": "그래서 어떻게 했어?",
            "A": "계속 하지 말라고 하다가 다른 사람이 엘베 타서 올라갈 수 있었어요."
        },
        {
            "Q": "평소에 짜증이나 화가 났을 때, 어떻게 하면 마음이 풀려?",
            "A": "자거나 노래 들어요."
        },
        {
            "Q": "평소 몇 시에 자고, 몇 시에 일어나는 편이야?",
            "A": "열한 시쯤에 자서 여섯 시에 일어나요."
        },
        {
            "Q": "아침에 일어났을 때, 몸 상태는 어때?",
            "A": "매일 피곤하고 졸려요."
        },
        {
            "Q": "평소에 잠들기 힘들다거나, 잠자는 중간에 자주 깨는 편이야?",
            "A": "네. 자꾸 깨요."
        },
        {
            "Q": "평상시에 어머니 아버지는 어떤 표정을 자주 짓는 것 같아?",
            "A": "엄마, 아빠 다 잘 웃는데 요즘은 걱정하는 표정이에요."
        },
        {
            "Q": "왜 그런 표정을 자주 짓는 것 같아?",
            "A": "제가 학폭 당하고 막 토하고 아파서요."
        },
        {
            "Q": "우리 친구는 형제자매는 몇 명이야?",
            "A": "저 밖에 없어요."
        },
        {
            "Q": "친구들이랑은 주로 뭐 하면서 놀아?",
            "A": "친구들이랑 축구하거나 게임해요."
        },
        {
            "Q": "담임 선생님은 어때? 좋아 아니면 싫어?",
            "A": "좋아요."
        },
        {
            "Q": "담임 선생님의 어떤 부분이 좋아?",
            "A": "엄청 착하고 저 학폭 당했을 때도 저 잘 챙겨주셨어요."
        },
        {
            "Q": "요즈음 우리 친구 고민은 뭐야?",
            "A": "그 학폭 한 애랑 같이 학교 다니기 싫어요. 걔가 빨리 전학 갔으면 좋겠어요."
        },
        {
            "Q": "그 고민 때문에 생활이 불편하거나 힘들어?",
            "A": "네. 맨날 같은 반에서 걔 보는 게 힘들어요."
        },
        {
            "Q": "요즈음 행복하다고 느껴?",
            "A": "아니요."
        },
        {
            "Q": "어떤 점에서 행복하지 않은 것 같아?",
            "A": "걔랑 계속 같은 반에 있으니까요."
        },
        {
            "Q": "학교폭력이 있기 전과 비교해서 지금의 행복을 1에서 10으로 나타내면 몇 점이야?",
            "A": "0점이요."
        },
        {
            "Q": "우리 친구는 커서 어떤 사람이 되고 싶어?",
            "A": "전 변호사 하고 싶어요."
        },
        {
            "Q": "왜 변호사가 되고 싶어?",
            "A": "이번에 학폭으로 변호사 선생님 만나봤는데 멋있었어요. 저도 나중에 저같이 힘든 사람 도와주고 싶어요."
        },
        {
            "Q": "주로 친구를 돌봐주는 어른은 누구야?",
            "A": "엄마요."
        },
        {
            "Q": "배가 고픈데 집에 먹을 게 없어서 굶은 적 있어?",
            "A": "없어요."
        },
        {
            "Q": "저녁에 친구를 집에 혼자 두고 어른들이 나갔던 적 있어?",
            "A": "그런 적 없어요."
        },
        {
            "Q": "친구를 항상 돌봐주는 사람이 갑자기 말도 없이 집을 나가서 안 들어온 적 있어?",
            "A": "없어요."
        },
        {
            "Q": "우리 친구가 어디 아픈 곳이 있는데 부모님이 병원에 데려가지 않은 적은?",
            "A": "없어요."
        },
        {
            "Q": "빨래가 안 되어 있어서 더럽고 냄새나는 옷을 입어야 한 적은 있어?",
            "A": "아니요. 항상 좋은 냄새가 나요."
        },
        {
            "Q": "옷이나 신발 사이즈가 작은 걸 입거나 신고 다닌 적은 있어?",
            "A": "없어요."
        },
        {
            "Q": "하루에 인터넷이나 휴대폰을 가지고 노는 시간은 몇 시간 정도야?",
            "A": "한두 시간 하는데 엄마가 많이 하면 뭐라 해서 못 해요."
        },
        {
            "Q": "피시방도 가?",
            "A": "아니요."
        },
        {
            "Q": "부모님이 운동회나 참관 수업 같은 학교에 오는 행사에 잘 오셔?",
            "A": "엄마가 오는 것 같아요."
        },
        {
            "Q": "부모님이나 선생님 때문에 슬프거나 화난 적 있었어?",
            "A": "없어요."
        },
        {
            "Q": "마음이 힘들 때, 가족에게 친구 마음을 이야기해?",
            "A": "네. 엄마한테 말해요."
        },
        {
            "Q": "주위 어른들 중 우리 친구를 때린 적이 있는 사람이 있어?",
            "A": "아니요."
        },
        {
            "Q": "우리 친구가 원하지 않는데도 누군가가 친구 몸을 만지거나 보여달라고 한 적 있었을까?",
            "A": "아니요."
        },
        {
            "Q": "집에서 어른들끼리 소리 지르면서 싸우는 걸 듣거나 본 적이 있어?",
            "A": "없어요."
        },
        {
            "Q": "친구들이 자주 놀리거나 괴롭힌다고 느낀 적이 있어?",
            "A": "학폭 했던 걔요."
        },
        {
            "Q": "어떻게 놀리거나 괴롭혔어?",
            "A": "제가 장난으로 빨간 코 농부 같다고 하니까 걔가 쉬는 시간에 저 청소함에 가두고 안 열어줬어요. 그리고 제가 토하고 아파서 학교를 2주 정도 못 갔는데 학원 가는 길에 걔랑 마주쳤거든요. 그리고 걔가 아까 말한 것처럼 못 올라가게 엘베 잡고 있었어요."
        },
        {
            "Q": "친구가 괴롭히거나 놀릴 때 어떤 기분이야?",
            "A": "진짜 죽고 싶고 그랬어요."
        },
        {
            "Q": "얼마나 자주 이런 일이 있었어?",
            "A": "한 달 동안 두 번 정도요."
        },
        {
            "Q": "이렇게 괴롭힘을 당한 기간이 얼마나 돼?",
            "A": "제가 학교를 안 나가서 모르겠는데 두 번 괴롭힌 게 거의 한 달 동안 있었어요."
        },
        {
            "Q": "이 괴롭힘 때문에 다쳐서 양호실이나 병원에 간 적도 있어?",
            "A": "다친 건 아니고 제가 자꾸 토하고 그래서 정신과도 가서 상담받고 그랬어요."
        },
        {
            "Q": "그 아이 때문에 학교를 가지 않은 적도 있어?",
            "A": "아파서 2주 가까이 못 갔어요."
        },
        {
            "Q": "우리 친구는 어떨 때 마음이 복잡하거나 힘들어?",
            "A": "걔 볼 때마다 청소함에 갇힌 기억이 나서 힘들어요."
        },
        {
            "Q": "이런 상황 때문에 괴로워서 죽고 싶다는 생각을 한 적 있어?",
            "A": "네."
        },
        {
            "Q": "얼마나 자주 이런 생각이 들었어?",
            "A": "매일이요."
        },
        {
            "Q": "실제로 시도한 적 있어?",
            "A": "실제로는 무서워서 못 했어요."
        },
        {
            "Q": "잠잘 때 주로 어떤 꿈을 꾸는 것 같아?",
            "A": "청소함에 갇히는 꿈을 꿔요."
        },
        {
            "Q": "자주 깨는 이유가 그 일 때문에 그런 것 같아?",
            "A": "네."
        },
        {
            "Q": "생각하고 싶지 않은데 그 일이 떠오른 적 있어?",
            "A": "학교에 가면 계속 떠올라요."
        },
        {
            "Q": "그런 싫은 기억이 떠오를 때 어떻게 해?",
            "A": "그냥 참아요."
        },
        {
            "Q": "꿈을 꾸고 일어나면 몸 상태가 어때?",
            "A": "막 가슴이 엄청 빨리 뛰고 땀도 나요."
        },
        {
            "Q": "부모님 허락이나 말도 없이 집에 오랫동안 나와 있었던 적이 있어?",
            "A": "없어요."
        }
    ]
}