{
    "info": {
        "위기단계": "학대의심"
    },
    "kids_ment": [
        {
            "Q": "최근에 건강한가요? 아니면 아픈 곳이 있어요?",
            "A": "아프지 않아요."
        },
        {
            "Q": "최근에 다쳤던 적이 있나요?",
            "A": "네."
        },
        {
            "Q": "언제 어디를 다쳤어요?",
            "A": "이틀 전에 다리 부러졌어요."
        },
        {
            "Q": "어떻게 하다가 다쳤어요?",
            "A": "형이랑 자전거 타고 놀다가 형이 빨리 가서 따라가려고 막 달리다 앞에 길이 파인 거 못 봐서 넘어졌는데 자전거에 다리가 걸렸어요."
        },
        {
            "Q": "뭘 할 때 즐거워요?",
            "A": "캠핑 갈 때요."
        },
        {
            "Q": "캠핑 가면 뭐가 좋아요?",
            "A": "바비큐 파티도 하고 개울 있으면 물고기도 잡고 또, 밤에 모닥불 피우고 마시멜로 구워 먹고 그러면 엄청 재미있어요."
        },
        {
            "Q": "최근 일주일 동안 짜증이나 화가 난 적이 있나요?",
            "A": "없어요."
        },
        {
            "Q": "짜증이나 화가 났을 때 어떻게 하면 마음이 풀려요?",
            "A": "짜증이나 화 잘 안 나서 그런 거 없어요."
        },
        {
            "Q": "몇 시에 자고 몇 시에 일어나요?",
            "A": "열 시에 자고 여덟 시에 엄마가 깨워요."
        },
        {
            "Q": "아침에 일어나면 몸 상태는 어때요?",
            "A": "기분 좋아요."
        },
        {
            "Q": "잠들기 어렵거나 잠자는 중간에 자주 깨나요?",
            "A": "아니요."
        },
        {
            "Q": "아빠랑은 사이가 어때요?",
            "A": "좋아요."
        },
        {
            "Q": "어떻게 좋아요?",
            "A": "아빠가 여기저기 형이랑 같이 잘 데리고 가요."
        },
        {
            "Q": "아빠랑 있으면 친구는 기분이 어때요?",
            "A": "즐거워요."
        },
        {
            "Q": "엄마랑은 사이가 어때요?",
            "A": "엄마랑도 좋아요."
        },
        {
            "Q": "엄마의 어떤 부분이 좋아요?",
            "A": "엄마는 화도 잘 안 내고 맛있는 것도 잘 사주세요."
        },
        {
            "Q": "엄마 생각하면 어떤 느낌이 들어요?",
            "A": "엄마 사랑해요."
        },
        {
            "Q": "형제자매가 있나요?",
            "A": "형 있어요."
        },
        {
            "Q": "형이랑 사이가 어때요?",
            "A": "저는 형이랑 노는 게 좋은데 형은 요즘에 저랑 잘 안 놀려고 해요."
        },
        {
            "Q": "부모님이 형과 나를 차별하는 것 같아요?",
            "A": "아니요."
        },
        {
            "Q": "친구들이랑 뭐 하고 놀아요?",
            "A": "그냥 핸드폰 게임하거나 유튜브 보거나 그래요."
        },
        {
            "Q": "주로 몇 명이서 놀아요?",
            "A": "세 명에서 다섯 명이요."
        },
        {
            "Q": "담임 선생님은 좋아요, 싫어요?",
            "A": "담임 선생님 싫어요."
        },
        {
            "Q": "어떤 점이 싫어요?",
            "A": "선생님 마음에 안 들면 막 때려요."
        },
        {
            "Q": "요즘 제일 걱정되는 게 뭐예요?",
            "A": "걱정하는 거 없어요."
        },
        {
            "Q": "요즘 행복한 것 같아요?",
            "A": "네."
        },
        {
            "Q": "어떤 점에서 행복한 것 같아요?",
            "A": "여름 방학이라 캠핑 자주 가서 좋아요."
        },
        {
            "Q": "커서 어떤 사람이 되고 싶어요?",
            "A": "대통령이 되고 싶어요."
        },
        {
            "Q": "왜 대통령이 되고 싶어요?",
            "A": "우리나라에서 최고 힘이 세니까요."
        },
        {
            "Q": "집에서 주로 나를 돌봐주는 어른은 누구인가요?",
            "A": "엄마랑 아빠랑 둘 다요."
        },
        {
            "Q": "부모님이나 선생님 때문에 슬프거나 화가 난 적이 있나요?",
            "A": "네."
        },
        {
            "Q": "누구의 말이나 행동이 친구를 슬프게 하거나 화나게 했어요?",
            "A": "선생님이 등 막 때리면 화나요."
        },
        {
            "Q": "어른들이 너를 어디에 가두고 못 나오게 한 적이 있어요?",
            "A": "없어요."
        },
        {
            "Q": "다른 사람들 앞에서도 혼날 때 있나요?",
            "A": "네. 반에서 혼내면서 등 때려요."
        },
        {
            "Q": "얼마나 자주 그러나요?",
            "A": "저 말고도 다른 애들한테도 그래서 매일 한 명은 혼나는 것 같아요."
        },
        {
            "Q": "어른들이 다른 아이들이랑 비교를 많이 하나요?",
            "A": "아니요."
        },
        {
            "Q": "어른들이 집에서 쫓아내거나 버리겠다고 말하거나 진짜 쫓아낸 적이 있나요?",
            "A": "없어요."
        },
        {
            "Q": "무엇을 하려고 하면 무조건 안 된다고 하지 말라고 할 때가 있나요?",
            "A": "없었어요."
        },
        {
            "Q": "마음이 힘들 때 가족에게 내 마음을 이야기하나요?",
            "A": "네. 아빠한테 말해요."
        },
        {
            "Q": "주위 어른들 중 나를 때린 적이 있는 사람이 있나요?",
            "A": "네."
        },
        {
            "Q": "최근에 때린 사람은 누구인가요?",
            "A": "선생님이요."
        },
        {
            "Q": "선생님이 나를 때리시는 이유가 뭐라고 생각해요?",
            "A": "조용히 하라고 할 때가 많고 빨리 청소 안 한다고도 때려요."
        },
        {
            "Q": "선생님에게 어느 부위를 무엇으로 맞았나요?",
            "A": "손으로 등을 때려요. 가끔 주먹으로 머리도 때려요."
        },
        {
            "Q": "평소 선생님이 자주 때리시나요?",
            "A": "네. 매일 한 명씩 혼나는 거 같아요."
        },
        {
            "Q": "선생님한테 맞아서 얼마나 다쳤어요?",
            "A": "다치지는 않았어요."
        },
        {
            "Q": "내가 원하지 않는데도 누군가가 내 몸을 만지거나 보여달라고 한 적 있어요?",
            "A": "없어요."
        },
        {
            "Q": "집에서 어른들끼리 소리 지르면서 싸우는 걸 듣거나 본 적이 있나요?",
            "A": "엄마랑 아빠 사이가 좋아요."
        },
        {
            "Q": "친구들이 나를 자주 놀리거나 괴롭힌다고 느낀 적이 있나요?",
            "A": "없어요."
        },
        {
            "Q": "어떨 때 마음이 복잡하거나 힘든가요?",
            "A": "그런 적 없어요."
        },
        {
            "Q": "안 좋은 기억 때문에 괴로워서 죽고 싶다는 생각을 한 적 있나요?",
            "A": "아니요."
        },
        {
            "Q": "잠잘 때 주로 어떤 꿈을 꾸나요?",
            "A": "꿈 기억나지 않아요."
        },
        {
            "Q": "가출해 본 적 있어요?",
            "A": "없어요."
        }
    ]
}