{
    "info": {
        "위기단계": "상담필요"
    },
    "kids_ment": [
        {
            "Q": "최근에 건강한가요? 아니면 아픈 곳이 있나요?",
            "A": "배가 아파요."
        },
        {
            "Q": "배가 어떻게 아파요?",
            "A": "먹기만 하면 설사해요."
        },
        {
            "Q": "언제부터 아팠어요?",
            "A": "좀 된 것 같아요. 이번 학기 시작하고 자주 그래요."
        },
        {
            "Q": "한 번 아프기 시작하면 얼마나 오랫동안 아파요?",
            "A": "일주일에 반은 배가 아팠던 거 같아요."
        },
        {
            "Q": "최근에 다쳤던 적이 있나요?",
            "A": "없어요."
        },
        {
            "Q": "뭘 할 때 즐거워요?",
            "A": "춤출 때가 제일 즐거워요."
        },
        {
            "Q": "춤추면 어떤 점이 좋아요?",
            "A": "스트레스도 풀리고 재미있어요."
        },
        {
            "Q": "최근 일주일 동안 짜증이나 화가 난 적이 있나요?",
            "A": "이번 주는 계속 짜증 나고 화도 나고 그랬어요."
        },
        {
            "Q": "무엇 때문에 짜증이랑 화가 났어요?",
            "A": "배가 계속 아프니까 짜증 나고 학교에서도 즐겁지가 않아서 화가 나요."
        },
        {
            "Q": "그렇게 짜증이나 화가 나면 어떻게 할 때 마음이 풀려요?",
            "A": "춤추고 나면 좀 괜찮아지긴 하는데 금방 또 짜증 나요."
        },
        {
            "Q": "몇 시에 자고 몇 시에 일어나요?",
            "A": "열두 시에 잠들고 일어나는 건 일곱 시쯤이요."
        },
        {
            "Q": "아침에 일어나면 몸 상태는 어때요?",
            "A": "피곤하고 일어나기 싫어요."
        },
        {
            "Q": "잠들기 어렵거나 잠자는 중간에 자주 깨나요?",
            "A": "잠 자기도 어렵고 중간에 자주 깨요."
        },
        {
            "Q": "할머니는 보통 어떤 표정을 많이 지으세요?",
            "A": "할머니 표정 잘 안 봐서 모르겠어요."
        },
        {
            "Q": "할머니 생각하면 어떤 느낌이 들어요?",
            "A": "할머니구나 이런 생각만 드는데요."
        },
        {
            "Q": "할머니랑 사이는 어때요?",
            "A": "좋지도 나쁘지도 않고 보통인 거 같아요."
        },
        {
            "Q": "형제자매가 있나요?",
            "A": "오빠 한 명 있어요."
        },
        {
            "Q": "오빠랑은 사이가 어때요?",
            "A": "그냥 현실 남매죠 뭐."
        },
        {
            "Q": "할머니가 오빠랑 나를 차별하는 것 같아요?",
            "A": "좀 그래요. 오빠를 더 좋아하세요."
        },
        {
            "Q": "친구들이랑 뭐 하고 놀아요?",
            "A": "저 친구들이랑 안 놀아요."
        },
        {
            "Q": "왜 친구가 없어요?",
            "A": "애들이 저 왕따 시켜서 학폭위 몇 번 열렸어요. 그 뒤로 다른 애들이랑도 서먹해요."
        },
        {
            "Q": "담임 선생님을 좋아하나요, 싫어하나요?",
            "A": "괜찮아요."
        },
        {
            "Q": "어떤 점이 괜찮아요?",
            "A": "학폭위원회도 빨리 열고 일처리가 빠르시고 저 챙겨주시려고 더 노력하시는 게 보여요."
        },
        {
            "Q": "요즘 제일 걱정되는 게 뭐예요?",
            "A": "친구들이요."
        },
        {
            "Q": "어떤 점에서 걱정이 돼요?",
            "A": "계속 이렇게 불편한 상태가 계속될까 봐요. 전 전학 안 가고 여기 계속 다닐 건데 내년에도 분위기가 이러면 힘들 것 같아요."
        },
        {
            "Q": "이런 걱정 때문에 어느 정도로 힘든가요?",
            "A": "요즘에는 매일 고민돼요."
        },
        {
            "Q": "요즘 행복한 것 같아요?",
            "A": "잘 모르겠어요."
        },
        {
            "Q": "그래도 행복한 거랑 불행이랑 둘 중에 하나만 골라야 하면 어느 쪽이에요?",
            "A": "꼭 둘 중 하나면 행복에 조금 기울어져 있는 것 같아요."
        },
        {
            "Q": "어떤 부분에서 행복한 것 같아요?",
            "A": "일단 겉으로 보이는 문제는 해결이 됐고 지금은 불안한 거 빼고는 좋아요."
        },
        {
            "Q": "커서 어떤 사람이 되고 싶어요?",
            "A": "저만의 댄스팀 만들 거예요."
        },
        {
            "Q": "왜 그게 되고 싶은 거예요?",
            "A": "춤을 통해 메시지를 전달하는 게 멋있는 것 같아요. 비보잉이 올림픽 종목에도 들어갔다고 하니까 그만큼 춤이 영향력이 커졌다고 생각해요."
        },
        {
            "Q": "집에서 주로 나를 돌봐주는 어른은 누구인가요?",
            "A": "할머니요."
        },
        {
            "Q": "배가 고픈데 먹을 게 없어서 굶은 적이 있나요?",
            "A": "굶은 적 없어요."
        },
        {
            "Q": "부모님이나 선생님 때문에 슬프거나 화가 난 적이 있나요?",
            "A": "없어요."
        },
        {
            "Q": "주위 어른들 중 나를 때린 적 있는 사람이 있나요?",
            "A": "없어요."
        },
        {
            "Q": "내가 원하지 않는데도 누군가가 내 몸을 만지거나 보여달라고 한 적 있어요?",
            "A": "아니요. 없어요."
        },
        {
            "Q": "집에서 어른들끼리 소리 지르면서 싸우는 걸 듣거나 본 적이 있나요?",
            "A": "아니요."
        },
        {
            "Q": "친구들이 나를 자주 놀리거나 괴롭힌다고 느낀 적이 있나요?",
            "A": "네. 있어요."
        },
        {
            "Q": "얼마나 자주 이런 일이 있었어요?",
            "A": "일주일에 두세 번이요."
        },
        {
            "Q": "반 친구들이 놀렸을 때 어떤 기분이었어요?",
            "A": "학교 가기 싫은 적도 있고 반대로 더 당당해지려고도 했는데 눈물이 났어요."
        },
        {
            "Q": "이렇게 괴롭힘을 당한 기간이 어떻게 되나요?",
            "A": "한 달 정도 당했어요."
        },
        {
            "Q": "이 아이들 때문에 학교를 가지 않은 적이 있나요?",
            "A": "그러면 지는 것 같아서 학교는 억지로 나왔어요."
        },
        {
            "Q": "어떨 때 마음이 복잡하거나 힘든가요?",
            "A": "세상에 혼자라고 느낄 때요."
        },
        {
            "Q": "안 좋은 기억 때문에 괴로워서 죽고 싶다는 생각을 한 적 있나요?",
            "A": "그렇지는 않았어요."
        },
        {
            "Q": "잠잘 때 주로 어떤 꿈을 꾸나요?",
            "A": "하늘을 날다가 갑자기 떨어지는 꿈도 있고 다른 세계로 넘어가서 지내는 꿈도 있고 개미나 작은 곤충이 돼서 밟히거나 잡아먹히는 꿈도 있고 꿈 많이 꿔요."
        },
        {
            "Q": "꿈을 꾸고 일어나면 몸 상태는 어떤가요?",
            "A": "엄청 피곤하고 몸이 아파요."
        },
        {
            "Q": "가출해 본 적 있어요?",
            "A": "안 해 봤어요."
        }
    ]
}