{
    "info": {
        "위기단계": "정상군"
    },
    "kids_ment": [
        {
            "Q": "최근에 건강은 어때? 아픈 곳 있어?",
            "A": "요즘 이가 아파요. 치과 가야 될 것 같아요."
        },
        {
            "Q": "최근에 다친 곳 있어?",
            "A": "네. 고양이가 물어서 상처 났어요."
        },
        {
            "Q": "얼마나 다쳤어?",
            "A": "고양이가 깨물어서 피 조금 나고 약 발랐어요."
        },
        {
            "Q": "언제 다쳤어?",
            "A": "오늘 아침이요."
        },
        {
            "Q": "요즘 뭘 할 때 즐거워?",
            "A": "노래 들을 때 제일 좋아요."
        },
        {
            "Q": "어떤 점이 좋아?",
            "A": "좋아하는 노래를 들으니까 기분이 나아지는 것 같아요."
        },
        {
            "Q": "최근 일주일 동안 짜증이나 화가 난 적 있어?",
            "A": "네. 한자 시험 60점 나와서 짜증 났어요."
        },
        {
            "Q": "그렇게 화가 났을 때 어떻게 해야 기분이 풀려?",
            "A": "엄마가 괜찮다고 위로해 주면 풀리는 것 같아요."
        },
        {
            "Q": "몇 시부터 몇 시까지 자?",
            "A": "열한 시에 자고요. 여덟 시에 일어나요."
        },
        {
            "Q": "일어나면 컨디션이 어때?",
            "A": "졸려요. 그래서 다시 잤다가 지각할 때도 있어요."
        },
        {
            "Q": "잠들기 힘들거나 자다 중간에 깨는 경우 있어?",
            "A": "아니요."
        },
        {
            "Q": "평소에 아빠는 어떤 표정이야?",
            "A": "좋아요."
        },
        {
            "Q": "그럴 때 내 기분은 어때?",
            "A": "좋아요."
        },
        {
            "Q": "평소에 엄마는 어떤 표정이야?",
            "A": "좋아 보여요."
        },
        {
            "Q": "그럴 때 내 기분은 어때?",
            "A": "기분 좋아요."
        },
        {
            "Q": "형제자매가 몇 명이야?",
            "A": "여동생 한 명 있어요."
        },
        {
            "Q": "사이가 어때?",
            "A": "좋아요."
        },
        {
            "Q": "엄마 아빠가 동생하고 나 중에 누구를 더 좋아하는 것 같아?",
            "A": "동생이 어리니까 동생을 더 챙기는 것 같아요."
        },
        {
            "Q": "친구들과 뭐 하고 놀아?",
            "A": "요즘은 자전거 타요."
        },
        {
            "Q": "몇 명이 같이 놀아?",
            "A": "두 명이요."
        },
        {
            "Q": "담임 선생님은 어때? 좋아 아니면 싫어?",
            "A": "좋아요. 쌤도 고양이 키워서 사진 보여줬어요."
        },
        {
            "Q": "요즘 제일 큰 걱정은 뭐야?",
            "A": "한자 공부가 너무 어려운 것 같아요."
        },
        {
            "Q": "그런 걱정 때문에 일상생활이 힘들어?",
            "A": "사실 평소에는 안 그러는데, 시험 공부할 때 어려울 것 같아요."
        },
        {
            "Q": "요즘 행복한 것 같아?",
            "A": "네."
        },
        {
            "Q": "어떤 점에서 행복해?",
            "A": "집에 가면 귀여운 고양이가 있으니까 좋아요."
        },
        {
            "Q": "커서 어떤 사람이 되고 싶어?",
            "A": "고양이를 돌봐주는 수의사가 되고 싶어요."
        },
        {
            "Q": "이유가 뭐야?",
            "A": "건강하게 오래오래 살 수 있도록 해주고 싶어요."
        },
        {
            "Q": "집에서 주로 나를 돌봐주는 어른은 누구야?",
            "A": "엄마요."
        },
        {
            "Q": "배가 고픈데 먹을 게 없어서 굶은 적 있어?",
            "A": "아니요."
        },
        {
            "Q": "어른들이 갑자기 말도 없이 집 나가서 안 들어온 적 있어?",
            "A": "아니요."
        },
        {
            "Q": "어디 아픈 곳이 있는데 어른들이 병원에 데려가지 않은 적 있어?",
            "A": "아니요."
        },
        {
            "Q": "빨래 안 한 더럽고 냄새나는 옷을 입은 적 있어?",
            "A": "아니요."
        },
        {
            "Q": "작은 옷이나 신발을 입거나 신고 다닌 적 있어?",
            "A": "아니요."
        },
        {
            "Q": "인터넷이나 휴대폰을 가지고 노는 시간은 하루에 몇 시간 정도야?",
            "A": "30분이요. 근데 너무 적은 것 같다고 생각해요."
        },
        {
            "Q": "부모님이 운동회나 참관수업, 학부모 상담에 잘 오셔?",
            "A": "네."
        },
        {
            "Q": "부모님이나 선생님 때문에 슬프거나 화가 난 적 있어?",
            "A": "아니요."
        },
        {
            "Q": "주위 어른들 중 나를 때린 적 있는 사람이 있어?",
            "A": "아니요."
        },
        {
            "Q": "내가 원하지 않는데 누군가가 내 몸을 만지거나 보여달라고 한 적 있어?",
            "A": "아니요."
        },
        {
            "Q": "집에서 어른들끼리 소리 지르면서 싸우는 걸 듣거나 본 적이 있어?",
            "A": "아니요."
        },
        {
            "Q": "친구들이 나를 자주 놀리거나 괴롭힌다고 느낀 적 있어?",
            "A": "아니요."
        },
        {
            "Q": "어떨 때 마음이 복잡하거나 힘들어?",
            "A": "고양이가 밥 안 먹고 아플 때요."
        },
        {
            "Q": "그럴 때 죽고 싶다고 생각한 적 있어?",
            "A": "아니요. 그런 생각은 안 들었고 너무 걱정 됐어요."
        },
        {
            "Q": "잠잘 때 주로 어떤 꿈을 꿔?",
            "A": "고양이가 엄청 많이 나오는 꿈을 꿨어요."
        },
        {
            "Q": "부모님 허락 없이 집에서 오랫동안 나와 있었던 적 있어?",
            "A": "아니요."
        }
    ]
}