{
    "info": {
        "위기단계": "정상군"
    },
    "kids_ment": [
        {
            "Q": "최근에 건강한가요, 아니면 아픈 곳이 있나요?",
            "A": "없어요."
        },
        {
            "Q": "최근에 다쳤던 적이 있었나요, 없었나요?",
            "A": "있어요."
        },
        {
            "Q": "어디를 다쳤나요?",
            "A": "손을 다쳤어요."
        },
        {
            "Q": "왜 다쳤나요?",
            "A": "서랍을 닫다가 다쳤어요."
        },
        {
            "Q": "뭘 할 때가 즐겁나요?",
            "A": "보드게임과 퍼즐 놀이 재밌어요."
        },
        {
            "Q": "그런 놀이할 때 어떤 점이 즐거운가요?",
            "A": "그냥 가족이나 친구들이랑 같이 하는 게 즐거워요."
        },
        {
            "Q": "최근 일주일 동안 짜증이나 화가 난 적이 있나요?",
            "A": "없어요."
        },
        {
            "Q": "몇 시에 자고, 몇 시에 일어나나요?",
            "A": "밤 열한 시에 자서, 아침 일곱 시에 일어나요."
        },
        {
            "Q": "아침에 일어났을 때, 몸 상태는 어때요?",
            "A": "괜찮아요."
        },
        {
            "Q": "평소에 잠이 들기 힘들거나, 잠자는 중간에 자주 깨나요?",
            "A": "아니요."
        },
        {
            "Q": "평상시에 아버지는 어떤 표정을 자주 짓나요?",
            "A": "아버지는 무표정이에요."
        },
        {
            "Q": "왜 그런 표정을 짓는 것 같아요?",
            "A": "아빠는 원래 좀 심각하세요."
        },
        {
            "Q": "그 표정을 지을 때, 내 기분은 어때요?",
            "A": "저도 기분 별로예요."
        },
        {
            "Q": "평상시에 어머니는 어떤 표정을 자주 짓나요?",
            "A": "엄마는 웃는 얼굴이세요."
        },
        {
            "Q": "왜 그런 표정을 짓는 것 같아요?",
            "A": "엄마는 성격이 밝고 긍정적이세요."
        },
        {
            "Q": "그 표정을 지을 때, 내 기분은 어때요?",
            "A": "저도 좋아져요."
        },
        {
            "Q": "형제자매는 몇 명이에요?",
            "A": "한 명이에요."
        },
        {
            "Q": "형제자매는 누구누구가 있어요?",
            "A": "형이 있어요."
        },
        {
            "Q": "형과는 사이가 어때요?",
            "A": "나쁘지 않아요."
        },
        {
            "Q": "평소에 부모님이 형과 나를 차별하는 것 같아요?",
            "A": "그렇진 않아요."
        },
        {
            "Q": "친구들이랑 주로 뭐 하고 놀아요?",
            "A": "축구도 하고, 게임도 해요."
        },
        {
            "Q": "주로 몇 명이 놀아요?",
            "A": "서너 명이서 놀아요."
        },
        {
            "Q": "담임선생님을 좋아하나요, 싫어하나요?",
            "A": "좋아해요."
        },
        {
            "Q": "담임 선생님이 어떤 부분에서 좋아요?",
            "A": "저희를 잘 챙겨주세요."
        },
        {
            "Q": "요즘 가장 큰 걱정거리는 무엇인가요?",
            "A": "시험 성적이 걱정이 돼요."
        },
        {
            "Q": "무엇 때문에 그런 걱정이 되나요?",
            "A": "이번 시험에서 성적이 좋지 않아 다음 시험에서 성적이 오를지 걱정돼요."
        },
        {
            "Q": "걱정거리 때문에 생활이 불편하거나 힘든가요?",
            "A": "그렇진 않아요."
        },
        {
            "Q": "요즘 행복하다고 느끼나요?",
            "A": "네."
        },
        {
            "Q": "어떤 점에서 행복했어요?",
            "A": "가족들과 놀이공원 갔어요."
        },
        {
            "Q": "커서 어떤 사람이 되고 싶은지, 꿈이 무엇인지 이야기해 줄래요?",
            "A": "저는 배우가 되고 싶어요."
        },
        {
            "Q": "왜 그 직업이 되고 싶나요?",
            "A": "배우가 되면 여러 사람의 삶을 살아 볼 수 있으니까요."
        },
        {
            "Q": "집에서 주로 나를 돌봐주는 어른은 누구인가요?",
            "A": "엄마예요."
        },
        {
            "Q": "배가 고픈데 먹을 게 없어서 굶은 적이 있나요? 왜 그랬나요?",
            "A": "없어요."
        },
        {
            "Q": "저녁에 나를 집에 혼자 두고 어른들이 나갔던 적 있나요? 얼마나 자주 이런 일이 있나요?",
            "A": "없어요."
        },
        {
            "Q": "가족 중에 나를 항상 돌봐주는 사람이 갑자기 말도 없이 집을 나가서 안 들어온 적이 있나요?",
            "A": "없어요."
        },
        {
            "Q": "어디 아픈 곳이 있는데 어른들이 병원에 데려가지 않은 적이 있나요? 몇 번이나 있나요?",
            "A": "없어요."
        },
        {
            "Q": "옷이나 신발 사이즈가 작은 걸 입거나 신고 다닌 적이 있나요? 기간은 어느 정도인가요?",
            "A": "없어요."
        },
        {
            "Q": "부모님이나 선생님 때문에 슬프거나 화가 난 적이 있나요?",
            "A": "그렇진 않아요."
        },
        {
            "Q": "주위 어른들 중 나를 때린 적 있는 사람이 있나요?",
            "A": "아니요. 없어요."
        },
        {
            "Q": "내가 원하지 않는데도 누군가가 내 몸을 만지거나 보여달라고 한 적 있어요?",
            "A": "친할머니가 옷을 벗으라고 한 적은 있는데 목욕을 해야 해서였어요."
        },
        {
            "Q": "어떻게 보여달라고 했나요? 이런 일이 자주 있었나요?",
            "A": "목욕을 해야 하니 옷을 벗으라고 했는데, 자주 있지는 않아요."
        },
        {
            "Q": "누가 나에게 부끄럽고 창피한 것을 시킨 적 있나요? 어떤 걸 시켰나요?",
            "A": "없어요."
        },
        {
            "Q": "누가 소중한 부위를 아프게 한 적이 있나요? 어떤 걸로 아프게 했나요?",
            "A": "없어요."
        },
        {
            "Q": "소중한 부위에 상처가 나거나 다쳐서 병원에 간 적이 있나요?",
            "A": "없어요."
        },
        {
            "Q": "누가 내 몸을 사진 찍거나 동영상을 찍은 적이 있나요?",
            "A": "없어요."
        },
        {
            "Q": "집에서 어른들끼리 소리 지르면서 싸우는 걸 듣거나 본 적이 있나요? 있다면 얼마나 자주 있나요?",
            "A": "없어요."
        },
        {
            "Q": "친구들이 나를 자주 놀리거나 괴롭힌다고 느낀 적이 있나요?",
            "A": "제가 얼굴이 좀 크다고 놀리기는 해요."
        },
        {
            "Q": "어떻게 놀리나요?",
            "A": "말로 그냥 놀려요."
        },
        {
            "Q": "친구가 괴롭히거나 놀릴 때 어떤 기분인가요?",
            "A": "별로 기분 나쁘진 않아요."
        },
        {
            "Q": "얼마나 자주 이런 일이 있었나요?",
            "A": "가끔이요."
        },
        {
            "Q": "이렇게 괴롭힘을 당한 기간이 어떻게 되나요?",
            "A": "한 번 그랬고, 이후에는 그러지 않았어요."
        },
        {
            "Q": "이 아이들 때문에 학교를 가지 않은 적도 있나요?",
            "A": "아니요."
        },
        {
            "Q": "어떨 때 마음이 복잡하거나 힘든가요?",
            "A": "그럴 땐 없어요."
        },
        {
            "Q": "안 좋은 기억 때문에 괴로워서 죽고 싶다는 생각을 한적 있나요?",
            "A": "없어요."
        },
        {
            "Q": "잠잘 때 주로 어떤 꿈을 꾸나요?",
            "A": "슈퍼히어로가 되어 악당을 물리치는 꿈을 자주 꾸는 편이에요."
        },
        {
            "Q": "부모님의 허락 없이 또는 말도 없이 집에 오랫동안 나와 있었던 적이 있나요?",
            "A": "없어요."
        }
    ]
}