{
    "info": {
        "위기단계": "상담필요"
    },
    "kids_ment": [
        {
            "Q": "최근에 건강한가요? 아니면 아픈 곳이 있나요?",
            "A": "아니요."
        },
        {
            "Q": "최근에 다쳤던 적 있었나요? 없었나요?",
            "A": "그런 적은 없었어요."
        },
        {
            "Q": "무엇을 할 때가 즐겁나요?",
            "A": "좋아하는 남자애랑 연락할 때요."
        },
        {
            "Q": "좋아하는 남자 친구랑 연락하면 어떤 점이 즐거워요?",
            "A": "집에서도 계속 휴대폰으로 연락할 수 있어서 좋아요."
        },
        {
            "Q": "최근 일주일 동안 짜증이나 화가 난 적이 있나요?",
            "A": "네."
        },
        {
            "Q": "무엇 때문에 짜증이나 화가 났나요?",
            "A": "제가 걔 좋아한다는 거 아는데 친구가 먼저 고백할 거라고 해서요."
        },
        {
            "Q": "또래 여자 사람 친구가 본인이 좋아하는 남자애에게 고백할 거라 하던가요?",
            "A": "네. 제가 먼저 좋아했고, 썸 타는 거 아는데 그런대요."
        },
        {
            "Q": "그런 일이 자주 있었어요?",
            "A": "아니요. 처음이긴 해요."
        },
        {
            "Q": "평소에 짜증이나 화가 났을 때 어떻게 하면 마음이 풀려요?",
            "A": "풀려고 해도 잘 안 돼요. 계속 생각나요. 짜증이 많아졌어요."
        },
        {
            "Q": "몇 시에 자고 몇 시에 일어나나요?",
            "A": "열 시에 자서 학교 갈 때 되면 일어나요."
        },
        {
            "Q": "자고 일어나면 몸 상태는 어때요?",
            "A": "잠이 잘 안 와서 많이 못 자거든요. 피곤해요. 그래서."
        },
        {
            "Q": "평소에 잠이 들기 힘들거나, 잠자는 중간에 자주 깨나요?",
            "A": "요즘 그 고민 때문에 잠이 잘 안 와요."
        },
        {
            "Q": "아까 말한 그 좋아하는 남자 친구 고민 때문에요?",
            "A": "네. 어떻게 고백할지, 싸운 친구랑은 어떻게 할지 다 고민이에요."
        },
        {
            "Q": "잘 풀어보기 위해 생각해 둔 방법은 혹시 있어요?",
            "A": "아니요. 어떻게 해야 할지 모르겠어서 더 잠이 안 와요."
        },
        {
            "Q": "평상시에 아버지는 어떤 표정을 자주 짓나요?",
            "A": "무뚝뚝한데 저랑 자주 놀아주려 하세요."
        },
        {
            "Q": "아빠가 무뚝뚝하신가요?",
            "A": "네. 그렇지만 저랑 놀아주실 때 많이 웃어주려 하세요."
        },
        {
            "Q": "아빠가 그런 표정을 지을 때 기분이 어때요?",
            "A": "저도 아빠가 좋아서 좋아요."
        },
        {
            "Q": "평상시에 어머니는 어떤 표정을 자주 짓나요?",
            "A": "피곤해 보이지만 잘 웃어주세요."
        },
        {
            "Q": "어머니가 평소에 많이 피곤해 보이시나요?",
            "A": "네. 엄마도 아빠처럼 일해서 그런 거 같아요."
        },
        {
            "Q": "엄마가 그런 표정을 지을 때 기분이 어때요?",
            "A": "엄마랑 같이 힘내자. 이런 말 많이 해요. 웃으면서."
        },
        {
            "Q": "형제자매는 몇 명이에요?",
            "A": "언니 한 명이요."
        },
        {
            "Q": "언니랑 사이는 어때요?",
            "A": "좋아요. 좋아하는 남자애 고민도 말했어요."
        },
        {
            "Q": "그 고민을 언니에게 말하니 뭐라고 하던가요?",
            "A": "세상에 남자도, 친구도 많다고 너무 신경 쓰지 말래요."
        },
        {
            "Q": "친구들이랑은 주로 뭐 하고 놀아요?",
            "A": "카페 가고, 인스타에서 인기 많다는 곳 구경 가요."
        },
        {
            "Q": "주로 몇 명이 놀아요?",
            "A": "다섯 명이요."
        },
        {
            "Q": "그 다섯 명 중 아까 말한 그 고민 속 친구도 있어요?",
            "A": "네. 제일 친한 애 중 하나인데. 얘 때문에 공부도 집중 안돼요."
        },
        {
            "Q": "담임 선생님을 좋아하나요? 싫어하나요?",
            "A": "좋아요."
        },
        {
            "Q": "어떤 점에서 담임 선생님이 좋아요?",
            "A": "친절해요."
        },
        {
            "Q": "요즘 가장 큰 걱정거리가 무엇인가요?",
            "A": "좋아하는 남자애한테 어떻게 고백할지요."
        },
        {
            "Q": "지금 말한 걱정 때문에 생활이 불편하거나 힘든가요?",
            "A": "네. 잠도 안 오고, 공부도 안 되고 그래서 예민해진 것도 있는 거 같아요."
        },
        {
            "Q": "좋아하는 남자애한테 고백하는 것과 먼저 고백할 거란 그 친구 중 어떤 쪽이 더 걱정이에요?",
            "A": "솔직히 먼저 고백하겠다는 친구요. 그 친구 고백을 걔가 받으면 어쩌죠?"
        },
        {
            "Q": "요즘 행복하다고 느끼나요?",
            "A": "아니요. 신경 쓸게 많아서."
        },
        {
            "Q": "어떤 점에서 불행하다고 느껴요?",
            "A": "솔직히 아까 말한 고민만 아니면 괜찮은데."
        },
        {
            "Q": "그 고민 이외에는 일상에서 행복하다고 느끼나요?",
            "A": "나쁘지 않아요. 근데 그 문제는 어떻게 해야 할지 모르겠어요."
        },
        {
            "Q": "커서 어떤 사람이 되고 싶은지, 꿈이 무엇인지 이야기해 줄래요?",
            "A": "카페 사장님이요."
        },
        {
            "Q": "어떤 점에서 카페 사장님이 되고 싶어요?",
            "A": "예쁜 카페 많이 가봤는데, 저도 제 카페가 있으면 좋겠어요."
        },
        {
            "Q": "집에서 주로 나를 돌봐주는 어른은 누구인가요?",
            "A": "엄마요."
        },
        {
            "Q": "배가 고픈데 먹을 게 없어서 굶은 적이 있나요?",
            "A": "아니요."
        },
        {
            "Q": "어디 아픈 곳이 있는데 어른들이 병원에 데려가지 않은 적 있나요?",
            "A": "없어요."
        },
        {
            "Q": "인터넷이나 휴대폰을 가지고 노는 시간은 하루에 몇 시간 정도인가요?",
            "A": "아홉 시 전까지는 맘대로 할 수 있어요."
        },
        {
            "Q": "부모님이나 선생님 때문에 슬프거나 화가 난 적이 있어요?",
            "A": "아니요. 없어요. 그런 적."
        },
        {
            "Q": "주위 어른들 중 나를 때린 적 있는 사람이 있나요?",
            "A": "없어요."
        },
        {
            "Q": "내가 원하지 않는데도 누군가가 내 몸을 만지거나 보여달라고 한 적 있어요?",
            "A": "아니요."
        },
        {
            "Q": "집에서 어른들끼리 소리 지르면서 싸우는 걸 듣거나 본 적이 있나요?",
            "A": "없어요."
        },
        {
            "Q": "친구들이 나를 자주 놀리거나 괴롭힌다고 느낀 적이 있나요?",
            "A": "아니요."
        },
        {
            "Q": "어떨 때 마음이 복잡하거나 힘든가요?",
            "A": "아까 말한 그 고민이요."
        },
        {
            "Q": "그 고민 때문에 괴로워서 혹시 죽고 싶다는 생각을 한 적 있나요?",
            "A": "아니요. 고백해야 해서 안 죽을 거예요."
        },
        {
            "Q": "잠잘 때 주로 어떤 꿈꾸나요?",
            "A": "꿈은 잘 안 꿔요."
        },
        {
            "Q": "부모님의 허락 없이 또는 말도 없이 집에 오랫동안 나와 있었던 적이 있나요?",
            "A": "아니요."
        }
    ]
}