{
    "info": {
        "위기단계": "학대의심"
    },
    "kids_ment": [
        {
            "Q": "최근에 건강한가요? 아니면 아픈 곳이 있어요?",
            "A": "배가 아팠어요."
        },
        {
            "Q": "배가 어떻게 아파요?",
            "A": "따끔따끔거려요."
        },
        {
            "Q": "언제부터 아팠어요?",
            "A": "10일 전부터 아팠어요."
        },
        {
            "Q": "한번 아프기 시작하면 얼마나 오랫동안 아파요?",
            "A": "아프다가 조금 지나면 괜찮아져요."
        },
        {
            "Q": "병원에는 가봤어요?",
            "A": "아니요. 엄마한테 이야기 안 했어요."
        },
        {
            "Q": "최근에 다쳤던 적이 있나요?",
            "A": "있었어요."
        },
        {
            "Q": "어디를 다쳤어요?",
            "A": "손가락이요."
        },
        {
            "Q": "언제 다쳤어요?",
            "A": "어제요."
        },
        {
            "Q": "왜 다쳤어요?",
            "A": "종이 자르다가 칼에 손을 베었어요."
        },
        {
            "Q": "우리 친구는 뭘 할 때가 즐거워요?",
            "A": "신비아파트 볼 때 재미있어요."
        },
        {
            "Q": "신비아파트 보는 게 왜 좋아요?",
            "A": "재미있어서요. 도깨비도 귀엽게 생겼어요."
        },
        {
            "Q": "최근 일주일 동안 짜증이나 화가 난 적 있었어요?",
            "A": "네. 있었어요."
        },
        {
            "Q": "무엇 때문에 짜증이 났어요?",
            "A": "교회 가기 싫은데 엄마가 가자고 해서 짜증 났어요."
        },
        {
            "Q": "그렇게 짜증이 나면 어떻게 하면 마음이 풀려요?",
            "A": "가기 싫다고 울었어요."
        },
        {
            "Q": "우리 친구는 몇 시에 자고 몇 시에 일어나요?",
            "A": "열 시에 자고 일곱 시에 일어나요."
        },
        {
            "Q": "아침에 일어났을 때 몸 상태는 어때요?",
            "A": "졸리고 멍해요."
        },
        {
            "Q": "평소에 잠이 들기 힘들거나 잠자는 중간에 자주 깬 적이 있어요?",
            "A": "예전엔 잘 잤는데 요샌 가끔 꿈꿔서 깰 때가 있어요."
        },
        {
            "Q": "평소에 아빠는 어떤 표정을 자주 지어요?",
            "A": "항상 힘들어 보이세요."
        },
        {
            "Q": "아빠가 왜 그런 표정을 짓고 계신 것 같아요?",
            "A": "회사에서 일하는 게 힘드신가 봐요."
        },
        {
            "Q": "아빠가 그런 표정을 짓고 계시면 친구 기분이 어때요?",
            "A": "속상해요."
        },
        {
            "Q": "아빠가 친구랑 이야기하실 때는 어떤 표정이에요?",
            "A": "저랑 이야기하실 때는 웃어주세요."
        },
        {
            "Q": "평소에 엄마는 어떤 표정을 자주 짓고 있어요?",
            "A": "엄마는 피곤해 보이세요."
        },
        {
            "Q": "엄마는 왜 그런 표정을 짓고 계신 것 같아요?",
            "A": "집안일도 하고 회사도 다녀서 피곤하신가 봐요."
        },
        {
            "Q": "엄마가 그런 표정을 짓고 계시면 친구 기분은 어때요?",
            "A": "속상해요."
        },
        {
            "Q": "엄마가 친구랑 이야기하실 때는 어떤 표정이에요?",
            "A": "저랑 이야기하실 때는 웃으면서 엄청 잘 들어주세요."
        },
        {
            "Q": "우리 친구는 형제자매가 몇 명이에요?",
            "A": "오빠가 한 명 있어요."
        },
        {
            "Q": "사이가 어때요?",
            "A": "좋아요. 오빠랑 놀면 재미 있어요."
        },
        {
            "Q": "부모님이 오빠랑 친구를 차별하는 것 같아요?",
            "A": "아니요. 그렇진 않아요."
        },
        {
            "Q": "우리 친구는 친구들이랑 뭐 하고 놀아요?",
            "A": "킥보드도 타고 맛있는 것도 사 먹으면서 놀아요."
        },
        {
            "Q": "주로 몇 명이랑 놀아요?",
            "A": "두 명이요."
        },
        {
            "Q": "우리 친구는 담임선생님을 좋아하나요, 싫어하나요?",
            "A": "좋아요."
        },
        {
            "Q": "어떤 점이 좋아요?",
            "A": "엄청 재미있으세요."
        },
        {
            "Q": "우리 친구 요즘 제일 걱정되는 게 뭐예요?",
            "A": "교회 가고 싶지 않은데 엄마가 주말마다 가자고 해서 스트레스받아요."
        },
        {
            "Q": "왜 교회에 가기 싫어요?",
            "A": "예전에 교회 갔다가 안 좋은 일 있었어서 교회 가면 자꾸 생각나요."
        },
        {
            "Q": "이런 걱정 때문에 생활이 불편하거나 힘들어요?",
            "A": "주말에만 힘들어요."
        },
        {
            "Q": "요즘 행복한 것 같아요?",
            "A": "아니요."
        },
        {
            "Q": "왜 불행하다고 생각해요?",
            "A": "주말에 교회 갈 생각하면 불행해져요."
        },
        {
            "Q": "우리 친구 꿈이 무엇인지 말해 줄 수 있을까요?",
            "A": "모델이 되고 싶어요."
        },
        {
            "Q": "왜 모델이 되고 싶어요?",
            "A": "슈퍼모델 언니들처럼 예쁜 옷 입고 싶어요."
        },
        {
            "Q": "집에서 주로 친구를 돌봐주는 어른은 누구에요?",
            "A": "엄마요."
        },
        {
            "Q": "배가 고픈데 먹을 게 없어서 굶은 적이 있나요?",
            "A": "아니요. 그런 적은 없었어요."
        },
        {
            "Q": "저녁에 친구를 집에 혼자 두고 어른들이 나갔던 적이 있어요?",
            "A": "아니요. 그런 적은 없었어요."
        },
        {
            "Q": "혹시 친구가 아픈데 어른들이 병원에 데려가지 않은 적이 있어요?",
            "A": "아니요. 그런 적은 없었어요."
        },
        {
            "Q": "세탁하지 않아서 더러운 옷을 입어야 한 적이 있거나 작은 옷이나 신발을 입거나 신고 다닌 적이 있어요?",
            "A": "아니요. 그런 적은 없었어요."
        },
        {
            "Q": "인터넷이나 휴대폰을 가지고 노는 시간은 하루에 몇 시간 정도에요?",
            "A": "한 시간 정도요."
        },
        {
            "Q": "어른들이 운동회나 참관 수업 또는 학부모 상담 같은 학교 행사에 잘 오시나요?",
            "A": "네. 잘 오세요."
        },
        {
            "Q": "어른들 때문에 슬프거나 화가 난 적이 있어요?",
            "A": "네. 있었어요."
        },
        {
            "Q": "어른들의 어떤 말이나 행동이 친구를 슬프거나 화나게 했어요?",
            "A": "모르는 아저씨가 화장실에서 저한테 이상한 행동을 하셔서 무섭고 슬펐어요."
        },
        {
            "Q": "어른들이 친구를 어디 가두고 못 나오게 한 적이 있어요?",
            "A": "아니요. 그런 적은 없었어요."
        },
        {
            "Q": "다른 사람들 앞에서 혼날 때도 있었어요?",
            "A": "아니요. 그런 적은 없었어요."
        },
        {
            "Q": "어른들이 친구를 다른 아이들과 비교한 적이 있었어요?",
            "A": "아니요. 그런 적은 없었어요."
        },
        {
            "Q": "어른들이 친구를 집에서 쫓아낸 적이 있어요?",
            "A": "아니요. 그런 적은 없었어요."
        },
        {
            "Q": "마음이 힘들 때 누구에게 이야기하나요?",
            "A": "엄마한테 이야기해요."
        },
        {
            "Q": "주위 어른들 중 친구를 때린 사람이 있나요?",
            "A": "아니요. 없어요."
        },
        {
            "Q": "혹시 친구가 원하지 않는데도 누군가가 친구 몸을 만지거나 보여달라고 한 적이 있어요?",
            "A": "네. 있었어요."
        },
        {
            "Q": "누가 그랬어요?",
            "A": "모르는 아저씨요."
        },
        {
            "Q": "아저씨가 친구에게 어떻게 했어요?",
            "A": "제가 화장실 들어갔는데, 따라 들어오셔서 오줌 나오는 곳을 수건으로 닦고 후비듯이 그곳을 만지셨어요. 제가 하지 말라고 그랬는데도 막 하셨어요."
        },
        {
            "Q": "그러면 아저씨가 친구의 소중한 곳을 아프게도 했나요?",
            "A": "아저씨 손가락을 집어넣어서 엄청 아프게 했어요."
        },
        {
            "Q": "그 아저씨가 친구의 몸을 만진 후에 친구의 소중한 곳이 많이 아팠어요?",
            "A": "네. 그때 엄청 아팠어요. 그리고 지금도 어딘가에 닿으면 아파요."
        },
        {
            "Q": "소중한 곳이 아파서 병원에 다녀왔어요?",
            "A": "아니요. 가만히 있으면 괜찮아져서 엄마한테 말 안 했어요."
        },
        {
            "Q": "그 아저씨가 친구의 소중한 곳의 사진을 찍거나 혹은 동영상을 촬영했나요?",
            "A": "아니요. 사진이나 동영상 촬영은 안 했어요."
        },
        {
            "Q": "혹시 그 아저씨가 친구를 따라오거나 연락하거나 그랬어요?",
            "A": "아니요. 그때 만나고 다시 만난 적은 없어요."
        },
        {
            "Q": "집에서 어른들끼리 소리 지르면서 싸우는 걸 듣거나 본 적이 있어요?",
            "A": "아니요. 그런 적은 없었어요."
        },
        {
            "Q": "다른 아이들이 친구를 자주 놀리거나 괴롭힌다고 느낀 적이 있어요?",
            "A": "아니요. 없었어요."
        },
        {
            "Q": "우리 친구는 어떨 때 마음이 복잡하거나 힘들어요?",
            "A": "교회 가면 또 그 아저씨 만날까 봐 걱정돼요."
        },
        {
            "Q": "안 좋은 기억 때문에 괴로워서 죽고 싶다는 생각을 한적이 있어요?",
            "A": "아니요. 그런 적은 없어요."
        },
        {
            "Q": "잠잘 때 주로 어떤 꿈을 꾸나요?",
            "A": "검은 그림자가 자꾸 저를 쫓아오는 꿈을 꿔요."
        },
        {
            "Q": "꿈을 꾸고 일어나면 몸 상태가 어때요?",
            "A": "가슴도 두근거리고 식은땀도 나요."
        },
        {
            "Q": "부모님의 허락 없이 또는 말도 없이 집에서 오랫동안 나와 있었던 적이 있어요?",
            "A": "아니요. 그런 적은 없었어요."
        }
    ]
}