{
    "info": {
        "위기단계": "관찰필요"
    },
    "kids_ment": [
        {
            "Q": "몸은 건강하니?",
            "A": "머리가 가끔 아파요."
        },
        {
            "Q": "왜 머리가 아파?",
            "A": "잠을 못 자서요"
        },
        {
            "Q": "잠을 왜 못 잤어?",
            "A": "게임하다가 잠을 못 잤어요."
        },
        {
            "Q": "자주 이런 일이 있어?",
            "A": "게임하다 잠을 못 잘 때가 가끔 있어요."
        },
        {
            "Q": "어디 다친 데는 없니?",
            "A": "줄넘기하다가 줄에 맞아서 종아리 다쳤어요."
        },
        {
            "Q": "많이 다쳤어?",
            "A": "그냥 빨갛게 됐어요."
        },
        {
            "Q": "언제 그랬어?",
            "A": "오늘이요."
        },
        {
            "Q": "최근에 기분 좋은 일 있었니?",
            "A": "네. 학교에서 친구랑 재밌게 놀았어요."
        },
        {
            "Q": "무슨 게임을 했어?",
            "A": "숨바꼭질을 했어요."
        },
        {
            "Q": "최근에 화가 나거나 짜증 난 적은 없었니?",
            "A": "네, 별로 없어요."
        },
        {
            "Q": "화가 나면 어떻게 하면 기분이 풀려?",
            "A": "그냥 혼자 있거나 그림을 그려요."
        },
        {
            "Q": "우리 친구는 몇 시에 자고 몇 시에 일어나?",
            "A": "한 시에 자고 일곱 시에 일어나요."
        },
        {
            "Q": "늦게 자는 편이네?",
            "A": "게임 중독돼서요."
        },
        {
            "Q": "잠이 들기 힘들거나 중간중간 깨지는 않아?",
            "A": "네. 잠은 푹 자요."
        },
        {
            "Q": "아침에 일어나면 기분이 어때?",
            "A": "엄청 피곤해요."
        },
        {
            "Q": "아버지랑은 사이가 어때?",
            "A": "아버지는 자주 못 봐서 잘 모르겠어요."
        },
        {
            "Q": "아버지 생각하면 어떤 기분이야?",
            "A": "그냥 조용해져요."
        },
        {
            "Q": "어머니랑은 사이가 어때?",
            "A": "엄마도 바쁘셔서 잘 못 봐요."
        },
        {
            "Q": "엄마의 좋은 점은 뭐야?",
            "A": "배달 음식을 잘 시켜줘요."
        },
        {
            "Q": "우리 친구 형제자매는 몇 명이에요?",
            "A": "혼자예요."
        },
        {
            "Q": "친구들이랑은 잘 지내?",
            "A": "네. 잘 지내요."
        },
        {
            "Q": "친구들과 뭐 하고 놀아?",
            "A": "친구들이랑 학교에서 축구하고 놀아요."
        },
        {
            "Q": "담임 선생님은 잘 대해줘?",
            "A": "담임 선생님이 재미있어요."
        },
        {
            "Q": "요즘 걱정거리가 있니?",
            "A": "엄마, 아빠가 일하시고 외동이라 심심해요."
        },
        {
            "Q": "걱정거리 때문에 일상생활이 많이 불편하고 힘드니?",
            "A": "동생이 있었으면 좋겠어요."
        },
        {
            "Q": "요즘 행복하다고 느껴?",
            "A": "네. 나쁘지 않아요."
        },
        {
            "Q": "행복한 순간 중 기억에 남는 것은 뭐야?",
            "A": "부모님이 일 안 하고 집에 있을 때요."
        },
        {
            "Q": "커서 어떤 사람이 되고 싶은지 말해줄래?",
            "A": "저는 축구선수가 되고 싶어요."
        },
        {
            "Q": "그 꿈을 선택한 이유가 뭐야?",
            "A": "축구를 좋아해서요."
        },
        {
            "Q": "집에서 주로 나를 돌봐주는 어른은 누구야?",
            "A": "엄마요."
        },
        {
            "Q": "배가 고픈데 먹을 게 없어서 굶은 적이 있어?",
            "A": "엄마 없을 때는 배달 음식 시켜주세요."
        },
        {
            "Q": "저녁에 친구를 집에 혼자 두고 어른들이 나갔던 적이 있어?",
            "A": "보통 집에 혼자 있어요."
        },
        {
            "Q": "어디 아픈 곳이 있는데 어른들이 병원에 데려가지 않은 적이 있니?",
            "A": "그런 적은 없어요."
        },
        {
            "Q": "누가 기분 나쁘게 하거나 슬프게 한 적이 있어?",
            "A": "아니요."
        },
        {
            "Q": "주위 어른들 중 나를 때린 적이 있는 사람이 있어?",
            "A": "아니요, 그런 일은 없어요."
        },
        {
            "Q": "내가 원하지 않는데도 누군가가 내 몸을 만지거나 보여달라고 한 적 있어?",
            "A": "아니요. 없었어요."
        },
        {
            "Q": "집에서 무서운 일이 있었어?",
            "A": "아니요, 집에서 그런 일은 없었어요."
        },
        {
            "Q": "학교에서 누군가가 너를 괴롭혀?",
            "A": "아니요."
        },
        {
            "Q": "너무 힘들어서 스스로를 다치게 한 적이 있어?",
            "A": "아니요. 없어요."
        },
        {
            "Q": "무서운 일이나 기억하고 싶지 않은 일이 있었어?",
            "A": "아니요. 없었어요."
        },
        {
            "Q": "집을 나간 적이 있어?",
            "A": "아니요."
        }
    ]
}