{
    "info": {
        "위기단계": "응급"
    },
    "kids_ment": [
        {
            "Q": "몸 어디 아픈 곳이 있어?",
            "A": "다리가 좀 아파요, 학교에서 놀다가 넘어졌어요."
        },
        {
            "Q": "얼마나 아파?",
            "A": "그냥 좀 쑤시는 정도예요."
        },
        {
            "Q": "언제부터 그랬어?",
            "A": "오늘 아침부터요."
        },
        {
            "Q": "어디 다친 데는 없니?",
            "A": "팔을 좀 다쳤어요."
        },
        {
            "Q": "많이 다쳤어?",
            "A": "까지고 피가 났어요."
        },
        {
            "Q": "어쩌다 그랬어?",
            "A": "지난주에 친구가 돌멩이를 던져서 맞았어요."
        },
        {
            "Q": "최근에 기분 좋은 일 있었니?",
            "A": "점심에 좋아하는 음식 나왔어요."
        },
        {
            "Q": "최근에 화가 나거나 짜증 난 적은 없었니?",
            "A": "같은 반 남자애들이 욕을 좀 심하게 하고 괴롭혀요."
        },
        {
            "Q": "그럴 때는 어떻게 하니?",
            "A": "선생님한테 얘기하는데 그래도 소용없어요."
        },
        {
            "Q": "우리 친구 몇 시에 자고 몇 시에 일어나?",
            "A": "열한 시에 자고 일곱 시에 일어나요."
        },
        {
            "Q": "잠이 들기 힘들거나 중간중간 깨지는 않아?",
            "A": "요즘 학교 가기가 싫어서 잠이 잘 안 와요."
        },
        {
            "Q": "아버지랑은 사이가 어때?",
            "A": "아버지랑은 잘 지내요."
        },
        {
            "Q": "어머니랑은 사이가 어때?",
            "A": "엄마랑도 잘 지내요. 쇼핑도 자주 같이 가요."
        },
        {
            "Q": "우리 친구 형제자매는 몇 명이에요?",
            "A": "혼자예요."
        },
        {
            "Q": "친구들이랑은 잘 지내?",
            "A": "친구들이랑은 잘 지내는데 몇몇 애들이 나한테 좀 이상하게 굴어요."
        },
        {
            "Q": "그럴 때는 어떻게 해?",
            "A": "그냥 혼자 있어요. 친구들한테 얘기하면 더 심해질까 봐요."
        },
        {
            "Q": "담임 선생님은 잘 대해줘?",
            "A": "나한테 잘 신경을 안 써주는 것 같아요."
        },
        {
            "Q": "요즘 걱정거리가 있니?",
            "A": "학교에서 일어나는 일 때문에 걱정이에요."
        },
        {
            "Q": "걱정거리 때문에 일상생활이 많이 불편하고 힘드니?",
            "A": "걱정이 많아서 숙제도 못하고, 밥도 제대로 못 먹어요."
        },
        {
            "Q": "요즘 행복하다고 느껴?",
            "A": "요즘은 별로 행복하다고 느끼지 못해요."
        },
        {
            "Q": "왜 행복하지 않아?",
            "A": "학교 가는 게 무섭고 너무 힘들어서요."
        },
        {
            "Q": "커서 어떤 사람이 되고 싶은지 말해줄래?",
            "A": "그림을 그릴 수 있는 사람이 되고 싶어요."
        },
        {
            "Q": "그 꿈을 선택한 이유가 뭐야?",
            "A": "그림대회에서 상을 받고 나서 그림을 더 좋아하게 됐어요."
        },
        {
            "Q": "집에서 주로 나를 돌봐주는 어른은 누구야?",
            "A": "엄마요."
        },
        {
            "Q": "배가 고픈데 먹을 게 없어서 굶은 적이 있어?",
            "A": "아니요."
        },
        {
            "Q": "저녁에 친구를 집에 혼자 두고 어른들이 나갔던 적이 있어?",
            "A": "아니요."
        },
        {
            "Q": "어디 아픈 곳이 있는데 어른들이 병원에 데려가지 않은 적 있니?",
            "A": "그런 적은 없어요."
        },
        {
            "Q": "주위 어른이 기분 나쁘게 하거나 슬프게 한 적이 있어?",
            "A": "아니요."
        },
        {
            "Q": "주위 어른들 중 나를 때린 적 있는 사람이 있어?",
            "A": "아니요, 그런 일은 없어요."
        },
        {
            "Q": "내가 원하지 않는데도 누군가가 내 몸을 만지거나 보여달라고 한 적 있어?",
            "A": "아니요. 없었어요."
        },
        {
            "Q": "집에서 무서운 일 있었어?",
            "A": "아니요, 집에서 그런 일은 없었어요."
        },
        {
            "Q": "학교에서 누군가가 너를 괴롭혀?",
            "A": "몇몇 애들이 나한테 욕하고 돌멩이 던지고 이상하게 굴어서 기분이 안 좋아요."
        },
        {
            "Q": "그런 일이 있을 때 어떤 기분이 들어?",
            "A": "그런 일 있으면 그냥 무시하려고 하는데, 너무 화나서 복수하고 싶어요."
        },
        {
            "Q": "얼마나 자주 이런 일이 있었어?",
            "A": "거의 매일이요."
        },
        {
            "Q": "이렇게 괴롭힘을 당한 기간이 얼마나 돼?",
            "A": "3개월 정도 된 것 같아요."
        },
        {
            "Q": "너무 힘들어서 스스로를 다치게 한 적이 있어?",
            "A": "아니, 그렇게까지 힘들진 않았어요."
        },
        {
            "Q": "무서운 일이나 기억하고 싶지 않은 일이 있었어?",
            "A": "아니요. 없었어요."
        },
        {
            "Q": "집을 나간 적이 있어?",
            "A": "아니요."
        }
    ]
}