{
    "info": {
        "위기단계": "정상군"
    },
    "kids_ment": [
        {
            "Q": "최근에 아픈 적이 있었니?",
            "A": "아픈 적은 없었어요."
        },
        {
            "Q": "최근에 다쳤던 적이 있었니?",
            "A": "네. 발목을 삐끗해서 붓고 아파서 병원에 갔어요."
        },
        {
            "Q": "어떻게 하다가 다친 거야?",
            "A": "주말에 클라이밍 하다가 발을 잘못 디뎌서 다쳤어요."
        },
        {
            "Q": "뭐 할 때 즐거워?",
            "A": "클라이밍 할 때 즐거워요."
        },
        {
            "Q": "클라이밍 할 때 어떤 부분이 즐거워?",
            "A": "아빠랑 함께 클라이밍 하는 게 즐거워요."
        },
        {
            "Q": "최근 일주일 동안 짜증이나 화가 난 적이 있었니?",
            "A": "아니요. 없어요."
        },
        {
            "Q": "평소에 짜증이나 화가 났을 때 어떻게 하면 마음이 풀려?",
            "A": "아빠랑 이야기해요."
        },
        {
            "Q": "몇 시에 자고 몇 시에 일어나니?",
            "A": "열한 시에 자서 일곱 시에 일어나요."
        },
        {
            "Q": "아침에 일어났을 때 몸 상태는 어때?",
            "A": "좋아요."
        },
        {
            "Q": "평소에 잠이 들기 힘들거나, 잠자는 중간에 자주 깨니?",
            "A": "아니요. 잘 자요."
        },
        {
            "Q": "평소에 아버지는 어떤 표정을 지으셔?",
            "A": "아빠는 인자한 표정요."
        },
        {
            "Q": "아빠가 왜 인자한 표정을 짓는 것 같아?",
            "A": "아빠하고 저는 친구처럼 지내고 평상시 사이가 좋아요."
        },
        {
            "Q": "평소에 엄마는 어떤 표정을 지으셔?",
            "A": "엄마는 편안한 표정이요."
        },
        {
            "Q": "엄마가 왜 편안한 표정을 짓는 것 같아?",
            "A": "저희 가족은 웃음도 많고 행복하게 살거든요. 그래서 엄마가 마음이 편하신 것 같아요."
        },
        {
            "Q": "형제자매는 몇 명이야?",
            "A": "저 혼자예요."
        },
        {
            "Q": "친구들은 몇 명이고 주로 뭐 하고 놀아?",
            "A": "친구들은 열 명 정도이고 클라이밍 하면서 놀아요."
        },
        {
            "Q": "담임 선생님을 좋아해 싫어해?",
            "A": "선생님 좋아요."
        },
        {
            "Q": "어떤 부분에서 선생님이 좋아?",
            "A": "선생님은 성격이 좋으세요 늘 웃으시고 좋은 이야기도 많이 해주세요."
        },
        {
            "Q": "요즘 가장 걱정되는 것이 무엇이야?",
            "A": "걱정되는 거 별로 없어요."
        },
        {
            "Q": "요즘 행복하다고 느끼니? 어떤 부분에서 행복하게 느껴져?",
            "A": "부모님들이 제 생각을 많이 존중해 주세요."
        },
        {
            "Q": "앞으로 커서 어떤 사람이 되고 싶어?",
            "A": "클라이밍 선수가 되고 싶어요."
        },
        {
            "Q": "왜 클라이밍 선수가 되고 싶어?",
            "A": "엄마가 클라이밍을 하면 잘할 것 같다 하시고 저도 재미있어요."
        },
        {
            "Q": "집에서 주로 나를 돌봐주는 어른은 누구야?",
            "A": "엄마요."
        },
        {
            "Q": "배가 고픈데 먹을 게 없어서 굶은 적이 있니?",
            "A": "아니요. 없어요."
        },
        {
            "Q": "빨래가 되어 있지 않아서 더럽고 냄새나는 옷을 입어야 한 적이 있니?",
            "A": "아니요. 없어요."
        },
        {
            "Q": "옷이나 신발 사이즈가 작은 걸 입거나 신고 다닌 적이 있니?",
            "A": "아니요. 없어요."
        },
        {
            "Q": "어른들이 운동회나 참관 수업 또는 학부모 상담 같은 학교 행사에 잘 오시니?",
            "A": "엄마가 학교 임원이라 잘 오세요."
        },
        {
            "Q": "부모님이나 선생님 때문에 슬프거나 화가 난 적이 있었니?",
            "A": "아니요. 없어요."
        },
        {
            "Q": "주위 어른들 중 나를 때린 적이 있는 사람이 있니?",
            "A": "아니요. 없어요."
        },
        {
            "Q": "내가 원하지 않는데도 누군가가 내 몸을 만지거나 보여달라고 한 적 있어?",
            "A": "아니요. 없어요."
        },
        {
            "Q": "집에서 어른들끼리 소리 지르면서 싸우는 걸 듣거나 본 적이 있니?",
            "A": "아니요. 저희 부모님은 사이가 좋아요."
        },
        {
            "Q": "친구들이 나를 자주 놀리거나 괴롭힌다고 느낀 적이 있니?",
            "A": "아니요. 친구들하고는 재미있게 놀아요."
        },
        {
            "Q": "어떨 때 마음이 복잡하고 힘들어?",
            "A": "힘들 때 별로 없어요."
        },
        {
            "Q": "부모님의 허락 없이 또는 말도 없이 집에 오랫동안 나와 있었던 적이 있니?",
            "A": "아니요. 없어요."
        }
    ]
}