{
    "info": {
        "위기단계": "응급"
    },
    "kids_ment": [
        {
            "Q": "최근에 아픈 곳이 있어?",
            "A": "네. 배가 아파요."
        },
        {
            "Q": "왜 아픈 거 같아?",
            "A": "배에 멍이 있는데 그게 좀 아픈 거 같아요."
        },
        {
            "Q": "이전에도 해당 부위가 자주 아팠어?",
            "A": "네."
        },
        {
            "Q": "최근에 다친 적이 있어?",
            "A": "네. 팔이요."
        },
        {
            "Q": "어디가 어떻게 아픈 거야?",
            "A": "아/ 며칠 전에 팔이 빠졌었는데 그거 다시 맞춘 이후에도 아직은 좀 아픈 거 같아요."
        },
        {
            "Q": "왜 아팠던 거야?",
            "A": "센터 선생님이 잡아당겨서 그렇게 됐어요."
        },
        {
            "Q": "이전에도 해당 부위가 자주 아팠어?",
            "A": "아니요. 팔은 처음인데 다른 곳이 아픈 적은 있었어요."
        },
        {
            "Q": "친구는 뭐 할 때가 즐거워?",
            "A": "학교 갈 때랑 엄마랑 있을 때요."
        },
        {
            "Q": "어떤 점이 즐거운 거야?",
            "A": "학교는 선생님도 좋고 친구들도 좋아서 그런 거고, 엄마 좋아해서 같이 있는 게 좋아요."
        },
        {
            "Q": "최근 일주일 동안 짜증이나 화가 난 적 있어?",
            "A": "화난 적 있어요."
        },
        {
            "Q": "무엇 때문에 화가 났어?",
            "A": "돌봄 선생님이 엄마 욕하면서 때려서요."
        },
        {
            "Q": "그런 일이 자주 일어나?",
            "A": "네. 욕만 할 때도 있고 다른 이유로 때릴 때도 있어요."
        },
        {
            "Q": "평소 짜증이나 화가 났을 때 어떻게 풀어?",
            "A": "친구들이랑 놀거나 엄마랑 같이 있으면 풀리기도 해요."
        },
        {
            "Q": "몇 시에 자고 몇 시에 일어나?",
            "A": "열한 시에 자고 여덟 시에 일어나요."
        },
        {
            "Q": "아침에 일어났을 때 몸 상태는 어때?",
            "A": "뻐근하고 일어나기 힘들어요."
        },
        {
            "Q": "평소 잠들기 힘들거나 잠자는 중간에 깨지는 않아?",
            "A": "잠들기가 어려워요. 악몽 꿀까 봐 무서워서요."
        },
        {
            "Q": "평소 아빠는 어떤 표정을 자주 지으셔?",
            "A": "아빠는 안 계세요. 제가 애기 때 헤어졌다고 들었어요."
        },
        {
            "Q": "평소 엄마는 어떤 표정을 자주 지으셔?",
            "A": "엄마는 지친 표정을 자주 지어요. 그래도 저 볼 때는 좀 웃어요."
        },
        {
            "Q": "엄마가 왜 그러시는 거 같아?",
            "A": "일이 힘들어서 그러시는 거 같아요."
        },
        {
            "Q": "엄마가 그런 표정을 지으시면 내 기분은 어때?",
            "A": "조금 씁쓸해요. 하고 싶은 말이 있어도 엄마가 너무 지쳐 보이셔서 말하기가 좀 그래요. 더 힘들어지실 거 같아서."
        },
        {
            "Q": "평소 센터 선생님은 어떤 표정을 자주 지으셔?",
            "A": "화내는 표정이요."
        },
        {
            "Q": "선생님이 왜 그런 표정을 지으시는 거 같아?",
            "A": "그건 잘 모르겠어요. 그냥 화가 많으신 거 같아요. 근데, 음/ 그 화를 저랑 거기 다니는 친구들한테 푸는 거 같아서 힘들어요."
        },
        {
            "Q": "선생님이 그런 표정을 지으시면 내 기분은 어때?",
            "A": "무섭고 조마조마해요."
        },
        {
            "Q": "형제자매가 있어?",
            "A": "아니요. 저 외동이에요."
        },
        {
            "Q": "친구들이랑 주로 뭐 하고 놀아?",
            "A": "친구들이랑은 축구하거나 이야기하거나 게임하거나 그래요."
        },
        {
            "Q": "몇 명이서 놀아?",
            "A": "다섯 명 넘게 같이 놀아요."
        },
        {
            "Q": "학교 담임 선생님은 좋아하는 편이야 안 좋아하는 편이야?",
            "A": "좋아해요."
        },
        {
            "Q": "어떤 점이 좋은데?",
            "A": "선생님 재밌어요. 우리가 알아듣기 쉽게 천천히 설명해 주시고 재밌는 활동도 많이 해요."
        },
        {
            "Q": "요즘 가장 큰 고민이 있어?",
            "A": "네. 있어요."
        },
        {
            "Q": "어떤 것 때문에 고민되는 거야?",
            "A": "센터 선생님에 대해서 엄마한테 이야기 하고 싶은데, 엄마가 일 때문에 지쳐 보이는 게 너무 느껴져서 말을 못하고 있어요."
        },
        {
            "Q": "이런 고민 때문에 생활이 불편하거나 힘들어?",
            "A": "네. 센터 선생님이 때려서 무섭고 아파요."
        },
        {
            "Q": "요즘 행복하다고 느껴?",
            "A": "잘 모르겠어요."
        },
        {
            "Q": "어떤 게 잘 모르겠어?",
            "A": "센터 안 다니고 싶어요. 엄마는 일 때문에 같이 못 있어  줘서 저를 센터에 보내주시는 거 같은데 저는 거기 가기 싫어요."
        },
        {
            "Q": "커서 되고 싶은 사람이나 꿈이 있다면 무엇인지 말해줄래?",
            "A": "잘 모르겠어요."
        },
        {
            "Q": "아직 되고 싶은 직업이 없어?",
            "A": "네. 어떤 직업이 있는지 몰라서요."
        },
        {
            "Q": "주로 나를 돌봐주는 어른은 누구야?",
            "A": "엄마요."
        },
        {
            "Q": "배가 고픈데 먹을 게 없어서 굶은 적 있어?",
            "A": "아니요. 집에 가면 항상 엄마가 간식 줘요."
        },
        {
            "Q": "어디 아픈 곳이 있는데 병원에 데려가지 않은 적 있어?",
            "A": "그런 적 없어요."
        },
        {
            "Q": "빨래가 되어 있지 않거나 사이즈가 안 맞는 옷이나 신발을 사용한 적이 있어?",
            "A": "아니요."
        },
        {
            "Q": "인터넷이나 휴대폰을 가지고 노는 시간은 하루에 몇 시간 정도야?",
            "A": "두 시간 정도만 해요."
        },
        {
            "Q": "피시방은 얼마나 자주 가?",
            "A": "아직 가본 적 없어요."
        },
        {
            "Q": "부모님이나 학교 선생님 때문에 슬프거나 화난 적 있어?",
            "A": "센터 선생님 때문에 화난 적 있어요."
        },
        {
            "Q": "선생님의 어떤 말이나 행동이 화나게 했어?",
            "A": "그냥 말 안 듣는다고 뭐라고 하고, 욕하고, 너네 엄마가 어떻게 키운 거냐고 하고, 아빠 없다고 뭐라 하고 그런 말들이 화났었어요."
        },
        {
            "Q": "어른들이 나를 어디 가두고 못 나오게 한 적 있어?",
            "A": "아니요. 그런 적은 없어요."
        },
        {
            "Q": "다른 사람들 앞에서도 혼나거나 다른 아이들과 비교하기도 해?",
            "A": "다른 애들한테도 똑같이 화내세요."
        },
        {
            "Q": "어른들이 나를 집에서 쫓아내거나 버리겠다고 말하거나 진짜 쫓아낸 적 있어?",
            "A": "아니요."
        },
        {
            "Q": "내가 무엇을 하려고 할 때 무조건 안 된다고 하거나, 하기 싫은데도 무조건 하라고 할 때가 있어?",
            "A": "네. 있었는데 기억은 잘 안 나요."
        },
        {
            "Q": "마음이 힘들 때 가족에게 내 마음을 이야기해?",
            "A": "가끔 해요, 엄마한테. 그런데 엄마가 힘들어 보이실 때가 많아서 센터 선생님에 대해서 말을 하려다가도 그냥 안 했어요."
        },
        {
            "Q": "주위 어른들 중에 나를 때린 적이 있는 사람이 있어?",
            "A": "네. 센터 선생님이요."
        },
        {
            "Q": "최근에 선생님이 나를 때린 적이 있어?",
            "A": "네."
        },
        {
            "Q": "센터 선생님이 나를 때리시는 이유가 뭐라고 생각해?",
            "A": "잘 모르겠어요. 근데 니가 뭔데 나를 무시하냐고 말하면서 때리세요."
        },
        {
            "Q": "어느 부위를 무엇으로 맞았어?",
            "A": "손이나 발로 맞았어요. 옷으로 가려져서 안 보이는 곳을 때리는 거 같아요. 그때는 몰랐었는데 제 팔을 너무 세게 당겨서 팔이 빠진 적도 있었어요."
        },
        {
            "Q": "평소에도 자주 때리셔?",
            "A": "네. 일주일에 한 번은 그러시는 거 같아요."
        },
        {
            "Q": "이렇게 다친 것 때문에, 병원에 가서 치료받은 적도 있어?",
            "A": "네. 그때 팔 빠진 날 선생님이 엄마한테는 애들끼리 놀다가 그랬다고 해서 엄마랑 병원 가서 팔 다시 넣고 왔어요."
        },
        {
            "Q": "병원에 입원한 적도 있어?",
            "A": "아니요."
        },
        {
            "Q": "내가 원하지 않는데도 누군가가 내 몸을 만지거나 보여달라고 한 적 있어?",
            "A": "없어요."
        },
        {
            "Q": "집에서 어른들끼리 소리 지르면서 싸우는 걸 듣거나 본 적 있어?",
            "A": "없어요."
        },
        {
            "Q": "친구들이 나를 자주 놀리거나 괴롭힌다고 느낀 적 있어?",
            "A": "그런 적 없어요."
        },
        {
            "Q": "언제 마음이 복잡하거나 힘들어?",
            "A": "선생님이 때릴 때요."
        },
        {
            "Q": "안 좋은 기억 때문에 괴로워서 죽고 싶다는 생각 한 적 있어?",
            "A": "그런 적은 없어요."
        },
        {
            "Q": "잠잘 때 주로 어떤 꿈을 꿔?",
            "A": "선생님이 때리는 꿈을 꿔요."
        },
        {
            "Q": "잠들기 힘들고 잠자는 중간에 자주 깼던 이유가 무섭거나 힘들었던 경험 때문이야?",
            "A": "네."
        },
        {
            "Q": "생각하고 싶지 않은데 자꾸 그 기억이 떠오른 적 있어?",
            "A": "네. 있어요. 일주일에 세 번은 그런 것 같아요."
        },
        {
            "Q": "이런 싫은 기억이 떠오를 때 어떻게 해?",
            "A": "어떻게 해야 안 떠오를 수 있는지 몰라서 그냥 마음속으로 노래 불러요."
        },
        {
            "Q": "꿈을 꾸고 일어나면 몸 상태가 어때?",
            "A": "힘들어요. 식은땀도 나고 심장이 너무 두근거려요."
        },
        {
            "Q": "어른들의 허락이나 말도 없이 오랫동안 나와 있었던 적 있어?",
            "A": "아니요."
        }
    ]
}