{
    "info": {
        "위기단계": "관찰필요"
    },
    "kids_ment": [
        {
            "Q": "친구는 최근에 건강해? 아니면 아픈 곳이 있어?",
            "A": "저 허리가 아파요."
        },
        {
            "Q": "언제부터 아팠어?",
            "A": "그건 잘 모르겠어요."
        },
        {
            "Q": "아팠던 이유가 있어?",
            "A": "의사 선생님이 의자에 앉아있을 때 자세가 문제여서 그렇다고 그랬어요."
        },
        {
            "Q": "이전에도 허리가 자주 아팠어?",
            "A": "네. 아픈지 좀 됐어요."
        },
        {
            "Q": "친구는 최근에 다친 적이 있어?",
            "A": "다친 적은 없어요. 괜찮아요."
        },
        {
            "Q": "친구는 뭘 할 때가 제일 즐거워?",
            "A": "저는 방탄 보는 게 제일 즐거워요."
        },
        {
            "Q": "방탄소년단을 볼 때 어떤 점이 즐거워?",
            "A": "제가 제일 좋아하는 그룹이니까 보면 즐거워요."
        },
        {
            "Q": "최근 일주일 동안 짜증이나 화가 난 적이 있어?",
            "A": "네. 허리가 아프면 짜증 나요."
        },
        {
            "Q": "허리가 자주 아파?",
            "A": "네. 자주 아파요 한 번 아프면 1~2주는 아픈 것 같아요."
        },
        {
            "Q": "그럼 만약 짜증이나 화가 났을 때, 어떻게 하면 마음이 풀려?",
            "A": "저는 방탄보면 화가 풀려요."
        },
        {
            "Q": "친구는 몇 시에 자고 몇 시에 일어나?",
            "A": "저는 열한 시에 자서 일곱 시에 일어나요."
        },
        {
            "Q": "아침에 일어났을 때, 몸 상태는 어때?",
            "A": "그냥 개운해요."
        },
        {
            "Q": "평소에 잠이 들기 힘들거나, 잠자는 중간에 자주 깨?",
            "A": "아니요. 잠은 잘 자요."
        },
        {
            "Q": "아버지는 평소에 어떤 표정을 자주 보여줘?",
            "A": "아빠 표정은 잘 모르겠는데, 좀 잘 웃는 편인 것 같아요."
        },
        {
            "Q": "그런 표정을 짓는 이유가 뭐인 것 같아?",
            "A": "그냥 우리 아빠 성격이 좋아서요."
        },
        {
            "Q": "그 표정을 볼 때, 친구 기분은 어때?",
            "A": "아빠랑 놀면 재밌어요. 아빠가 방탄 굿즈 많이 사줘요."
        },
        {
            "Q": "어머니는 평소에 어떤 표정을 자주 보여줘?",
            "A": "엄마도 아빠처럼 잘 웃는 편인 것 같아요."
        },
        {
            "Q": "엄마가 그런 표정을 짓는 이유가 뭐인 것 같아?",
            "A": "엄마도 성격이 좋아서 그런 것 같아요."
        },
        {
            "Q": "그 표정을 볼 때, 친구 기분은 어때?",
            "A": "엄마랑 있으면 기분 좋아요."
        },
        {
            "Q": "친구는 형제자매가 있어?",
            "A": "아니요. 없어요."
        },
        {
            "Q": "친구들이랑은 주로 뭐 하고 놀아?",
            "A": "친구들이랑도 아이돌 보면서 놀아요."
        },
        {
            "Q": "주로 몇 명이서 놀아?",
            "A": "저랑 같이 세 명이 아이돌 엄청 좋아해서 같이 놀아요."
        },
        {
            "Q": "친구는 담임 선생님을 좋아해? 아니면 싫어해?",
            "A": "담임 선생님 좋아해요."
        },
        {
            "Q": "담임 선생님이 어떤 부분에서 좋아?",
            "A": "그냥 잘 챙겨주시는 것 같아서 좋아요. 착해요."
        },
        {
            "Q": "친구는 요즘 가장 큰 걱정거리는 뭐야?",
            "A": "걱정거리는 없어요."
        },
        {
            "Q": "친구는 요즘 행복하다고 느껴?",
            "A": "행복하긴 한데, 방탄이 군대 가서 좀 슬퍼요."
        },
        {
            "Q": "어떤 점에서 행복했어?",
            "A": "그래도 남은 멤버들이 라이브 방송 열심히 해줘서 고마워요."
        },
        {
            "Q": "친구는 커서 어떤 사람이 되고 싶어?",
            "A": "저는 연예인 매니저가 되고 싶어요."
        },
        {
            "Q": "연예인 매니저가 되고 싶은 이유가 있어?",
            "A": "연예인 매니저 되면 아이돌들 많이 만날 수 있을 것 같아서요."
        },
        {
            "Q": "집에서 주로 친구를 돌봐주는 어른은 누구야?",
            "A": "엄마인 것 같아요."
        },
        {
            "Q": "배가 고픈데 먹을 게 없어서 굶은 적 있어?",
            "A": "아니요. 그런 적 없어요."
        },
        {
            "Q": "저녁에 친구를 집에 혼자 두고 어른들이 나가거나, 갑자기 말도 없이 나가서 안 들어온 적이 있어?",
            "A": "아니요. 밤에 나가시진 않으세요."
        },
        {
            "Q": "어디 아픈 곳이 있는데 어른들이 병원에 데려가지 않은 적이 있어?",
            "A": "아니요. 아프면 바로 병원으로 가요."
        },
        {
            "Q": "빨래가 되어 있지 않거나, 옷이나 신발 사이즈가 작은 걸 입거나 신고 다닌 적이 있어?",
            "A": "아니요. 그런 적 없어요."
        },
        {
            "Q": "인터넷이나 휴대폰을 가지고 노는 시간은 하루에 몇 시간 정도야?",
            "A": "네 시간 정도는 하는 것 같아요."
        },
        {
            "Q": "너무 많이 한다고 어른들이 뭐라고 하시지는 않아?",
            "A": "밤에도 하면 그만하고 자라고 하시긴 해요."
        },
        {
            "Q": "피시방 같은 곳을 자주 가?",
            "A": "아니요. 피시방은 잘 안 가요"
        },
        {
            "Q": "어른들이 학교에 참석해야 하는 행사에 잘 오셔?",
            "A": "네. 엄마가 항상 오세요."
        },
        {
            "Q": "부모님이나 선생님 때문에 슬프거나 화가 난 적이 있어?",
            "A": "아니요. 그런 적 한 번도 없었어요."
        },
        {
            "Q": "주위 어른들 중에 친구를 때린 적 있는 사람이 있어?",
            "A": "아니요. 없었어요."
        },
        {
            "Q": "친구가 원하지 않는데도 누가 몸을 만지거나 보여달라고 한 적 있어?",
            "A": "아니요. 그런 사람은 없었어요."
        },
        {
            "Q": "집에서 어른들끼리 소리 지르면서 싸우는 걸 듣거나 본 적이 있어?",
            "A": "아니요. 우리 부모님 싸우는 걸 본 적이 없어요."
        },
        {
            "Q": "친구들이 자주 놀리거나 괴롭힌다고 느낀 적이 있어?",
            "A": "아니요. 친구들이랑 엄청 잘 놀아요."
        },
        {
            "Q": "친구는 어떨 때 마음이 복잡하거나 힘들어?",
            "A": "그런 적이 없어서 잘 모르겠어요."
        },
        {
            "Q": "친구는 잠잘 때 주로 어떤 꿈을 꿔?",
            "A": "방탄이 군대 전역하고 복귀 무대 꿈을 자주 꿔요."
        },
        {
            "Q": "친구는 가출했던 적 있어?",
            "A": "아니요. 그런 적 한 번도 없었어요."
        }
    ]
}