{
    "info": {
        "위기단계": "응급"
    },
    "kids_ment": [
        {
            "Q": "친구는 최근에 건강해요?",
            "A": "네. 아프지는 않아요."
        },
        {
            "Q": "최근에 다쳤었던 적이 있었어요?",
            "A": "다친 적도 없었어요."
        },
        {
            "Q": "친구는 뭘 할 때가 즐거워요?",
            "A": "저도 잘 모르겠어요."
        },
        {
            "Q": "즐겁다고 느끼지 못한 게 언제부터예요?",
            "A": "엄청 오래 지났어요. 그냥 제 기억이 남아있는 순간부터 즐겁지가 않은 것 같아요."
        },
        {
            "Q": "최근 일주일 동안 짜증이나 화가 난 적이 있어요?",
            "A": "네. 아빠가 엄마 때리거나, 저한테 욕 하는 거 보면 짜증 나고 화가 나요."
        },
        {
            "Q": "그런 일이 자주 일어나요?",
            "A": "네. 일주일에 한두 번은 그러는 것 같아요."
        },
        {
            "Q": "그럼 평소에 짜증이나 화가 났을 때, 어떻게 하면 마음이 풀려요?",
            "A": "마음이 풀리지가 않아요."
        },
        {
            "Q": "친구는 몇 시에 자고, 몇 시에 일어나요?",
            "A": "저는 여섯 시간 정도는 자는 것 같아요."
        },
        {
            "Q": "아침에 일어났을 때, 몸 상태는 어때요?",
            "A": "졸리고 피곤한 것 같아요."
        },
        {
            "Q": "평소에 잠이 들기 힘들거나, 잠자는 중간에 자주 깨요?",
            "A": "네. 좀 자주 깨요."
        },
        {
            "Q": "평소에 아버지는 어떤 표정을 자주 보여요?",
            "A": "그냥 맨날 화내는 것 같아요."
        },
        {
            "Q": "그 표정을 짓는 이유가 뭐인 것 같아요?",
            "A": "저도 몰라요. 화가 많아요."
        },
        {
            "Q": "그 표정을 볼 때, 친구는 기분이 어때요?",
            "A": "맨날 때리니까 무서워요."
        },
        {
            "Q": "어머니는 평소에 어떤 표정을 자주 보여요?",
            "A": "엄마는 맨날 울어요."
        },
        {
            "Q": "그 표정을 짓는 이유가 뭐인 것 같아요?",
            "A": "아빠가 때리니까요."
        },
        {
            "Q": "그 표정을 볼 때, 친구는 기분이 어때요?",
            "A": "불쌍하고, 아빠가 미워요."
        },
        {
            "Q": "친구는 형제자매가 있어요?",
            "A": "아니요. 없어요."
        },
        {
            "Q": "친구들이랑 주로 뭐 하고 놀아요?",
            "A": "친구들이랑은 그냥 놀이터에 많이 있는 것 같아요."
        },
        {
            "Q": "몇 명이서 놀아요?",
            "A": "한 여섯 명이 같이 놀아요."
        },
        {
            "Q": "친구는 담임 선생님 좋아해요?",
            "A": "네. 좋아하죠."
        },
        {
            "Q": "좋아하는 이유가 있어요?",
            "A": "그냥 좀 착하신 것 같아서요."
        },
        {
            "Q": "친구는 요즘 가장 큰 걱정거리가 뭐예요?",
            "A": "아빠가 엄마 때리고 막 저한테 욕하고 그럴 때마다 너무 슬퍼요."
        },
        {
            "Q": "그런 걱정 때문에 생활이 불편하거나 힘들어요?",
            "A": "네. 너무 힘들어요. 아빠가 없었으면 좋겠어요."
        },
        {
            "Q": "친구는 요즘 행복하다고 느껴요?",
            "A": "아니요. 행복하지 않아요."
        },
        {
            "Q": "행복하지 않다고 느끼는 이유가 있어요?",
            "A": "아빠가 있어서요."
        },
        {
            "Q": "친구는 꿈이 있어요?",
            "A": "아니요. 없어요."
        },
        {
            "Q": "해보고 싶은 일이 없어요?",
            "A": "네. 아직은 잘 모르겠어요 아무것도 하고 싶지가 않아요."
        },
        {
            "Q": "집에서 주로 친구를 돌봐주는 어른은 누구예요?",
            "A": "엄마가 항상 봐주세요."
        },
        {
            "Q": "배가 고픈데 먹을 게 없어서 굶은 적이 있어요?",
            "A": "아니요. 엄마가 항상 챙겨주세요."
        },
        {
            "Q": "저녁에 친구를 혼자 두고 어른들이 나가거나, 말도 없이 집을 나가서 안 들어온 적이 있어요?",
            "A": "아니요. 엄마는 항상 있고 아빠는 나가기도 해요."
        },
        {
            "Q": "어디 아픈 곳이 있는데 어른들이 병원에 데려가지 않은 적이 있어요?",
            "A": "아니요. 아프면 엄마가 바로 병원 데려가요."
        },
        {
            "Q": "빨래가 되어 있지 않아서 더럽고 냄새나는 옷을 입어야 한 적이 있어요?",
            "A": "아니요. 그런 적 없어요."
        },
        {
            "Q": "옷이나 신발 사이즈가 작은 걸 입거나 신고 다닌 적이 있어요?",
            "A": "아니요. 없어요."
        },
        {
            "Q": "인터넷이나 휴대폰을 가지고 노는 시간은 하루에 몇 시간 정도예요?",
            "A": "세 시간 정도는 하는 것 같아요."
        },
        {
            "Q": "너무 많이 한다고 어른들이 뭐라고 하지는 않았어요?",
            "A": "네. 뭐라고 안 하세요."
        },
        {
            "Q": "피시방 같은 곳을 얼마나 자주 갔어요?",
            "A": "피시방 안 가봤어요."
        },
        {
            "Q": "어른들이 학교에 참여해야 하는 행사에 잘 오세요?",
            "A": "엄마가 몸에 멍들어 있으면, 안 오시긴 해요."
        },
        {
            "Q": "부모님이나 선생님 때문에 슬프거나 화가 난 적이 있어요?",
            "A": "네. 아빠가 엄마 때리거나, 저한테 욕 하면 슬퍼요."
        },
        {
            "Q": "부모님의 어떤 말이나 행동이 친구를 화나게 해요?",
            "A": "저한테 잔소리 좀 하지 말라고 하면서 욕해요. 그리고 엄마 막 때리고 목 조르고 그래요."
        },
        {
            "Q": "친구를 어디에 가두고 못 나오게 한 적이 있어요?",
            "A": "아니요. 그런 적 없어요."
        },
        {
            "Q": "다른 사람들 앞에서 혼날 때가 있어요?",
            "A": "그랬던 적은 없었어요."
        },
        {
            "Q": "어른들이 친구와 다른 아이들을 비교해요?",
            "A": "아니요. 비교하지는 않았어요."
        },
        {
            "Q": "어른들이 친구를 집에서 쫓아내거나 버리겠다고 말하거나 진짜 쫓아낸 적이 있어요?",
            "A": "아니요. 그런 적은 없어요."
        },
        {
            "Q": "친구가 뭘 하려고 할 때, 무조건 안 된다고 하거나, 하기 싫은데도 무조건 하라고 할 때가 있어요?",
            "A": "네. 강아지 내보내라고 해서 싫다니까 막 욕하고 그랬어요."
        },
        {
            "Q": "마음이 힘들 때, 누구한테 마음을 얘기해요?",
            "A": "엄마랑 친구한테 얘기해요."
        },
        {
            "Q": "주위 어른들 중에 친구를 때린 적이 있는 사람이 있어요?",
            "A": "저는 아직 맞아본 적은 없어요."
        },
        {
            "Q": "친구한테 누가 몸을 만지거나 보여달라고 한 적 있어요?",
            "A": "아니요. 그런 적도 없었어요."
        },
        {
            "Q": "집에서 어른들끼리 소리 지르면서 싸우는 걸 듣거나 본 적이 있어요?",
            "A": "네. 자주 싸워요."
        },
        {
            "Q": "어떻게 싸웠어요?",
            "A": "저한테 아빠가 욕한 걸로 엄마가 뭐라고 하니까 막 얼굴 때리고 나중에는 막 밀치고 목도 졸랐어요."
        },
        {
            "Q": "그때 어른들이 술을 마신 상태였어요?",
            "A": "아니요. 술은 안 먹었어요."
        },
        {
            "Q": "그렇게 싸울 때 친구한테 안 좋은 소리를 해요?",
            "A": "안 싸울 때 저한테 나쁜 말 해요."
        },
        {
            "Q": "이런 일 때문에 집에 나와서 있어야 한 적이 있어요?",
            "A": "아니요. 나간 적은 없어요."
        },
        {
            "Q": "이런 일 때문에 집에 경찰이나 다른 사람이 온 적이 있어요?",
            "A": "네. 있어요."
        },
        {
            "Q": "경찰이 오고 나서도 이런 일이 반복된 적 있어요?",
            "A": "네. 또 그랬어요."
        },
        {
            "Q": "친구들이 자주 놀리거나 괴롭힌다고 느낀 적이 있어요?",
            "A": "아니요. 없었어요."
        },
        {
            "Q": "어떨 때 마음이 복잡하거나 힘들어요?",
            "A": "맨날 힘든 것 같아요. 아빠 때문에요."
        },
        {
            "Q": "가정불화에 대한 기억 때문에 괴로워서 죽고 싶다는 생각을 한 적 있어요?",
            "A": "아니요. 그렇지는 않았어요."
        },
        {
            "Q": "잠잘 때 주로 어떤 꿈을 꿔요?",
            "A": "저 아빠가 엄마랑 저 막 때리는 꿈이요."
        },
        {
            "Q": "잠자는 중간에 자주 깼던 이유가 그런 꿈 때문인가요?",
            "A": "네. 그런 것 같아요."
        },
        {
            "Q": "생각하고 싶지 않은데도 자꾸 그 기억이 떠오른 적이 있어요?",
            "A": "네. 맨날 생각나요."
        },
        {
            "Q": "그런 싫은 기억이 떠오를 때 어떻게 해요?",
            "A": "그냥 혼자 울거나 그래요."
        },
        {
            "Q": "꿈을 꾸고 일어나면 몸 상태가 어때요?",
            "A": "막 가슴도 뛰고, 땀도 나고 그러는 것 같아요."
        },
        {
            "Q": "친구는 가출했던 적 있어요?",
            "A": "아니요. 가출했던 적 한 번도 없어요. 그럼 엄마가 혼자잖아요."
        }
    ]
}