{
    "info": {
        "위기단계": "정상군"
    },
    "kids_ment": [
        {
            "Q": "최근 건강은 어떤 것 같아? 아픈 곳은 없어?",
            "A": "네."
        },
        {
            "Q": "다친 곳은 없어?",
            "A": "네. 없어요."
        },
        {
            "Q": "어떤 걸 할 때가 즐거워?",
            "A": "친구들이랑 놀 때요."
        },
        {
            "Q": "어떤 점이 즐거운 것 같아?",
            "A": "친구들이랑 놀면 재밌으니까요."
        },
        {
            "Q": "최근 일주일 동안 짜증이나 화가 난 적 있어?",
            "A": "짜증 난 적 있는 것 같아요."
        },
        {
            "Q": "어떤 것 때문에 그렇게 느낀 것 같아?",
            "A": "동생이 제가 숨겨놓은 초콜릿 몰래 꺼내서 먹어서요."
        },
        {
            "Q": "평소에 그런 기분이 들면 어떻게 해?",
            "A": "그냥 짜증 내요."
        },
        {
            "Q": "평소에 몇 시에 자고, 몇 시에 일어나?",
            "A": "열 시에 자서, 일곱 시에 일어나요."
        },
        {
            "Q": "아침에 일어났을 때 피곤하거나 몸이 무겁진 않아?",
            "A": "네, 안 그래요."
        },
        {
            "Q": "잠들기 힘들거나 자다가 중간에 깨진 않아?",
            "A": "그렇진 않아요."
        },
        {
            "Q": "같이 사는 가족은 누구누구야?",
            "A": "엄마랑 아빠랑 동생이요."
        },
        {
            "Q": "평소 부모님이 가장 많이 지으시는 표정은 어떤 거야?",
            "A": "둘 다 웃는 표정이요."
        },
        {
            "Q": "어떨 때 그런 표정을 지으시는 것 같아?",
            "A": "저랑 동생이랑 같이 있을 때마다 그런 것 같아요."
        },
        {
            "Q": "같이 사는 가족은 누구누구야?",
            "A": "엄마랑 아빠랑 동생이요."
        },
        {
            "Q": "평소 부모님이 가장 많이 지으시는 표정은 어떤 거야?",
            "A": "둘 다 웃는 표정이요."
        },
        {
            "Q": "어떨 때 그런 표정을 지으시는 것 같아?",
            "A": "저랑 동생이랑 같이 있을 때마다 그런 것 같아요."
        },
        {
            "Q": "형제나 자매는 몇 명이야?",
            "A": "남동생 한 명이요."
        },
        {
            "Q": "사이는 어때?",
            "A": "그냥 그래요"
        },
        {
            "Q": "어떤 점 때문에 그렇게 느껴?",
            "A": "동생이 말 잘 들으면 귀엽고 좋은데 자기 맘대로 하고 제 간식 뺏어 먹고 그럴 때는 미워서요."
        },
        {
            "Q": "그래서 동생이 싫은 것 같아?",
            "A": "아니요, 안 싫어요."
        },
        {
            "Q": "동생이랑 우리 친구를 부모님이 차별하는 것 같아?",
            "A": "아니요, 그런 거 안 해요."
        },
        {
            "Q": "친구들이랑 주로 뭐 하고 놀아?",
            "A": "축구도 하고 게임도 하고 놀아요."
        },
        {
            "Q": "친구들이랑 놀면 기분이 어때?",
            "A": "재밌어요."
        },
        {
            "Q": "담임선생님은 좋아, 싫어?",
            "A": "좋은 것 같아요."
        },
        {
            "Q": "어떤 점 때문에 그렇게 생각하는 것 같아?",
            "A": "그냥 선생님 좋아서요."
        },
        {
            "Q": "요즘 걱정하는 게 있어?",
            "A": "네."
        },
        {
            "Q": "어떤 게 걱정이야?",
            "A": "공부가 너무 어려워져서요."
        },
        {
            "Q": "그 걱정 때문에 한 달에 몇 번 정도 힘들거나 불편하다고 느끼는 것 같아?",
            "A": "힘들거나 불편할 정도는 아니에요."
        },
        {
            "Q": "요즘 행복한 거 같아?",
            "A": "네."
        },
        {
            "Q": "어떤 점이 행복한 거 같아?",
            "A": "그냥 다 좋은 것 같아서요."
        },
        {
            "Q": "나중에 어떤 사람이 되고 싶어?",
            "A": "뭐가 되고 싶은지 잘 모르겠어요."
        },
        {
            "Q": "하고 싶은 일이 없어?",
            "A": "아니요, 그게 아니라 그냥 제가 뭐 하고 싶은지 잘 모르겠어요."
        },
        {
            "Q": "주로 집에서 돌봐주는 사람은 누구야?",
            "A": "엄마요."
        },
        {
            "Q": "배가 고픈데 밥을 챙겨주지 않아서 굶은 적이 있어?",
            "A": "아니요."
        },
        {
            "Q": "빨래가 안 돼서 냄새나고 불쾌한 옷을 입은 적 있어?",
            "A": "아니요."
        },
        {
            "Q": "크기가 맞지 않는 옷을 입거나 신발을 신은 적 있어?",
            "A": "그런 적 없어요."
        },
        {
            "Q": "아플 때 어른들이 병원에 데려가지 않은 적 있어?",
            "A": "항상 데려가 줘요."
        },
        {
            "Q": "운동회나 수업 참관 같은 학교행사에 잘 오시는 편이야?",
            "A": "네, 엄마가 항상 와요."
        },
        {
            "Q": "인터넷이나 휴대폰을 하루에 몇 시간 정도 하는 것 같아?",
            "A": "네 시간이요."
        },
        {
            "Q": "인터넷이나 휴대폰을 많이 한다고 어른들이 뭐라고 하진 않아?",
            "A": "엄마가 뭐라고 해요."
        },
        {
            "Q": "피시방 같은 곳을 자주 가는 편이야?",
            "A": "친구들이랑 가끔 가요."
        },
        {
            "Q": "한 달에 몇 번 정도 가는 것 같아?",
            "A": "두 번 정도요."
        },
        {
            "Q": "부모님이나 선생님이나 주위 어른들 때문에 화나거나 슬픈 적 있어?",
            "A": "아빠 때문에 슬픈 적 있어요."
        },
        {
            "Q": "어떤 말이나 행동 때문에 그렇게 느꼈어?",
            "A": "제가 숙제 안 하고 그냥 놀았는데 아빠가 혼내서요."
        },
        {
            "Q": "어른들이 방이나 다른 곳에 가두고 못 나오게 한 적 있어?",
            "A": "아니요."
        },
        {
            "Q": "다른 사람 앞에서 혼난 적 있어?",
            "A": "아니요."
        },
        {
            "Q": "어른들이 다른 아이들이랑 비교할 때 있어?",
            "A": "아니요."
        },
        {
            "Q": "어른들이 집에서 쫓아낸다고 하거나 버리겠다고 하거나 진짜 쫓아낸 적 있어?",
            "A": "안 그래요."
        },
        {
            "Q": "뭔가 하려고 할 때 무조건 안 된다고 하거나, 하기 싫은데도 무조건 하라고 한 적 있어?",
            "A": "방 치우거나 그런 거 하기 싫은데, 엄마가 맨날 치우라고 해요."
        },
        {
            "Q": "마음이 힘들 때 누구에게 말해?",
            "A": "엄마랑 아빠요."
        },
        {
            "Q": "주위 어른들 중에 몸을 아프게 하거나 때린 사람이 있어?",
            "A": "아니요."
        },
        {
            "Q": "누군가 원하지 않는데도 몸을 만지거나 보여달라고 한 적 있어?",
            "A": "그런 적 없어요."
        },
        {
            "Q": "집에서 어른들이 소리 지르면서 싸우는 걸 듣거나 본 적 있어?",
            "A": "아니요."
        },
        {
            "Q": "어른들이 술을 마시고, 친구에게 무섭게 행동하거나 말할 때가 있어?",
            "A": "아무도 안 그래요."
        },
        {
            "Q": "친구들이 자주 놀리거나 괴롭히거나 따돌린다고 느낀 적 있어?",
            "A": "아니요."
        },
        {
            "Q": "어떨 때 마음이 복잡하거나 힘들어?",
            "A": "그런 적은 없는 것 같아요."
        },
        {
            "Q": "잠잘 때 어떤 꿈을 꾸는 편이야?",
            "A": "하늘 나는 꿈도 꾸고 갑자기 떨어지는 꿈도 꿔요."
        },
        {
            "Q": "기분 나쁜 꿈인 것 같아?",
            "A": "아니요, 재밌어요."
        },
        {
            "Q": "가출을 해보거나 아는 사람들 중에 가출 한 사람이 있어?",
            "A": "없어요."
        }
    ]
}