{
    "info": {
        "위기단계": "상담필요"
    },
    "kids_ment": [
        {
            "Q": "요즘 아프거나 다친 곳 있어?",
            "A": "네, 없어요."
        },
        {
            "Q": "어떤 걸 할 때가 즐거워?",
            "A": "유튜브 볼 때요."
        },
        {
            "Q": "어떤 점이 즐거운 것 같아?",
            "A": "유튜브 재밌어서요."
        },
        {
            "Q": "최근 일주일 동안 짜증이나 화가 난 적 있어?",
            "A": "네."
        },
        {
            "Q": "어떤 일 때문에 그렇게 느낀 것 같아?",
            "A": "몰라요. 요즘 그냥 갑자기 짜증 나요."
        },
        {
            "Q": "평소에 그런 기분이 들면 어떻게 해?",
            "A": "그냥 유튜브 재밌는 거 틀어서 웃으려고 해요."
        },
        {
            "Q": "평소에 몇 시에 자고, 몇 시에 일어나?",
            "A": "열한 시에 자서, 일곱 시 반에 일어나요."
        },
        {
            "Q": "아침에 일어났을 때, 피곤하거나 몸이 무겁진 않아?",
            "A": "네, 안 그래요."
        },
        {
            "Q": "잠들기 힘들거나, 자다가 중간에 깨진 않아?",
            "A": "네, 그런 거 없어요."
        },
        {
            "Q": "같이 사는 가족은 누구누구야?",
            "A": "엄마랑 아빠요."
        },
        {
            "Q": "평소 부모님이 가장 많이 지으시는 표정은 어떤 거야?",
            "A": "웃는 표정인 것 같아요."
        },
        {
            "Q": "어떨 때 그런 표정을 지으시는 것 같아?",
            "A": "제가 엄마랑 아빠 부를 때랑 밥 먹을 때랑 많아요."
        },
        {
            "Q": "같이 사는 가족은 누구누구야?",
            "A": "엄마랑 아빠요."
        },
        {
            "Q": "평소 부모님이 가장 많이 지으시는 표정은 어떤 거야?",
            "A": "웃는 표정인 것 같아요."
        },
        {
            "Q": "어떨 때 그런 표정을 지으시는 것 같아?",
            "A": "제가 엄마랑 아빠 부를 때랑 밥 먹을 때랑 많아요."
        },
        {
            "Q": "친구들이랑 주로 뭐 하고 놀아?",
            "A": "유튜브도 보고 얘기도 하고 놀아요."
        },
        {
            "Q": "친구들이랑 놀면 기분이 어때?",
            "A": "재밌어요."
        },
        {
            "Q": "담임선생님은 좋아 싫어?",
            "A": "좋았는데 이제 싫어요."
        },
        {
            "Q": "어떤 점 때문에 그렇게 생각하는 것 같아?",
            "A": "선생님이 이상한 거 해서요."
        },
        {
            "Q": "담임선생님이 다른 아이들이랑 차별하시는 것 같아?",
            "A": "저한테만 좀 더 잘해줘요. 이상해요."
        },
        {
            "Q": "요즘 걱정하는 게 있어?",
            "A": "네."
        },
        {
            "Q": "어떤 게 걱정이야?",
            "A": "선생님이 자꾸 무릎에 앉으라고 해서요."
        },
        {
            "Q": "그 걱정 때문에 한 달에 몇 번 정도 힘들거나 불편하다고 느끼는 것 같아?",
            "A": "힘들진 않은데 한 달에 한 번 정도 불편해요."
        },
        {
            "Q": "요즘 행복한 것 같아?",
            "A": "네."
        },
        {
            "Q": "어떤 점이 행복한 거 같아?",
            "A": "그냥 다 괜찮아서요."
        },
        {
            "Q": "나중에 어떤 사람이 되고 싶어?",
            "A": "유튜버요."
        },
        {
            "Q": "그렇게 되고 싶다고 생각한 이유는 뭐야?",
            "A": "저도 좋은 콘텐츠 만들어서 사람들한테 즐거움을 주고 싶어서요."
        },
        {
            "Q": "주로 집에서 돌봐주는 사람은 누구야?",
            "A": "엄마요."
        },
        {
            "Q": "배가 고픈데 밥을 챙겨주지 않아서 굶어본 적이 있어?",
            "A": "아니요."
        },
        {
            "Q": "빨래가 안 돼서 냄새나고 불쾌한 옷을 입은 적 있어?",
            "A": "아니요."
        },
        {
            "Q": "크기가 맞지 않는 옷을 입거나 신발을 신은 적 있어?",
            "A": "없는 것 같아요."
        },
        {
            "Q": "아플 때 어른들이 병원에 데려가지 않은 적 있어?",
            "A": "그런 적 없어요."
        },
        {
            "Q": "운동회나 수업 참관 같은 학교행사에 잘 오시는 편이야?",
            "A": "네. 엄마가 항상 와요."
        },
        {
            "Q": "인터넷이나 휴대폰을 하루에 몇 시간 정도 하는 것 같아?",
            "A": "세 시간 넘게요."
        },
        {
            "Q": "인터넷이나 휴대폰을 많이 한다고 어른들이 뭐라고 하진 않아?",
            "A": "엄마가 뭐라고 해요."
        },
        {
            "Q": "피시방 같은 곳을 자주 가는 편이야?",
            "A": "아니요."
        },
        {
            "Q": "부모님이나 선생님이나 주위 어른들 때문에 화나거나 슬픈 적 있어?",
            "A": "아니요."
        },
        {
            "Q": "어른들이 방이나 다른 곳에 가두고 못 나오게 한 적 있어?",
            "A": "없는 것 같아요."
        },
        {
            "Q": "다른 사람 앞에서 혼난 적 있어?",
            "A": "아니요."
        },
        {
            "Q": "어른들이 다른 아이들이랑 비교할 때 있어?",
            "A": "아니요."
        },
        {
            "Q": "어른들이 집에서 쫓아낸다고 하거나 버리겠다고 하거나 진짜 쫓아낸 적 있어?",
            "A": "없어요."
        },
        {
            "Q": "뭔가 하려고 할 때 무조건 안 된다고 하거나, 하기 싫은데도 무조건 하라고 한 적 있어?",
            "A": "아니요. 없어요."
        },
        {
            "Q": "마음이 힘들 때 누구에게 말해?",
            "A": "엄마요."
        },
        {
            "Q": "주위 어른들 중에 몸을 아프게 하거나 때린 사람이 있어?",
            "A": "아니요."
        },
        {
            "Q": "누군가 원하지 않는데도 몸을 만지거나 보여달라고 한 적 있어?",
            "A": "담임선생님이 막 무릎 위에 앉으라고 하고 뽀뽀했어요."
        },
        {
            "Q": "한 달에 몇 번 정도 그랬어?",
            "A": "딱 한 번이요."
        },
        {
            "Q": "부끄럽고 창피한 걸 시킨 사람이 있어?",
            "A": "아니요."
        },
        {
            "Q": "속옷 입는 부위에 상처가 나거나 다쳐서 병원에 간 적 있어?",
            "A": "아니요."
        },
        {
            "Q": "친구의 몸을 사진이나 동영상을 찍기 싫은데 찍은 사람이 있어?",
            "A": "없어요."
        },
        {
            "Q": "인터넷이나 휴대폰을 통해 알게 된 사람이 속옷 입는 부위를 사진이나 영상으로 찍어서 보내달라고 한 적 있어?",
            "A": "아니요."
        },
        {
            "Q": "친구의 신체 사진이나 동영상이 인터넷에 올라오거나 그걸 누가 본 적 있어?",
            "A": "아니요."
        },
        {
            "Q": "인터넷이나 휴대폰을 통해 알게 된 사람을 실제로 만난 적 있어?",
            "A": "그런 거 안 해요."
        },
        {
            "Q": "집에서 어른들이 소리 지르면서 싸우는 걸 듣거나 본 적 있어?",
            "A": "아니요."
        },
        {
            "Q": "어른들이 술을 마시고 친구에게 무섭게 행동하거나 말할 때가 있어?",
            "A": "아니요."
        },
        {
            "Q": "친구들이 자주 놀리거나 괴롭히거나 따돌린다고 느낀 적 있어?",
            "A": "아니요."
        },
        {
            "Q": "어떨 때 마음이 복잡하거나 힘들어?",
            "A": "딱히 그런 적 없는 것 같아요."
        },
        {
            "Q": "잠잘 때 꿈을 꾸는 편이야?",
            "A": "아니요."
        },
        {
            "Q": "가출을 해보거나 아는 사람들 중에 가출 한 사람이 있어?",
            "A": "없어요."
        }
    ]
}