{
    "info": {
        "위기단계": "상담필요"
    },
    "kids_ment": [
        {
            "Q": "최근에 건강한가요? 아니면 아픈 곳이 있어요?",
            "A": "크게 아픈 데는 없어요."
        },
        {
            "Q": "최근에 다쳤던 적이 있나요?",
            "A": "네."
        },
        {
            "Q": "어디를 다쳤나요?",
            "A": "발가락에 금 갔어요."
        },
        {
            "Q": "언제 다쳤나요?",
            "A": "저번 주예요."
        },
        {
            "Q": "어쩌다가 다친 거예요? 왜 다쳤나요?",
            "A": "태권도장에서 친구들이랑 맨발로 축구하다가 다쳤어요."
        },
        {
            "Q": "뭘 할 때 즐거워요?",
            "A": "피시방에서 롤 할 때요."
        },
        {
            "Q": "피시방에서 롤 할 때 어떤 점이 즐거운가요?",
            "A": "이기면 기분이 좋아요."
        },
        {
            "Q": "최근 일주일 동안 짜증이나 화가 난 적이 있나요?",
            "A": "네. 아빠 때문에 화났어요."
        },
        {
            "Q": "무엇 때문에 짜증이나 화가 났나요?",
            "A": "아빠가 저한테 맨날 꼴 보기 싫으니까 나가래요."
        },
        {
            "Q": "그런 일이 자주 일어나나요?",
            "A": "한 달에 한두 번 정도 그래요."
        },
        {
            "Q": "평소에 짜증이나 화가 났을 때, 어떻게 하면 마음이 풀려요?",
            "A": "그냥 놀이터에서 울어요."
        },
        {
            "Q": "몇 시에 자고, 몇 시에 일어나나요?",
            "A": "세 시에 자고 여덟 시에 일어나요."
        },
        {
            "Q": "아침에 일어났을 때, 몸 상태는 어때요?",
            "A": "피곤해요."
        },
        {
            "Q": "평소에 잠들기 힘들거나, 잠자는 중간에 자주 깨나요?",
            "A": "네. 아빠가 밤새 게임 해서 엄청 시끄러워서 잠들기가 힘들어요."
        },
        {
            "Q": "아버지는 어떤 표정을 자주 짓나요?",
            "A": "화내는 표정을 자주 짓는 것 같아요."
        },
        {
            "Q": "아빠가 화내면 기분이 어때요?",
            "A": "저도 기분이 안 좋아요."
        },
        {
            "Q": "아버지가 화를 자주 내나요?",
            "A": "네. 아빠는 틈만 나면 소리 지르고 화내요."
        },
        {
            "Q": "형제자매가 있나요?",
            "A": "아니요. 없어요."
        },
        {
            "Q": "친구들이랑 뭐 하고 놀아요?",
            "A": "피시방에서 롤 하거나 발로란트나 오버워치 해요."
        },
        {
            "Q": "주로 몇 명이 놀아요?",
            "A": "그때그때 다른데 일곱 명이서 해요."
        },
        {
            "Q": "담임선생님을 좋아하나요. 싫어하나요?",
            "A": "좋아해요."
        },
        {
            "Q": "담임 선생님이 어떤 부분에서 좋아요?",
            "A": "가끔 제가 좋아할 만한 책을 선물해 주세요."
        },
        {
            "Q": "요즘 제일 걱정되는 게 뭐예요?",
            "A": "할머니가 잘 계시는지 걱정돼요. 벌써 안 본 지 6개월이나 됐어요."
        },
        {
            "Q": "걱정거리 때문에 생활이 불편하거나 힘든가요?",
            "A": "아니요. 그렇지는 않아요. 그냥 한 달에 한두 번 생각나는 정도예요."
        },
        {
            "Q": "요즘 행복한 것 같아요?",
            "A": "네."
        },
        {
            "Q": "어떤 점에서 행복했어요?",
            "A": "저희 집 앞에 엄청 큰 도서관이 생겼거든요. 만화책도 있대요. 너무 좋아요."
        },
        {
            "Q": "커서 어떤 사람이 되고 싶어요?",
            "A": "도서관 선생님 되고 싶어요."
        },
        {
            "Q": "왜 되고 싶나요?",
            "A": "제가 좋아하는 책을 맘껏 읽을 수 있을 것 같아서요."
        },
        {
            "Q": "집에서 주로 나를 돌봐주는 어른은 누구인가요?",
            "A": "아빠요."
        },
        {
            "Q": "배가 고픈데 먹을 게 없어서 굶은 적이 있나요?",
            "A": "가끔요. 아빠가 저보고 알아서 차려 먹으라고 하고 나간 적 있어요. 일주일에 한 번 정도."
        },
        {
            "Q": "저녁에 나를 집에 혼자 두고 어른들이 나갔던 적 있나요?",
            "A": "네. 가끔이요. 한 달에 한두 번?"
        },
        {
            "Q": "어디 아픈 곳이 있는데 어른들이 병원에 데려가지 않은 적이 있나요?",
            "A": "아니요."
        },
        {
            "Q": "빨래가 되어 있지 않아서 더럽고 냄새나는 옷을 입어야 한 적이 있나요?",
            "A": "아니요."
        },
        {
            "Q": "옷이나 신발 사이즈가 작은 걸 입거나 신고 다닌 적이 있나요?",
            "A": "아니요."
        },
        {
            "Q": "인터넷이나 휴대폰을 가지고 노는 시간은 하루에 몇 시간 정도인가요?",
            "A": "세 시간 정도요."
        },
        {
            "Q": "인터넷이나 휴대폰 게임을 너무 많이 한다고 어른들이 뭐라고 하지는 않나요?",
            "A": "아빠가 한마디씩 해요."
        },
        {
            "Q": "피시방 같은 곳을 얼마나 자주 가나요?",
            "A": "거의 맨날 가요."
        },
        {
            "Q": "어른들이 운동회나 참관 수업 같은 학교 행사에 잘 오시나요?",
            "A": "아빠는 그런 거 온 적 없어요."
        },
        {
            "Q": "부모님이나 선생님 때문에 슬프거나 화가 난 적이 있나요?",
            "A": "네. 있어요. 아빠 때문에 슬펐어요."
        },
        {
            "Q": "부모님이나 선생님의 어떤 말이나 행동이 나를 슬프게 하나요?",
            "A": "저만 없었으면 다른 여자 만날 수 있는데 너 때문에 걸리적거린다고 그랬어요."
        },
        {
            "Q": "어른들이 나를 집에서 쫓아내거나 버리겠다고 말하거나 진짜 쫓아낸 적이 있나요?",
            "A": "쫓아내고 싶다고 말한 적은 있는데, 진짜 쫓아낸 적은 없어요."
        },
        {
            "Q": "주위 어른들 중 나를 때린 적이 있는 사람이 있나요?",
            "A": "아니요."
        },
        {
            "Q": "내가 원하지 않는데도 누군가가 내 몸을 만지거나 보여달라고 한 적 있나요?",
            "A": "아니요."
        },
        {
            "Q": "집에서 어른들끼리 소리 지르면서 싸우는 걸 듣거나 본 적이 있나요?",
            "A": "아니요."
        },
        {
            "Q": "친구들이 나를 자주 놀리거나 괴롭힌다고 느낀 적이 있나요?",
            "A": "아니요."
        },
        {
            "Q": "어떨 때 마음이 복잡하거나 힘든가요?",
            "A": "잘 모르겠어요."
        },
        {
            "Q": "잠잘 때 주로 어떤 꿈을 꾸나요?",
            "A": "집에서 쫓겨나는 꿈을 꿔요."
        },
        {
            "Q": "그 꿈을 꿨을 때 기분이 어떤가요?",
            "A": "슬퍼요. 할머니 보고 싶어요."
        },
        {
            "Q": "꿈을 꾸고 일어나면 몸 상태가 어떤가요?",
            "A": "식은땀이 많이 나요."
        },
        {
            "Q": "부모님의 허락 없이 또는 말도 없이 집에 오랫동안 나와 있었던 적이 있나요?",
            "A": "아니요."
        }
    ]
}