{
    "info": {
        "위기단계": "관찰필요"
    },
    "kids_ment": [
        {
            "Q": "우리 친구 몸은 어때? 어디 아픈 곳 있어?",
            "A": "없어요."
        },
        {
            "Q": "그럼 다친 곳은 있을까?",
            "A": "아니요."
        },
        {
            "Q": "우리 친구는 뭘 할 때가 가장 즐거워?",
            "A": "별로 즐거운 거 없는데요."
        },
        {
            "Q": "즐거움을 느끼지 못한 게 언제부터야?",
            "A": "몇 달 됐어요."
        },
        {
            "Q": "최근 일주일 동안 짜증이나 화가 난 적이 있을까?",
            "A": "네. 공부 열심히 했는데 학원 쪽지 시험 점수가 잘 안 나와서 화났어요."
        },
        {
            "Q": "평소에 짜증이나 화가 났을 때, 어떻게 하면 마음이 풀려?",
            "A": "좋아하는 노래 들으면서 자요."
        },
        {
            "Q": "평소 몇 시에 자고, 몇 시에 일어나는 편이야?",
            "A": "열두 시쯤에 자서 일곱 시에 일어나요."
        },
        {
            "Q": "아침에 일어났을 때, 몸 상태는 어때?",
            "A": "괜찮은 것 같아요."
        },
        {
            "Q": "평소에 잠들기 힘들다거나, 잠자는 중간에 자주 깨는 편이야?",
            "A": "아니요."
        },
        {
            "Q": "평상시에 어머니 아버지는 어떤 표정을 자주 짓는 것 같아?",
            "A": "엄마는 인상 쓰고요. 아빠는 웃어요."
        },
        {
            "Q": "왜 아빠가 웃는 표정을 자주 짓는 것 같아?",
            "A": "잘 모르겠어요. 기분이 좋겠죠."
        },
        {
            "Q": "엄마는 왜 인상을 자주 쓰시는 것 같아?",
            "A": "잔소리한다고요. 공부해라 방 청소해라 맨날 잔소리예요."
        },
        {
            "Q": "우리 친구는 형제자매는 몇 명이야?",
            "A": "없어요."
        },
        {
            "Q": "친구들이랑은 주로 뭐 하면서 놀아?",
            "A": "친구들이랑은 수다 떨거나 맛있는 거 먹으러 가는 것 같아요."
        },
        {
            "Q": "담임선생님은 어때? 좋아 아니면 싫어?",
            "A": "좋아요."
        },
        {
            "Q": "담임선생님의 어떤 부분이 좋아?",
            "A": "고민도 잘 들어주고 잘 대해주세요."
        },
        {
            "Q": "요즈음 우리 친구 고민은 뭐야?",
            "A": "이제 곧 중학교 올라가는데 학업을 못 따라갈까 봐 걱정이에요."
        },
        {
            "Q": "그 걱정 때문에 생활이 불편하거나 힘들어?",
            "A": "네. 매일 문제집 풀다가 틀린 문제 많으면 진짜 짜증 나요."
        },
        {
            "Q": "요즈음 행복하다고 느껴?",
            "A": "조금 행복해요."
        },
        {
            "Q": "어떤 점에서 행복한 것 같아?",
            "A": "제가 좋아하는 오빠들이 컴백하는데 역대급이라 기대돼요."
        },
        {
            "Q": "지금의 행복을 일에서 십으로 나타내면 몇 점이야?",
            "A": "6점인 것 같아요."
        },
        {
            "Q": "우리 친구는 커서 어떤 사람이 되고 싶어?",
            "A": "판검사나 뭐든 사자 직업이요."
        },
        {
            "Q": "이유가 있을까?",
            "A": "엄마가 사자 직업이 좋다고 그랬어요."
        },
        {
            "Q": "우리 친구도 그런 직업을 갖고 싶어?",
            "A": "저는 잘 모르겠어요. 그냥 엄마가 원하니까 그래야 될 것 같아요."
        },
        {
            "Q": "주로 친구를 돌봐주는 어른은 누구야?",
            "A": "엄마요."
        },
        {
            "Q": "배가 고픈데 집에 먹을 게 없어서 굶은 적 있어?",
            "A": "아니요."
        },
        {
            "Q": "저녁에 친구를 집에 혼자 두고 어른들이 나갔던 적 있어?",
            "A": "없어요."
        },
        {
            "Q": "친구를 항상 돌봐주는 사람이 갑자기 말도 없이 집을 나가서 안 들어온 적 있어?",
            "A": "없어요."
        },
        {
            "Q": "우리 친구가 어디 아픈 곳이 있는데 부모님이 병원에 데려가지 않은 적은?",
            "A": "없어요."
        },
        {
            "Q": "빨래가 안 되어 있어서 더럽고 냄새나는 옷을 입어야 한 적은 있어?",
            "A": "아니요."
        },
        {
            "Q": "옷이나 신발 사이즈가 작은 걸 입거나 신고 다닌 적은 있어?",
            "A": "없어요."
        },
        {
            "Q": "하루에 인터넷이나 휴대폰을 가지고 노는 시간은 몇 시간 정도야?",
            "A": "한 시간 정도요."
        },
        {
            "Q": "피시방도 가?",
            "A": "아니요."
        },
        {
            "Q": "부모님이 운동회나 참관 수업 같은 학교에 오는 행사에 잘 오셔?",
            "A": "엄마가 오는 것 같아요."
        },
        {
            "Q": "부모님이나 선생님 때문에 슬프거나 화난 적 있었어?",
            "A": "없어요."
        },
        {
            "Q": "마음이 힘들 때, 가족에게 친구 마음을 이야기해?",
            "A": "네."
        },
        {
            "Q": "주위 어른들 중 우리 친구를 때린 적이 있는 사람이 있어?",
            "A": "아니요."
        },
        {
            "Q": "우리 친구가 원하지 않는데도 누군가가 친구 몸을 만지거나 보여달라고 한 적 있었을까?",
            "A": "아니요."
        },
        {
            "Q": "집에서 어른들끼리 소리 지르면서 싸우는 걸 듣거나 본 적이 있어?",
            "A": "없어요."
        },
        {
            "Q": "친구들이 자주 놀리거나 괴롭힌다고 느낀 적이 있어?",
            "A": "아니요."
        },
        {
            "Q": "우리 친구는 어떨 때 마음이 복잡하거나 힘들어?",
            "A": "중학교 올라갈 생각하면 힘들어요."
        },
        {
            "Q": "이런 상황 때문에 괴로워서 죽고 싶다는 생각을 한 적 있어?",
            "A": "아니요. 그런 생각까진 안 했어요."
        },
        {
            "Q": "잠잘 때 주로 어떤 꿈을 꾸는 것 같아?",
            "A": "꿈 안 꿔요."
        },
        {
            "Q": "부모님 허락이나 말도 없이 집에 오랫동안 나와 있었던 적이 있어?",
            "A": "없어요."
        }
    ]
}