{
    "info": {
        "위기단계": "관찰필요"
    },
    "kids_ment": [
        {
            "Q": "최근에 건강한가요? 아니면 아픈 곳이 있어요?",
            "A": "다친 곳 빼고는 건강한 것 같아요."
        },
        {
            "Q": "최근에 다쳤던 적이 있나요?",
            "A": "네."
        },
        {
            "Q": "언제 어떻게 다쳤어요?",
            "A": "2주 전에 길 가다가 차가 와서 쳤어요."
        },
        {
            "Q": "어디를 얼마나 다쳤어요?",
            "A": "갈비뼈랑 다리뼈 부러지고 여기저기 상처 났어요."
        },
        {
            "Q": "병원에 가서 치료받았어요?",
            "A": "네. 지금도 계속 다녀야 해요."
        },
        {
            "Q": "뭘 할 때 즐거워요?",
            "A": "모르겠어요."
        },
        {
            "Q": "이전에도 즐겁다고 느낀 적이 없나요?",
            "A": "그전에는 즐거웠던 것 같기도 하고 잘 모르겠어요"
        },
        {
            "Q": "즐겁다고 느끼지 못한 것이 언제부터예요?",
            "A": "사고 나고 그 이후부터요."
        },
        {
            "Q": "최근 일주일 동안 짜증이나 화가 난 적이 있나요?",
            "A": "짜증이나 화는 안 나요."
        },
        {
            "Q": "몇 시에 자고 몇 시에 일어나요?",
            "A": "열 시에는 자려고 하고 일곱 시쯤 일어나요."
        },
        {
            "Q": "아침에 일어나면 몸 상태는 어때요?",
            "A": "정신이 하나도 없어요."
        },
        {
            "Q": "잠들기 어렵거나 잠자는 중간에 자주 깨요?",
            "A": "중간에 자주 깨요."
        },
        {
            "Q": "엄마는 보통 때 어떤 표정을 많이 지어요?",
            "A": "지쳐 보이는 표정이요."
        },
        {
            "Q": "왜 지쳐 보이는 표정을 많이 지을까요?",
            "A": "밖에서 일하느라 힘들어서 그런가 봐요."
        },
        {
            "Q": "그런 엄마를 보면 어떤 느낌이 들어요?",
            "A": "불쌍해요."
        },
        {
            "Q": "형제자매가 있나요?",
            "A": "네. 쌍둥이 언니 있어요."
        },
        {
            "Q": "언니랑 사이가 어때요?",
            "A": "완전 좋아요."
        },
        {
            "Q": "엄마가 언니와 친구를 차별하는 것 같아요?",
            "A": "아니요."
        },
        {
            "Q": "친구들이랑 뭐 하고 놀아요?",
            "A": "거의 언니랑만 놀아요."
        },
        {
            "Q": "왜 언니랑만 놀아요? 친구 없어요?",
            "A": "그냥 얘기하는 친구는 있는데 언니랑 노는 게 제일 재미있어요."
        },
        {
            "Q": "담임선생님을 좋아하나요 싫어하나요?",
            "A": "몰라요."
        },
        {
            "Q": "왜 몰라요? 둘 중 하나만 고르면 어느 쪽이에요?",
            "A": "싫은 쪽이요."
        },
        {
            "Q": "어느 부분이 싫어요?",
            "A": "하지 말라는 게 너무 많아요."
        },
        {
            "Q": "요즘 제일 걱정되는 게 뭐예요?",
            "A": "없는 것 같아요."
        },
        {
            "Q": "그럼 요즘 행복한 것 같아요?",
            "A": "행복한 것도 없는 것 같아요."
        },
        {
            "Q": "왜 행복한 게 없어요?",
            "A": "지금은 없어요. 몸도 아직 잘 못 움직이고요."
        },
        {
            "Q": "커서 어떤 사람이 되고 싶어요?",
            "A": "아직 안 정했어요."
        },
        {
            "Q": "그럼 해보고 싶은 건 있어요?",
            "A": "뭘 해야 할지 모르겠어요."
        },
        {
            "Q": "집에서 주로 나를 돌봐주는 어른은 누구인가요?",
            "A": "엄마요."
        },
        {
            "Q": "배가 고픈데 먹을 게 없어서 굶은 적이 있나요?",
            "A": "아니요. 이모가 챙겨줘요."
        },
        {
            "Q": "저녁에 나를 집에 혼자 두고 어른들이 나갔던 적 있나요?",
            "A": "없어요."
        },
        {
            "Q": "어디 아픈 곳이 있는데 어른들이 병원에 데려가지 않은 적이 있나요?",
            "A": "아프면 병원 가요."
        },
        {
            "Q": "부모님이나 선생님 때문에 슬프거나 화가 난 적이 있나요?",
            "A": "없어요."
        },
        {
            "Q": "주위 어른들 중 나를 때린 적이 있는 사람이 있나요?",
            "A": "없어요."
        },
        {
            "Q": "내가 원하지 않는데도 누군가가 내 몸을 만지거나 보여달라고 한 적 있어요?",
            "A": "아니요."
        },
        {
            "Q": "집에서 어른들끼리 소리 지르면서 싸우는 걸 듣거나 본 적이 있나요?",
            "A": "아니요."
        },
        {
            "Q": "친구들이 나를 자주 놀리거나 괴롭힌다고 느낀 적이 있나요?",
            "A": "친구들이 놀리거나 괴롭히지 않아요."
        },
        {
            "Q": "어떨 때 마음이 복잡하고 힘든가요?",
            "A": "없어요."
        },
        {
            "Q": "안 좋은 기억 때문에 괴로워서 죽고 싶다는 생각을 한적 있나요?",
            "A": "아니요. 죽는 거 무서워요."
        },
        {
            "Q": "잠잘 때 주로 어떤 꿈을 꾸나요?",
            "A": "사고 났던 날이 계속 떠올라요."
        },
        {
            "Q": "전에 사고 났던 경험 때문에 꿈꾸는 걸까요?",
            "A": "그런 것 같아요."
        },
        {
            "Q": "생각하고 싶지 않은데 자꾸 그 기억이 떠오른 적이 있나요?",
            "A": "네. 있어요."
        },
        {
            "Q": "얼마나 자주 그런가요?",
            "A": "매일 밤 자려고 하면 떠올라서 잠을 잘 못 자요."
        },
        {
            "Q": "이런 싫은 기억이 떠오를 때 어떻게 하나요?",
            "A": "언니랑 손 잡고 자요."
        },
        {
            "Q": "꿈을 꾸고 일어나면 몸 상태가 어떤가요?",
            "A": "사고 났을 때처럼 몸을 움직일 수가 없어요."
        },
        {
            "Q": "가출해 본 적 있어요?",
            "A": "안 해봤어요."
        }
    ]
}