{
    "info": {
        "위기단계": "응급"
    },
    "kids_ment": [
        {
            "Q": "최근에 건강은 어때? 아픈 곳 있어?",
            "A": "머리가 아파요."
        },
        {
            "Q": "어떻게 아파?",
            "A": "관자놀이가 쑤셔요."
        },
        {
            "Q": "언제부터 그랬어?",
            "A": "모르겠어요."
        },
        {
            "Q": "왜 아픈 것 같아?",
            "A": "스트레스를 많이 받아서요."
        },
        {
            "Q": "최근에 다친 곳 있어?",
            "A": "네. 얼굴이랑 엉덩이 멍들었어요."
        },
        {
            "Q": "언제 다쳤어?",
            "A": "저번주요."
        },
        {
            "Q": "왜 다쳤어?",
            "A": "반에 절 괴롭히는 애들이 있는데 걔네가 때렸어요."
        },
        {
            "Q": "요즘 뭘 할 때 즐거워?",
            "A": "학교 안 갈 때가 좋은 것 같아요."
        },
        {
            "Q": "어떤 점이 좋아?",
            "A": "집에 있으면 걔네 얼굴을 안 봐도 되니까요."
        },
        {
            "Q": "그 외에 즐거운 일은 없을까?",
            "A": "네."
        },
        {
            "Q": "최근 일주일 동안 짜증이나 화가 난 적 있어?",
            "A": "짜증도 나고 화도 많이 났어요."
        },
        {
            "Q": "무슨 일 때문에 짜증도 나고 화도 났어?",
            "A": "절 때리는 건 그러려니 하겠는데 저희 엄마 아빠를 욕해서 화가 났어요."
        },
        {
            "Q": "그런 일이 자주 있어?",
            "A": "네."
        },
        {
            "Q": "평소에 짜증 나고 화났을 때 어떻게 하면 마음이 풀려?",
            "A": "저도 똑같이 욕하고 때리면 좀 풀릴 것 같은데 그렇게 못 하니까 답답해요."
        },
        {
            "Q": "몇 시부터 몇 시까지 자?",
            "A": "열두 시 정도에 자고 일곱 시 반에 일어나요."
        },
        {
            "Q": "일어나면 컨디션이 어때?",
            "A": "몸이 무거워요."
        },
        {
            "Q": "잠들기 힘들거나 자다 중간에 깨는 경우 있어?",
            "A": "네. 새벽에 깨서 잠이 올 때도 있고 안 올 때도 있어요 잠 안 오면 핸드폰 해요."
        },
        {
            "Q": "평소에 아빠는 어떤 표정이야?",
            "A": "바쁘셔서 얼굴은 자주 못 보지만 웃는 편이에요."
        },
        {
            "Q": "그럴 때 내 기분은 어때?",
            "A": "좋아요."
        },
        {
            "Q": "평소에 엄마는 어떤 표정이야?",
            "A": "항상 절 반겨주세요."
        },
        {
            "Q": "그럴 때 내 기분은 어때?",
            "A": "좋아요."
        },
        {
            "Q": "형제자매가 있어?",
            "A": "없어요."
        },
        {
            "Q": "친구들과 뭐 하고 놀아?",
            "A": "친구는 없어요."
        },
        {
            "Q": "왜 친구가 없어?",
            "A": "반에 저를 패는 애가 있어서요. 다른 애들이 저랑 친구 할 생각 안 해요."
        },
        {
            "Q": "담임 선생님은 어때? 좋아 아니면 싫어?",
            "A": "제가 당하고 있는 걸 뻔히 알면서 모른 척해서 싫어요."
        },
        {
            "Q": "요즘 제일 큰 걱정은 뭐야?",
            "A": "학교 다니는 게 힘들어요."
        },
        {
            "Q": "그런 생각이 얼마나 자주 들어?",
            "A": "매일이요."
        },
        {
            "Q": "요즘 행복한 것 같아?",
            "A": "전혀요."
        },
        {
            "Q": "왜 행복하지 않다고 생각해?",
            "A": "행복할 일이 하나도 없어요."
        },
        {
            "Q": "커서 어떤 사람이 되고 싶어?",
            "A": "운동선수가 되고 싶어요."
        },
        {
            "Q": "이유가 뭐야?",
            "A": "제가 잘하는 게 운동이라서요."
        },
        {
            "Q": "집에서 주로 나를 돌봐주는 어른은 누구야?",
            "A": "엄마요."
        },
        {
            "Q": "배가 고픈데 먹을 게 없어서 굶은 적 있어?",
            "A": "아니요."
        },
        {
            "Q": "어른들이 갑자기 말도 없이 집 나가서 안 들어온 적 있어?",
            "A": "아니요."
        },
        {
            "Q": "어디 아픈 곳이 있는데 어른들이 병원에 데려가지 않은 적 있어?",
            "A": "아니요."
        },
        {
            "Q": "빨래 안 한 더럽고 냄새나는 옷을 입은 적 있어?",
            "A": "아니요."
        },
        {
            "Q": "작은 옷이나 신발을 입거나 신고 다닌 적 있어?",
            "A": "아니요."
        },
        {
            "Q": "인터넷이나 휴대폰을 가지고 노는 시간은 하루에 몇 시간 정도야?",
            "A": "한 시간 해요."
        },
        {
            "Q": "부모님이 운동회나 참관수업, 학부모 상담에 잘 오셔?",
            "A": "네."
        },
        {
            "Q": "부모님이나 선생님 때문에 슬프거나 화가 난 적 있어?",
            "A": "아니요."
        },
        {
            "Q": "주위 어른들 중 나를 때린 적 있는 사람이 있어?",
            "A": "아니요."
        },
        {
            "Q": "내가 원하지 않는데 누군가가 내 몸을 만지거나 보여달라고 한 적 있어?",
            "A": "아니요."
        },
        {
            "Q": "집에서 어른들끼리 소리 지르면서 싸우는 걸 듣거나 본 적이 있어?",
            "A": "아니요."
        },
        {
            "Q": "친구들이 나를 자주 놀리거나 괴롭힌다고 느낀 적 있어?",
            "A": "네."
        },
        {
            "Q": "어떻게 놀리거나 괴롭혀?",
            "A": "주먹으로 제 온몸을 때리고요. 얼굴도 때리고 대걸레로 엉덩이 때리기도 해요. 그리고 심부름도 시키고 돈도 뺏어가요."
        },
        {
            "Q": "그럴 때 어떤 기분이야?",
            "A": "너무 화나고 똑같이 당했으면 좋겠어요."
        },
        {
            "Q": "얼마나 자주 그래?",
            "A": "거의 매일인 것 같아요."
        },
        {
            "Q": "이렇게 괴롭힘을 당한 기간이 어떻게 돼?",
            "A": "몇 개월 이상이에요. 3월부터 그랬거든요."
        },
        {
            "Q": "이 때문에 다쳐서 보건실이나 병원에 간 적 있어?",
            "A": "네. 얼굴에 상처가 나서 보건실을 자주 갔고, 언제는 목 졸라서 기절했어요. 그다음에 병원을 갔어요."
        },
        {
            "Q": "이 아이들 때문에 학교를 가지 않은 적 있어?",
            "A": "네. 아프다고 안 간 적 있어요. 한 달에 세 번 이상도 있었어요."
        },
        {
            "Q": "어떨 때 마음이 복잡하거나 힘들어?",
            "A": "괴롭힐 때요. 그리고 엄마, 아빠 이름 가지고 놀릴 때요."
        },
        {
            "Q": "그럴 때 죽고 싶다고 생각한 적 있어?",
            "A": "네. 너무 힘들어서요."
        },
        {
            "Q": "죽으려고 시도한 적 있어?",
            "A": "아니요."
        },
        {
            "Q": "얼마나 자주 죽고 싶다는 생각이 들었어?",
            "A": "점점 심해져서 최근에는 일주일 한 번 정도요."
        },
        {
            "Q": "잠잘 때 주로 어떤 꿈을 꿔?",
            "A": "내용은 기억 안 나지만 무서운 꿈을 꿔서 자주 깼던 것 같아요."
        },
        {
            "Q": "무서운 꿈을 꾸고 일어나면 몸 상태가 어때?",
            "A": "가슴이 두근거려요."
        },
        {
            "Q": "부모님 허락 없이 집에서 오랫동안 나와 있었던 적 있어?",
            "A": "아니요."
        }
    ]
}