{
    "info": {
        "위기단계": "관찰필요"
    },
    "kids_ment": [
        {
            "Q": "최근에 건강한가요 아니면 아픈 곳이 있나요?",
            "A": "있어요."
        },
        {
            "Q": "어디가 어떻게 아픈가요?",
            "A": "머리가 어지러워요."
        },
        {
            "Q": "언제부터 아팠나요?",
            "A": "3일 전부터요."
        },
        {
            "Q": "얼마나 자주 아팠나요?",
            "A": "가끔이요."
        },
        {
            "Q": "최근에 다쳤던 적이 있었나요 없었나요?",
            "A": "있어요."
        },
        {
            "Q": "어디를 다쳤나요?",
            "A": "무릎을 다쳤어요."
        },
        {
            "Q": "왜 다쳤나요?",
            "A": "길을 가다가 넘어졌어요."
        },
        {
            "Q": "뭘 할 때가 즐겁나요?",
            "A": "가족들과 함께 먹을 것 만들 때 재밌어요."
        },
        {
            "Q": "가족과 요리할 때 어떤 점이 즐거운가요?",
            "A": "생각만 하던 것을 실제로 함께 만들면 결과물이 있어서 신나요."
        },
        {
            "Q": "최근 일주일 동안 짜증이나 화가 난 적이 있나요?",
            "A": "없어요."
        },
        {
            "Q": "몇 시에 자고, 몇 시에 일어나나요?",
            "A": "밤 열 시에 자서, 아침 일곱 시에 일어나요."
        },
        {
            "Q": "아침에 일어났을 때, 몸 상태는 어때요?",
            "A": "좋아요."
        },
        {
            "Q": "평소에 잠이 들기 힘들거나, 잠자는 중간에 자주 깨나요?",
            "A": "아니요."
        },
        {
            "Q": "평상시에 아버지는 어떤 표정을 자주 짓나요?",
            "A": "아빠는 근엄하신 표정이에요."
        },
        {
            "Q": "왜 그런 표정을 짓는 것 같아요?",
            "A": "아빠는 좀 엄격하세요."
        },
        {
            "Q": "그 표정을 지을 때, 내 기분은 어때요?",
            "A": "저도 기분이 편하지는 않아요."
        },
        {
            "Q": "평상시에 어머니는 어떤 표정을 자주 짓나요?",
            "A": "엄마는 무표정이에요."
        },
        {
            "Q": "왜 그런 표정을 짓는 것 같아요?",
            "A": "엄마는 평소 감정표현이 별로 없으세요."
        },
        {
            "Q": "그 표정을 지을 때, 내 기분은 어때요?",
            "A": "저도 기분 별로예요."
        },
        {
            "Q": "형제자매는 몇 명이예요?",
            "A": "한 명이에요."
        },
        {
            "Q": "형제자매는 누구누구가 있어요?",
            "A": "남동생이에요."
        },
        {
            "Q": "남동생과 사이가 어때요?",
            "A": "사이좋아요."
        },
        {
            "Q": "평소에 부모님이 남동생과 나를 차별하는 것 같아요?",
            "A": "아니요."
        },
        {
            "Q": "친구들이랑 주로 뭐 하고 놀아요?",
            "A": "놀이터에서 뛰어놀며 놀아요."
        },
        {
            "Q": "주로 몇 명이 놀아요?",
            "A": "서너 명이서 놀아요."
        },
        {
            "Q": "담임 선생님을 좋아하나요 싫어하나요?",
            "A": "좋아해요."
        },
        {
            "Q": "담임 선생님이 어떤 부분에서 좋아요?",
            "A": "우리를 잘 챙겨주세요."
        },
        {
            "Q": "요즘 가장 큰 걱정거리는 무엇인가요?",
            "A": "공부할 것이 많아서 걱정이에요."
        },
        {
            "Q": "무엇 때문에 그런 걱정이 되나요?",
            "A": "학교도 가지만, 학원도 가야 해서예요."
        },
        {
            "Q": "걱정거리 때문에 생활이 불편하거나 힘든가요?",
            "A": "조금 힘들어요."
        },
        {
            "Q": "요즘 행복하다고 느끼나요?",
            "A": "네."
        },
        {
            "Q": "어떤 점에서 행복했어요?",
            "A": "가족이랑 외식했어요."
        },
        {
            "Q": "커서 어떤 사람이 되고 싶은지, 꿈이 무엇인지 이야기해 줄래요?",
            "A": "교사가 되고 싶어요."
        },
        {
            "Q": "왜 그 직업이 되고 싶나요?",
            "A": "저는 누군가를 가르치는 일이 좋아요."
        },
        {
            "Q": "집에서 주로 나를 돌봐주는 어른은 누구인가요?",
            "A": "엄마예요."
        },
        {
            "Q": "배가 고픈데 먹을 게 없어서 굶은 적이 있나요? 왜 그랬나요?",
            "A": "없어요."
        },
        {
            "Q": "저녁에 나를 집에 혼자 두고 어른들이 나갔던 적 있나요? 얼마나 자주 이런 일이 있나요?",
            "A": "없어요."
        },
        {
            "Q": "가족 중에 나를 항상 돌봐주는 사람이 갑자기 말도 없이 집을 나가서 안 들어온 적이 있나요?",
            "A": "없어요."
        },
        {
            "Q": "어디 아픈 곳이 있는데 어른들이 병원에 데려가지 않은 적이 있나요? 몇 번이나 있나요?",
            "A": "없어요."
        },
        {
            "Q": "옷이나 신발 사이즈가 작은 걸 입거나 신고 다닌 적이 있나요? 기간은 어느 정도인가요?",
            "A": "없어요."
        },
        {
            "Q": "부모님이나 선생님 때문에 슬프거나 화가 난 적이 있나요?",
            "A": "없어요."
        },
        {
            "Q": "주위 어른들 중 나를 때린 적이 있는 사람이 있나요?",
            "A": "엄마가 등을 가볍게 때린 적은 있어요."
        },
        {
            "Q": "엄마가 나를 때리시는 이유는 뭐라고 생각해요?",
            "A": "제가 밥을 먹지 않아서, 그냥 가볍게 등을 툭 치셨어요."
        },
        {
            "Q": "등을 어느 부위를 무엇으로 맞았나요?",
            "A": "엄마가 손으로 가볍게 하셨어요."
        },
        {
            "Q": "평소 엄마가 자주 때리시나요?",
            "A": "그렇지는 않고요, 제가 밥을 먹지 않아서 한 번 그러셨어요."
        },
        {
            "Q": "엄마에게 맞아서 얼마나 다쳤나요?",
            "A": "안 다쳤어요. 그냥 가볍게 치신 거고 앞으론 안 그러겠다고 하셨어요."
        },
        {
            "Q": "내가 원하지 않는데도 누군가가 내 몸을 만지거나 보여달라고 한 적 있어요?",
            "A": "없어요."
        },
        {
            "Q": "집에서 어른들끼리 소리 지르면서 싸우는 걸 듣거나 본 적이 있나요? 있다면 얼마나 자주 있나요?",
            "A": "있어요."
        },
        {
            "Q": "누가 어떻게 싸웠었나요?",
            "A": "엄마랑 아빠랑 말다툼하셨어요."
        },
        {
            "Q": "그때 어른들이 술을 마신 상태였나요?",
            "A": "아니요."
        },
        {
            "Q": "친구들이 나를 자주 놀리거나 괴롭힌다고 느낀 적이 있나요?",
            "A": "없어요."
        },
        {
            "Q": "어떨 때 마음이 복잡하거나 힘든가요?",
            "A": "별로 그런 적은 없어요."
        },
        {
            "Q": "잠잘 때 주로 어떤 꿈을 꾸나요?",
            "A": "스포츠나 경기에서 우승하는 꿈을 꿀때 있어요."
        },
        {
            "Q": "꿈을 꾸고 나면 몸상태가 어떤가요?",
            "A": "별 이상 없어요."
        },
        {
            "Q": "부모님의 허락 없이 또는 말도 없이 집에 오랫동안 나와 있었던 적이 있나요?",
            "A": "없어요."
        }
    ]
}