{
    "info": {
        "위기단계": "관찰필요"
    },
    "kids_ment": [
        {
            "Q": "최근에 건강한가요? 아니면 아픈 곳이 있나요?",
            "A": "아프거나 한 건 없어요."
        },
        {
            "Q": "최근에 다쳤던 적이 있나요? 없었나요?",
            "A": "다친 건 아닌데 긁어서 피가 난 적이 몇 번 있어요."
        },
        {
            "Q": "어디를 긁어서 피가 났나요?",
            "A": "여기랑 이쪽에요."
        },
        {
            "Q": "다리 뒤쪽이랑 팔 부분을 긁은 이유가 있어요?",
            "A": "저가 아토피가 있는데 가끔 너무 가려워서 못 참겠어요."
        },
        {
            "Q": "언제부터 아토피 때문에 많이 가렵기 시작한 거 같아요?",
            "A": "모르겠어요. 어릴 때부터 그런 거 같아요."
        },
        {
            "Q": "무엇을 할 때가 즐겁나요?",
            "A": "친구들이랑 피시방 갈 때요."
        },
        {
            "Q": "친구들이랑 피시방 가면 어떤 점이 즐겁나요?",
            "A": "제일 친한 애들이랑 게임하면서 놀 수 있어서요."
        },
        {
            "Q": "최근 일주일 동안 짜증이나 화가 난 적이 있나요?",
            "A": "네. 가려워서 너무."
        },
        {
            "Q": "가려워서 어떤 점 때문에 짜증이나 화가 난 적이 있나요?",
            "A": "공부하거나 쉬거나 할 때 가려우면 못 참겠어서 예민해져요."
        },
        {
            "Q": "그런 일이 자주 일어나나요?",
            "A": "네. 근데 또 긁으면 피나고 아파서 스트레스예요."
        },
        {
            "Q": "몇 시에 자서, 몇 시에 일어나나요?",
            "A": "밤 열 시에 자면 부모님이 아침에 깨워주세요."
        },
        {
            "Q": "아침에 일어났을 때 몸 상태는 어때요?",
            "A": "가끔 손에 긁어서 피 묻기도 하는데 괜찮아요. 잘 자는 편이라."
        },
        {
            "Q": "평소에 잠이 들기 힘들거나, 잠자는 중간에 자주 깨나요.",
            "A": "아니요. 그렇진 않아요."
        },
        {
            "Q": "평상시에 아버지는 어떤 표정을 짓나요?",
            "A": "잘 웃어주고 재밌어요 ."
        },
        {
            "Q": "그런 아빠 표정 보면 기분이 어때요?",
            "A": "저도 좋은데 아빠 바빠서 자주 못 봐요."
        },
        {
            "Q": "평상시에 어머니는 어떤 표정을 짓나요?",
            "A": "엄마도 저랑 얘기 많이 해주려 하고 웃어주세요."
        },
        {
            "Q": "그런 엄마 표정 보면 기분이 어때요?",
            "A": "좋아요. 근데 엄마도 쫌 바빠서 많이 얘기 못 해요."
        },
        {
            "Q": "형제자매는 몇 명이예요?",
            "A": "저 혼자예요."
        },
        {
            "Q": "친구들이랑 주로 뭐 하고 놀아요?",
            "A": "피시방도 가고요. 운동장에서 공도 차요."
        },
        {
            "Q": "주로 몇 명이랑 놀아요?",
            "A": "다섯 명이요."
        },
        {
            "Q": "담임 선생님을 좋아하나요? 싫어하나요?",
            "A": "좋아요."
        },
        {
            "Q": "어떤 점에서 담임 선생님이 좋아요?",
            "A": "재밌고 수업도 잘 가르치시고 좋아요."
        },
        {
            "Q": "요즘 가장 큰 걱정거리는 무엇인가요?",
            "A": "아토피가 잘 안 나아서요."
        },
        {
            "Q": "아토피 때문에 생활이 불편하거나 힘든가요?",
            "A": "네. 약도 먹어야 하고 옷도 아무거나 못 입고 신경 쓸 게 많아요."
        },
        {
            "Q": "아토피 때문에 가장 걱정되는 점은 어떤 점이에요?",
            "A": "아토피 난 부분이 딱쟁이 많고 이상하게 보여서 사람들이 저를 싫어할 거 같아요."
        },
        {
            "Q": "요즘 행복하다고 느끼나요?",
            "A": "네. 나쁘지 않아요."
        },
        {
            "Q": "어떤 점에서 행복하다고 느껴요?",
            "A": "그래도 부모님이랑 가끔 놀러도 가고 친구들이랑도 잘 지내서요."
        },
        {
            "Q": "커서 어떤 사람이 되고 싶은지, 꿈이 무엇인지 이야기해 줄래요?",
            "A": "의사요."
        },
        {
            "Q": "어떤 이유에서 의사가 되고 싶어요?",
            "A": "아토피 고쳐주는 의사가 되고 싶어요."
        },
        {
            "Q": "집에서 주로 나를 돌봐주는 어른은 누구인가요?",
            "A": "아빠요."
        },
        {
            "Q": "배가 고픈데 먹을 게 없어서 굶은 적이 있나요?",
            "A": "아니요."
        },
        {
            "Q": "어디 아픈 곳이 있는데 어른들이 병원에 데려가지 않은 적이 있나요?",
            "A": "아니요. 저번에도 피부과 같이 갔어요 아빠랑."
        },
        {
            "Q": "인터넷이나 휴대폰을 가지고 노는 시간은 하루에 몇 시간이에요?",
            "A": "자기 전에는 다 할 수 있어요."
        },
        {
            "Q": "부모님이나 선생님 때문에 슬프거나 화가 난 적이 있어요?",
            "A": "아니요."
        },
        {
            "Q": "주위 어른들 중 나를 때린 적이 있는 사람이 있나요?",
            "A": "없어요. 그런 사람."
        },
        {
            "Q": "내가 원하지 않는데도 누군가가 내 몸을 만지거나 보여달라고 한 적 있어요?",
            "A": "없어요."
        },
        {
            "Q": "집에서 어른들끼리 소리 지르면서 싸우는 걸 듣거나 본 적이 있나요?",
            "A": "아니요. 없어요."
        },
        {
            "Q": "친구들이 나를 자주 놀리거나 괴롭힌다고 느낀 적이 있나요?",
            "A": "없어요."
        },
        {
            "Q": "어떨 때 마음이 복잡하거나 힘든가요?",
            "A": "그 정도로 힘든 적은 없어요."
        },
        {
            "Q": "잠잘 때 꿈을 꾸나요?",
            "A": "꿈은 거의 안 꾸어요."
        },
        {
            "Q": "부모님의 허락 없이 또는 말도 없이 집에 오랫동안 나와 있었던 적이 있나요?",
            "A": "없어요."
        }
    ]
}