{
    "info": {
        "위기단계": "응급"
    },
    "kids_ment": [
        {
            "Q": "최근에 건강한가요 아니면 아픈 곳이 있나요?",
            "A": "아픈 곳 없어요."
        },
        {
            "Q": "최근에 다쳤던 적이 있었나요 없었나요?",
            "A": "저는 다친 적 없는데 엄마가 다쳤었어요."
        },
        {
            "Q": "뭘 할 때가 즐겁나요?",
            "A": "엄마랑 언니랑 케이크 만들러 갔어요."
        },
        {
            "Q": "어떤 점이 즐거운가요?",
            "A": "케이크 만들기도 재밌고, 엄마랑 언니랑 노는 것도 좋아요."
        },
        {
            "Q": "최근 일주일 동안 짜증이나 화가 난 적이 있나요?",
            "A": "케이크 만들 때 처음에 실수해서 생크림이 이상하게 발렸어요. 그래서 짜증 났었는데 선생님이 정리해 줬어요."
        },
        {
            "Q": "그런 일이 자주 일어나나요?",
            "A": "아니요."
        },
        {
            "Q": "평소에 짜증이나 화가 났을 때, 어떻게 하면 마음이 풀려요?",
            "A": "노래 듣거나 춤춰요."
        },
        {
            "Q": "몇 시에 자고, 몇 시에 일어나나요?",
            "A": "열 시에 자고 일곱 시에 일어나요."
        },
        {
            "Q": "아침에 일어났을 때, 몸 상태는 어때요?",
            "A": "좋아요."
        },
        {
            "Q": "평소에 잠이 들기 힘들거나, 잠자는 중간에 자주 깨나요?",
            "A": "아니요."
        },
        {
            "Q": "평상시에 아버지는 어떤 표정을 자주 짓나요?",
            "A": "아빠는 없어요. 안 만난 지 오래됐어요."
        },
        {
            "Q": "이유가 있어요?",
            "A": "어렸을 때 엄마랑 헤어지고 못 봤어요."
        },
        {
            "Q": "평상시에 어머니는 어떤 표정을 자주 짓나요?",
            "A": "엄마는 웃음이 많아요."
        },
        {
            "Q": "왜 웃는 표정을 짓는 것 같아요?",
            "A": "저희랑 있으면 행복하니까요."
        },
        {
            "Q": "그 표정을 지을 때, 내 기분은 어때요?",
            "A": "엄마가 평생 웃었으면 좋겠어요."
        },
        {
            "Q": "형제자매는 몇 명이예요?",
            "A": "언니가 한 명 있어요."
        },
        {
            "Q": "언니랑 사이가 어때요?",
            "A": "언니 저랑 잘 놀아주고 챙겨줘서 좋아요."
        },
        {
            "Q": "엄마가 언니랑 친구를 다르게 대한다고 느껴요?",
            "A": "엄마가 저를 더 좋아하는 것 같을 때도 있어요. 제가 엄마 많이 닮아서 그런가 봐요."
        },
        {
            "Q": "친구들이랑 주로 뭐 하고 놀아요?",
            "A": "요새는 틱톡 많이 해요."
        },
        {
            "Q": "주로 몇 명이 놀아요?",
            "A": "네 명이요."
        },
        {
            "Q": "담임 선생님을 좋아하나요? 싫어하나요?",
            "A": "친절해서 좋아요."
        },
        {
            "Q": "요즘 가장 큰 걱정거리는 무엇인가요?",
            "A": "엄마가 이제 아저씨들 안 만나면 좋겠어요."
        },
        {
            "Q": "무엇 때문에 엄마가 아저씨 만나는 게 걱정이 되나요?",
            "A": "저는 엄마만 있어도 좋은데 자꾸 아저씨들 만나는 게 싫어요."
        },
        {
            "Q": "걱정거리 때문에 생활이 불편하거나 힘든가요?",
            "A": "그냥 일주일에 한 번 정도 생각이 나요."
        },
        {
            "Q": "요즘 행복하다고 느끼나요?",
            "A": "네. 엄마랑 언니랑 자주 놀러 가서 좋아요."
        },
        {
            "Q": "커서 어떤 사람이 되고 싶은지, 꿈이 무엇인지 이야기해 줄래요?",
            "A": "무용가 되고 싶어요."
        },
        {
            "Q": "왜 무용가가 되고 싶나요?",
            "A": "틱톡에서 봤는데 춤추는 게 너무 이뻤어요."
        },
        {
            "Q": "집에서 주로 나를 돌봐주는 어른은 누구인가요?",
            "A": "엄마요."
        },
        {
            "Q": "배가 고픈데 먹을 게 없어서 굶은 적이 있나요?",
            "A": "아니요. 없어요."
        },
        {
            "Q": "저녁에 나를 집에 혼자 두고 어른들이 나갔던 적 있나요?",
            "A": "아니요. 보통 엄마가 있고, 나가면 미리 말해주고 언니랑 같이 있어요."
        },
        {
            "Q": "어디 아픈 곳이 있는데 어른들이 병원에 데려가지 않은 적이 있나요?",
            "A": "아니요. 없어요."
        },
        {
            "Q": "인터넷이나 휴대폰을 가지고 노는 시간은 하루에 몇 시간 정도인가요?",
            "A": "두 시간 정도요."
        },
        {
            "Q": "부모님이나 선생님 때문에 슬프거나 화가 난적이 있나요?",
            "A": "딱히 없어요."
        },
        {
            "Q": "어른들이 나를 어디에 가두고 못 나오게 한 적이 있나요?",
            "A": "아니요."
        },
        {
            "Q": "다른 사람들 앞에서도 혼날 때 있나요?",
            "A": "아니요."
        },
        {
            "Q": "어른들이 나를 다른 아이들과 비교하나요?",
            "A": "아니요."
        },
        {
            "Q": "어른들이 나를 집에서 쫓아내거나 버리겠다고 말하거나 진짜 쫓아낸 적이 있나요?",
            "A": "아니요."
        },
        {
            "Q": "마음이 힘들 때, 누구에게 내 마음을 이야기하나요?",
            "A": "친구한테 말해요."
        },
        {
            "Q": "주위 어른들 중 나를 때린 적이 있는 사람이 있나요?",
            "A": "아니요."
        },
        {
            "Q": "누군가가 내 몸을 만지거나 보여달라고 한 적 있어요?",
            "A": "아니요. 없어요."
        },
        {
            "Q": "집에서 어른들끼리 소리 지르면서 싸우는 걸 듣거나 본 적이 있나요?",
            "A": "네. 저번에 아저씨가 엄마 때리고 칼을 엄마 목에 가져다 댔어요."
        },
        {
            "Q": "아저씨가 누구인지 말해줄래요?",
            "A": "엄마랑 친한 아저씨인데 엄마랑 서로 사랑하는 사이래요."
        },
        {
            "Q": "아저씨가 엄마한테 또 어떻게 행동했어요?",
            "A": "엄마가 자고 있는데 발로 차고 밟았어요. 그리고 다른 아저씨 친구 만났냐고 뭐라고 했어요."
        },
        {
            "Q": "아까 친구가 말해줬던 날이랑 같은 날인가요?",
            "A": "네. 맞아요. 같은 날이요."
        },
        {
            "Q": "아저씨나 다른 사람이 또 엄마를 때린 적이 있어요?",
            "A": "아니요. 이번이 처음이요."
        },
        {
            "Q": "어른들 중 그때 술 마신 사람이 있었어요?",
            "A": "아니요. 안 마셨어요."
        },
        {
            "Q": "친구들이 나를 자주 놀리거나 괴롭힌다고 느낀 적이 있나요?",
            "A": "아니요."
        },
        {
            "Q": "어떨 때 마음이 복잡하거나 힘든가요?",
            "A": "그냥 아저씨랑 비슷한 사람 지나가면 몸이 움찔거려요."
        },
        {
            "Q": "안 좋은 기억 때문에 괴로워서 죽고 싶다는 생각을 한 적 있나요?",
            "A": "아니요."
        },
        {
            "Q": "잠잘 때 주로 어떤 꿈을 꾸나요?",
            "A": "꿈 안 꿔요. 그리고 꿔도 아침에 일어나면 기억이 안 나요."
        },
        {
            "Q": "부모님의 허락 없이 또는 말도 없이 집에 오랫동안 나와 있었던 적이 있나요?",
            "A": "아니요."
        }
    ]
}