{
    "info": {
        "위기단계": "상담필요"
    },
    "kids_ment": [
        {
            "Q": "몸 어디 아픈 곳이 있어?",
            "A": "머리가 아파요."
        },
        {
            "Q": "얼마나 아파?",
            "A": "그냥 조금이요."
        },
        {
            "Q": "언제부터 그랬어?",
            "A": "2, 3주 된 것 같아요."
        },
        {
            "Q": "왜 머리가 아픈 거야?",
            "A": "집에 음식 상한 냄새를 너무 맡아서요."
        },
        {
            "Q": "어디 다친 데는 없니?",
            "A": "다친 데는 없어요."
        },
        {
            "Q": "최근에 기분 좋은 일 있었니?",
            "A": "아빠를 만났어요."
        },
        {
            "Q": "아빠를 오랜만에 본 거야?",
            "A": "네."
        },
        {
            "Q": "최근에 화가 나거나 짜증 난 적은 없었니?",
            "A": "집에서 냄새가 너무 심해서 짜증 나요."
        },
        {
            "Q": "왜 냄새가 심하게 나는 거야?",
            "A": "냉장고에 음식이 썩은 거랑 음식쓰레기 때문인 것 같아요."
        },
        {
            "Q": "우리 친구는 몇 시에 자고, 몇 시에 일어나?",
            "A": "열한 시에 자고, 일곱 시에 일어나요."
        },
        {
            "Q": "잠이 들기 힘들거나 중간중간 깨지는 않아?",
            "A": "엄마가 늦게 들어오면 밤에 좀 잠자기가 무서워요."
        },
        {
            "Q": "어머니랑은 사이가 어때?",
            "A": "엄마가 집에 잘 없고 바빠서 잘 못 챙겨줘요."
        },
        {
            "Q": "어떻게 잘 못 챙겨줘?",
            "A": "과자 같은 거 사달라고 하면, 욕하고 막 물건을 저한테 던져요."
        },
        {
            "Q": "우리 친구 형제자매는 몇 명이에요?",
            "A": "여동생이 있어요."
        },
        {
            "Q": "동생이랑 사이는 어때?",
            "A": "동생이랑 싸우기도 하는데 동생이 있어서 덜 무서워요."
        },
        {
            "Q": "엄마가 동생이랑 친구를 차별한다고 느껴?",
            "A": "아니요. 그렇지는 않아요."
        },
        {
            "Q": "친구들이랑은 잘 지내?",
            "A": "친구들이랑은 잘 지내요."
        },
        {
            "Q": "담임 선생님은 잘 대해줘?",
            "A": "담임 선생님은 잘 챙겨줘요."
        },
        {
            "Q": "요즘 걱정거리가 있니?",
            "A": "엄마가 집에 없어서 밥을 먹기가 힘들어요."
        },
        {
            "Q": "걱정거리 때문에 일상생활이 많이 불편하고 힘드니?",
            "A": "네. 좀 많이 힘든 것 같아요."
        },
        {
            "Q": "요즘 행복하다고 느껴?",
            "A": "아니요. 아빠랑 같이 못 살아서 슬퍼요."
        },
        {
            "Q": "커서 어떤 사람이 되고 싶은지 말해줄래?",
            "A": "편의점 사장이 되고 싶어요."
        },
        {
            "Q": "그 꿈을 선택한 이유가 뭐야?",
            "A": "과자를 많이 먹을 수 있잖아요."
        },
        {
            "Q": "집에서 주로 나를 돌봐주는 어른은 누구야?",
            "A": "엄마요."
        },
        {
            "Q": "배가 고픈데 먹을 게 없어서 굶은 적이 있어?",
            "A": "엄마가 외상으로 라면 사 먹으라고 하고 나갈 때가 많아요."
        },
        {
            "Q": "저녁에 친구를 집에 혼자 두고 어른들이 나갔던 적이 있어?",
            "A": "네. 엄마 남자친구 만나러 가서 집에 안 들어올 때가 많아요."
        },
        {
            "Q": "어디 아픈 곳이 있는데 어른들이 병원에 데려가지 않은 적이 있니?",
            "A": "아플 때 엄마가 집에 없어서 못 갔어요."
        },
        {
            "Q": "주위 어른이 기분 나쁘게 하거나 슬프게 한 적이 있어?",
            "A": "네. 동생이 욕해서 엄마한테 전화했는데 엄마가 자꾸 전화하면 고아원 보낸다고 하고 죽인다고 했어요."
        },
        {
            "Q": "주위 어른들 중 나를 때린 적이 있는 사람이 있어?",
            "A": "네. 키즈카페에서 엄마한테 과자 사달라고 했는데 등을 때리고 손가락으로 머리를 밀쳤어요."
        },
        {
            "Q": "내가 원하지 않는데도 누군가가 내 몸을 만지거나 보여달라고 한 적이 있어?",
            "A": "아니요. 없었어요."
        },
        {
            "Q": "집에서 무서운 일이 있었어?",
            "A": "아니요. 집에서 그런 일은 없었어요."
        },
        {
            "Q": "학교에서 누군가가 너를 괴롭혀?",
            "A": "아니요."
        },
        {
            "Q": "너무 힘들어서 스스로를 다치게 한 적이 있어?",
            "A": "아니, 그렇게까지 힘들진 않았어요."
        },
        {
            "Q": "무서운 일이나 기억하고 싶지 않은 일이 있었어?",
            "A": "아니요. 없었어요."
        },
        {
            "Q": "집을 나간 적이 있어?",
            "A": "아니요."
        }
    ]
}