{
    "info": {
        "위기단계": "학대의심"
    },
    "kids_ment": [
        {
            "Q": "최근에 아픈 적이 있었니?",
            "A": "아픈 적은 없었어요."
        },
        {
            "Q": "최근에 다쳤던 적이 있었니?",
            "A": "다친 적도 없어요."
        },
        {
            "Q": "뭐 할 때 즐거워?",
            "A": "별로 즐겁지 않아요."
        },
        {
            "Q": "즐겁다고 느끼지 못한 것이 언제부터야?",
            "A": "새엄마랑 누나가 저희 집에 들어오면서부터요."
        },
        {
            "Q": "그동안 새엄마랑 누나랑 사이가 안 좋았니?",
            "A": "네. 매일 때리고 소리 질렀어요."
        },
        {
            "Q": "최근 일주일 동안 짜증이나 화가 난 적이 있었니?",
            "A": "네. 화가 났어요."
        },
        {
            "Q": "무엇 때문에 화가 났어?",
            "A": "누나가 거짓말을 안 했는데도 거짓말한다고 우기고 새엄마한테 일러요."
        },
        {
            "Q": "평소에 짜증이나 화가 났을 때 어떻게 하면 마음이 풀려?",
            "A": "그냥 참아요."
        },
        {
            "Q": "몇 시에 자고 몇 시에 일어나니?",
            "A": "열 시에 자서 일곱 시에 일어나요."
        },
        {
            "Q": "아침에 일어났을 때 몸 상태는 어때?",
            "A": "그냥 그래요."
        },
        {
            "Q": "평소에 아버지는 어떤 표정을 지으셔?",
            "A": "아무 표정이 없는 것 같아요."
        },
        {
            "Q": "왜 아버지가 그런 표정을 짓는 것 같아?",
            "A": "아버지는 형하고 저에게 별로 관심이 없어요. 새엄마랑 누나에게만 관심이 있는 것 같아요."
        },
        {
            "Q": "평소에 엄마는 어떤 표정을 지으셔?",
            "A": "새엄마는 성난 표정이요."
        },
        {
            "Q": "왜 새엄마가 성난 표정을 짓는 것 같아?",
            "A": "형이랑 제가 하는 행동들이 다 못마땅해하는 것 같고 늘 불만이 많은 것 같아요."
        },
        {
            "Q": "형제자매는 몇 명이야?",
            "A": "형이랑 새엄마가 데려온 누나가 있어요."
        },
        {
            "Q": "형하고 사이는 어때?",
            "A": "형은 저에게 제일 잘 해줘요."
        },
        {
            "Q": "누나하고 사이는 어때?",
            "A": "누나는 저에게 욕도 하고 때려요."
        },
        {
            "Q": "평소에 부모님이 차별하는 것 같니?",
            "A": "누나는 좋아하는데 형과 저를 싫어하는 것 같아요."
        },
        {
            "Q": "친구들은 몇 명이고 주로 뭐 하고 놀아?",
            "A": "친구는 네 명 정도이고 공원 놀이터에서 놀아요."
        },
        {
            "Q": "담임 선생님을 좋아해? 싫어해?",
            "A": "선생님 좋아요."
        },
        {
            "Q": "어떤 부분에서 선생님이 좋아?",
            "A": "선생님은 다정하세요."
        },
        {
            "Q": "요즘 가장 걱정되는 것이 무엇이야?",
            "A": "새엄마랑 누나랑 사이가 안 좋은 거요."
        },
        {
            "Q": "무엇 때문에 걱정이 돼?",
            "A": "오늘은 무엇을 트집 잡아서 괴롭힐까 걱정이 돼요."
        },
        {
            "Q": "이런 일이 자주 일어나니?",
            "A": "네. 자주 그래요."
        },
        {
            "Q": "요즘 행복하다고 느끼니?",
            "A": "아니요. 행복하지 않아요."
        },
        {
            "Q": "왜 불행하다고 느껴?",
            "A": "새엄마랑 누나가 괴롭히니까요."
        },
        {
            "Q": "앞으로 커서 어떤 사람이 되고 싶어?",
            "A": "아직 생각해 본 적 없어요."
        },
        {
            "Q": "되고 싶은 사람이 없니?",
            "A": "네. 아직은 없어요."
        },
        {
            "Q": "집에서 주로 나를 돌봐주는 어른은 누구야?",
            "A": "엄마요."
        },
        {
            "Q": "배가 고픈데 먹을 게 없어서 굶은 적이 있니?",
            "A": "아니요. 없어요."
        },
        {
            "Q": "빨래가 되어 있지 않아서 더럽고 냄새나는 옷을 입어야 한 적이 있니?",
            "A": "아니요. 없어요."
        },
        {
            "Q": "옷이나 신발 사이즈가 작은 걸 입거나 신고 다닌 적이 있니?",
            "A": "아니요. 없어요."
        },
        {
            "Q": "어른들이 운동회나 참관 수업 또는 학부모 상담 같은 학교 행사에 잘 오시니?",
            "A": "네. 오세요."
        },
        {
            "Q": "부모님이나 선생님 때문에 슬프거나 화가 난 적이 있었니?",
            "A": "아니요. 없어요."
        },
        {
            "Q": "주위 어른들 중 나를 때린 적이 있는 사람이 있니?",
            "A": "새엄마가 때렸어요."
        },
        {
            "Q": "새엄마가 때리는 이유가 뭐라고 생각해?",
            "A": "거짓말도 안 했는데 거짓말했다고 때려요."
        },
        {
            "Q": "어느 부위를 무엇으로 맞았니?",
            "A": "파리채로 팔이랑 무릎, 머리를 맞았어요."
        },
        {
            "Q": "평소에 자주 때리시니?",
            "A": "네. 일주일을 그냥 넘어간 적이 없어요."
        },
        {
            "Q": "새엄마에게 맞아서 얼마나 다쳤니?",
            "A": "팔이 긁히고 멍이 들었어요."
        },
        {
            "Q": "그래서 병원에 가서 치료를 받은 적이 있니?",
            "A": "병원에 간 적은 없어요."
        },
        {
            "Q": "내가 원하지 않는데도 누군가가 내 몸을 만지거나 보여달라고 한 적이 있어?",
            "A": "아니요. 없어요."
        },
        {
            "Q": "집에서 어른들끼리 소리 지르면서 싸우는 걸 듣거나 본 적이 있니?",
            "A": "아니요. 없어요."
        },
        {
            "Q": "친구들이 나를 자주 놀리거나 괴롭힌다고 느낀 적이 있니?",
            "A": "아니요. 없어요."
        },
        {
            "Q": "어떨 때 마음이 복잡하고 힘들어?",
            "A": "새엄마랑 누나가 윽박지를 때요."
        },
        {
            "Q": "힘들어서 죽고 싶다는 생각을 한 적 있니?",
            "A": "죽고 싶다는 생각은 안 했어요."
        },
        {
            "Q": "평소에 잠이 들기 힘들거나, 잠자는 중간에 자주 깨니?",
            "A": "악몽을 꾸다가 깬 적이 몇 번 있어요."
        },
        {
            "Q": "악몽이라면 무섭거나 끔찍하거나 힘들었던 경험과도 관련이 있니?",
            "A": "그렇지는 않고 그냥 가위에 눌리는 꿈을 꾸어요."
        },
        {
            "Q": "꿈을 꾸고 일어나면 몸 상태는 어때?",
            "A": "가슴이 뛰어요."
        },
        {
            "Q": "부모님의 허락 없이 또는 말도 없이 집에 오랫동안 나와 있었던 적이 있니?",
            "A": "아니요. 없어요."
        }
    ]
}