{
    "info": {
        "위기단계": "응급"
    },
    "kids_ment": [
        {
            "Q": "최근에 아픈 곳이 있어?",
            "A": "없어요."
        },
        {
            "Q": "최근에 다쳤던 적이 있어?",
            "A": "아니요."
        },
        {
            "Q": "손목에 반창고가 있네, 다친 거야?",
            "A": "아니요."
        },
        {
            "Q": "친구는 뭐 할 때가 즐거워?",
            "A": "잘 모르겠어요."
        },
        {
            "Q": "즐겁다고 느끼지 못한 것이 언제부터야?",
            "A": "모르겠어요."
        },
        {
            "Q": "최근 일주일 동안 짜증이나 화가 난 적 있어?",
            "A": "네. 화난 적 있어요."
        },
        {
            "Q": "무엇 때문에 화가 났어?",
            "A": "가족들 때문에요."
        },
        {
            "Q": "가족들 때문에 화나는 일이 많아?",
            "A": "네."
        },
        {
            "Q": "평소 짜증이나 화가 났을 때 어떻게 풀어?",
            "A": "참아요."
        },
        {
            "Q": "몇 시에 자고 몇 시에 일어나?",
            "A": "잘 모르겠어요. 열한 시쯤 눕는데 두 시쯤 자서 여섯 시쯤 깨는 거 같아요."
        },
        {
            "Q": "아침에 일어났을 때 몸 상태는 어때?",
            "A": "피곤해요."
        },
        {
            "Q": "평소 잠들기 힘들거나 잠자는 중간에 깨지는 않아?",
            "A": "잠들기도 어렵고 자주 깨요. 꿈도 많이 꾸고요."
        },
        {
            "Q": "평소 아빠는 어떤 표정을 자주 지으셔?",
            "A": "모르겠어요. 근데 자주 화내요."
        },
        {
            "Q": "아빠가 왜 그러시는 거 같아?",
            "A": "모르겠어요."
        },
        {
            "Q": "아빠가 그러실 때 내 기분은 어때?",
            "A": "무서워요."
        },
        {
            "Q": "평소 엄마는 어떤 표정을 자주 지으셔?",
            "A": "모르겠어요. 엄마는 무표정한 거 같아요."
        },
        {
            "Q": "엄마가 왜 그러시는 거 같아?",
            "A": "저한테 관심이 없어요."
        },
        {
            "Q": "엄마가 그런 표정을 지으시면 내 기분은 어때?",
            "A": "잘 모르겠어요."
        },
        {
            "Q": "형제자매가 있어?",
            "A": "네. 오빠 한 명이요."
        },
        {
            "Q": "오빠랑 사이는 어때?",
            "A": "서로 관심이 없어요. 오빠한테 믿음도 별로 없고."
        },
        {
            "Q": "부모님이 나와 오빠를 다르게 대할 때가 있어?",
            "A": "모르겠어요."
        },
        {
            "Q": "친구들이랑 주로 뭐하고 놀아?",
            "A": "친구들이랑 안 놀아요."
        },
        {
            "Q": "왜 안 노는 거야?",
            "A": "혼자가 편해요."
        },
        {
            "Q": "학교 선생님은 좋아하는 편이야 안 좋아하는 편이야?",
            "A": "잘 모르겠어요."
        },
        {
            "Q": "어떤 게 잘 모르겠어?",
            "A": "선생님은 좋은 분이신데. 음/ 제가 좋아하지도 않고 안 좋아하지도 않아요."
        },
        {
            "Q": "요즘 고민이 있을까?",
            "A": "네."
        },
        {
            "Q": "어떤게 고민이야?",
            "A": "내가 왜 살아있는지 모르겠어요."
        },
        {
            "Q": "이유가 있을까?",
            "A": "말하고 싶지 않아요."
        },
        {
            "Q": "이런 고민 때문에 생활이 불편하거나 힘들어?",
            "A": "네."
        },
        {
            "Q": "요즘 행복하다고 느껴?",
            "A": "아니요."
        },
        {
            "Q": "불행하다고 느끼는 이유가 있을까?",
            "A": "사는 게 힘들어요."
        },
        {
            "Q": "커서 되고 싶은 사람이나 꿈이 있다면 무엇인지 말해줄래?",
            "A": "없어요."
        },
        {
            "Q": "아직 되고 싶은 직업이 없어?",
            "A": "네."
        },
        {
            "Q": "주로 나를 돌봐주는 어른은 누구야?",
            "A": "엄마요."
        },
        {
            "Q": "배가 고픈데 먹을 게 없어서 굶은 적 있어?",
            "A": "굶은 적은 없어요."
        },
        {
            "Q": "어디 아픈 곳이 있는데 병원에 데려가지 않은 적이 있어?",
            "A": "네. 그런데 제가 아픈 곳이 있어도 잘 이야기 하지 않아요."
        },
        {
            "Q": "빨래가 되어 있지 않거나 사이즈가 안 맞는 옷이나 신발을 사용한 적이 있어?",
            "A": "아니요."
        },
        {
            "Q": "인터넷이나 휴대폰을 가지고 노는 시간은 하루에 몇 시간 정도야?",
            "A": "여섯 시간은 넘는 것 같아요."
        },
        {
            "Q": "인터넷이나 휴대폰 게임을 너무 많이 한다고 어른들이 뭐라고 하지는 않아?",
            "A": "네."
        },
        {
            "Q": "피시방은 얼마나 자주 가?",
            "A": "잘 안 가요"
        },
        {
            "Q": "부모님이나 학교 선생님 때문에 슬프거나 화난 적 있어?",
            "A": "네. 부모님 때문에요."
        },
        {
            "Q": "부모님의 어떤 말이나 행동이 그랬어?",
            "A": "엄마는 무슨 일이 있을 때마다 다 자기 잘못이라고 소리지르고, 제가 아빠 싫다고 이야기 하면 왜 이렇게 버릇이 없어졌냐고 화냈어요."
        },
        {
            "Q": "어른들이 나를 어디 가두고 못 나오게 한 적 있어?",
            "A": "아니요."
        },
        {
            "Q": "다른 사람들 앞에서도 혼나거나 다른 아이들과 비교도 해?",
            "A": "다른 사람들 앞에서는 혼난 적 없는데 딱 한 번 아빠가 다른 집이랑 비교한 적 있어요. 다른 집 딸들은 아빠한테 뽀뽀도 해주는데 너는 왜 안 해주냐라고 해서 마지못해 해줬어요."
        },
        {
            "Q": "어른들이 나를 집에서 쫓아내거나 버리겠다고 말하거나 진짜 쫓아낸 적 있어?",
            "A": "아니요."
        },
        {
            "Q": "내가 무엇을 하려고 할 때 무조건 안 된다고 하거나 하기 싫은데도 무조건 하라고 할 때가 있어?",
            "A": "네. 아빠가 항상 그래요."
        },
        {
            "Q": "마음이 힘들 때 가족에게 내 마음을 이야기 해?",
            "A": "아니요."
        },
        {
            "Q": "주위 어른들 중에 나를 때린 적이 있는 사람이 있어?",
            "A": "없어요."
        },
        {
            "Q": "내가 원하지 않는데도 누군가가 내 몸을 만지거나 보여달라고 한 적 있어?",
            "A": "네."
        },
        {
            "Q": "누가 그랬어?",
            "A": "아빠가요."
        },
        {
            "Q": "어떻게 만지거나 보여달라고 했어?",
            "A": "말 안 하고 그냥 만졌어요."
        },
        {
            "Q": "이런 일이 자주 있었어?",
            "A": "네."
        },
        {
            "Q": "일주일에 몇 번 정도 그런 거 같아?",
            "A": "그건 모르겠고 초등학교 1학년 때부터요."
        },
        {
            "Q": "누가 나에게 부끄럽고 창피한 것을 시킨 적이 있어?",
            "A": "네."
        },
        {
            "Q": "어떤 걸 시켰어?",
            "A": "자기꺼 빨아달라고 했어요."
        },
        {
            "Q": "누가 소중한 부위를 아프게 한 적 있어?",
            "A": "네. 아빠가요."
        },
        {
            "Q": "어떤 걸로 아프게 했어?",
            "A": "고추로요."
        },
        {
            "Q": "소중한 부위에 상처가 나거나 다쳐서 병원에 간 적이 있어?",
            "A": "네. 그런데 병원은 못 갔어요."
        },
        {
            "Q": "누가 내 몸을 사진 찍거나 동영상을 찍은 적 있어?",
            "A": "네. 아빠가요."
        },
        {
            "Q": "인터넷이나 휴대폰을 통해 내 신체부위를 사진이나 영상으로 찍어서 보내달라고 요청한 사람이 있어?",
            "A": "아니요."
        },
        {
            "Q": "혹시 누가 내 신체 부위를 사진이나 영상을 찍어서 보내주면 돈을 준다고 한 적 있거나, 그런 걸 보내서 돈을 받은 적이 있어?",
            "A": "아니요. 없어요."
        },
        {
            "Q": "내가 싫다고 했는데 계속해서 연락하거나 따라다니는 사람이 있어?",
            "A": "아니요. 없어요."
        },
        {
            "Q": "온라인이나 휴대폰에서 알게 된 사람을 실제로 만나본 적이 있어?",
            "A": "없어요."
        },
        {
            "Q": "집에서 어른들끼리 소리 지르면서 싸우는 걸 듣거나 본 적 있어?",
            "A": "네."
        },
        {
            "Q": "누가 어떻게 싸웠었어?",
            "A": "엄마랑 아빠가 말로 싸웠어요."
        },
        {
            "Q": "그 때 어른들이 술을 마신 상태였어?",
            "A": "네."
        },
        {
            "Q": "어른들이 술을 마시고 집에서 무섭게 행동할 때가 많아?",
            "A": "네. 자주 그래요."
        },
        {
            "Q": "그렇게 싸울 때 나한테 안 좋은 소리를 한 적 있어?",
            "A": "아니요. 가끔 엄마가 싸우고 나서 같이 죽자고 한 적은 있어요."
        },
        {
            "Q": "이런 일 때문에 집에서 나와 있었어야 한 적 있어?",
            "A": "아니요."
        },
        {
            "Q": "이런 일 때문에 집에 경찰이나 다른 사람이 온 적 있어?",
            "A": "네. 경찰 한 번 왔었어요."
        },
        {
            "Q": "이런 일로 집에 경찰이나 다른 사람이 오고 나서도 또 비슷하거나 똑같은 일이 일어난 적 있어?",
            "A": "네."
        },
        {
            "Q": "친구들이 나를 자주 놀리거나 괴롭힌다고 느낀 적 있어?",
            "A": "아니요."
        },
        {
            "Q": "언제 마음이 복잡하거나 힘들어?",
            "A": "매일 그래요."
        },
        {
            "Q": "안 좋은 기억 때문에 괴로워서 죽고 싶다는 생각 한 적 있어?",
            "A": "네."
        },
        {
            "Q": "얼마나 자주 이런 생각이 들었어?",
            "A": "매일요."
        },
        {
            "Q": "자살시도는 언제 했어?",
            "A": "며칠 전에요."
        },
        {
            "Q": "잠잘 때 주로 어떤 꿈을 꿔?",
            "A": "아빠를 죽이는 꿈이랑 스스로 죽는 꿈을 꿔요."
        },
        {
            "Q": "잠들기 힘들고 잠자는 중간에 자주 깼던 이유가 끔찍하거나 힘들었던 경험 때문이야?",
            "A": "네."
        },
        {
            "Q": "생각하고 싶지 않은데 자꾸 그 기억이 떠오른 적 있어?",
            "A": "네. 거의 매일요."
        },
        {
            "Q": "이런 싫은 기억이 떠오를 때 어떻게 해?",
            "A": "몰라요. 참아요."
        },
        {
            "Q": "꿈을 꾸고 일어나면 몸 상태가 어때?",
            "A": "힘들어요. 식은땀이 많이 나서 몸이 축축해요."
        },
        {
            "Q": "어른들의 허락이나 말도 없이 오랫동안 나와 있었던 적 있어?",
            "A": "아니요."
        }
    ]
}