{
    "info": {
        "위기단계": "학대의심"
    },
    "kids_ment": [
        {
            "Q": "친구는 최근에 건강해요?",
            "A": "네. 건강해요."
        },
        {
            "Q": "친구는 최근에 다쳤던 적이 있었어요?",
            "A": "네. 다친 적 있어요."
        },
        {
            "Q": "어디를 다쳤어요?",
            "A": "머리랑 손이랑 배랑 가슴이요."
        },
        {
            "Q": "언제 다쳤어요?",
            "A": "2주 전에요"
        },
        {
            "Q": "왜 다쳤어요?",
            "A": "아줌마가 때렸어요."
        },
        {
            "Q": "아줌마가 누구예요?",
            "A": "아빠가 일 나가면 저 봐주는 아줌마요."
        },
        {
            "Q": "친구는 뭘 할 때가 즐거워요?",
            "A": "저는 즐겁지가 않아요."
        },
        {
            "Q": "즐겁다고 느끼지 못한 게 언제부터예요?",
            "A": "3개월 전부터 아줌마가 저 때렸을 때 부터요."
        },
        {
            "Q": "최근 일주일 동안 짜증이나 화가 난 적이 있어요?",
            "A": "네. 있어요."
        },
        {
            "Q": "무엇 때문에 짜증이나 화가 났어요?",
            "A": "아줌마가 수학문제 못 푼다고 때리고, 학교 끝나고 집 올 때, 느리게 걷는다고 막 머리 때렸어요"
        },
        {
            "Q": "그런 일이 자주 일어나요?",
            "A": "네. 일주일에 두 번 정도는 꼭 그러는 것 같아요."
        },
        {
            "Q": "평소에 짜증이나 화가 났을 때, 어떻게 하면 마음이 풀려요?",
            "A": "모르겠어요. 잘 안 풀려요."
        },
        {
            "Q": "친구는 몇 시에 자고, 몇 시에 일어나요?",
            "A": "열두 시에 자서, 일곱 시에 일어나요"
        },
        {
            "Q": "아침에 일어났을 때, 몸 상태는 어때요?",
            "A": "엄청 졸려요."
        },
        {
            "Q": "평소에 잠이 들기 힘들거나, 잠자는 중간에 자주 깨요?",
            "A": "아니요. 그렇지는 않은 것 같아요."
        },
        {
            "Q": "평소에 아버지는 어떤 표정을 자주 보여요?",
            "A": "아빠는 맨날 밤 늦게 들어와서 피곤해보여요."
        },
        {
            "Q": "왜 그런 표정을 짓는 것 같아요?",
            "A": "일이 늦게 끝나서 그런 것 같아요."
        },
        {
            "Q": "그 표정을 지을 때, 친구 기분은 어때요?",
            "A": "조금 밉기도 하지만, 피곤하니까 어쩔 수 없어요."
        },
        {
            "Q": "평소에 아주머니는 어떤 표정을 자주 보여요?",
            "A": "맨날 짜증난 표정이예요."
        },
        {
            "Q": "왜 그런 표정을 짓는 것 같아요?",
            "A": "모르겠어요. 제가 시키는 걸 잘 못해서요."
        },
        {
            "Q": "그 표정을 지을 때, 친구 기분은 어때요?",
            "A": "아줌마가 밉고, 싫어요. 그리고 때려서 무서워요."
        },
        {
            "Q": "친구는 형제 자매가 있어요?",
            "A": "아니요. 없어요."
        },
        {
            "Q": "친구들이랑은 주로 뭐하고 놀아요?",
            "A": "친구들이랑 학교에서만 노는 것 같아요"
        },
        {
            "Q": "주로 몇 명이서 자주 놀아요?",
            "A": "네 명이랑 친해요"
        },
        {
            "Q": "친구는 담임선생님 좋아해요?",
            "A": "네. 좋아해요."
        },
        {
            "Q": "좋아하는 이유가 있을까요?",
            "A": "모르는 문제 있어도 잘 알려주셔서 좋아요."
        },
        {
            "Q": "요즘 가장 큰 걱정거리는 뭐예요?",
            "A": "제가 또 뭐 잘못해서 맞을까봐 걱정이예요."
        },
        {
            "Q": "걱정거리 때문에 생활이 불편하거나 힘들어요?",
            "A": "네. 항상 힘들어요."
        },
        {
            "Q": "친구는 요즘 행복하다고 느끼는 부분이 있어요?",
            "A": "잘 모르겠어요. 친구들이랑 있어도 집 가서 맞을까봐 무서워요."
        },
        {
            "Q": "친구는 미래의 꿈이 무엇이예요?",
            "A": "저는 경찰관이 되고 싶어요."
        },
        {
            "Q": "그게 꿈인 이유가 있을까요?",
            "A": "나쁜 사람들을 혼내주고 싶어요."
        },
        {
            "Q": "집에서 주로 친구를 돌봐주는 어른은 누구예요?",
            "A": "아줌마가 항상 있어요."
        },
        {
            "Q": "배가 고픈데 먹을 게 없어서 굶은 적 있어요?",
            "A": "아니요. 그런 적은 없어요."
        },
        {
            "Q": "저녁에 친구를 혼자 두고 어른들이 나가거나, 말도 없이 집을 나가서 안 들어 온 적이 있어요?",
            "A": "아니요. 그러면 아빠한테 혼나실거예요."
        },
        {
            "Q": "친구가 어디 아픈 곳이 있는데 어른들이 병원에 데려가지 않은 적이 있어요?",
            "A": "아니요. 아빠가 병원 갔는지 항상 확인해요."
        },
        {
            "Q": "빨래가 되어 있지 않아서 더럽고 냄새나는 옷을 입어야 한 적이 있어요?",
            "A": "아니요. 그런 적 없어요."
        },
        {
            "Q": "옷이나 신발 사이즈가 작은 걸 입거나 신고 다닌 적이 있어요?",
            "A": "아니요. 그런 적도 없어요."
        },
        {
            "Q": "인터넷이나 휴대폰을 가지고 노는 시간은 하루에 몇 시간 정도 해요?",
            "A": "저는 두 시간 해요"
        },
        {
            "Q": "어른들이 학교에 참여해야 하는 행사에 잘 오세요?",
            "A": "아빠는 안 오시고, 아줌마가 오세요."
        },
        {
            "Q": "부모님이나 선생님 때문에 슬프거나 화가 난 적이 있어요?",
            "A": "네. 아줌마가 수학문제 못 푼다고 그것도 못하냐면서 때리면 슬퍼요."
        },
        {
            "Q": "친구를 어디에 가두고 못 나오게 한 적이 있어요?",
            "A": "그렇지는 않았어요."
        },
        {
            "Q": "어른들이 친구를 집에서 쫓아내거나 버리겠다고 말하거나 진짜 쫓아낸 적이 있어요?",
            "A": "아니요. 그런 적 없어요."
        },
        {
            "Q": "친구가 뭘 하려고 할 때, 무조건 안 된다고 하거나, 하기 싫은데도 무조건 하라고 할 때가 있어요?",
            "A": "네. 천천히 걷는다고 때리고, 거짓말 안 했는데 거짓말 했다고 때려요."
        },
        {
            "Q": "마음이 힘들 때, 누구한테 친구의 마음을 얘기해요?",
            "A": "애기 안 해요."
        },
        {
            "Q": "아주머니가 친구를 때렸다고 그랬는데, 아주머니가 친구를 때리는 이유가 뭐라고 생각해요?",
            "A": "제가 공부도 못하고, 잘하는 게 없어서요."
        },
        {
            "Q": "어느 부위를 무엇으로 맞았어요?",
            "A": "효자손이나 파리채로 머리 막 때렸어요."
        },
        {
            "Q": "평소에 아주머니가 자주 때려요?",
            "A": "일주일에 두 번은 꼭 그러는 것 같아요."
        },
        {
            "Q": "아주머니한테 맞아서 얼마나 다쳤어요?",
            "A": "멍 들었던 것 같아요."
        },
        {
            "Q": "이렇게 다친 것 때문에 병원에 가서 치료를 받은 적이 있어요?",
            "A": "아니요. 그렇지는 않았어요."
        },
        {
            "Q": "친구가 원하지 않는데도 누가 몸을 만지거나 보여달라고 한 적 있어요?",
            "A": "아니요. 그런 적은 없었어요."
        },
        {
            "Q": "집에서 어른들끼리 소리 지르면서 싸우는 걸 듣거나 본 적이 있어요?",
            "A": "아니요. 그런 거 본 적 없어요."
        },
        {
            "Q": "친구들이 자주 놀리거나 괴롭힌다고 느낀 적이 있어요?",
            "A": "아니요. 전 친구들이 세상에서 제일 좋아요."
        },
        {
            "Q": "친구는 어떨 때 마음이 복잡하거나 힘들어요?",
            "A": "아줌마랑 있으면 힘들어요."
        },
        {
            "Q": "그런 시간이 괴로워서 죽고 싶다는 생각을 한 적 있어요?",
            "A": "아니요. 그런 적은 없었어요."
        },
        {
            "Q": "친구는 잠 잘 때 주로 어떤 꿈을 꿔요?",
            "A": "꿈은 잘 안 꿔요."
        },
        {
            "Q": "친구는 가출했던 적이 있어요?",
            "A": "아니요. 가출 해 본 적 없어요."
        }
    ]
}