{
    "info": {
        "위기단계": "응급"
    },
    "kids_ment": [
        {
            "Q": "친구는 최근에 건강해요?",
            "A": "네. 건강해요."
        },
        {
            "Q": "최근에 다쳤었던 적이 있었어요?",
            "A": "네. 있었어요."
        },
        {
            "Q": "어디를 다쳤어요?",
            "A": "저 머리랑 목이 아파요."
        },
        {
            "Q": "언제 다쳤어요?",
            "A": "2주 전에 다쳐서 병원도 갔어요. 머리에 피가 조금 났어요."
        },
        {
            "Q": "왜 다쳤어요?",
            "A": "아빠가 엄마 막 욕하고 그래서 말리다가, 저 목 조르고, 머리 막 침대 밑에 박았어요."
        },
        {
            "Q": "친구는 뭘 할 때가 즐거워요?",
            "A": "친구들이랑 놀 때가 제일 즐거워요."
        },
        {
            "Q": "친구들이랑 놀 때 어떤 점이 즐거워요?",
            "A": "그냥 친구들이랑 놀면 평소보다 더 재밌어요."
        },
        {
            "Q": "최근 일주일 동안 짜증이나 화가 난 적이 있어요?",
            "A": "네. 아빠가 자꾸 엄마한테 욕하고 그러면 화나요."
        },
        {
            "Q": "그런 일이 자주 일어나요?",
            "A": "네. 그래서 제가 신고했어요."
        },
        {
            "Q": "그럼 평소에 짜증이나 화가 났을 때, 어떻게 하면 마음이 풀려요?",
            "A": "그냥 우는 것 같아요."
        },
        {
            "Q": "친구는 몇 시에 자고, 몇 시에 일어나요?",
            "A": "저는 열한 시에 자서 일곱 시에 일어나요."
        },
        {
            "Q": "아침에 일어났을 때, 몸 상태는 어때요?",
            "A": "너무 피곤해요."
        },
        {
            "Q": "평소에 잠이 들기 힘들거나, 잠자는 중간에 자주 깨요?",
            "A": "네. 자주 깨요."
        },
        {
            "Q": "평소에 아버지는 어떤 표정을 자주 보여요?",
            "A": "맨날 엄마한테 욕하고 짜증 내요."
        },
        {
            "Q": "그 표정을 짓는 이유가 뭐인 것 같아요?",
            "A": "모르겠어요."
        },
        {
            "Q": "그 표정을 볼 때, 친구는 기분이 어때요?",
            "A": "기분 나빠요."
        },
        {
            "Q": "어머니는 평소에 어떤 표정을 자주 보여요?",
            "A": "엄마는 저랑 있으면 잘 웃어요."
        },
        {
            "Q": "그 표정을 짓는 이유가 뭐인 것 같아요?",
            "A": "아빠는 싫어하고, 저는 좋아해서요."
        },
        {
            "Q": "그 표정을 볼 때, 친구는 기분이 어때요?",
            "A": "엄마랑 있으면 편해요."
        },
        {
            "Q": "친구는 형제자매가 있어요?",
            "A": "아니요. 없어요."
        },
        {
            "Q": "친구들이랑 주로 뭐 하고 놀아요?",
            "A": "친구들이랑 핸드폰 게임하고 놀아요."
        },
        {
            "Q": "몇 명이서 놀아요?",
            "A": "네 명이서 많이 놀아요."
        },
        {
            "Q": "친구는 담임 선생님 좋아해요?",
            "A": "네. 좋아해요."
        },
        {
            "Q": "좋아하는 이유가 있어요?",
            "A": "우리 담임 선생님 엄청 착하고 똑똑해서요."
        },
        {
            "Q": "친구는 요즘 가장 큰 걱정거리가 뭐예요?",
            "A": "아빠가 또 찾아와서 욕하고, 저 때릴까 봐 무서워요."
        },
        {
            "Q": "그런 걱정 때문에 생활이 불편하거나 힘들어요?",
            "A": "네. 매일매일이 너무 힘들어요."
        },
        {
            "Q": "친구는 요즘 행복하다고 느껴요?",
            "A": "네. 엄마가 아빠랑 이제 안 산다고 했어요."
        },
        {
            "Q": "아빠랑 같이 살지 않는 게 어떤 점에서 행복했어요?",
            "A": "아빠 없으면 무섭지가 않아서요."
        },
        {
            "Q": "친구는 꿈이 뭐예요?",
            "A": "저는 간호사 선생님이 되고 싶어요."
        },
        {
            "Q": "간호사가 되고 싶은 이유가 있어요?",
            "A": "저번에 병원 갔을 때, 간호사 언니가 엄청 착하고 이뻐서요."
        },
        {
            "Q": "집에서 주로 친구를 돌봐주는 어른은 누구예요?",
            "A": "엄마요."
        },
        {
            "Q": "배가 고픈데 먹을 게 없어서 굶은 적이 있어요?",
            "A": "아니요. 그런 적 없어요."
        },
        {
            "Q": "저녁에 친구를 혼자 두고 어른들이 나가거나, 갑자기 말도 없이 집을 나가서 안 들어온 적이 있어요?",
            "A": "아니요. 항상 밤에는 저랑 같이 있어요."
        },
        {
            "Q": "어디 아픈 곳이 있는데 어른들이 병원에 데려가지 않은 적이 있어요?",
            "A": "아니요. 바로 병원 가자고 해요."
        },
        {
            "Q": "빨래가 되어 있지 않아서 더럽고 냄새나는 옷을 입어야 한 적이 있어요?",
            "A": "그런 적도 없었어요."
        },
        {
            "Q": "옷이나 신발 사이즈가 작은 걸 입거나 신고 다닌 적이 있어요?",
            "A": "아니요. 저는 항상 사주세요."
        },
        {
            "Q": "인터넷이나 휴대폰을 가지고 노는 시간은 하루에 몇 시간 정도예요?",
            "A": "세 시간 정도는 하는 것 같아요."
        },
        {
            "Q": "너무 많이 한다고 어른들이 뭐라고 하지는 않았어요?",
            "A": "네. 밤에 게임 하면 빨리 자라고 그래요."
        },
        {
            "Q": "피시방 같은 곳을 얼마나 자주 갔어요?",
            "A": "피시방 안 가봤어요."
        },
        {
            "Q": "어른들이 학교에 참여해야 하는 행사에 잘 오세요?",
            "A": "네. 엄마가 자주 와주세요."
        },
        {
            "Q": "부모님이나 선생님 때문에 슬프거나 화가 난 적이 있어요?",
            "A": "네. 아빠가 엄마한테 욕하거나, 저 막 때리면 화가 나요."
        },
        {
            "Q": "부모님의 어떤 말이나 행동이 친구를 화나게 해요?",
            "A": "엄마한테는 무슨 무슨 <욕설> 아 이러면서 그러고, 저는 막 때려요."
        },
        {
            "Q": "친구를 어디에 가두고 못 나오게 한 적이 있어요?",
            "A": "아니요. 그런 적은 없어요."
        },
        {
            "Q": "다른 사람들 앞에서 혼날 때가 있어요?",
            "A": "아니요. 혼나지는 않았어요."
        },
        {
            "Q": "어른들이 친구와 다른 아이들을 비교해요?",
            "A": "아니요. 그냥 때려요."
        },
        {
            "Q": "어른들이 친구를 집에서 쫓아내거나 버리겠다고 말하거나 진짜 쫓아낸 적이 있어요?",
            "A": "아니요. 그런 적 없어요."
        },
        {
            "Q": "친구가 뭘 하려고 할 때, 무조건 안 된다고 하거나, 하기 싫은데도 무조건 하라고 할 때가 있어요?",
            "A": "아니요. 없어요."
        },
        {
            "Q": "마음이 힘들 때, 누구한테 마음을 얘기해요?",
            "A": "엄마한테 얘기해요."
        },
        {
            "Q": "아빠가 친구를 2주 전에 때렸다고 했는데, 아빠가 친구를 때리시는 이유는 뭐라고 생각해요?",
            "A": "그냥 엄마한테 뭐라 하는 거 경찰에 신고해서 화난 것 같아요."
        },
        {
            "Q": "아빠한테 어느 부위를 무엇으로 맞았어요?",
            "A": "손으로 목 조르고, 제 머리 잡고 막 바닥에 찍었어요."
        },
        {
            "Q": "평소에도 아빠가 자주 때려요?",
            "A": "그렇지는 않았는데, 경찰에 제가 신고하고부터 막 그래요."
        },
        {
            "Q": "아빠한테 맞아서 얼마나 다쳤어요?",
            "A": "목에는 멍들고, 머리에는 피가 조금 났어요."
        },
        {
            "Q": "이렇게 다친 것 때문에 병원에 가서 치료를 받은 적이 있어요?",
            "A": "네. 머리에서 피나서 병원 가서 약 바르고 그랬어요."
        },
        {
            "Q": "병원에 입원한 적도 있어요?",
            "A": "아니요. 없어요."
        },
        {
            "Q": "친구한테 누가 몸을 만지거나 보여달라고 한 적 있어요?",
            "A": "아니요. 그런 적은 없었어요."
        },
        {
            "Q": "집에서 어른들끼리 소리 지르면서 싸우는 걸 듣거나 본 적이 있어요?",
            "A": "네. 자주 싸웠어요."
        },
        {
            "Q": "어떻게 싸웠어요?",
            "A": "아빠가 엄마한테 아직도 골프 쳐야겠냐고 하면서 막 욕하고 그랬어요."
        },
        {
            "Q": "그때 어른들이 술을 마신 상태였어요?",
            "A": "아니요. 그렇지는 않았어요."
        },
        {
            "Q": "그렇게 싸울 때 친구한테 안 좋은 소리를 해요?",
            "A": "그러지 말라고 말리면 때려요."
        },
        {
            "Q": "이런 일 때문에 집에 나와서 있어야 한 적이 있어요?",
            "A": "아니요. 그런 적은 없어요."
        },
        {
            "Q": "이런 일 때문에 집에 경찰이나 다른 사람이 온 적이 있어요?",
            "A": "네. 제가 신고했어요."
        },
        {
            "Q": "경찰이 오고 나서도 이런 일이 반복된 적 있어요?",
            "A": "네. 신고하고 다음 날 엄마랑 또 싸우다가 저 때렸어요."
        },
        {
            "Q": "친구들이 자주 놀리거나 괴롭힌다고 느낀 적이 있어요?",
            "A": "아니요. 없었어요."
        },
        {
            "Q": "어떨 때 마음이 복잡하거나 힘들어요?",
            "A": "아빠가 막 욕하고 때리면 힘들어요."
        },
        {
            "Q": "가정불화에 대한 기억 때문에 괴로워서 죽고 싶다는 생각을 한 적 있어요?",
            "A": "아니요. 그렇지는 않았어요."
        },
        {
            "Q": "잠잘 때 주로 어떤 꿈을 꿔요?",
            "A": "아빠랑 엄마랑 싸우다가 저 때리는 꿈이요."
        },
        {
            "Q": "잠자는 중간에 자주 깼던 이유가 그런 꿈 때문인가요?",
            "A": "네. 맞아요."
        },
        {
            "Q": "생각하고 싶지 않은데도 자꾸 그 기억이 떠오른 적이 있어요?",
            "A": "네. 좀 생각나요."
        },
        {
            "Q": "그런 싫은 기억이 떠오를 때 어떻게 해요?",
            "A": "엄마한테 가요."
        },
        {
            "Q": "꿈을 꾸고 일어나면 몸 상태가 어때요?",
            "A": "심장이 엄청 뛰어요."
        },
        {
            "Q": "친구는 가출했던 적 있어요?",
            "A": "아니요. 가출했던 적 없어요."
        }
    ]
}