{
    "info": {
        "위기단계": "정상군"
    },
    "kids_ment": [
        {
            "Q": "최근에 아픈 곳은 없을까?",
            "A": "네. 없어요."
        },
        {
            "Q": "최근에 다쳤던 적은 있을까?",
            "A": "네. 며칠 전에 친구들이랑 놀이터에서 놀다가 미끄럼틀 위에서 떨어졌어요."
        },
        {
            "Q": "우리 친구는 뭐 할 때가 즐거울까?",
            "A": "친구들이랑 놀 때요."
        },
        {
            "Q": "어떤 점이 즐거워?",
            "A": "노는 거니까요."
        },
        {
            "Q": "최근 일주일 동안 짜증이나 화가 난 적이 있을까?",
            "A": "네. 어제 숙제가 너무 어려워서 짜증 났어요."
        },
        {
            "Q": "평소에 짜증 나거나 화날 때 어떻게 하면 마음이 풀려?",
            "A": "할머니한테 말해요."
        },
        {
            "Q": "우리 친구는 몇 시에 자고 몇 시에 일어나?",
            "A": "저는 아홉 시에 자서 여덟 시에 일어나요."
        },
        {
            "Q": "일어났을 때 친구 몸 상태는 어떤 것 같아?",
            "A": "그냥 좋아요."
        },
        {
            "Q": "평소에 잠들기 힘들다거나 중간에 자주 깨는 건 없을까?",
            "A": "네."
        },
        {
            "Q": "평소에 할머니는 어떤 표정을 자주 짓는 것 같아?",
            "A": "할머니는 저를 귀여워하고 좋아해서 잘 웃어요."
        },
        {
            "Q": "그 표정을 볼 때 친구 기분은 어때?",
            "A": "저도 기분 좋아요."
        },
        {
            "Q": "우리 친구는 형제나 자매가 있을까?",
            "A": "네. 여동생 한 명 있어요."
        },
        {
            "Q": "동생이랑 사이가 어때?",
            "A": "사이 좋아요."
        },
        {
            "Q": "할머니가 동생이랑 친구를 차별하는 건 없을까?",
            "A": "네. 동생은 아직 엄청 애기라서 차별 안 해요."
        },
        {
            "Q": "친구들이랑 주로 뭐 하고 놀아?",
            "A": "놀이터 가요."
        },
        {
            "Q": "주로 몇 명이서 놀까?",
            "A": "세 명이요."
        },
        {
            "Q": "담임선생님은 어때? 좋은 것같아?",
            "A": "네. 선생님은 예뻐서 좋아요."
        },
        {
            "Q": "요즘 가장 큰 걱정은 뭐야?",
            "A": "엄마랑 아빠가 할머니 집에 자주 왔으면 좋겠어요."
        },
        {
            "Q": "걱정 때문에 생활이 불편하거나 힘들까?",
            "A": "아니요. 그러진 않아요."
        },
        {
            "Q": "요즘 행복하다고 느낄까?",
            "A": "아니요. 아직 안 행복해요."
        },
        {
            "Q": "왜 불행하다고 느끼는 거야?",
            "A": "행복하려면 더 커야 되는 거 아니에요?"
        },
        {
            "Q": "우리 친구는 커서 어떤 사람이 되고 싶어?",
            "A": "저는 이쁜 간호사 언니 하고 싶어요."
        },
        {
            "Q": "왜 되고 싶은 거야?",
            "A": "예쁘고 친절하고 멋있으니까요."
        },
        {
            "Q": "집에서 주로 친구를 돌봐주는 어른은 누구야?",
            "A": "할머니요."
        },
        {
            "Q": "배가 고픈데 먹을 게 없어서 굶은 적이 있을까?",
            "A": "없어요."
        },
        {
            "Q": "저녁에 친구를 혼자 두고 어른들이 나간다거나 나가서 안 들어온 적이 있을까?",
            "A": "없어요."
        },
        {
            "Q": "어디 아픈 곳이 있는데 어른들이 병원에 안 데려간 적이 있을까?",
            "A": "아니요."
        },
        {
            "Q": "더러운 옷이나 작은 신발과 옷을 착용해야 한 적이 있을까?",
            "A": "아니요."
        },
        {
            "Q": "인터넷이나 휴대폰을 가지고 노는 시간은 하루에 몇 시간 정도야?",
            "A": "거의 잘 안 해서 몰라요."
        },
        {
            "Q": "피시방 같은 곳은 얼마나 자주 가?",
            "A": "안 가봤어요."
        },
        {
            "Q": "어른들이 참여해야 하는 학교행사가 있을 때 어른들이 잘 오셔?",
            "A": "네."
        },
        {
            "Q": "부모님이나 선생님 때문에 슬프거나 화가 난 적이 있어?",
            "A": "음/ 없는 것 같아요."
        },
        {
            "Q": "마음이 힘들 때, 누구한테 이야기해?",
            "A": "할머니한테 이야기해요."
        },
        {
            "Q": "주위 어른들 중에 친구를 때린 적이 있는 사람이 있을까?",
            "A": "때리진 않았는데 할머니가 빗자루 들고 이놈 해요."
        },
        {
            "Q": "내가 원하지 않았는데도 누군가가 내 몸을 만지거나 보여달라고 한 적이 있을까?",
            "A": "아니요."
        },
        {
            "Q": "잡에서 어른들끼리 소리 지르면서 싸우는 걸 듣거나 본 적이 있을까?",
            "A": "아니요."
        },
        {
            "Q": "친구들이 나를 자주 놀리거나 괴롭힌다고 느낀 적이 있어?",
            "A": "그런 적 없어요."
        },
        {
            "Q": "어떨 때 마음이 복잡하거나 힘들어?",
            "A": "잘 모르겠어요."
        },
        {
            "Q": "안 좋은 기억 때문에 괴로워서 죽고 싶다는 생각을 한 적이 있어?",
            "A": "아니요."
        },
        {
            "Q": "잠잘 때 주로 어떤 꿈을 꿔?",
            "A": "꿈은 꾸는데 기억 안 나요."
        },
        {
            "Q": "우리 친구는 가출해 본 적이 있다거나 주변에 가출해 본 친구가 있을까?",
            "A": "아니요."
        }
    ]
}