{
    "info": {
        "위기단계": "응급"
    },
    "kids_ment": [
        {
            "Q": "최근에 건강한가요? 아니면 아픈 곳이 있어요?",
            "A": "음, 지금은 아픈 곳 딱히 없어요."
        },
        {
            "Q": "최근에 다쳤던 적이 있나요?",
            "A": "네."
        },
        {
            "Q": "어디를 다쳤나요?",
            "A": "정강이랑 옆구리랑 등이랑 허리요."
        },
        {
            "Q": "언제 다쳤나요?",
            "A": "저 저번주에 다쳤어요."
        },
        {
            "Q": "어쩌다가 다친 거예요?",
            "A": "우리 반 일진이 저 때렸어요."
        },
        {
            "Q": "뭘 할 때 즐거워요?",
            "A": "지금은 뭐 즐거운 게 없는데요."
        },
        {
            "Q": "즐겁다고 느끼지 못한 것이 언제부터인가요?",
            "A": "우리 반 일진이 저보고 마음에 안 든다고 때리기 시작했을 때부터요. 올해 4월쯤부터요."
        },
        {
            "Q": "최근 일주일 동안 짜증이나 화가 난 적이 있나요?",
            "A": "네."
        },
        {
            "Q": "무엇 때문에 짜증이나 화가 났어요?",
            "A": "그 일진이 엄마 욕해서 화났어요."
        },
        {
            "Q": "그런 일이 자주 일어나나요?",
            "A": "네. 가끔이요."
        },
        {
            "Q": "평소에 짜증이나 화가 났을 때, 어떻게 하면 마음이 풀려요?",
            "A": "그림 그려요. 그럼 기분이 조금 나아져요."
        },
        {
            "Q": "몇 시에 자고, 몇 시에 일어나나요?",
            "A": "한 시에 자고 여덟 시에 일어나요."
        },
        {
            "Q": "아침에 일어났을 때, 몸 상태는 어때요?",
            "A": "피곤한 것 같아요."
        },
        {
            "Q": "평소에 잠들기 힘들거나, 잠자는 중간에 자주 깨나요?",
            "A": "네. 잠들기가 힘들어요. 잠이 안 와요."
        },
        {
            "Q": "아버지는 어떤 표정을 자주 짓나요?",
            "A": "걱정하는 표정이요."
        },
        {
            "Q": "왜 그런 표정을 짓는 것 같아요?",
            "A": "제가 막 몸에 멍든 거 보더니, 혹시 괴롭힘당하는 거 아닌지 걱정했어요."
        },
        {
            "Q": "그 표정을 지을 때, 내 기분은 어때요?",
            "A": "마음이 아팠어요. 아빠 속상하게 하기 싫은데."
        },
        {
            "Q": "어머니는 어떤 표정을 자주 짓나요?",
            "A": "엄마는 웃는 표정."
        },
        {
            "Q": "왜 그런 표정을 짓는 것 같아요?",
            "A": "요즘 엄마 가게 장사가 잘되거든요."
        },
        {
            "Q": "그 표정을 지을 때, 내 기분은 어때요?",
            "A": "저도 좋아요. 엄마가 요즘 맛있는 거 많이 사주세요."
        },
        {
            "Q": "형제자매는 몇 명이예요?",
            "A": "형제자매 없어요."
        },
        {
            "Q": "친구들이랑 주로 뭐 하고 놀아요?",
            "A": "친구 없어요."
        },
        {
            "Q": "왜 없어요?",
            "A": "우리 반 일진한테 찍힌 후로 다른 친구들이 저랑 안 놀아줘요."
        },
        {
            "Q": "담임선생님을 좋아하나요. 싫어하나요?",
            "A": "싫어해요."
        },
        {
            "Q": "담임 선생님이 어떤 부분에서 안 좋아요?",
            "A": "제가 괴롭힘당한다고 말했는데 별로 심각하게 생각하지 않아요. 관심이 없어요. 그냥."
        },
        {
            "Q": "요즘 제일 걱정되는 게 뭐예요?",
            "A": "졸업할 때까지 이렇게 괴롭힘당할까 봐 걱정돼요."
        },
        {
            "Q": "걱정거리 때문에 생활이 불편하거나 힘든가요?",
            "A": "네. 항상 그 걱정을 해요. 언제 끝날까."
        },
        {
            "Q": "요즘 행복하다고 느끼나요?",
            "A": "아니요."
        },
        {
            "Q": "왜 불행하다고 느끼나요?",
            "A": "친구가 없어서요. 이럴 거면 그냥 전학 가는 게 나을 것 같아요."
        },
        {
            "Q": "커서 어떤 사람이 되고 싶어요?",
            "A": "경찰이요."
        },
        {
            "Q": "왜 되고 싶나요?",
            "A": "나쁜 놈들 다 감옥에 집어넣을 거예요."
        },
        {
            "Q": "집에서 주로 나를 돌봐주는 어른은 누구인가요?",
            "A": "엄마요."
        },
        {
            "Q": "배가 고픈데 먹을 게 없어서 굶은 적이 있나요?",
            "A": "아니요."
        },
        {
            "Q": "저녁에 나를 집에 혼자 두고 어른들이 나갔던 적 있나요?",
            "A": "아니요."
        },
        {
            "Q": "어디 아픈 곳이 있는데 어른들이 병원에 데려가지 않은 적이 있나요?",
            "A": "아니요."
        },
        {
            "Q": "부모님이나 선생님 때문에 슬프거나 화가 난 적이 있나요?",
            "A": "아니요. 그런 적은 별로 없는 것 같아요."
        },
        {
            "Q": "주위 어른들 중 나를 때린 적이 있는 사람이 있나요?",
            "A": "아니요. 어른들은 저 안 때려요. 친구가 저를 때리죠."
        },
        {
            "Q": "내가 원하지 않는데도 누군가가 내 몸을 만지거나 보여달라고 한 적 있나요?",
            "A": "아니요. 그런 적은 없었던 것 같아요."
        },
        {
            "Q": "집에서 어른들끼리 소리 지르면서 싸우는 걸 듣거나 본 적이 있나요?",
            "A": "아니요. 엄마 아빠 싸우는 거 한 번도 본 적 없어요."
        },
        {
            "Q": "친구들이 나를 자주 놀리거나 괴롭힌다고 느낀 적이 있나요?",
            "A": "네. 양호실 갔었어요. 밴드 붙이고 찜질하고 그랬어요"
        },
        {
            "Q": "어떻게 괴롭히나요?",
            "A": "발을 걸어서 넘어뜨리고 옆구리, 허리, 등 이런 데를 발로 밟아요."
        },
        {
            "Q": "친구가 괴롭히거나 놀릴 때 어떤 기분인가요?",
            "A": "너무 힘들고 무서워요."
        },
        {
            "Q": "얼마나 자주 이런 일이 있었나요?",
            "A": "거의 맨날 그래요."
        },
        {
            "Q": "이렇게 괴롭힘을 당한 기간이 어떻게 되나요?",
            "A": "4월부터 그랬으니까 6개월 넘었어요."
        },
        {
            "Q": "이 괴롭힘 때문에 다쳐서 양호실이나 병원에 간 적도 있나요?",
            "A": "네. 양호실 갔었어요. 밴드 붙이고 찜질하고 그랬어요."
        },
        {
            "Q": "어떨 때 마음이 복잡하거나 힘든가요?",
            "A": "친구들이 절 괴롭힐 때요."
        },
        {
            "Q": "안 좋은 기억 때문에 괴로워서 죽고 싶다는 생각을 한적 있나요?",
            "A": "아니요. 그러면 엄마, 아빠를 다시 못 보잖아요."
        },
        {
            "Q": "잠잘 때 주로 어떤 꿈을 꾸나요?",
            "A": "꿈은 잘 안 꿔요. 아, 꾸는 데 기억이 잘 안 나는 것 같기도 해요."
        },
        {
            "Q": "부모님의 허락 없이 또는 말도 없이 집에 오랫동안 나와 있었던 적이 있나요?",
            "A": "아니요. 전 아빠가 걱정할 행동은 안 해요."
        }
    ]
}