{
    "info": {
        "위기단계": "상담필요"
    },
    "kids_ment": [
        {
            "Q": "우리 친구 몸은 어때? 어디 아픈 곳 있어?",
            "A": "아픈 곳 없어요."
        },
        {
            "Q": "그럼 다친 곳은 있어?",
            "A": "다친 곳도 없어요."
        },
        {
            "Q": "우리 친구는 뭘 할 때가 가장 즐거워?",
            "A": "친구들이랑 놀 때가 재밌는 것 같아요."
        },
        {
            "Q": "최근 일주일 동안 짜증이나 화가 난 적이 있을까?",
            "A": "없어요."
        },
        {
            "Q": "평소에 짜증이나 화가 났을 때, 어떻게 하면 마음이 풀려?",
            "A": "게임하거나 친구들이랑 놀면 풀리는 것 같아요."
        },
        {
            "Q": "평소 몇 시에 자고, 몇 시에 일어나는 편이야?",
            "A": "열한 시에 자서, 여섯 시에 일어나는 것 같아요."
        },
        {
            "Q": "아침에 일어났을 때, 몸 상태는 어때?",
            "A": "매일 잠 와요."
        },
        {
            "Q": "평소에 잠들기 힘들다거나, 잠자는 중간에 자주 깨는 편이야?",
            "A": "네. 잠들기 힘든 것 같아요."
        },
        {
            "Q": "평상시에 어머니, 아버지는 어떤 표정을 자주 짓는 것 같아?",
            "A": "엄마는 슬픈 표정이고, 아빠는 화난 표정이요."
        },
        {
            "Q": "왜 아빠가 그런 표정을 자주 짓는 것 같아?",
            "A": "엄마가 바람 펴서 화가 많이 난 것 같아요."
        },
        {
            "Q": "엄마는 왜 슬픈 표정을 지으시는 것 같아?",
            "A": "잘 모르겠어요. 아빠랑 맨날 싸워서 그런 것 같아요."
        },
        {
            "Q": "엄마 아빠가 우리 친구를 어떻게 대하셔?",
            "A": "엄마는 저한테 잘해줘요. 아빠는 그냥 관심이 없는 것 같아요."
        },
        {
            "Q": "우리 친구는 형제자매는 몇 명이야?",
            "A": "저 혼자예요."
        },
        {
            "Q": "친구들이랑은 주로 뭐 하면서 놀아?",
            "A": "친구들이랑 축구도 하고, 슬라임 만지거나 게임 해요."
        },
        {
            "Q": "담임 선생님은 어때? 좋아 아니면 싫어?",
            "A": "좋아요."
        },
        {
            "Q": "담임선생님의 어떤 부분이 좋아?",
            "A": "저번에 앞에 나가서 수학 문제 풀었는데 잘 풀었다고 간식 줬어요."
        },
        {
            "Q": "요즈음 우리 친구 고민은 뭐야?",
            "A": "아빠랑 엄마가 그만 싸웠으면 좋겠어요."
        },
        {
            "Q": "그 고민 때문에 생활이 불편하거나 힘들어?",
            "A": "네. 매일 집에 들어가기 무서워요. 또 싸울까 봐요."
        },
        {
            "Q": "요즈음 행복하다고 느껴?",
            "A": "아니요."
        },
        {
            "Q": "어떤 점에서 행복하지 않은 것 같아?",
            "A": "아빠랑 엄마가 싸우니까요."
        },
        {
            "Q": "지금의 행복을 1에서 10으로 나타내면 몇 점이야?",
            "A": "0점인 것 같아요."
        },
        {
            "Q": "우리 친구는 커서 어떤 사람이 되고 싶어?",
            "A": "모르겠어요."
        },
        {
            "Q": "되고 싶은 직업 같은 거 없어?",
            "A": "잘 모르겠어요. 생각 안 해봤어요."
        },
        {
            "Q": "주로 친구를 돌봐주는 어른은 누구야?",
            "A": "엄마요."
        },
        {
            "Q": "배가 고픈데 집에 먹을 게 없어서 굶은 적 있어?",
            "A": "아니요."
        },
        {
            "Q": "저녁에 친구를 집에 혼자 두고 어른들이 나갔던 적 있어?",
            "A": "없어요."
        },
        {
            "Q": "친구를 항상 돌봐주는 사람이 갑자기 말도 없이 집을 나가서 안 들어온 적 있어?",
            "A": "아니요."
        },
        {
            "Q": "우리 친구가 어디 아픈 곳이 있는데 부모님이 병원에 데려가지 않은 적은?",
            "A": "없어요."
        },
        {
            "Q": "빨래가 안 되어 있어서 더럽고 냄새나는 옷을 입어야 한 적은?",
            "A": "없어요."
        },
        {
            "Q": "옷이나 신발 사이즈가 작은 걸 입거나 신고 다닌 적은 있어?",
            "A": "아니요."
        },
        {
            "Q": "하루에 인터넷이나 휴대폰을 가지고 노는 시간은 몇 시간 정도야?",
            "A": "한 시간이요."
        },
        {
            "Q": "피시방 가봤어?",
            "A": "아직 한 번도 안 가봤어요."
        },
        {
            "Q": "부모님이 운동회나 참관 수업 같은 학교에 오는 행사에 잘 오셔?",
            "A": "엄마가 오세요."
        },
        {
            "Q": "부모님이나 선생님 때문에 슬프거나 화난 적 있었어?",
            "A": "아빠랑 엄마가 맨날 싸워서 슬퍼요."
        },
        {
            "Q": "부모님의 어떤 말이나 행동이 우리 친구를 슬프게 만들었어?",
            "A": "아빠가 엄마한테 바람핀 거 얘기하다가 화나서 서로 뺨 때리고 또 다른 걸로 얘기하다가 발로 차고 때리고 싸웠어요."
        },
        {
            "Q": "어른들이 친구를 어디에 가두고 못 나오게 한 적이 있어?",
            "A": "없어요."
        },
        {
            "Q": "부모님이 다른 사람들 앞에서도 혼내실 때가 있어?",
            "A": "아니요."
        },
        {
            "Q": "어른들이 우리 친구를 다른 아이들과 비교하는 편이야?",
            "A": "아니요."
        },
        {
            "Q": "어른들이 친구를 집에서 쫓아내거나 버리겠다고 말한 적 있어?",
            "A": "없어요."
        },
        {
            "Q": "우리 친구가 무엇을 하려고 할 때, 무조건 안 된다고 하거나 하기 싫은데도 무조건 하라고 할 때가 있어?",
            "A": "없는 것 같아요."
        },
        {
            "Q": "마음이 힘들 때, 가족에게 친구 마음을 이야기해?",
            "A": "예전에는 엄마한테 했는데 지금은 엄마도 힘드니까 안 하는 것 같아요."
        },
        {
            "Q": "주위 어른들 중 우리 친구를 때린 적이 있는 사람이 있어?",
            "A": "없어요."
        },
        {
            "Q": "우리 친구가 원하지 않는데도 누군가가 친구 몸을 만지거나 보여달라고 한 적 있었어?",
            "A": "아니요."
        },
        {
            "Q": "집에서 어른들끼리 소리 지르면서 싸우는 걸 듣거나 본 적이 있어?",
            "A": "네. 엄마 아빠가 싸워요."
        },
        {
            "Q": "얼마나 자주 있어?",
            "A": "일주일에 한두 번씩 싸워요."
        },
        {
            "Q": "그때 어른들이 술은 마신 상태였어?",
            "A": "아빠는 마셨고 엄마는 아니에요."
        },
        {
            "Q": "어른들이 술 마시고 집에서 무섭게 행동할 때가 많아?",
            "A": "아빠가 일주일에 한두 번씩은 그러는 것 같아요."
        },
        {
            "Q": "그렇게 싸울 때 친구한테 안 좋은 소리도 해?",
            "A": "저한테는 안 그래요."
        },
        {
            "Q": "그 상황에서 우리 친구가 다친 적 있어?",
            "A": "없어요."
        },
        {
            "Q": "이런 일로 집에 나와서 있었어야 한 적 있어?",
            "A": "없어요."
        },
        {
            "Q": "이런 일 때문에, 집에 경찰이나 다른 사람이 온 적 있어?",
            "A": "없어요."
        },
        {
            "Q": "친구들이 자주 놀리거나 괴롭힌다고 느낀 적이 있어?",
            "A": "아니요."
        },
        {
            "Q": "우리 친구는 어떨 때 마음이 복잡하거나 힘들어?",
            "A": "아빠랑 엄마가 싸울 때요."
        },
        {
            "Q": "이런 상황 때문에 괴로워서 죽고 싶다는 생각을 한 적 있어?",
            "A": "아니요."
        },
        {
            "Q": "잠잘 때 주로 어떤 꿈을 꾸는 것 같아?",
            "A": "엄마 아빠가 싸우고 이혼하는 꿈이요."
        },
        {
            "Q": "잠들기 힘든 이유가 집에서의 일 때문에 그런 것 같아?",
            "A": "네."
        },
        {
            "Q": "생각하고 싶지 않은 데도 자꾸 그 기억이 떠오른 적 있어?",
            "A": "아빠가 술 마시고 집에 들어오면요."
        },
        {
            "Q": "얼마나 자주 그래?",
            "A": "일주일에 한두 번씩이요."
        },
        {
            "Q": "이런 싫은 기억이 떠오를 때 어떻게 해?",
            "A": "그냥 방에 들어가거나 아무것도 안 해요."
        },
        {
            "Q": "꿈을 꾸고 일어나면 몸 상태가 어때?",
            "A": "땀이 엄청 나는 것 같아요."
        },
        {
            "Q": "부모님 허락이나 말도 없이 집에 오랫동안 나와 있었던 적 있어?",
            "A": "없어요."
        }
    ]
}