{
    "info": {
        "위기단계": "관찰필요"
    },
    "kids_ment": [
        {
            "Q": "우리 친구 몸은 어때? 어디 아픈 곳 있어?",
            "A": "아픈 곳 없어요."
        },
        {
            "Q": "그럼 다친 곳은 있을까?",
            "A": "아니요."
        },
        {
            "Q": "우리 친구는 뭘 할 때가 가장 즐거워?",
            "A": "레고 가지고 노는 거요."
        },
        {
            "Q": "최근 일주일 동안 짜증이나 화가 난 적이 있을까?",
            "A": "네. 동생이 제 레고 망쳐서 화났어요."
        },
        {
            "Q": "그래서 어떻게 했어?",
            "A": "레고 뺏고 엄마한테 다 일렀어요."
        },
        {
            "Q": "평소에 짜증이나 화가 났을 때, 어떻게 하면 마음이 풀려?",
            "A": "레고 만들거나 축구하거나 엄마한테 말해요."
        },
        {
            "Q": "평소 몇 시에 자고, 몇 시에 일어나는 편이야?",
            "A": "열한 시에 자서, 일곱 시에 일어나요."
        },
        {
            "Q": "아침에 일어났을 때, 몸 상태는 어때?",
            "A": "좋아요."
        },
        {
            "Q": "평소에 잠들기 힘들다거나, 잠자는 중간에 자주 깨는 편이야?",
            "A": "아니요."
        },
        {
            "Q": "평상시에 어머니, 아버지는 어떤 표정을 자주 짓는 것 같아?",
            "A": "엄마는 평소에는 웃는데 가끔씩 인상 쓰는 표정이고요. 아빠는 잘 웃는 것 같은데요."
        },
        {
            "Q": "왜 아빠가 웃는 표정을 자주 짓는 것 같아?",
            "A": "저 보면 기분이 좋대요."
        },
        {
            "Q": "엄마는 왜 그런 표정을 자주 지으셔?",
            "A": "평소에는 잘 웃다가 잔소리할 거 생기면 엄청 하고요. 동생이랑 싸우면 맨날 제 탓만 하고 형인데 동생 봐줘야지 왜 같이 싸우냐고 뭐라 해요."
        },
        {
            "Q": "그때 우리 친구는 기분이 어때?",
            "A": "속상하죠. 동생이 잘못한 건데 제가 봐줘야 한다고 그러니까요."
        },
        {
            "Q": "우리 친구는 형제자매는 몇 명이야?",
            "A": "남동생 한 명이요."
        },
        {
            "Q": "남동생이랑 사이가 어때?",
            "A": "별로예요. 맨날 제 것 쓰고 망가뜨리고 그런단 말이에요."
        },
        {
            "Q": "그럼, 우리 친구는 동생이 어때?",
            "A": "평소에는 귀엽고 좋은데 가끔씩 제 물건 건들거나 대들면 짜증 나요."
        },
        {
            "Q": "부모님은 우리 친구랑 남동생을 어떻게 대해? 차별하는 것 같아?",
            "A": "네. 동생이 저한테 대들어도 형이니까 봐줘야 한다고, 그러고 제 물건 망가뜨려도 엄마한테 다 이르면 동생이니까 봐주라고 그래요."
        },
        {
            "Q": "친구들이랑은 주로 뭐 하면서 놀아?",
            "A": "친구들이랑 축구하고 탕후루 먹으러 가고 그래요."
        },
        {
            "Q": "담임 선생님은 어때? 좋아 아니면 싫어?",
            "A": "좋아요."
        },
        {
            "Q": "담임 선생님의 어떤 부분이 좋아?",
            "A": "엄청 재밌어요."
        },
        {
            "Q": "요즈음 우리 친구 고민은 뭐야?",
            "A": "없는 것 같아요."
        },
        {
            "Q": "요즈음 행복하다고 느껴?",
            "A": "네."
        },
        {
            "Q": "어떤 점에서 행복한 것 같아?",
            "A": "엄마가 생일 선물로 갖고 싶던 레고 사줬거든요."
        },
        {
            "Q": "우리 친구는 커서 어떤 사람이 되고 싶어?",
            "A": "레고 만드는 사람이 되고 싶어요."
        },
        {
            "Q": "왜 레고 만드는 사람이 되고 싶어?",
            "A": "레고 만드는 것도 재밌는데, 더 멋진 레고를 만들어 보고 싶어요."
        },
        {
            "Q": "주로 친구를 돌봐주는 어른은 누구야?",
            "A": "엄마가 돌봐주세요."
        },
        {
            "Q": "배가 고픈데 집에 먹을 게 없어서 굶은 적 있어?",
            "A": "없어요."
        },
        {
            "Q": "저녁에 친구를 집에 혼자 두고 어른들이 나갔던 적 있어?",
            "A": "없어요."
        },
        {
            "Q": "친구를 항상 돌봐주는 사람이 갑자기 말도 없이 집을 나가서 안 들어온 적 있어?",
            "A": "아니요."
        },
        {
            "Q": "우리 친구가 어디 아픈 곳이 있는데 부모님이 병원에 데려가지 않은 적은?",
            "A": "없어요."
        },
        {
            "Q": "빨래가 안 되어 있어서 더럽고 냄새나는 옷을 입어야 한 적은 있어?",
            "A": "아니요."
        },
        {
            "Q": "옷이나 신발 사이즈가 작은 걸 입거나 신고 다닌 적은 있어?",
            "A": "없어요."
        },
        {
            "Q": "하루에 인터넷이나 휴대폰을 가지고 노는 시간은 몇 시간 정도야?",
            "A": "한 시간도 잘 안 해요. 레고 만드는 게 더 재밌어요."
        },
        {
            "Q": "피시방도 가?",
            "A": "한 달에 한두 번씩 친구들 따라서 가요."
        },
        {
            "Q": "부모님이 운동회나 참관 수업 같은 학교에 오는 행사에 잘 오셔?",
            "A": "엄마가 오는 것 같아요."
        },
        {
            "Q": "부모님이나 선생님 때문에 슬프거나 화난 적 있었어?",
            "A": "없는 것 같아요."
        },
        {
            "Q": "마음이 힘들 때, 가족에게 친구 마음을 이야기해?",
            "A": "네. 엄마한테 말하면 꽉 안아줘요. 그러면 풀려요."
        },
        {
            "Q": "주위 어른들 중 우리 친구를 때린 적이 있는 사람이 있어?",
            "A": "아니요."
        },
        {
            "Q": "우리 친구가 원하지 않는데도 누군가가 친구 몸을 만지거나 보여달라고 한 적 있었을까?",
            "A": "아니요."
        },
        {
            "Q": "집에서 어른들끼리 소리 지르면서 싸우는 걸 듣거나 본 적이 있어?",
            "A": "없어요."
        },
        {
            "Q": "친구들이 자주 놀리거나 괴롭힌다고 느낀 적이 있어?",
            "A": "아니요."
        },
        {
            "Q": "우리 친구는 어떨 때 마음이 복잡하거나 힘들어?",
            "A": "딱히 없는 것 같아요."
        },
        {
            "Q": "잠잘 때 주로 어떤 꿈을 꾸는 것 같아?",
            "A": "재밌는 꿈같은데요."
        },
        {
            "Q": "부모님 허락이나 말도 없이 집에 오랫동안 나와 있었던 적이 있어?",
            "A": "없어요."
        }
    ]
}