{
    "info": {
        "위기단계": "상담필요"
    },
    "kids_ment": [
        {
            "Q": "최근에 건강은 어때? 아픈 곳 있어?",
            "A": "머리랑 배가 자주 아파요."
        },
        {
            "Q": "어떨 때 아파?",
            "A": "저녁 먹은 다음에요."
        },
        {
            "Q": "왜 아픈 것 같아?",
            "A": "잘 모르겠어요. 약 먹어도 안 나아지고 자고 일어나면 괜찮은 것 같아요."
        },
        {
            "Q": "최근에 다친 곳 있어?",
            "A": "없어요."
        },
        {
            "Q": "요즘 뭘 할 때 즐거워?",
            "A": "책 읽을 때요."
        },
        {
            "Q": "어떤 점이 즐거워?",
            "A": "재밌기도 하고 책 많이 읽어서 쌓아 놓은 거 보면 뿌듯해요."
        },
        {
            "Q": "최근 일주일 동안 짜증이나 화가 난 적 있어?",
            "A": "네. 집 엘리베이터 고장 나서 계단으로 올라와야 해서 짜증 났어요."
        },
        {
            "Q": "그렇게 짜증이 났을 때 어떻게 해야 기분이 풀려?",
            "A": "엄마가 토닥토닥해 주면 풀려요."
        },
        {
            "Q": "몇 시부터 몇 시까지 자?",
            "A": "열 시부터 여덟 시까지 자요."
        },
        {
            "Q": "일어나면 컨디션이 어때?",
            "A": "괜찮아요."
        },
        {
            "Q": "잠들기 힘들거나 자다 중간에 깨는 경우 있어?",
            "A": "잠자는 데 시간이 오래 걸려요."
        },
        {
            "Q": "잠자기 어려운 이유가 뭐야?",
            "A": "혼자 자는 게 무섭기도 하고 귀신 나올까 봐 걱정돼요."
        },
        {
            "Q": "평소에 아빠는 어떤 표정이야?",
            "A": "웃는 표정이요."
        },
        {
            "Q": "그럴 때 내 기분은 어때?",
            "A": "좋아요."
        },
        {
            "Q": "평소에 엄마는 어떤 표정이야?",
            "A": "웃는 표정이요."
        },
        {
            "Q": "그럴 때 내 기분은 어때?",
            "A": "좋아요."
        },
        {
            "Q": "형제자매가 있어?",
            "A": "여동생 있는데 아직 엄마 배 속에 있어요."
        },
        {
            "Q": "친구들과 뭐 하고 놀아?",
            "A": "어제 인생네컷 찍었어요."
        },
        {
            "Q": "몇 명이 같이 놀아?",
            "A": "세 명이요."
        },
        {
            "Q": "담임 선생님은 어때? 좋아 아니면 싫어?",
            "A": "좋아요. 엄청 예뻐요."
        },
        {
            "Q": "요즘 제일 큰 걱정은 뭐야?",
            "A": "혼자 자는 게 무서워요."
        },
        {
            "Q": "그런 걱정 때문에 일상생활이 힘들어?",
            "A": "네. 잘 시간이 오는 게 무서워요."
        },
        {
            "Q": "일주일에 몇 번이나 힘들어?",
            "A": "세 번 넘는 것 같아요."
        },
        {
            "Q": "요즘 행복한 것 같아?",
            "A": "네."
        },
        {
            "Q": "어떤 점에서 행복해?",
            "A": "친구들이랑 노는 게 재밌어요."
        },
        {
            "Q": "커서 어떤 사람이 되고 싶어?",
            "A": "가수가 되고 싶어요."
        },
        {
            "Q": "이유가 뭐야?",
            "A": "노래를 잘해서 인기가 많아지고 싶어요."
        },
        {
            "Q": "집에서 주로 나를 돌봐주는 어른은 누구야?",
            "A": "엄마요."
        },
        {
            "Q": "배가 고픈데 먹을 게 없어서 굶은 적 있어?",
            "A": "아니요."
        },
        {
            "Q": "어른들이 갑자기 말도 없이 집 나가서 안 들어온 적 있어?",
            "A": "아니요."
        },
        {
            "Q": "어디 아픈 곳이 있는데 어른들이 병원에 데려가지 않은 적 있어?",
            "A": "아니요."
        },
        {
            "Q": "빨래 안 한 더럽고 냄새나는 옷을 입은 적 있어?",
            "A": "아니요."
        },
        {
            "Q": "작은 옷이나 신발을 입거나 신고 다닌 적 있어?",
            "A": "아니요."
        },
        {
            "Q": "인터넷이나 휴대폰을 가지고 노는 시간은 하루에 몇 시간 정도야?",
            "A": "두 시간이요."
        },
        {
            "Q": "부모님이 운동회나 참관수업, 학부모 상담에 잘 오셔?",
            "A": "네."
        },
        {
            "Q": "부모님이나 선생님 때문에 슬프거나 화가 난 적 있어?",
            "A": "아니요."
        },
        {
            "Q": "주위 어른들 중 나를 때린 적 있는 사람이 있어?",
            "A": "아니요."
        },
        {
            "Q": "내가 원하지 않는데 누군가가 내 몸을 만지거나 보여달라고 한 적 있어?",
            "A": "아니요."
        },
        {
            "Q": "집에서 어른들끼리 소리 지르면서 싸우는 걸 듣거나 본 적이 있어?",
            "A": "아니요."
        },
        {
            "Q": "친구들이 나를 자주 놀리거나 괴롭힌다고 느낀 적 있어?",
            "A": "아니요."
        },
        {
            "Q": "스스로 해치고 싶다거나 죽고 싶다고 생각한 적 있어?",
            "A": "아니요."
        },
        {
            "Q": "잠잘 때 주로 어떤 꿈을 꿔?",
            "A": "꿀 때도 있고 안 꿀 때도 있는데 가끔 무서운 꿈을 꿔요. 귀신이 나온다거나 하는 꿈이요."
        },
        {
            "Q": "그런 꿈을 꾸고 일어나면 몸 상태가 어때?",
            "A": "발에서 땀이 나요."
        },
        {
            "Q": "가출해 본 적 있거나 주변에 가출한 친구들이 있어?",
            "A": "아니요."
        }
    ]
}