{
    "info": {
        "위기단계": "정상군"
    },
    "kids_ment": [
        {
            "Q": "최근에 건강은 어때?",
            "A": "좋아요."
        },
        {
            "Q": "최근에 다친 곳 있어?",
            "A": "없어요."
        },
        {
            "Q": "요즘 뭘 할 때 즐거워?",
            "A": "친구들이랑 게임 할 때요."
        },
        {
            "Q": "어떤 점이 즐거워?",
            "A": "재밌어요."
        },
        {
            "Q": "최근 일주일 동안 짜증이나 화가 난 적 있어?",
            "A": "기억이 안 나요. 없는 것 같아요."
        },
        {
            "Q": "몇 시부터 몇 시까지 자?",
            "A": "아홉 시부터 일곱 시까지 자요."
        },
        {
            "Q": "일어나면 컨디션이 어때?",
            "A": "좋아요."
        },
        {
            "Q": "잠들기 힘들거나 자다 중간에 깨는 경우 있어?",
            "A": "없어요. 잘 자요."
        },
        {
            "Q": "평소에 아빠는 어떤 표정이야?",
            "A": "행복한 표정이요."
        },
        {
            "Q": "왜 그런 표정을 지으시는 것 같아?",
            "A": "행복해서요."
        },
        {
            "Q": "그럴 때 기분이 어때?",
            "A": "좋아요."
        },
        {
            "Q": "평소에 엄마는 어떤 표정이야?",
            "A": "즐거운 표정이요."
        },
        {
            "Q": "왜 그런 표정을 지으시는 것 같아?",
            "A": "즐거워서요."
        },
        {
            "Q": "그럴 때 기분이 어때?",
            "A": "좋아요."
        },
        {
            "Q": "형제자매가 있어?",
            "A": "저밖에 없어요. 사촌 동생 있어요."
        },
        {
            "Q": "친구들과 뭐 하고 놀아?",
            "A": "요즘은 레고 카페 가서 같이 레고 만들어요."
        },
        {
            "Q": "몇 명이 같이 놀아?",
            "A": "두 명이요."
        },
        {
            "Q": "담임 선생님은 어때? 좋아 아니면 싫어?",
            "A": "좋은 편이에요."
        },
        {
            "Q": "어떤 점이 좋아?",
            "A": "웃기고 재밌어요."
        },
        {
            "Q": "요즘 제일 큰 걱정은 뭐야?",
            "A": "엄마가 책을 많이 읽으라고 하는데 읽기 싫어서 안 읽고 읽은 척해요."
        },
        {
            "Q": "그런 걱정 때문에 일상생활이 힘들어?",
            "A": "그 정도는 아니에요. 힘들진 않아요."
        },
        {
            "Q": "요즘 행복한 것 같아?",
            "A": "행복해요."
        },
        {
            "Q": "어떤 점에서 행복해?",
            "A": "그냥 행복한 것 같아요."
        },
        {
            "Q": "커서 어떤 사람이 되고 싶어?",
            "A": "몰라요."
        },
        {
            "Q": "되고 싶은 사람이 없어?",
            "A": "없어요."
        },
        {
            "Q": "집에서 주로 나를 돌봐주는 어른은 누구야?",
            "A": "엄마요."
        },
        {
            "Q": "배가 고픈데 먹을 게 없어서 굶은 적 있어?",
            "A": "아니요."
        },
        {
            "Q": "어른들이 갑자기 말도 없이 집 나가서 안 들어온 적 있어?",
            "A": "아니요."
        },
        {
            "Q": "어디 아픈 곳이 있는데 어른들이 병원에 데려가지 않은 적 있어?",
            "A": "아니요."
        },
        {
            "Q": "빨래 안 한 더럽고 냄새나는 옷을 입은 적 있어?",
            "A": "아니요."
        },
        {
            "Q": "작은 옷이나 신발을 입거나 신고 다닌 적 있어?",
            "A": "아니요."
        },
        {
            "Q": "인터넷이나 휴대폰을 가지고 노는 시간은 하루에 몇 시간 정도야?",
            "A": "한 시간 반이요."
        },
        {
            "Q": "부모님이 운동회나 참관수업, 학부모 상담에 잘 오셔?",
            "A": "아직 해본 적 없는데 만약 하면 꼭 오실 거래요."
        },
        {
            "Q": "부모님이나 선생님 때문에 슬프거나 화가 난 적 있어?",
            "A": "아니요."
        },
        {
            "Q": "주위 어른들 중 나를 때린 적 있는 사람이 있어?",
            "A": "아니요."
        },
        {
            "Q": "내가 원하지 않는데 누군가가 내 몸을 만지거나 보여달라고 한 적 있어?",
            "A": "아니요."
        },
        {
            "Q": "집에서 어른들끼리 소리 지르면서 싸우는 걸 듣거나 본 적이 있어?",
            "A": "아니요."
        },
        {
            "Q": "친구들이 나를 자주 놀리거나 괴롭힌다고 느낀 적 있어?",
            "A": "아니요."
        },
        {
            "Q": "스스로 해치고 싶다거나 죽고 싶다고 생각한 적 있어?",
            "A": "아니요."
        },
        {
            "Q": "잠잘 때 주로 어떤 꿈을 꿔?",
            "A": "태권도 학원이랑 피아노 학원 가는 꿈 꿨어요."
        },
        {
            "Q": "가출해 본 적 있거나 주변에 가출한 친구들이 있어?",
            "A": "아니요."
        }
    ]
}