{
    "info": {
        "위기단계": "정상군"
    },
    "kids_ment": [
        {
            "Q": "최근에 건강한가요. 아니면 아픈 곳이 있나요?",
            "A": "아픈 곳 없어요."
        },
        {
            "Q": "최근에 다쳤던 적이 있었나요?",
            "A": "어제 책 넘기다가 종이에 손이 조금 베였어요."
        },
        {
            "Q": "뭘 할 때가 즐겁나요?",
            "A": "친구들과 놀러 갈 때 정말 즐거워요. 함께 뛰어다니며 웃고 장난치는 시간이 너무 행복해요."
        },
        {
            "Q": "최근 일주일 동안 짜증이나 화가 난 적이 있나요?",
            "A": "친구가 가방을 장난삼아 숨겨버렸는데, 찾느라고 고생해서 그때도 조금 화가 났던 것 같아요."
        },
        {
            "Q": "그런 일이 자주 일어나나요?",
            "A": "아니요. 이번이 처음이요."
        },
        {
            "Q": "평소에 짜증이나 화가 났을 때, 어떻게 하면 마음이 풀려요?",
            "A": "맛있는 걸 먹으면 기분이 좋아져요! 특히 초코칩 쿠키를 먹으면 마음이 풀려요."
        },
        {
            "Q": "몇 시에 자고, 몇 시에 일어나나요?",
            "A": "열 시에 자고 일곱 시에 일어나요."
        },
        {
            "Q": "아침에 일어났을 때, 몸 상태는 어때요?",
            "A": "좋아요."
        },
        {
            "Q": "평소에 잠이 들기 힘들거나, 잠자는 중간에 자주 깨나요?",
            "A": "아니요."
        },
        {
            "Q": "평상시에 아버지는 어떤 표정을 자주 짓나요?",
            "A": "웃어요."
        },
        {
            "Q": "아빠는 친구를 볼 때 왜 그런 표정을 짓는 것 같아요?",
            "A": "저랑 엄마를 너무 좋아해서요."
        },
        {
            "Q": "그 표정을 지을 때, 내 기분은 어때요?",
            "A": "너무 좋아요."
        },
        {
            "Q": "평상시에 어머니는 어떤 표정을 자주 짓나요?",
            "A": "웃는 표정이요."
        },
        {
            "Q": "엄마는 친구를 볼 때 왜 그런 표정을 짓는 것 같아요?",
            "A": "행복해서요."
        },
        {
            "Q": "그 표정을 지을 때, 내 기분은 어때요?",
            "A": "좋아요."
        },
        {
            "Q": "형제자매는 몇 명이에요?",
            "A": "외동이요. 외동이라서 너무 좋아요."
        },
        {
            "Q": "친구들이랑 주로 뭐 하고 놀아요?",
            "A": "구슬 아이스크림이랑 탕후루 먹고, 틱톡 해요."
        },
        {
            "Q": "주로 몇 명이서 놀아요?",
            "A": "네 명이요."
        },
        {
            "Q": "담임 선생님을 좋아하나요? 싫어하나요?",
            "A": "선생님이 웃는 모습이 너무 친근해서 좋아요."
        },
        {
            "Q": "요즘 가장 큰 걱정거리는 무엇인가요?",
            "A": "없는 것 같아요."
        },
        {
            "Q": "요즘 행복하다고 느끼나요?",
            "A": "네. 그림 그리는 것을 정말 좋아하는데, 요즘은 학교에서 그림 수업도 있어서 너무 좋아요."
        },
        {
            "Q": "커서 어떤 사람이 되고 싶은지, 꿈이 무엇인지 이야기해 줄래요?",
            "A": "화가랑 만화가요. 그림이 너무 좋아요."
        },
        {
            "Q": "집에서 주로 나를 돌봐주는 어른은 누구인가요?",
            "A": "엄마랑 아빠요."
        },
        {
            "Q": "배가 고픈데 먹을 게 없어서 굶은 적이 있나요?",
            "A": "아니요."
        },
        {
            "Q": "저녁에 나를 집에 혼자 두고 어른들이 나갔던 적 있나요?",
            "A": "아니요."
        },
        {
            "Q": "인터넷이나 휴대폰을 가지고 노는 시간은 하루에 몇 시간 정도인가요?",
            "A": "두 시간이요."
        },
        {
            "Q": "어른들이 운동회나 참관 수업 또는 학부모 상담 같은 학교 행사에 잘 오시나요?",
            "A": "네."
        },
        {
            "Q": "부모님이나 선생님 때문에 슬프거나 화가 난 적이 있나요?",
            "A": "아니요. 없어요."
        },
        {
            "Q": "다른 사람들 앞에서도 혼날 때 있나요?",
            "A": "아니요."
        },
        {
            "Q": "어른들이 나를 다른 아이들과 비교하나요?",
            "A": "아니요. 안 그래요."
        },
        {
            "Q": "내가 무엇을 하려고 할 때, 무조건 안 된다고 하거나, 하기 싫은데도 무조건 하라고 할 때가 있나요?",
            "A": "아니요. 대부분 다 해주세요. 이번에 미술학원도 다녀요."
        },
        {
            "Q": "마음이 힘들 때, 누구에게 내 마음을 이야기하나요?",
            "A": "엄마요."
        },
        {
            "Q": "주위 어른들 중 나를 때린 적이 있는 사람이 있나요?",
            "A": "아니요."
        },
        {
            "Q": "내가 원하지 않는데도 누군가가 내 몸을 만지거나 보여달라고 한 적 있어요?",
            "A": "아니요."
        },
        {
            "Q": "어른들끼리 소리 지르면서 싸우는 걸 듣거나 본 적이 있나요?",
            "A": "아니요."
        },
        {
            "Q": "친구들이 나를 자주 놀리거나 괴롭힌다고 느낀 적이 있나요?",
            "A": "아니요."
        },
        {
            "Q": "어떨 때 마음이 복잡하거나 힘든가요?",
            "A": "힘들 때 없어요."
        },
        {
            "Q": "안 좋은 기억 때문에 괴로워서 죽고 싶다는 생각을 한 적 있나요?",
            "A": "아니요."
        },
        {
            "Q": "잠잘 때 주로 어떤 꿈을 꾸나요?",
            "A": "높은 마법사의 모자를 쓰고, 반짝반짝 빛나는 지팡이를 휘두르면서 주문을 외워요. 그리고 친구들과 함께 재미있는 모험이 일어나게 만드는 그런 꿈꿔요."
        },
        {
            "Q": "부모님의 허락 없이 또는 말도 없이 집에서 오랫동안 나와 있었던 적이 있나요?",
            "A": "아니요."
        }
    ]
}