{
    "info": {
        "위기단계": "정상군"
    },
    "kids_ment": [
        {
            "Q": "최근에 건강한가요? 아니면 아픈 곳이 있어요?",
            "A": "배가 아팠어요."
        },
        {
            "Q": "배가 왜 아팠어요?",
            "A": "주말에 맛있는 거 먹으러 뷔페 갔는데 너무 많이 먹은 것 같아요."
        },
        {
            "Q": "자주 체하는 편인가요?",
            "A": "아니요. 그렇진 않아요."
        },
        {
            "Q": "체해서 병원에 다녀왔어요?",
            "A": "아니요. 그냥 소화제 먹었어요."
        },
        {
            "Q": "최근에 다쳤던 적이 있나요?",
            "A": "아니요. 다친 적은 없었어요."
        },
        {
            "Q": "우리 친구는 뭘 할 때가 즐거워요?",
            "A": "웹툰 볼 때가 좋아요."
        },
        {
            "Q": "왜 웹툰 보는 것이 좋아요?",
            "A": "웹툰 보면 막 재미있고 설레요."
        },
        {
            "Q": "우리 친구 최근 일주일 동안 짜증이나 화가 난 적 있었어요?",
            "A": "네. 있었어요."
        },
        {
            "Q": "왜 짜증이나 화가 났어요?",
            "A": "친구랑 사소한 말다툼을 했는데 자꾸 생각나요."
        },
        {
            "Q": "평소에 짜증이 나면 어떻게 하면 마음이 풀려요?",
            "A": "웹툰 보거나 유튜브 봐요."
        },
        {
            "Q": "우리 친구는 몇 시에 자고 몇 시에 일어나요?",
            "A": "열두 시에 자고 일곱 시에 일어나요."
        },
        {
            "Q": "아침에 일어났을 때 몸 상태는 어때요?",
            "A": "좋아요."
        },
        {
            "Q": "평소에 잠이 들기 힘들거나 잠자는 중간에 자주 깬 적이 있을까요?",
            "A": "아니요. 없어요."
        },
        {
            "Q": "아빠는 평상시에 어떤 표정을 자주짓고 계세요?",
            "A": "항상 싱글벙글하세요."
        },
        {
            "Q": "아빠는 왜 그런 표정을 짓고 계신 것 같아요?",
            "A": "기분이 좋으신 것 같아요."
        },
        {
            "Q": "아빠가 그런 표정을 짓고 계시면 친구는 기분이 어때요?",
            "A": "좋아요."
        },
        {
            "Q": "아빠가 친구랑 이야기하실 때는 어떤 표정을 짓고 계세요?",
            "A": "저랑 이야기하실 때도 싱글벙글하세요."
        },
        {
            "Q": "엄마는 평상시에 어떤 표정을 짓고 계세요?",
            "A": "엄마는 조금 피곤한 표정을 짓고 계세요."
        },
        {
            "Q": "엄마는 왜 그런 표정을 짓고 계신 것 같아요?",
            "A": "집안일도 하고 회사도 다니셔서 체력적으로 힘드신 것 같아요."
        },
        {
            "Q": "그런 엄마 표정을 보면 친구 기분이 어때요?",
            "A": "속상해요. 그래서 이것저것 도와드려리고 하는데 엄마가 하지 말래요."
        },
        {
            "Q": "엄마가 친구랑 이야기하실 때는 어떤 표정을 짓고 계세요?",
            "A": "저랑 이야기하실 때는 활짝 웃는 표정을 지으세요."
        },
        {
            "Q": "우리 친구 형제자매는 몇 명이에요?",
            "A": "여동생이 한 명 있어요."
        },
        {
            "Q": "여동생이랑 사이는 어때요?",
            "A": "좋아요. 같이 놀면 재미있어요."
        },
        {
            "Q": "부모님이 여동생이랑 친구를 차별하신다고 느낀 적이 있어요?",
            "A": "아니요. 없었어요."
        },
        {
            "Q": "우리 친구는 친구들이랑 주로 뭐 하면서 놀아요?",
            "A": "친구들이랑 마라탕도 먹으러 다니고 스티커 사진도 찍으러 다녀요."
        },
        {
            "Q": "주로 몇 명이랑 놀아요?",
            "A": "다섯 명이요."
        },
        {
            "Q": "우리 친구는 담임 선생님을 좋아하나요 싫어하나요?",
            "A": "네. 좋아요."
        },
        {
            "Q": "담임 선생님이 왜 좋아요?",
            "A": "잘 가르쳐주시고 상냥하셔서요."
        },
        {
            "Q": "우리 친구 요즘 가장 큰 걱정거리는 뭐예요?",
            "A": "친구랑 말다툼한 게 조금 신경 쓰여요."
        },
        {
            "Q": "친구랑 싸운 게 걱정인 거예요?",
            "A": "별거 아닌 일로 싸웠는데 좀 후회스러워요."
        },
        {
            "Q": "그럼 그런 걱정 때문에 생활이 힘들거나 불편한가요?",
            "A": "아니요. 그렇진 않아요. 화해하면 되죠."
        },
        {
            "Q": "우리 친구는 요즈음 행복하다고 느끼나요?",
            "A": "네."
        },
        {
            "Q": "왜 행복하다고 느껴요?",
            "A": "학원에서 1등 해서 엄마가 닌텐도 사주신다고 했어요. 그래서 행복해요."
        },
        {
            "Q": "우리 친구 꿈이 무엇인지 말해 줄 수 있을까요?",
            "A": "변호사가 되고 싶어요."
        },
        {
            "Q": "왜 변호사가 되고 싶어요?",
            "A": "변호사가 되어서 힘든 사람들을 도와주고 싶어요."
        },
        {
            "Q": "집에서 주로 친구를 돌봐주는 어른은 누구예요?",
            "A": "엄마요."
        },
        {
            "Q": "배가 고픈데 먹을 게 없어서 굶은 적이 있나요?",
            "A": "아니요. 없었어요."
        },
        {
            "Q": "저녁에 친구를 집에 혼자 두고 어른들이 나갔던 적 있나요?",
            "A": "아니요. 없었어요."
        },
        {
            "Q": "혹시 친구가 아픈 데 어른들이 병원에 데려가지 않은 적이 있나요?",
            "A": "아니요. 없었어요."
        },
        {
            "Q": "세탁하지 않아서 냄새나는 옷을 입어야 한 적이 있거나 작은 옷이나 신발을 입거나 신고 다닌 적이 있나요?",
            "A": "아니요. 없었어요."
        },
        {
            "Q": "인터넷이나 휴대폰을 가지고 노는 시간은 하루에 몇 시간 정도에요?",
            "A": "두 시간 정도요"
        },
        {
            "Q": "휴대폰 많이 한다고 어른들이 뭐라고 하지는 않나요?",
            "A": "네. 하세요. 이제 그만하라고."
        },
        {
            "Q": "어른들이 운동회나 참관 수업 또는 학부모 상담 같은 학교 행사에 잘 오시나요?",
            "A": "네."
        },
        {
            "Q": "부모님이나 선생님 때문에 슬프거나 화가 난 적이 있어요?",
            "A": "아니요. 없었어요."
        },
        {
            "Q": "주위 어른들 중 친구를 때린 적이 있는 사람이 있나요?",
            "A": "아니요. 없어요."
        },
        {
            "Q": "혹시 친구가 원하지 않는데도 누군가가 친구 몸을 만지거나 보여달라고 한 적이 있어요?",
            "A": "아니요. 없었어요."
        },
        {
            "Q": "집에서 어른들끼리 소리 지르면서 싸우는 걸 듣거나 본 적이 있어요?",
            "A": "아니요. 없었어요."
        },
        {
            "Q": "다른 아이들이 우리 친구를 자주 놀리거나 괴롭힌다고 느낀 적이 있나요?",
            "A": "아니요. 없어요."
        },
        {
            "Q": "우리 친구는 어떨 때 마음이 복잡하거나 힘들어요?",
            "A": "친구랑 말다툼했을 때 조금 마음이 힘들었어요."
        },
        {
            "Q": "그런 일 때문에 괴로워서 죽고 싶다는 생각을 한 적이 있나요?",
            "A": "아니요. 그런 적은 없어요."
        },
        {
            "Q": "우리 친구는 잠잘 때 주로 어떤 꿈을 꾸나요?",
            "A": "꿈이 잘 기억이 안 나요."
        },
        {
            "Q": "어른들 허락 없이 또는 말도 없이 집에서 오랫동안 나와 있었던 적이 있어요?",
            "A": "아니요. 없었어요."
        }
    ]
}