{
    "info": {
        "위기단계": "응급"
    },
    "kids_ment": [
        {
            "Q": "최근에 건강한가요? 아니면 아픈 곳이 있어요?",
            "A": "머리가 아팠어요."
        },
        {
            "Q": "머리가 어떻게 아팠어요.",
            "A": "욱신거렸어요."
        },
        {
            "Q": "언제 아팠어요?",
            "A": "3일 전에 아팠어요."
        },
        {
            "Q": "왜 아팠어요?",
            "A": "그냥 머리가 잘 아파요. 생각할 게 많으면 아프더라고요."
        },
        {
            "Q": "머리가 한번 아프면 얼마 동안 아파요?",
            "A": "30분 정도 아프다가 좀 쉬면 나아져요."
        },
        {
            "Q": "병원에는 가봤어요?",
            "A": "네. 엄마랑 가봤는데 의사 선생님이 그냥 진통제 주셨어요."
        },
        {
            "Q": "최근에 다쳤던 적이 있나요?",
            "A": "있었어요."
        },
        {
            "Q": "어디를 다쳤어요?",
            "A": "머리에 혹이 났어요."
        },
        {
            "Q": "언제 다쳤어요?",
            "A": "일주일 전에요."
        },
        {
            "Q": "왜 다쳤어요?",
            "A": "아빠가 핸드폰으로 제 머리를 때리셔서 혹이 났어요."
        },
        {
            "Q": "우리 친구는 뭘 할 때 즐거워요?",
            "A": "집에 아빠가 안 계시면 뭘 하든 즐거워요."
        },
        {
            "Q": "언제부터 그렇게 생각했어요?",
            "A": "오래전이요. 언제부터였는지 잘 기억이 안 나요."
        },
        {
            "Q": "아빠가 계시면 즐겁지 않은 거예요?",
            "A": "네. 아빠가 자꾸 화내시고 폭력을 쓰세요."
        },
        {
            "Q": "아빠가 그렇게 집에서 폭력을 사용하신 게 언제부터였어요?",
            "A": "저 초등학교 올라가면서부터였던 것 같아요."
        },
        {
            "Q": "최근 일주일 동안 짜증이나 화가 난 적이 있어요?",
            "A": "네. 있었어요."
        },
        {
            "Q": "무엇 때문에 짜증이 났어요?",
            "A": "아빠가 자꾸 화내시니까 짜증 나요."
        },
        {
            "Q": "그렇게 짜증이 나면 어떻게 하면 마음이 풀려요?",
            "A": "특별히 하는 행동은 없어요."
        },
        {
            "Q": "우리 친구는 몇 시에 자고 몇 시에 일어나요?",
            "A": "열두 시에 자고 일곱 시에 일어나요."
        },
        {
            "Q": "아침에 일어났을 때 몸 상태는 어때요?",
            "A": "졸려요."
        },
        {
            "Q": "평소에 잠이 들기 힘들거나 잠자는 중간에 자주 깬 적이 있나요?",
            "A": "자주 깨요. 무서운 꿈을 꾸거든요."
        },
        {
            "Q": "평소에 아버지는 주로 어떤 표정을 자주 짓고 계세요?",
            "A": "항상 화가 나 계신 것 같아요."
        },
        {
            "Q": "아빠가 왜 그런 표정을 짓고 계신 것 같아요?",
            "A": "모르겠어요. 자꾸 자기 무시하냐고 그러면서 화내시는데 도통 이유를 모르겠어요."
        },
        {
            "Q": "아빠가 그런 표정을 짓고 계시면 친구 기분이 어때요?",
            "A": "무서워요."
        },
        {
            "Q": "아빠가 친구랑 이야기하실 때는 어떤 표정이에요?",
            "A": "화나신 표정이세요."
        },
        {
            "Q": "엄마는 평소에 주로 어떤 표정을 자주 짓고 계세요?",
            "A": "힘들어 보이세요."
        },
        {
            "Q": "엄마가 왜 그런 표정을 짓고 계신 것 같아요?",
            "A": "아빠가 자꾸 화내시고 엄마 때려서 그러신 거 같아요."
        },
        {
            "Q": "엄마가 그런 표정을 짓고 계시면 친구 기분이 어때요?",
            "A": "속상해요."
        },
        {
            "Q": "엄마가 친구랑 이야기하실 때는 어떤 표정이에요?",
            "A": "미안한 표정도 지으시지만 웃으면서 이야기하세요."
        },
        {
            "Q": "우리 친구는 형제자매가 몇 명이에요?",
            "A": "누나랑 남동생이 있어요."
        },
        {
            "Q": "누나랑 남동생이랑은 사이가 어때요?",
            "A": "좋아요. 싸울 때도 있지만 같이 있으면 든든하고 재미있어요."
        },
        {
            "Q": "부모님이 친구랑 누나 그리고 남동생을 서로 차별하시는 것 같아요?",
            "A": "아니요. 그렇진 않아요."
        },
        {
            "Q": "우리 친구는 다른 친구들이랑 뭐 하면서 놀아요?",
            "A": "킥보드도 타고 축구도 해요."
        },
        {
            "Q": "주로 몇 명이랑 놀아요?",
            "A": "다섯 명이요."
        },
        {
            "Q": "담임 선생님을 좋아하나요? 싫어하나요?",
            "A": "좋아요."
        },
        {
            "Q": "어떤 점이 좋아요?",
            "A": "재미있으셔서 좋아요."
        },
        {
            "Q": "우리 친구 요즘 제일 걱정되는 게 뭐예요?",
            "A": "아빠가 술 많이 드실까 봐 걱정돼요."
        },
        {
            "Q": "왜 아빠가 술 드실까 봐 걱정하는 거예요?",
            "A": "아빠가 술 드시면 더 무섭게 변하세요."
        },
        {
            "Q": "이런 걱정 때문에 생활이 불편하거나 힘들어요?",
            "A": "네."
        },
        {
            "Q": "이런 걱정 때문에 어느 정도로 힘들어요?",
            "A": "매일매일이요. 아빠 마주칠 때마다 무서워요."
        },
        {
            "Q": "요즘 행복한 것 같아요?",
            "A": "아니요."
        },
        {
            "Q": "왜 불행하다고 생각하는 거예요?",
            "A": "아빠가 자꾸 화내고 엄마 때리셔서 불행한 것 같아요."
        },
        {
            "Q": "우리 친구 꿈이 무엇인지 말해 줄 수 있을까요?",
            "A": "빨리 어른이 되고 싶어요."
        },
        {
            "Q": "혹시 해보고 싶은 직업은 없어요?",
            "A": "그냥 빨리 돈 벌고 싶어요."
        },
        {
            "Q": "집에서 주로 친구를 돌봐주는 어른은 누구예요?",
            "A": "엄마요."
        },
        {
            "Q": "배가 고픈데 먹을 게 없어서 굶은 적이 있나요?",
            "A": "아니요. 그런 적은 없었어요."
        },
        {
            "Q": "저녁에 친구를 집에 혼자 두고 어른들이 나갔던 적이 있어요?",
            "A": "아니요. 그런 적은 없었어요."
        },
        {
            "Q": "혹시 친구가 아픈 데 어른들이 병원에 데려가지 않은 적이 있어요?",
            "A": "아니요. 그런 적은 없었어요."
        },
        {
            "Q": "더럽고 냄새나는 옷을 입어야 한 적이 있거나 작은 옷이나 신발을 입거나 신고 다닌 적이 있어요?",
            "A": "아니요. 그런 적은 없었어요."
        },
        {
            "Q": "인터넷이나 휴대폰을 가지고 노는 시간은 하루에 몇 시간 정도예요?",
            "A": "두 시간 정도요."
        },
        {
            "Q": "인터넷이나 휴대폰을 많이 한다고 어른들이 뭐라고 하시진 않아요?",
            "A": "엄마가 보시면 그만하라고 하세요."
        },
        {
            "Q": "어른들이 운동회나 참관 수업 또는 학부모 상담 같은 학교 행사에 잘 오시나요?",
            "A": "네. 잘 오세요."
        },
        {
            "Q": "어른들 때문에 슬프거나 화가 난 적이 있어요?",
            "A": "네. 있었어요."
        },
        {
            "Q": "어른들의 어떤 말이나 행동이 친구를 슬프게 했나요?",
            "A": "아빠가 자기 무시하냐고 하면서 제 핸드폰으로 머리를 때리고 그리고 다 같이 죽자고 했을 때 무섭고 슬펐어요."
        },
        {
            "Q": "어른들이 친구를 어디에 가두고 못 나오게 한 적이 있었어요?",
            "A": "아니요. 그런 적은 없었어요."
        },
        {
            "Q": "다른 사람들 앞에서 혼날 때도 있었어요?",
            "A": "아니요. 그런 적은 없었어요."
        },
        {
            "Q": "어른들이 친구를 다른 아이들과 비교한 적이 있어요?",
            "A": "아니요. 그런 적은 없었어요."
        },
        {
            "Q": "어른들이 친구를 집에서 쫓아낸 적이 있나요?",
            "A": "아니요. 그런 적은 없었어요."
        },
        {
            "Q": "마음이 힘들 때 누구에게 이야기하나요?",
            "A": "엄마한테 이야기해요."
        },
        {
            "Q": "주위 어른들 중 친구를 때린 사람이 있나요?",
            "A": "네. 있어요."
        },
        {
            "Q": "누가 그랬어요?",
            "A": "아빠요."
        },
        {
            "Q": "아빠가 친구를 때린 이유가 뭐라고 생각해요?",
            "A": "모르겠어요. 자꾸 자기 무시하냐고 하시는데 왜 그러시는지 이해가 잘 안 돼요."
        },
        {
            "Q": "아빠에게 어느 부위를 무엇으로 맞았어요?",
            "A": "제가 가지고 있는 핸드폰으로 제 머리를 막 때리셨어요."
        },
        {
            "Q": "아빠가 자주 때리시나요?",
            "A": "네. 술만 드시면 자꾸 온 가족을 때리세요."
        },
        {
            "Q": "아빠에게 맞아서 얼마나 다쳤어요?",
            "A": "그냥 멍들고 혹 나고 그랬어요."
        },
        {
            "Q": "이렇게 다쳐서 병원에 가서 치료를 받았나요?",
            "A": "아니요. 그냥 집에서 간단하게 치료했어요."
        },
        {
            "Q": "혹시 친구가 원하지 않는데도 누군가가 친구 몸을 만지거나 보여달라고 한 적 있나요?",
            "A": "아니요. 그런 적은 없어요."
        },
        {
            "Q": "집에서 어른들끼리 소리 지르면서 싸우는 걸 듣거나 본 적이 있나요?",
            "A": "네."
        },
        {
            "Q": "누가 어떻게 싸웠어요?",
            "A": "아빠랑 엄마가 소리 지르면서 싸우실 때가 있어요."
        },
        {
            "Q": "그때 어른들이 술을 마신 상태였어요?",
            "A": "네. 아빠가 항상 술을 드신 상태로 화내세요."
        },
        {
            "Q": "엄마 아빠가 싸울 때 친구에게 안 좋은 소리를 하나요?",
            "A": "네. 아빠가 다 같이 죽자고 하면서 온 가족을 위협했어요."
        },
        {
            "Q": "이런 일 때문에 집에서 나와 있었어야 한 적이 있나요?",
            "A": "아니요. 그런 적은 없었어요."
        },
        {
            "Q": "이런 일 때문에 집에 경찰이나 다른 사람이 온 적이 있나요?",
            "A": "경찰이 온 적은 있었어요."
        },
        {
            "Q": "경찰이 오고 나서도 또 이런 일이 있었나요?",
            "A": "아니요. 아직까진 없었어요."
        },
        {
            "Q": "다른 아이들이 우리 친구를 자주 놀리거나 괴롭힌다고 느낀 적이 있나요?",
            "A": "아니요. 없었어요."
        },
        {
            "Q": "우리 친구는 어떨 때 마음이 복잡하거나 힘들어요?",
            "A": "아빠가 화내실 때마다 마음이 힘들어요."
        },
        {
            "Q": "안 좋은 기억 때문에 괴로워서 죽고 싶다는 생각을 한 적이 있나요?",
            "A": "아니요. 그런 적은 없어요."
        },
        {
            "Q": "우리 친구는 잠잘 때 주로 어떤 꿈을 꾸나요?",
            "A": "아빠가 꿈에 나와서 자꾸 저한테 같이 죽자고 하세요."
        },
        {
            "Q": "꿈을 꾸고 일어나면 몸 상태가 어때요?",
            "A": "아빠 피해서 도망 다니다가 꿈에서 깼는데 깨고 나면 가슴도 두근거리고 식은땀도 나요."
        },
        {
            "Q": "부모님의 허락 없이 또는 말도 없이 집에서 오랫동안 나와 있었던 적이 있어요?",
            "A": "아니요. 그런 적은 없었어요."
        }
    ]
}