{
    "info": {
        "위기단계": "정상군"
    },
    "kids_ment": [
        {
            "Q": "몸은 건강하니 아니면 아픈 곳이 있니?",
            "A": "제가 친구한테 옮아가지고 감기 걸렸어요."
        },
        {
            "Q": "감기 걸린 지 얼마나 됐어?",
            "A": "한 일주일 정도요."
        },
        {
            "Q": "많이 아파?",
            "A": "그냥 목이 좀 아프고 기침을 해요."
        },
        {
            "Q": "감기 자주 걸려?",
            "A": "가끔씩 걸려요."
        },
        {
            "Q": "어디 다친 데는 없니?",
            "A": "다친 곳은 없어요."
        },
        {
            "Q": "최근에 기분 좋은 일 있었니?",
            "A": "제 생일에 친구들 초대해서 같이 놀았어요."
        },
        {
            "Q": "최근에 화가 나거나 짜증 난 적은 없었니?",
            "A": "그때 제 생일에 제 여자친구가 못 와서 좀 기분이 안 좋았어요."
        },
        {
            "Q": "그럴 때는 어떻게 하면 기분이 풀려?",
            "A": "근데 여자친구랑 학교에서 봐서 괜찮아요."
        },
        {
            "Q": "친구는 몇 시에 자고 몇 시에 일어나?",
            "A": "열 시에 자고 일곱 시에 일어나요."
        },
        {
            "Q": "잠이 들기 힘들거나 중간중간 깨지는 않아?",
            "A": "네. 그렇지는 않아요."
        },
        {
            "Q": "아침에 일어나면 몸 상태는 어때?",
            "A": "아침에 괜찮아요."
        },
        {
            "Q": "아버지랑은 사이가 어때?",
            "A": "아빠 바쁜데 아침에 학교 데려다주면서 얘기 많이 해요."
        },
        {
            "Q": "어머니랑은 사이가 어때?",
            "A": "엄마가 동생 안 낳아줘서 좀 서운해요."
        },
        {
            "Q": "그거 말고는 엄마가 잘해주셔?",
            "A": "네. 잘해주세요."
        },
        {
            "Q": "우리 친구 형제자매는 몇 명이에요?",
            "A": "동생이 있었음 좋겠는데 저는 외동이에요."
        },
        {
            "Q": "친구들이랑은 잘 지내?",
            "A": "네. 친구들이랑도 잘 지내고 여자친구도 있어요."
        },
        {
            "Q": "친구들이랑 뭐 하고 놀아?",
            "A": "키즈카페 가서 놀기도 하고 엄마들끼리 만나서 같이 놀아요."
        },
        {
            "Q": "담임 선생님은 잘 대해줘?",
            "A": "선생님이 저한테 시끄럽다고 조용히 하라고 해요."
        },
        {
            "Q": "요즘 걱정거리가 있니?",
            "A": "키가 많이 자라고 싶은데 안 커서 걱정이에요."
        },
        {
            "Q": "걱정거리 때문에 일상생활이 많이 불편하고 힘드니?",
            "A": "밥을 열심히 먹고는 있는데 걱정은 좀 돼요."
        },
        {
            "Q": "요즘 행복하다고 느껴?",
            "A": "네. 행복해요."
        },
        {
            "Q": "어떤 점이 행복해?",
            "A": "학교에서 여자친구랑 놀 때 행복해요."
        },
        {
            "Q": "커서 어떤 사람이 되고 싶어?",
            "A": "저는 파일럿이 되고 싶어요."
        },
        {
            "Q": "그 꿈을 선택한 이유가 뭐야?",
            "A": "비행기 게임을 하는데 재미있어서요."
        },
        {
            "Q": "집에서 주로 나를 돌봐주는 어른은 누구야?",
            "A": "엄마요."
        },
        {
            "Q": "배가 고픈데 먹을 게 없어서 굶은 적이 있어?",
            "A": "아니요."
        },
        {
            "Q": "저녁에 친구를 집에 혼자 두고 어른들이 나갔던 적이 있어?",
            "A": "아니요."
        },
        {
            "Q": "어디 아픈 곳이 있는데 어른들이 병원에 데려가지 않은 적이 있니?",
            "A": "아니요."
        },
        {
            "Q": "누가 기분 나쁘게 하거나 슬프게 한 적이 있어?",
            "A": "아니요."
        },
        {
            "Q": "주위 어른들 중 나를 때린 적이 있는 사람이 있어?",
            "A": "아니요."
        },
        {
            "Q": "내가 원하지 않는데도 누군가가 내 몸을 만지거나 보여달라고 한 적 있어?",
            "A": "아니요. 없었어요."
        },
        {
            "Q": "집에서 무서운 일이 있었어?",
            "A": "아니요. 집에서 그런 일은 없었어요."
        },
        {
            "Q": "학교에서 누군가가 너를 괴롭혀?",
            "A": "아니요."
        },
        {
            "Q": "너무 힘들어서 스스로를 다치게 한 적이 있어?",
            "A": "아니요. 없어요."
        },
        {
            "Q": "무서운 일이나 기억하고 싶지 않은 일이 있었어?",
            "A": "아니요. 없었어요."
        },
        {
            "Q": "집을 나간 적이 있어?",
            "A": "아니요."
        }
    ]
}