{
    "info": {
        "위기단계": "응급"
    },
    "kids_ment": [
        {
            "Q": "최근에 아픈 적이 있었니?",
            "A": "아픈 적 없어요."
        },
        {
            "Q": "최근에 다쳤던 적이 있었니?",
            "A": "아니요. 없어요."
        },
        {
            "Q": "뭐 할 때 즐거워?",
            "A": "친구들이랑 보드게임 할 때요."
        },
        {
            "Q": "보드게임 할 때 어떤 부분이 즐거워?",
            "A": "그냥 친구들이랑 같이하니깐 좋아요."
        },
        {
            "Q": "최근 일주일 동안 짜증이나 화가 난 적이 있었니?",
            "A": "최근에는 짜증 난 적은 없어요."
        },
        {
            "Q": "평소에 짜증이나 화가 났을 때 어떻게 하면 마음이 풀려?",
            "A": "엄마랑 이야기하거나 친구들이랑 놀아요."
        },
        {
            "Q": "몇 시에 자고, 몇 시에 일어나니?",
            "A": "열 시 반에 자서, 일곱 시 반에 일어나요."
        },
        {
            "Q": "아침에 일어났을 때, 몸 상태는 어때?",
            "A": "그냥 괜찮아요."
        },
        {
            "Q": "평소에 아버지는 어떤 표정을 지으셔?",
            "A": "술 드시고 화내는 표정이요."
        },
        {
            "Q": "왜 아빠가 화내는 표정을 짓는 것 같아?",
            "A": "술을 드셔서요."
        },
        {
            "Q": "평소 아버지랑 사이는 어때?",
            "A": "안 좋아요. 아버지는 무서워요."
        },
        {
            "Q": "평소에 엄마는 어떤 표정을 지으셔?",
            "A": "어두운 표정이요."
        },
        {
            "Q": "왜 엄마가 어두운 표정을 짓는 것 같아?",
            "A": "아빠 때문에요."
        },
        {
            "Q": "평소에 엄마하고는 사이가 어때?",
            "A": "엄마는 저를 걱정해 주시고 잘 해주세요."
        },
        {
            "Q": "형제자매는 몇 명이야?",
            "A": "형제자매는 없어요."
        },
        {
            "Q": "친구들은 몇 명이고, 주로 뭐 하고 놀아?",
            "A": "친구는 두 명이고, 친구 집에서 모노폴리 보드게임하고 놀아요."
        },
        {
            "Q": "담임 선생님을 좋아해? 싫어해?",
            "A": "선생님 좋아요."
        },
        {
            "Q": "어떤 부분에서 선생님이 좋아?",
            "A": "숙제도 많이 안 내시고 화도 잘 안 내세요."
        },
        {
            "Q": "요즘 가장 걱정되는 것이 무엇이야?",
            "A": "아빠가 술을 드시는 거요."
        },
        {
            "Q": "무엇 때문에 아빠가 술을 드시는 것 같아?",
            "A": "모르겠어요."
        },
        {
            "Q": "아빠가 술을 드시는 것 때문에 생활이 불편하고 힘드니?",
            "A": "네. 힘들어요. 술을 드시면 소리 지르고 싸우니까요."
        },
        {
            "Q": "요즘 행복하다고 느끼니?",
            "A": "별로 행복하지 않아요."
        },
        {
            "Q": "왜 행복하지 않은 것 같아?",
            "A": "아빠 때문에요. 아빠가 술을 안 드셨으면 좋겠어요."
        },
        {
            "Q": "앞으로 커서 어떤 사람이 되고 싶어?",
            "A": "되고 싶은 거 없어요."
        },
        {
            "Q": "해보고 싶은 일이 없니?",
            "A": "아직은 없는 것 같아요."
        },
        {
            "Q": "집에서 주로 나를 돌봐주는 어른은 누구야?",
            "A": "엄마요."
        },
        {
            "Q": "배가 고픈데 먹을 게 없어서 굶은 적이 있니?",
            "A": "아니요. 없어요."
        },
        {
            "Q": "빨래가 되어 있지 않아서 더럽고 냄새나는 옷을 입어야 한 적이 있니?",
            "A": "아니요. 없어요."
        },
        {
            "Q": "옷이나 신발 사이즈가 작은 걸 입거나 신고 다닌 적이 있니?",
            "A": "아니요. 없어요."
        },
        {
            "Q": "어른들이 운동회나 참관 수업 또는 학부모 상담 같은 학교 행사에 잘 오시니?",
            "A": "네. 오세요."
        },
        {
            "Q": "부모님이나 선생님 때문에 슬프거나 화가 난 적이 있었니?",
            "A": "아빠 때문에 슬퍼요. 술 좀 그만 마셨으면 좋겠어요"
        },
        {
            "Q": "부모님이나 선생님의 어떤 말이나 행동이 나를 슬프게 해?",
            "A": "아빠가 술 드시면 <욕설> 하며 욕을 심하게 해요."
        },
        {
            "Q": "어른들이 나를 어디에 가두고 못 나오게 한 적이 있니?",
            "A": "가둔 적은 없어요."
        },
        {
            "Q": "다른 사람들 앞에서도 혼날 때 있니?",
            "A": "술 먹고 집에서만 그래요."
        },
        {
            "Q": "어른들이 나를 다른 아이들과 비교하니?",
            "A": "네."
        },
        {
            "Q": "얼마나 자주 그래?",
            "A": "한 달에 한두 번 술만 드시면 그래요."
        },
        {
            "Q": "어른들이 나를 집에서 쫓아내거나 버리겠다고 말하거나, 진짜 쫓아낸 적이 있니?",
            "A": "쫓아낸 적은 없어요."
        },
        {
            "Q": "내가 무엇을 하려고 할 때 무조건 안 된다고 하거나, 하기 싫은데도 무조건 하라고 할 때가 있니?",
            "A": "슈퍼에 가서 술 사 오라고 그래요."
        },
        {
            "Q": "마음이 힘들 때, 가족에게 내 마음을 이야기하니?",
            "A": "엄마랑 이야기해요."
        },
        {
            "Q": "주위 어른들 중 나를 때린 적이 있는 사람이 있니?",
            "A": "때린 사람은 없어요."
        },
        {
            "Q": "내가 원하지 않는데도 누군가가 내 몸을 만지거나 보여달라고 한 적 있어?",
            "A": "아니요. 없어요."
        },
        {
            "Q": "집에서 어른들끼리 소리 지르면서 싸우는 걸 듣거나 본 적이 있니?",
            "A": "엄마 아빠가 싸우는 걸 봤어요."
        },
        {
            "Q": "얼마나 자주 있어? 한 달에 몇 번 정도일까?",
            "A": "한 달에 한 번은 싸우는 것 같아요."
        },
        {
            "Q": "누가 어떻게 싸워?",
            "A": "아빠가 집에 들어와서 엄마에게 트집을 잡고 소리 지르면서 싸워요."
        },
        {
            "Q": "그때 어른들이 술을 마신 상태였니?",
            "A": "아버지만 술을 드셨어요."
        },
        {
            "Q": "어른들이 술을 마시고 집에서 무섭게 행동할 때가 많니? 한 달에 몇 번 정도일까?",
            "A": "한 달에 한두 번 정도 아빠가 술만 드시면 싸워요."
        },
        {
            "Q": "그렇게 싸울 때 나한테 안 좋은 소리를 하니?",
            "A": "네. 욕을 하고 소리 질러요."
        },
        {
            "Q": "그 상황에서 내가 다친 적이 있니?",
            "A": "물건을 던져서 다친 적도 있어요."
        },
        {
            "Q": "이런 일 때문에, 집에 나와서 있어야 한 적이 있니? 있다면 한 달에 몇 번이야?",
            "A": "집을 나와 본 적은 없어요."
        },
        {
            "Q": "이런 일 때문에 집에 경찰이나 다른 사람이 온 적이 있니?",
            "A": "경찰은 온 적 없어요."
        },
        {
            "Q": "친구들이 나를 자주 놀리거나 괴롭힌다고 느낀 적이 있니?",
            "A": "친구들이 괴롭히지는 않아요."
        },
        {
            "Q": "어떨 때 마음이 복잡하고 힘들어?",
            "A": "부모님들이 싸울 때 힘들어요."
        },
        {
            "Q": "힘들어서 죽고 싶다는 생각을 한 적 있니?",
            "A": "아니요. 그런 생각은 안 해봤어요."
        },
        {
            "Q": "평소에 잠이 들기 힘들거나, 잠자는 중간에 자주 깨니?",
            "A": "아니요. 부모님 싸우는 소리에 깬 적은 있어요."
        },
        {
            "Q": "부모님의 허락 없이 또는 말도 없이 집에 오랫동안 나와 있었던 적이 있니?",
            "A": "아니요. 없어요."
        }
    ]
}