{
    "info": {
        "위기단계": "관찰필요"
    },
    "kids_ment": [
        {
            "Q": "최근에 아픈 곳 있어?",
            "A": "없어요."
        },
        {
            "Q": "최근에 다친 적 있어?",
            "A": "아니요."
        },
        {
            "Q": "친구는 뭐할 때가 즐거워?",
            "A": "친구들이랑 놀 때요."
        },
        {
            "Q": "어떤 점이 즐거운 거야?",
            "A": "그냥 재밌어서 좋아요."
        },
        {
            "Q": "최근 일주일 동안 짜증이나 화난 적 있어?",
            "A": "네. 짜증 난 적 있어요."
        },
        {
            "Q": "무엇 때문에 그런 거야?",
            "A": "저희 반은 남자 대 여자로 파가 갈리는데 여자애들이 저랑 애들 조롱해서 짜증 났어요."
        },
        {
            "Q": "그런 일이 자주 일어나?",
            "A": "자주는 아니고 어쩌다 한 번씩 그래요."
        },
        {
            "Q": "평소 짜증이나 화가 나면 어떻게 풀어?",
            "A": "참아요."
        },
        {
            "Q": "몇 시에 자고 몇 시에 일어나?",
            "A": "열두 시에 자고 여덟 시에 일어나요."
        },
        {
            "Q": "아침에 일어났을 때 몸 상태는 어때?",
            "A": "피곤해요."
        },
        {
            "Q": "평소에 잠들기 힘들거나 잠자는 중간에 자주 깨?",
            "A": "아니요. 그렇진 않아요."
        },
        {
            "Q": "평소에 아빠는 어떤 표정을 자주 지으셔?",
            "A": "잘은 모르겠지만 피곤한 표정이요."
        },
        {
            "Q": "왜 그런 표정을 지으시는 거 같아?",
            "A": "아마도 일이 힘들어서 그러시는 거 같아요."
        },
        {
            "Q": "아빠가 그런 표정을 지으시면 내 기분은 어때?",
            "A": "저도 지쳐요."
        },
        {
            "Q": "평소에 엄마는 어떤 표정을 자주 지으셔?",
            "A": "엄마는 지친 표정이요."
        },
        {
            "Q": "왜 그런 표정을 지으시는 거 같아?",
            "A": "그건 잘 모르겠어요."
        },
        {
            "Q": "엄마가 그런 표정을 지으시면 내 기분은 어때?",
            "A": "별로 안 좋아요."
        },
        {
            "Q": "형제자매가 있어?",
            "A": "아니요. 저 혼자예요."
        },
        {
            "Q": "친구들이랑 주로 뭐 하고 놀아?",
            "A": "이야기하고 장난치고 놀아요."
        },
        {
            "Q": "몇 명이서 노는대?",
            "A": "다섯 명 정도 같이 놀아요."
        },
        {
            "Q": "학교 담임 선생님은 좋아하는 편이야 안 좋아하는 편이야?",
            "A": "아직 잘 모르겠어요."
        },
        {
            "Q": "왜 모르겠어?",
            "A": "작년 담임 선생님은 저를 미워하셨거든요. 그래서 미움받고 있는 거 같기도 해서요. 그래서 안 좋은 편에 좀 더 가까운 것 같긴 해요."
        },
        {
            "Q": "요즘 가장 큰 고민이 뭐야?",
            "A": "부모님이 돈 때문에 자주 싸우셔서 마음이 안 좋아요."
        },
        {
            "Q": "그 고민 때문에 생활이 불편하거나 힘들어?",
            "A": "가끔 눈치 보일 때 있어요."
        },
        {
            "Q": "요즘 행복하다고 느껴?",
            "A": "그럭저럭 그런 거 같아요."
        },
        {
            "Q": "왜 그렇게 느끼는데?",
            "A": "엄청 행복한 건 아니지만 그렇다고 불행하지도 않아서요."
        },
        {
            "Q": "커서 되고 싶은 사람이나 꿈이 무엇인지 말해줄래?",
            "A": "양식 조리사요."
        },
        {
            "Q": "왜 그 직업이 되고 싶어?",
            "A": "맛있잖아요. 제가 좋아해서 제가 해 먹으려고 되고 싶은 것도 있는데 엄마가 양식을 좋아하셔서 엄마한테 해주고 싶은 것도 있어요."
        },
        {
            "Q": "집에서 주로 나를 돌봐주는 사람이 누구야?",
            "A": "엄마요."
        },
        {
            "Q": "배가 고픈데 먹을 게 없어서 굶어본 적 있어?",
            "A": "아니요."
        },
        {
            "Q": "어디 아픈 곳이 있는데 병원에 데려가지 않은 적이 있어?",
            "A": "그런 적 없어요."
        },
        {
            "Q": "빨래가 되지 않았거나 사이즈가 맞지 않는 옷이나 신발을 사용한 적이 있어?",
            "A": "아니요."
        },
        {
            "Q": "인터넷이나 휴대폰을 가지고 노는 시간은 몇 시간 정도야?",
            "A": "다섯 시간에서 여섯 시간 정도요."
        },
        {
            "Q": "어른들이 휴대폰을 너무 많이 본다고 뭐라고 하시지는 않아?",
            "A": "하세요."
        },
        {
            "Q": "피시방 같은 곳을 자주 가?",
            "A": "가끔 친구들이랑 가요."
        },
        {
            "Q": "어른들이 학부모 상담 같은 학교 행사에 자주 오셔?",
            "A": "네. 엄마가 와요."
        },
        {
            "Q": "부모님이나 선생님 때문에 슬프거나 화난 적 있어?",
            "A": "잘 모르겠어요."
        },
        {
            "Q": "주위 어른들 중에 나를 때린 적이 있는 사람이 있어?",
            "A": "없어요."
        },
        {
            "Q": "내가 원하지 않는데도 누군가가 내 몸을 만지거나 보여달라고 한 적 있어?",
            "A": "아니요."
        },
        {
            "Q": "집에서 어른들끼리 소리 지르면서 싸우는 걸 듣거나 본 적 있어?",
            "A": "네. 달에 한 번은 싸우시는 거 같아요."
        },
        {
            "Q": "누가 어떻게 싸웠어?",
            "A": "엄마랑 아빠가 말다툼했어요."
        },
        {
            "Q": "그때 어른들이 술을 마신 상태였어?",
            "A": "아니요."
        },
        {
            "Q": "어른들이 술을 마시고 집에서 무섭게 행동하실 때가 있어?",
            "A": "술 마시고 싸운 적은 없는 거 같아요."
        },
        {
            "Q": "그렇게 싸울 때 나한테 안 좋은 소리를 하셔?",
            "A": "아니요."
        },
        {
            "Q": "이런 일 때문에 집에서 나와 있었어야 한 적 있어?",
            "A": "아니요."
        },
        {
            "Q": "이런 일 때문에, 집에 경찰이나 다른 사람이 온 적 있어?",
            "A": "아니요."
        },
        {
            "Q": "친구들이 나를 놀리거나 괴롭힌다고 느낀 적이 있어?",
            "A": "아니요."
        },
        {
            "Q": "어떨 때 마음이 복잡하거나 힘들어?",
            "A": "부모님이 돈 때문에 싸울 때요."
        },
        {
            "Q": "안 좋은 기억 때문에 괴로워서 죽고 싶다는 생각 해본 적 있어?",
            "A": "아니요."
        },
        {
            "Q": "잠잘 때 주로 어떤 꿈을 꿔?",
            "A": "꿈을 꾸는 것 같긴 한데 기억은 잘 안 나요."
        },
        {
            "Q": "꿈을 꾸고 일어나면 몸 상태는 어때?",
            "A": "좀 피곤한 것 같아요."
        },
        {
            "Q": "어른들의 허락이나 말도 없이 집에서 오랫동안 나와 있었던 적 있어?",
            "A": "없어요."
        }
    ]
}