{
    "info": {
        "위기단계": "정상군"
    },
    "kids_ment": [
        {
            "Q": "최근에 아픈 곳 있어?",
            "A": "없어요."
        },
        {
            "Q": "최근에 다친 적 있어?",
            "A": "며칠 전에 축구하다가 넘어졌는데 이제 다 나았어요."
        },
        {
            "Q": "친구는 뭐할 때가 즐거워?",
            "A": "친구들이랑 놀 때요."
        },
        {
            "Q": "어떤 점이 즐거운 거야?",
            "A": "그냥 재밌어서 좋아요."
        },
        {
            "Q": "최근 일주일 동안 짜증이나 화난 적 있어?",
            "A": "네. 짜증 난 적 있어요."
        },
        {
            "Q": "무엇 때문에 그런 거야?",
            "A": "제가 그만하라고 했는데 짝꿍이 제 말 안 듣고 계속 자기가 하고 싶은 말만 해서 짜증 났어요."
        },
        {
            "Q": "그런 일이 자주 일어나?",
            "A": "네."
        },
        {
            "Q": "평소 짜증이나 화가 나면 어떻게 풀어?",
            "A": "평소에는 엄마랑 이야기하는데 학교에서 그러면 아무 말 안 하고 참다가 눈물 날 때도 있어요."
        },
        {
            "Q": "몇 시에 자고 몇 시에 일어나?",
            "A": "열 시에 자고 여덟 시에 일어나요."
        },
        {
            "Q": "아침에 일어났을 때 몸 상태는 어때?",
            "A": "졸려서 눈 비비고 그러긴 한데 씻으면 좀 괜찮아요."
        },
        {
            "Q": "평소에 잠들기 힘들거나 잠자는 중간에 자주 깨?",
            "A": "아니요. 그렇진 않아요."
        },
        {
            "Q": "평소에 아빠는 어떤 표정을 자주 지으셔?",
            "A": "웃는 표정을 주로 지으세요."
        },
        {
            "Q": "왜 그런 표정을 지으시는 거 같아?",
            "A": "제가 좋아서요."
        },
        {
            "Q": "아빠가 그런 표정을 지으시면 내 기분은 어때?",
            "A": "저도 좋아요."
        },
        {
            "Q": "평소에 엄마는 어떤 표정을 자주 지으셔?",
            "A": "엄마도 웃는 표정이요."
        },
        {
            "Q": "왜 그런 표정을 지으시는 거 같아?",
            "A": "제가 좋아서 그런 게 아닐까요?"
        },
        {
            "Q": "엄마가 그런 표정을 지으시면 내 기분은 어때?",
            "A": "저도 좋아요."
        },
        {
            "Q": "형제자매가 있어?",
            "A": "네. 여동생 한 명 있어요. 저랑 세 살 차이예요."
        },
        {
            "Q": "동생이랑 사이는 어때?",
            "A": "좋아요. 제가 동생 예뻐해 줘요."
        },
        {
            "Q": "부모님이 나랑 동생을 다르게 대할 때가 있어?",
            "A": "아니요."
        },
        {
            "Q": "친구들이랑 주로 뭐 하고 놀아?",
            "A": "종이접기도 하고 축구도 해요."
        },
        {
            "Q": "몇 명이서 노는데?",
            "A": "다섯 명 정도 같이 놀아요."
        },
        {
            "Q": "학교 담임 선생님은 좋아하는 편이야 안 좋아하는 편이야?",
            "A": "좋아해요."
        },
        {
            "Q": "어떤 점에서 좋은 거야?",
            "A": "가끔 혼내실 때는 무섭지만 재밌고 좋을 때가 더 많아서요."
        },
        {
            "Q": "요즘 가장 큰 고민이 뭐야?",
            "A": "옆에 짝꿍 때문에 스트레스받아요."
        },
        {
            "Q": "어떤 것 때문에 고민이 되는 거야?",
            "A": "그 친구가 말을 안 예쁘게 해서 저를 화나게 만들어요. 그래 놓고 아무 일 없다는 듯이 행동해서 꼴 보기 싫어요."
        },
        {
            "Q": "그 고민 때문에 생활이 불편하거나 힘들어?",
            "A": "가끔요."
        },
        {
            "Q": "요즘 행복하다고 느껴?",
            "A": "네."
        },
        {
            "Q": "왜 그렇게 느끼는데?",
            "A": "그냥 지금 제 생활이 만족스러워서요."
        },
        {
            "Q": "커서 되고 싶은 사람이나 꿈이 무엇인지 말해줄래?",
            "A": "의사 선생님이 되고 싶어요."
        },
        {
            "Q": "왜 그 직업이 되고 싶어?",
            "A": "사람을 살리는 일이라서요."
        },
        {
            "Q": "집에서 주로 나를 돌봐주는 사람이 누구야?",
            "A": "엄마요."
        },
        {
            "Q": "배가 고픈데 먹을 게 없어서 굶어본 적 있어?",
            "A": "아니요."
        },
        {
            "Q": "어디 아픈 곳이 있는데 병원에 데려가지 않은 적이 있어?",
            "A": "그런 적 없어요."
        },
        {
            "Q": "빨래가 되지 않았거나 사이즈가 맞지 않는 옷이나 신발을 사용한 적이 있어?",
            "A": "아니요."
        },
        {
            "Q": "인터넷이나 휴대폰을 가지고 노는 시간은 몇 시간 정도야?",
            "A": "네 시간 정도요. 근데 한 시간씩이나 삼십 분씩 나눠서 해요."
        },
        {
            "Q": "피시방 같은 곳을 자주 가?",
            "A": "가본 적 없어요."
        },
        {
            "Q": "어른들이 학부모 상담 같은 학교 행사에 자주 오셔?",
            "A": "아빠는 일 때문에 자주는 못 오고 엄마가 자주 오세요."
        },
        {
            "Q": "부모님이나 선생님 때문에 슬프거나 화난 적 있어?",
            "A": "음/ 제가 기억하기로는 없어요."
        },
        {
            "Q": "주위 어른들 중에 나를 때린 적이 있는 사람이 있어?",
            "A": "없어요."
        },
        {
            "Q": "내가 원하지 않는데도 누군가 내 몸을 만지거나 보여달라고 한 적 있어?",
            "A": "아니요."
        },
        {
            "Q": "집에서 어른들끼리 소리 지르거나 싸우는 걸 듣거나 본 적 있어?",
            "A": "그런 적 없어요."
        },
        {
            "Q": "친구들이 나를 놀리거나 괴롭힌다고 느낀 적이 있어?",
            "A": "그렇진 않아요."
        },
        {
            "Q": "어떨 때 마음이 복잡하거나 힘들어?",
            "A": "짝꿍이 저한테 뭐라고 할 때요."
        },
        {
            "Q": "안 좋은 기억 때문에 괴로워서 죽고 싶다는 생각 해본 적 있어?",
            "A": "아니요."
        },
        {
            "Q": "잠잘 때 주로 어떤 꿈을 꿔?",
            "A": "꿈 잘 안 꾸고 푹 자요."
        },
        {
            "Q": "꿈을 잘 안 꾼다고 했지만 일어나면 몸 상태는 어때?",
            "A": "괜찮아요."
        },
        {
            "Q": "부모님의 허락이나 말도 없이 오랫동안 나와 있었던 적 있어?",
            "A": "없어요."
        }
    ]
}