{
    "info": {
        "위기단계": "상담필요"
    },
    "kids_ment": [
        {
            "Q": "친구는 최근에 건강해? 아니면 아픈 곳이 있어?",
            "A": "저 배가 아파요."
        },
        {
            "Q": "어떻게 아파?",
            "A": "막 배가 뒤틀리는 것 같아요."
        },
        {
            "Q": "언제부터 아팠어?",
            "A": "어제요."
        },
        {
            "Q": "아팠던 이유를 알아?",
            "A": "옛날부터 그랬는데 잘 모르겠어요. 병원에서도 큰 이상은 없다고 그랬어요."
        },
        {
            "Q": "최근에 다쳤었던 적이 있었어?",
            "A": "네. 있었어요."
        },
        {
            "Q": "어디를 다쳤어?",
            "A": "발목이 삐었어요."
        },
        {
            "Q": "언제 다쳤어?",
            "A": "일주일 전이요."
        },
        {
            "Q": "다친 이유가 뭐야?",
            "A": "계단 내려가다가 삐끗해서 발목이 삐었어요."
        },
        {
            "Q": "친구는 뭘 할 때가 즐거워?",
            "A": "저는 혼자 책 읽을 때가 제일 재밌어요."
        },
        {
            "Q": "책 읽을 때 어떤 점이 즐거워?",
            "A": "그냥 책 읽으면 재밌어요."
        },
        {
            "Q": "최근 일주일 동안 짜증이나 화가 난 적이 있어?",
            "A": "네. 있어요."
        },
        {
            "Q": "무엇 때문에 짜증이나 화가 났어?",
            "A": "배 아프면 짜증 나요."
        },
        {
            "Q": "그런 일이 자주 일어나?",
            "A": "네. 그래도 자주 아픈 편이라서요."
        },
        {
            "Q": "그럼 평소에 짜증이나 화가 났을 때, 어떻게 하면 마음이 풀려?",
            "A": "책 읽으면 좀 짜증은 풀리는데, 배가 아파요."
        },
        {
            "Q": "친구는 몇 시에 자고, 몇 시에 일어나?",
            "A": "저는 열한 시에 자서 일곱 시에 일어나요."
        },
        {
            "Q": "아침에 일어났을 때, 몸 상태는 어때?",
            "A": "개운한 것 같아요."
        },
        {
            "Q": "평소에 잠이 들기 힘들거나, 잠자는 중간에 자주 깨?",
            "A": "아니요. 그런 적 없어요."
        },
        {
            "Q": "평소에 아버지는 어떤 표정을 자주 보여?",
            "A": "아빠 그냥 무표정인 것 같아요."
        },
        {
            "Q": "그런 표정을 짓는 이유가 뭐인 것 같아?",
            "A": "퇴근하면 피곤하시니까 그런 것 같아요."
        },
        {
            "Q": "그 표정을 보면, 친구 기분은 어때?",
            "A": "아무 생각 안 들어요."
        },
        {
            "Q": "평소에 어머니는 어떤 표정을 자주 보여?",
            "A": "엄마도 아빠랑 똑같아요."
        },
        {
            "Q": "그런 표정을 짓는 이유가 뭐인 것 같아?",
            "A": "피곤하시니까요."
        },
        {
            "Q": "그 표정을 보면, 친구 기분은 어때?",
            "A": "아무 생각도 안 들어요."
        },
        {
            "Q": "친구는 형제자매가 있어?",
            "A": "아니요. 없어요."
        },
        {
            "Q": "친구들이랑은 주로 뭐 하고 놀아?",
            "A": "친구들이랑은 그냥 대화하면서 노는 것 같아요."
        },
        {
            "Q": "주로 몇 명이서 놀아?",
            "A": "저 포함 네 명이서 같이 놀아요."
        },
        {
            "Q": "담임 선생님 좋아해? 아니면 싫어해?",
            "A": "좋아해요."
        },
        {
            "Q": "좋아하는 이유가 있을까?",
            "A": "딱히 저를 건들지 않아서 좋아요."
        },
        {
            "Q": "요즘 가장 큰 걱정거리가 있어?",
            "A": "아니요. 걱정거리는 없어요."
        },
        {
            "Q": "요즘 행복하다고 느껴?",
            "A": "네. 이번에 제가 좋아하는 작가가 새로 출판한 책 사서 좋아요."
        },
        {
            "Q": "친구는 커서 어떤 사람이 되고 싶어?",
            "A": "저는 출판사 직원이 되고 싶어요."
        },
        {
            "Q": "출판사 직원이 되고 싶은 이유가 있어?",
            "A": "출간될 책을 먼저 읽어볼 수 있잖아요."
        },
        {
            "Q": "집에서 주로 친구를 돌봐주는 어른은 누구야?",
            "A": "부모님 둘 다 봐주세요."
        },
        {
            "Q": "배가 고픈데 먹을 게 없어서 굶은 적이 있어?",
            "A": "아니요. 부모님이 해 놓으시거나 시켜 먹어요."
        },
        {
            "Q": "저녁에 친구를 집에 혼자 두고 나가거나, 말도 없이 집을 나가서 안 들어온 적이 있어?",
            "A": "아니요. 없어요."
        },
        {
            "Q": "어디 아픈 곳이 있는데 어른들이 병원에 데려가지 않은 적이 있어?",
            "A": "아니요. 아픈 날엔 엄마가 반차 써서 데리고 가주세요."
        },
        {
            "Q": "빨래가 되어 있지 않아서 더럽고 냄새나는 옷을 입어야 한 적이 있어?",
            "A": "없어요."
        },
        {
            "Q": "옷이나 신발 사이즈가 작은 걸 입거나 신고 다닌 적이 있어?",
            "A": "없어요."
        },
        {
            "Q": "인터넷이나 휴대폰을 가지고 노는 시간은 하루에 몇 시간 정도야?",
            "A": "재미가 없어서 저는 한 시간도 안 하는 것 같아요."
        },
        {
            "Q": "어른들이 학교에 참석해야 하는 행사에 잘 오시는 편이야?",
            "A": "잘 못 오세요. 일하셔서 바쁘니까 그래서 괜찮아요."
        },
        {
            "Q": "부모님이나 선생님 때문에 슬프거나 화가 난 적이 있어?",
            "A": "아니요. 그런 적 한 번도 없어요."
        },
        {
            "Q": "주위 어른들 중 친구를 때린 적이 있는 사람이 있어?",
            "A": "아니요. 태어나서 맞아본 적 한 번도 없어요."
        },
        {
            "Q": "친구가 원하지 않는데도 누가 몸을 만지거나 보여달라고 한 적 있어?",
            "A": "아니요. 그런 사람도 없었어요."
        },
        {
            "Q": "집에서 어른들끼리 소리 지르면서 싸우는 걸 듣거나 본 적이 있어?",
            "A": "아니요. 본 적 없어요."
        },
        {
            "Q": "친구들이 자주 놀리거나 괴롭힌다고 느낀 적 있어?",
            "A": "아니요. 없어요."
        },
        {
            "Q": "어떨 때 마음이 복잡하거나 힘들어?",
            "A": "딱히 그런 기분 들지 않아서 모르겠어요."
        },
        {
            "Q": "잠잘 때 주로 어떤 꿈을 꿔?",
            "A": "책에서 읽었던 내용이 꿈에 나오는 편이에요."
        },
        {
            "Q": "친구는 가출했던 적이 있어?",
            "A": "아니요. 한 번도 없어요."
        }
    ]
}