{
    "info": {
        "위기단계": "관찰필요"
    },
    "kids_ment": [
        {
            "Q": "친구는 최근에 건강해? 아니면 아픈 곳이 있어?",
            "A": "아픈 곳은 없어요. 건강한 것 같아요."
        },
        {
            "Q": "친구는 최근에 다친 적이 있어?",
            "A": "아니요. 다친 적 없어요."
        },
        {
            "Q": "친구는 뭘 할 때가 제일 즐거워?",
            "A": "저는 친구들이랑 놀 때가 제일 재밌어요."
        },
        {
            "Q": "친구들이랑 놀면 어떤 점이 즐거워?",
            "A": "그냥 공부하는 것보다 재밌어요."
        },
        {
            "Q": "최근 일주일 동안 짜증이나 화가 난 적이 있어?",
            "A": "네. 있어요."
        },
        {
            "Q": "무엇 때문에 짜증이나 화가 났어?",
            "A": "자꾸 형이 짜증 나게 해서요."
        },
        {
            "Q": "형이 어떻게 짜증 나게 해?",
            "A": "자기가 하자는 거 안 하면 막 때리고 그래요."
        },
        {
            "Q": "그런 일이 자주 일어나?",
            "A": "네. 맨날 그래요."
        },
        {
            "Q": "그럼, 평소에 짜증이나 화가 났을 때, 어떻게 하면 마음이 풀려?",
            "A": "그냥 저도 짜증 내요."
        },
        {
            "Q": "친구는 몇 시에 자고 몇 시에 일어나?",
            "A": "그건 모르는데 일곱 시간 여덟 시간은 자요."
        },
        {
            "Q": "아침에 일어났을 때, 몸 상태는 어때?",
            "A": "졸려요. 더 자고 싶어요."
        },
        {
            "Q": "평소에 잠을 잘 못 자거나, 잠자는 중간에 자주 깨?",
            "A": "아니요. 잘 자요."
        },
        {
            "Q": "아버지는 평소에 어떤 표정을 자주 보여줘?",
            "A": "아빠는 퇴근하고 술 먹으면 맨날 웃어요."
        },
        {
            "Q": "그런 표정을 짓는 이유가 뭐인 것 같아?",
            "A": "술 먹으면 기분 좋아져서요."
        },
        {
            "Q": "그 표정을 볼 때, 친구 기분은 어때?",
            "A": "아빠 기분 좋으면 게임하게 해 줘서 좋아요."
        },
        {
            "Q": "어머니는 평소에 어떤 표정을 자주 보여줘?",
            "A": "엄마도 아침에는 피곤해 보이는데, 학교 다녀오면 잘 웃는 것 같아요."
        },
        {
            "Q": "엄마가 그런 표정을 짓는 이유가 뭐인 것 같아?",
            "A": "아침엔 다 피곤해서 그런 것 같아요."
        },
        {
            "Q": "그 표정을 볼 때, 친구 기분은 어때?",
            "A": "아무 생각도 안 들어요."
        },
        {
            "Q": "친구는 형제자매가 형 한 명만 있어?",
            "A": "네. 형 한 명밖에 없어요."
        },
        {
            "Q": "형이랑 사이는 어때?",
            "A": "형이랑 맨날 싸워요. 형 싫어해요."
        },
        {
            "Q": "평소에 부모님이 형이랑 친구를 차별하는 것 같아?",
            "A": "아니요. 맨날 싸우면 둘 다 혼내세요."
        },
        {
            "Q": "친구들이랑은 주로 뭐 하고 놀아?",
            "A": "친구들이랑 축구도 하고, 게임도 하고 그래요."
        },
        {
            "Q": "주로 몇 명이 놀아?",
            "A": "저 친구 엄청 많아요. 일곱, 여덟 명이랑 같이 놀아요."
        },
        {
            "Q": "친구는 담임 선생님을 좋아해? 아니면 싫어해?",
            "A": "저는 담임 선생님 좋아해요."
        },
        {
            "Q": "담임 선생님이 어떤 부분에서 좋아?",
            "A": "그냥 되게 착해서 좋은 것 같아요."
        },
        {
            "Q": "친구는 요즘 가장 큰 걱정거리는 뭐야?",
            "A": "저는 걱정거리 없어요."
        },
        {
            "Q": "친구는 요즘 행복하다고 느껴?",
            "A": "네. 요즘 재밌어요."
        },
        {
            "Q": "어떤 점에서 행복했어?",
            "A": "아빠가 2주 전에 닌텐도 사줬는데 엄청 재밌어요."
        },
        {
            "Q": "친구는 커서 어떤 사람이 되고 싶어?",
            "A": "저는 김민재 같은 축구선수가 될 거예요."
        },
        {
            "Q": "축구선수가 되고 싶은 이유가 있어?",
            "A": "엄청 멋있어서요."
        },
        {
            "Q": "집에서 주로 친구를 돌봐주는 어른은 누구야?",
            "A": "엄마요."
        },
        {
            "Q": "배가 고픈데 먹을 게 없어서 굶은 적이 있어?",
            "A": "아니요. 그런 적 없어요."
        },
        {
            "Q": "저녁에 친구를 집에 혼자 두고 어른들이 나가거나, 갑자기 말도 없이 나가서 안 들어온 적이 있어?",
            "A": "아니요. 없었어요."
        },
        {
            "Q": "어디 아픈 곳이 있는데 어른들이 병원에 데려가지 않은 적이 있어?",
            "A": "아니요. 아프면 가긴 해요."
        },
        {
            "Q": "빨래가 되어 있지 않거나, 옷이나 신발 사이즈가 작은 걸 입거나 신고 다닌 적이 있어?",
            "A": "아니요. 그런 적 없어요."
        },
        {
            "Q": "인터넷이나 휴대폰을 가지고 노는 시간은 하루에 몇 시간 정도야?",
            "A": "잘 모르겠는데, 세네 시간 해요."
        },
        {
            "Q": "너무 많이 한다고 어른들이 뭐라고 하지는 않아?",
            "A": "네. 뭐라고 안 하세요."
        },
        {
            "Q": "피시방 같은 곳을 자주 가?",
            "A": "한 달에 두 번은 가는 것 같아요."
        },
        {
            "Q": "어른들이 학교에 참석해야 하는 행사에 잘 오셔?",
            "A": "네. 엄마가 항상 오세요."
        },
        {
            "Q": "부모님이나 선생님 때문에 슬프거나 화가 난 적이 있어?",
            "A": "아니요. 없어요."
        },
        {
            "Q": "주위 어른들 중에 친구를 때린 적이 있는 사람이 있어?",
            "A": "어른들은 저 안 때려요."
        },
        {
            "Q": "친구가 원하지 않는데도 누가 몸을 만지거나 보여달라고 한 적 있어?",
            "A": "아니요. 그런 적 한 번도 없었어요."
        },
        {
            "Q": "집에서 어른들끼리 소리 지르면서 싸우는 걸 듣거나 본 적이 있어?",
            "A": "아니요. 저희 부모님 잘 안 싸우세요."
        },
        {
            "Q": "친구들이 자주 놀리거나 괴롭힌다고 느낀 적이 있어?",
            "A": "아니요. 친구들이랑 잘 놀아요."
        },
        {
            "Q": "친구는 어떨 때 마음이 복잡하거나 힘들어?",
            "A": "그런 적 없어서 모르겠어요."
        },
        {
            "Q": "친구는 잠잘 때 주로 어떤 꿈을 꿔?",
            "A": "가끔 축구하는 꿈 꿔요."
        },
        {
            "Q": "친구는 가출했던 적 있어?",
            "A": "아니요. 집이 제일 편해요."
        }
    ]
}