{
    "info": {
        "위기단계": "응급"
    },
    "kids_ment": [
        {
            "Q": "최근에 아픈 곳은 없을까?",
            "A": "네. 그렇게 아픈 데는 없어요."
        },
        {
            "Q": "최근에 다쳤던 적은 있을까?",
            "A": "네. 이번에 친구가 밀쳐서 넘어져서 다리 다쳤어요."
        },
        {
            "Q": "우리 친구는 뭐 할 때가 즐거울까?",
            "A": "요즘은 없어요."
        },
        {
            "Q": "언제부터 즐겁다고 느끼지 않았어?",
            "A": "이번 주부터요."
        },
        {
            "Q": "최근 일주일 동안 짜증이나 화가 난 적이 있을까?",
            "A": "네. 이번에 어떤 애가 문자로 욕하고 난리 쳐서 화났어요."
        },
        {
            "Q": "그런 일이 자주 일어날까?",
            "A": "아니요. 이번에 처음 그랬어요."
        },
        {
            "Q": "평소에 짜증 나거나 화날 때 어떻게 하면 마음이 풀려?",
            "A": "태권도해요."
        },
        {
            "Q": "우리 친구는 몇 시에 자고 몇 시에 일어나?",
            "A": "열 시에 자서 일곱 시에 일어나요."
        },
        {
            "Q": "일어났을 때 친구 몸 상태는 어떤 것 같아?",
            "A": "그냥 그래요."
        },
        {
            "Q": "평소에 잠들기 힘들다거나 중간에 자주 깨는 건 없을까?",
            "A": "네. 없어요."
        },
        {
            "Q": "평소에 아버지는 어떤 표정을 자주 짓는 것 같아?",
            "A": "아빠는 멋있는 사람이라서 항상 멋있는 표정이에요."
        },
        {
            "Q": "그 표정을 볼 때 친구 기분은 어때?",
            "A": "좋아요."
        },
        {
            "Q": "평소에 어머니는 어떤 표정을 자주 짓는 것 같아?",
            "A": "엄마는 착하고 친절해서 저한테 잘해주니까 이쁘게 웃는 표정인 것 같아요."
        },
        {
            "Q": "그 표정을 볼 때 친구 기분은 어때?",
            "A": "편해져요."
        },
        {
            "Q": "우리 친구는 형제나 자매가 있을까?",
            "A": "아니요. 없어요."
        },
        {
            "Q": "친구들이랑 주로 뭐 하고 놀아?",
            "A": "친구들이랑 그냥 장난치면서 놀았는데 이제 안 놀아줘요."
        },
        {
            "Q": "왜 못 놀아?",
            "A": "어떤 애 때문에요."
        },
        {
            "Q": "담임선생님은 어때? 좋은 것 같아?",
            "A": "네. 좋아요. 착해요."
        },
        {
            "Q": "요즘 가장 큰 걱정은 뭐야?",
            "A": "어떤 애 때문에 학교 가는 게 걱정돼요."
        },
        {
            "Q": "무엇 때문에 그게 걱정이 될까?",
            "A": "그 친구가 저 괴롭히거든요."
        },
        {
            "Q": "걱정 때문에 생활이 불편하거나 힘들까?",
            "A": "네. 좀 힘들어요."
        },
        {
            "Q": "요즘 행복하다고 느낄까?",
            "A": "아니요."
        },
        {
            "Q": "왜 불행하다고 느끼는 거야?",
            "A": "친구 때문에요."
        },
        {
            "Q": "우리 친구는 커서 어떤 사람이 되고 싶어?",
            "A": "저 태권도 선수 하고 싶어요. 제가 제일 잘하는 거고 멋있거든요."
        },
        {
            "Q": "집에서 주로 친구를 돌봐주는 어른은 누구야?",
            "A": "엄마요."
        },
        {
            "Q": "배가 고픈데 먹을 게 없어서 굶은 적이 있을까?",
            "A": "아니요."
        },
        {
            "Q": "저녁에 친구를 혼자 두고 어른들이 나간다거나 나가서 안 들어온 적이 있을까?",
            "A": "아니요."
        },
        {
            "Q": "어디 아픈 곳이 있는데 어른들이 병원에 안 데려간 적이 있을까?",
            "A": "아니요."
        },
        {
            "Q": "더러운 옷이나 작은 신발과 옷을 착용해야 한 적이 있을까?",
            "A": "없어요."
        },
        {
            "Q": "인터넷이나 휴대폰을 가지고 노는 시간은 하루에 몇 시간 정도일까?",
            "A": "두 시간이요."
        },
        {
            "Q": "피시방 같은 곳은 얼마나 자주 가?",
            "A": "안 가요."
        },
        {
            "Q": "어른들이 참여해야 하는 학교행사가 있을 때 어른들이 잘 오셔?",
            "A": "네."
        },
        {
            "Q": "부모님이나 선생님 때문에 슬프거나 화가 난 적이 있어?",
            "A": "없어요."
        },
        {
            "Q": "마음이 힘들 때, 누구한테 이야기해?",
            "A": "보통 아빠한테 이야기해요."
        },
        {
            "Q": "주위 어른들 중에 친구를 때린 적이 있는 사람이 있을까?",
            "A": "없어요."
        },
        {
            "Q": "내가 원하지 않았는데도 누군가가 내 몸을 만지거나 보여달라고 한 적이 있을까?",
            "A": "없어요."
        },
        {
            "Q": "집에서 어른들끼리 소리지르면서 싸우는 걸 듣거나 본 적이 있을까?",
            "A": "아니요. 크게 싸우는건 못봤어요."
        },
        {
            "Q": "친구들이 나를 자주 놀리거나 괴롭힌다고 느낀 적이 있어?",
            "A": "네. 이번에 문자로 욕 계속하고 뒷목 때리고 밀쳤어요."
        },
        {
            "Q": "친구가 괴롭히거나 놀릴 때 어떤 기분이었어?",
            "A": "화났어요. 나중에 똑같이 해줄 거예요."
        },
        {
            "Q": "얼마나 자주 이런 일이 있었을까?",
            "A": "이번이 처음이에요."
        },
        {
            "Q": "이 괴롭힘 때문에 친구가 양호실이나 병원에 간 적이 있을까?",
            "A": "아니요."
        },
        {
            "Q": "그 아이들 때문에 학교에 가지 않은 적도 있었어?",
            "A": "아니요."
        },
        {
            "Q": "어떨 때 마음이 복잡하거나 힘들어?",
            "A": "학교 갈 때요."
        },
        {
            "Q": "안 좋은 기억 때문에 괴로워서 죽고 싶다는 생각을 한 적이 있어?",
            "A": "아니요."
        },
        {
            "Q": "잠잘 때 주로 어떤 꿈을 꿔?",
            "A": "꿈 안 꿔요."
        },
        {
            "Q": "우리 친구는 가출해 본 적이 있다거나 주변에 가출해 본 친구가 있을까?",
            "A": "아니요."
        }
    ]
}