{
    "info": {
        "위기단계": "상담필요"
    },
    "kids_ment": [
        {
            "Q": "최근 건강은 어떤 것 같아? 아픈 곳은 없어?",
            "A": "없는 것 같아요."
        },
        {
            "Q": "다친 곳은 없어?",
            "A": "네. 없어요."
        },
        {
            "Q": "어떤 걸 할 때가 즐거워?",
            "A": "놀이터에서 그네 타는 거요."
        },
        {
            "Q": "어떤 점이 즐거운 것 같아?",
            "A": "재밌어서요."
        },
        {
            "Q": "최근 일주일 동안 짜증이나 화가 난 적 있어?",
            "A": "짜증 난 적 있어요."
        },
        {
            "Q": "어떤 것 때문에 그렇게 느낀 것 같아?",
            "A": "배고파서요."
        },
        {
            "Q": "평소에 그런 기분이 들면 어떻게 해?",
            "A": "몰라요. 아무것도 안 해요."
        },
        {
            "Q": "평소에 몇 시에 자고 몇 시에 일어나?",
            "A": "열 시쯤 자서 여덟 시에 일어나요."
        },
        {
            "Q": "아침에 일어났을 때 피곤하거나 몸이 무겁진 않아?",
            "A": "네. 안 그래요."
        },
        {
            "Q": "잠들기 힘들거나 자다가 중간에 깨진 않아?",
            "A": "안 그래요."
        },
        {
            "Q": "같이 사는 가족은 누구누구야?",
            "A": "엄마요."
        },
        {
            "Q": "엄마랑 둘이 사는 거야?",
            "A": "네. 둘이 살아요."
        },
        {
            "Q": "평소 엄마의 표정은 어때?",
            "A": "몰라요. 엄마 자주 못 봐요."
        },
        {
            "Q": "엄마는 친구한테 관심이 있는 것 같아?",
            "A": "없는 것 같아요."
        },
        {
            "Q": "친구들이랑 주로 뭐 하고 놀아?",
            "A": "친구들이랑 안 놀아요."
        },
        {
            "Q": "친구들이랑 왜 놀지 않아?",
            "A": "저한테 냄새나서 안 놀아줘요."
        },
        {
            "Q": "친구들이랑 놀지 못할 때 어떻게 하고 싶어?",
            "A": "냄새 안 나게 하고 싶어요."
        },
        {
            "Q": "담임선생님은 좋아, 싫어?",
            "A": "좋아요."
        },
        {
            "Q": "어떤 점 때문에 그렇게 생각하는 것 같아?",
            "A": "선생님은 저랑 놀아줘서요."
        },
        {
            "Q": "담임선생님이 다른 아이들이랑 차별하시는 것 같아?",
            "A": "아니요. 다른 친구들이랑도 놀아줘요."
        },
        {
            "Q": "요즘 걱정하는 게 있어?",
            "A": "네."
        },
        {
            "Q": "어떤 게 걱정이야?",
            "A": "엄마가 집에 없어서요."
        },
        {
            "Q": "그 걱정 때문에 한 달에 몇 번 정도 힘들거나 불편하다고 느끼는 것 같아?",
            "A": "매일이요."
        },
        {
            "Q": "요즘 행복한 것 같아?",
            "A": "조금 안 그런 것 같아요."
        },
        {
            "Q": "어떤 점 때문에 행복하지 않은 것 같아?",
            "A": "엄마 보고 싶은데 집에 없어서요."
        },
        {
            "Q": "언제부터 행복하지 않았던 것 같아?",
            "A": "한 달 전부터요."
        },
        {
            "Q": "나중에 어떤 사람이 되고 싶어?",
            "A": "치킨집 사장님이요."
        },
        {
            "Q": "그렇게 되고 싶다고 생각한 이유는 뭐야?",
            "A": "치킨 많이 먹을 수 있어서요."
        },
        {
            "Q": "주로 집에서 돌봐주는 사람은 누구야?",
            "A": "집에 아무도 없어요."
        },
        {
            "Q": "배가 고픈데 밥을 챙겨주지 않아서 굶은 적이 있어?",
            "A": "네."
        },
        {
            "Q": "한 달에 몇 번 정도 그런 일이 있어?",
            "A": "학교 가서 급식 먹는 거 말고 집에서는 못 먹어요."
        },
        {
            "Q": "빨래가 안 돼서 냄새나고 불쾌한 옷을 입은 적 있어?",
            "A": "네."
        },
        {
            "Q": "한 달에 몇 번이나 그런 일이 있었어?",
            "A": "매일 입어요."
        },
        {
            "Q": "크기가 맞지 않는 옷을 입거나 신발을 신은 적 있어?",
            "A": "아니요."
        },
        {
            "Q": "아플 때 어른들이 병원에 데려가지 않은 적 있어?",
            "A": "아니요. 저 튼튼해서 병원 안 가요."
        },
        {
            "Q": "운동회나 수업 참관 같은 학교행사에 잘 오시는 편이야?",
            "A": "안 오는 것 같아요."
        },
        {
            "Q": "다섯 번 중에 몇 번 정도 오시는 것 같아?",
            "A": "옛날에 한 번 오고 안 왔어요."
        },
        {
            "Q": "인터넷이나 휴대폰을 하루에 몇 시간 정도 하는 것 같아?",
            "A": "휴대폰 없어요."
        },
        {
            "Q": "부모님이나 선생님이나 주위 어른들 때문에 화나거나 슬픈 적 있어?",
            "A": "네."
        },
        {
            "Q": "누구 때문에 그렇게 느꼈어?",
            "A": "엄마요."
        },
        {
            "Q": "어떤 말이나 행동 때문에 그렇게 느꼈어?",
            "A": "엄마가 집에 안 와서요."
        },
        {
            "Q": "어른들이 방이나 다른 곳에 가두고 못 나오게 한 적 있어?",
            "A": "아니요."
        },
        {
            "Q": "다른 사람 앞에서 혼난 적 있어?",
            "A": "아니요."
        },
        {
            "Q": "어른들이 다른 아이들이랑 비교할 때 있어?",
            "A": "아니요."
        },
        {
            "Q": "어른들이 집에서 쫓아낸다고 하거나 버리겠다고 하거나 진짜 쫓아낸 적 있어?",
            "A": "그런 적 없어요."
        },
        {
            "Q": "뭔가 하려고 할 때 무조건 안 된다고 하거나, 하기 싫은데도 무조건 하라고 한 적 있어?",
            "A": "안 그래요."
        },
        {
            "Q": "마음이 힘들 때 누구에게 말해?",
            "A": "아무한테도 말 안 해요."
        },
        {
            "Q": "주위 어른들 중에 몸을 아프게 하거나 때린 사람이 있어?",
            "A": "아니요."
        },
        {
            "Q": "누군가 원하지 않는데도 몸을 만지거나 보여달라고 한 적 있어?",
            "A": "아니요. 그런 적 없어요."
        },
        {
            "Q": "집에서 어른들이 소리 지르면서 싸우는 걸 듣거나 본 적 있어?",
            "A": "아니요."
        },
        {
            "Q": "친구들이 자주 놀리거나 괴롭히거나 따돌린다고 느낀 적 있어?",
            "A": "친구들이 안 놀아줘요."
        },
        {
            "Q": "어떻게 따돌리는 것 같아?",
            "A": "그냥 저 없는 사람 만들어요."
        },
        {
            "Q": "언제부터 그랬던 것 같아?",
            "A": "여름방학 끝나고 나서부터요."
        },
        {
            "Q": "일주일에 몇 번 정도 친구들이 그러는 것 같아?",
            "A": "매일이요."
        },
        {
            "Q": "그런 일 때문에 양호실이나 병원에서 치료를 받아야 한 적 있어?",
            "A": "아니요."
        },
        {
            "Q": "아이들 때문에 학교를 가지 않은 적이 있어?",
            "A": "아니요."
        },
        {
            "Q": "어떨 때 마음이 복잡하거나 힘들어?",
            "A": "엄마가 집에 없을 때요."
        },
        {
            "Q": "그런 것 때문에 괴로워서 죽고 싶다고 생각한 적 있어?",
            "A": "아니요."
        },
        {
            "Q": "잠잘 때 어떤 꿈을 꾸는 편이야?",
            "A": "맛있는 거 많이 먹는 꿈이요."
        },
        {
            "Q": "가출을 해보거나 아는 사람들 중에 가출 한 사람이 있어?",
            "A": "아니요."
        }
    ]
}