{
    "info": {
        "위기단계": "관찰필요"
    },
    "kids_ment": [
        {
            "Q": "최근에 몸이 아프거나 다친 곳은 없어?",
            "A": "다친 곳 있어요."
        },
        {
            "Q": "어디를 다쳤어?",
            "A": "손바닥이요."
        },
        {
            "Q": "어쩌다 다친 거야?",
            "A": "제 발이 꼬여서 넘어질 뻔해서 손으로 바닥 짚었는데 운동장이라서 상처 났어요."
        },
        {
            "Q": "병원에 가서 치료할 정도로 다쳤어?",
            "A": "병원은 안 갔고 보건실 가서 연고 바르고 밴드 붙였어요."
        },
        {
            "Q": "최근에 몸이 아프거나 다친 곳은 없어?",
            "A": "다친 곳 있어요."
        },
        {
            "Q": "어디를 다쳤어?",
            "A": "손바닥이요."
        },
        {
            "Q": "어쩌다 다친 거야?",
            "A": "제 발이 꼬여서 넘어질 뻔해서 손으로 바닥 짚었는데 운동장이라서 상처 났어요."
        },
        {
            "Q": "병원에 가서 치료할 정도로 다쳤어?",
            "A": "병원은 안 갔고 보건실 가서 연고 바르고 밴드 붙였어요."
        },
        {
            "Q": "어떤 걸 할 때가 즐거워?",
            "A": "엄마랑 놀이터에서 놀 때요."
        },
        {
            "Q": "어떤 점이 즐거운 것 같아?",
            "A": "엄마랑 놀면 재밌어요."
        },
        {
            "Q": "최근 일주일 동안 짜증이나 화가 난 적 있어?",
            "A": "네. 짜증 난 적 있어요."
        },
        {
            "Q": "뭐 때문에 그렇게 느낀 것 같아?",
            "A": "수학 숙제해야 하는데 문제가 안 풀려서요."
        },
        {
            "Q": "평소에 그런 기분이 들면 어떻게 해?",
            "A": "엄마한테 도와달라고 해요."
        },
        {
            "Q": "평소에 몇 시에 자고 몇 시에 일어나?",
            "A": "열 시에 자서 일곱 시에 일어나요."
        },
        {
            "Q": "아침에 일어났을 때 피곤하거나 몸이 무겁진 않아?",
            "A": "안 그래요."
        },
        {
            "Q": "잠들기 힘들거나 자다가 중간에 깨진 않아?",
            "A": "그런 적 없어요."
        },
        {
            "Q": "같이 사는 가족은 누구누구야?",
            "A": "엄마랑 아빠요."
        },
        {
            "Q": "평소 부모님이 가장 많이 짓는 표정은 어떤 것 같아?",
            "A": "웃는 표정이요."
        },
        {
            "Q": "어떨 때 그런 표정을 지으시는 것 같아?",
            "A": "그냥 보통 그런 표정인 것 같아요."
        },
        {
            "Q": "그 표정을 보면 기분이 어때?",
            "A": "기분 좋아요."
        },
        {
            "Q": "같이 사는 가족은 누구누구야?",
            "A": "엄마랑 아빠요."
        },
        {
            "Q": "평소 부모님이 가장 많이 짓는 표정은 어떤 것 같아?",
            "A": "웃는 표정이요."
        },
        {
            "Q": "어떨 때 그런 표정을 지으시는 것 같아?",
            "A": "그냥 보통 그런 표정인 것 같아요."
        },
        {
            "Q": "그 표정을 보면 기분이 어때?",
            "A": "기분 좋아요."
        },
        {
            "Q": "친구들이랑 주로 뭐 하고 놀아?",
            "A": "학원 친구들이랑은 맛있는 거 먹고 얘기하고 놀아요."
        },
        {
            "Q": "친구들이랑 놀면 기분이 어때?",
            "A": "재밌어요."
        },
        {
            "Q": "학교 친구들이랑은 놀지 않아?",
            "A": "네. 학교 친구가 없어서요."
        },
        {
            "Q": "학교 친구들이 왜 없어?",
            "A": "제가 전학 왔는데 애들한테 말을 못 걸어서요."
        },
        {
            "Q": "학교 친구들이랑 못 놀 때 어떻게 하고 싶어?",
            "A": "좀 더 친해지고 싶은데 방법을 잘 모르겠어요."
        },
        {
            "Q": "담임선생님은 좋아, 싫어?",
            "A": "좋아요."
        },
        {
            "Q": "어떤 점 때문에 그렇게 생각하는 것 같아?",
            "A": "선생님이 애들이랑 친해질 수 있게 팀 짜서 하는 활동 많이 해줘서요."
        },
        {
            "Q": "담임선생님이 다른 아이들이랑 차별하는 것 같아?",
            "A": "아니요."
        },
        {
            "Q": "요즘 걱정하는 게 있어?",
            "A": "네."
        },
        {
            "Q": "어떤 게 걱정이야?",
            "A": "학교 친구들 만들기가 힘들어서요."
        },
        {
            "Q": "그 걱정 때문에 한 달에 몇 번 정도 힘들거나 불편하다고 느끼는 것 같아?",
            "A": "한두 번이요."
        },
        {
            "Q": "요즘 행복한 것 같아?",
            "A": "네."
        },
        {
            "Q": "어떤 점이 행복한 거 같아?",
            "A": "그냥 좋은 것 같아서요."
        },
        {
            "Q": "나중에 어떤 사람이 되고 싶어?",
            "A": "저 발레리나요."
        },
        {
            "Q": "그렇게 되고 싶다고 생각한 이유는 뭐야?",
            "A": "발레리나는 이쁘고 발레하는 것도 좋아서요."
        },
        {
            "Q": "주로 집에서 돌봐주는 사람은 누구야?",
            "A": "엄마요."
        },
        {
            "Q": "배가 고픈데 밥을 챙겨주지 않아서 굶은 적이 있어?",
            "A": "아니요."
        },
        {
            "Q": "빨래가 안 돼서 냄새나고 불쾌한 옷을 입은 적 있어?",
            "A": "아니요."
        },
        {
            "Q": "크기가 맞지 않는 옷을 입거나 신발을 신은 적 있어?",
            "A": "아니요."
        },
        {
            "Q": "아플 때 어른들이 병원에 데려가지 않은 적 있어?",
            "A": "아니요."
        },
        {
            "Q": "운동회나 수업 참관 같은 학교행사에 잘 오시는 편이야?",
            "A": "네. 엄마가 항상 오세요."
        },
        {
            "Q": "인터넷이나 휴대폰을 하루에 몇 시간 정도 하는 것 같아?",
            "A": "두 시간이요."
        },
        {
            "Q": "인터넷이나 휴대폰을 많이 한다고 어른들이 뭐라고 하진 않아?",
            "A": "엄마랑 두 시간만 하기로 약속한 거라서 뭐라고 안 해요."
        },
        {
            "Q": "피시방 같은 곳을 자주 가는 편이야?",
            "A": "안 가요."
        },
        {
            "Q": "부모님이나 선생님이나 주위 어른들 때문에 화나거나 슬픈 적 있어?",
            "A": "아니요."
        },
        {
            "Q": "어른들이 방이나 다른 곳에 가두고 못 나오게 한 적 있어?",
            "A": "그런 적 없어요."
        },
        {
            "Q": "다른 사람 앞에서 혼난 적 있어?",
            "A": "아니요."
        },
        {
            "Q": "어른들이 다른 아이들이랑 비교할 때 있어?",
            "A": "비교 안 해요. 제가 최고라고 해요."
        },
        {
            "Q": "뭔가 하려고 할 때 무조건 안 된다고 하거나, 하기 싫은데도 무조건 하라고 한 적 있어?",
            "A": "아니요."
        },
        {
            "Q": "어른들이 집에서 쫓아낸다고 하거나 버리겠다고 하거나 진짜 쫓아낸 적 있어?",
            "A": "아니요."
        },
        {
            "Q": "마음이 힘들 때 누구에게 말해?",
            "A": "엄마요."
        },
        {
            "Q": "주위 어른들 중에 몸을 아프게 하거나 때린 사람이 있어?",
            "A": "아니요."
        },
        {
            "Q": "누군가 원하지 않는데도 몸을 만지거나 보여달라고 한 적 있어?",
            "A": "그런 적 없어요."
        },
        {
            "Q": "집에서 어른들이 소리 지르면서 싸우는 걸 듣거나 본 적 있어?",
            "A": "아니요."
        },
        {
            "Q": "어른들이 술을 마시고 친구에게 무섭게 행동하거나 말할 때가 있어?",
            "A": "안 그래요."
        },
        {
            "Q": "친구들이 자주 놀리거나 괴롭히거나 따돌린다고 느낀 적 있어?",
            "A": "네. 전학오기 전 학교에서 애들이 따돌렸어요."
        },
        {
            "Q": "어떻게 따돌리는 것 같아?",
            "A": "그때 애들이 막 저 오기만 해도 일부러 피하고 제가 뭐 물어보고 불러도 못 들은 척하고 그랬어요."
        },
        {
            "Q": "언제부터 따돌렸던 것 같아?",
            "A": "처음부터 그랬어요."
        },
        {
            "Q": "일주일에 몇 번 정도 따돌리는 것 같아?",
            "A": "학교 가는 날마다요."
        },
        {
            "Q": "그런 일 때문에 양호실이나 병원에서 치료를 받아야 한 적 있어?",
            "A": "아니요."
        },
        {
            "Q": "아이들의 따돌림 때문에 학교를 가지 않은 적이 있어?",
            "A": "네."
        },
        {
            "Q": "한 달에 몇 번 정도 안 갔어?",
            "A": "두세 번 정도요."
        },
        {
            "Q": "그럴 때 어떻게 하고 싶었어?",
            "A": "전학 가고 싶었어요."
        },
        {
            "Q": "어떨 때 마음이 복잡하거나 힘들어?",
            "A": "또 누가 따돌릴까 봐 걱정될 때 그래요."
        },
        {
            "Q": "그런 것 때문에 괴로워서 죽고 싶다고 생각한 적 있어?",
            "A": "아니요."
        },
        {
            "Q": "잠잘 때 어떤 꿈을 꾸는 편이야?",
            "A": "꿈을 잘 안 꾸는 것 같아요."
        },
        {
            "Q": "가출을 해보거나 아는 사람들 중에 가출 한 사람이 있어?",
            "A": "없어요."
        }
    ]
}