{
    "info": {
        "위기단계": "상담필요"
    },
    "kids_ment": [
        {
            "Q": "최근에 건강한가요? 아니면 아픈 곳이 있어요?",
            "A": "네. 저 엄청 건강해요. 아픈 데 없어요."
        },
        {
            "Q": "최근에 다쳤던 적이 있나요?",
            "A": "네. 있어요."
        },
        {
            "Q": "어디를 다쳤나요?",
            "A": "팔에 멍들었어요. 친구랑 한 대씩 번갈아가면서 때리기 놀이하다가 싸웠어요."
        },
        {
            "Q": "언제 다쳤나요?",
            "A": "저번 주예요."
        },
        {
            "Q": "뭘 할 때 즐거워요?",
            "A": "학교에서 친구들이랑 놀 때 재밌어요."
        },
        {
            "Q": "친구들이랑 놀 때 어떤 점이 즐거운가요?",
            "A": "그냥 다요! 저 학교 끝나고 집 가면 친구들이랑 못 놀거든요."
        },
        {
            "Q": "최근 일주일 동안 짜증이나 화가 난 적이 있나요?",
            "A": "네."
        },
        {
            "Q": "무엇 때문에 짜증이나 화가 났나요?",
            "A": "어제 친구들이랑 학교 끝나고 축구하려고 했는데, 아빠가 빨리 집 들어오라고 해서 중간에 나왔어요."
        },
        {
            "Q": "그런 일이 자주 일어나나요?",
            "A": "네."
        },
        {
            "Q": "평소에 짜증이나 화가 났을 때, 어떻게 하면 마음이 풀려요?",
            "A": "욕해요."
        },
        {
            "Q": "몇 시에 자고, 몇 시에 일어나나요?",
            "A": "열두 시에 자고 여덟 시에 일어나요."
        },
        {
            "Q": "아침에 일어났을 때, 몸 상태는 어때요?",
            "A": "피곤해요."
        },
        {
            "Q": "평소에 잠들기 힘들거나, 잠자는 중간에 자주 깨나요?",
            "A": "네. 아빠가 밤에 술 먹고 기타 치면서 노래 불러서 엄청 시끄러워요. 그래서 자주 깨요."
        },
        {
            "Q": "아버지는 어떤 표정을 자주 짓나요?",
            "A": "무서운 표정? 화내는 표정이요."
        },
        {
            "Q": "왜 그런 표정을 짓는 것 같아요?",
            "A": "제가 학교 끝나고 바로 집에 안 오면 그러는 것 같아요."
        },
        {
            "Q": "그 표정을 지을 때, 내 기분은 어때요?",
            "A": "무섭기도 하고 짜증 나요. 저도 친구들이랑 더 놀고 싶은데."
        },
        {
            "Q": "어머니는 어떤 표정을 자주 짓나요?",
            "A": "엄마가 다른 지역에서 일해서 얼굴 본 지가 오래되긴 했는데, 웃는 표정을 자주 지었던 것 같아요."
        },
        {
            "Q": "왜 그런 표정을 짓는 것 같아요?",
            "A": "한 달에 한 번 정도 보니까 오랜만에 저를 봐서 기분이 좋아서 그런 거 아닐까요?"
        },
        {
            "Q": "그 표정을 지을 때, 내 기분은 어때요?",
            "A": "저도 좋아요. 엄마 빨리 보고 싶어요."
        },
        {
            "Q": "형제자매는 몇 명이에요?",
            "A": "누나 한 명 있어요."
        },
        {
            "Q": "사이가 어때요?",
            "A": "누나 싫어요. 누나도 저 싫어할걸요."
        },
        {
            "Q": "부모님이 누나와 나를 차별하는 것 같아요?",
            "A": "네. 아빠는 누나만 좋아해요. 누나는 맘껏 놀게 해 줘요. 진짜 짜증 나요. 왜 차별하는지 모르겠어요."
        },
        {
            "Q": "친구들이랑 주로 뭐 하고 놀아요?",
            "A": "학교에서는 축구? 근데 거의 못 놀아요."
        },
        {
            "Q": "왜 못 놀아요?",
            "A": "아빠가 학교 끝나면 바로 집으로 오라고 해서요."
        },
        {
            "Q": "담임 선생님을 좋아하나요, 싫어하나요?",
            "A": "좋아해요."
        },
        {
            "Q": "담임 선생님이 어떤 부분에서 좋아요?",
            "A": "간식을 엄청 자주 주셔서 좋아요."
        },
        {
            "Q": "요즘 제일 걱정되는 게 뭐예요?",
            "A": "아빠가 계속 누나만 좋아할까 봐, 그래서 저는 계속 밖에 나가서 못 놀까 봐 걱정이에요."
        },
        {
            "Q": "무엇 때문에 걱정이 되나요?",
            "A": "밖에서 못 놀면 친구들이랑 더 친해질 수 없을 것 같아요."
        },
        {
            "Q": "걱정거리 때문에 생활이 불편하거나 힘든가요?",
            "A": "네. 매일 하굣길에 그 생각만 해요."
        },
        {
            "Q": "요즘 행복하다고 느끼나요?",
            "A": "네. 행복해요."
        },
        {
            "Q": "어떤 점에서 행복했어요?",
            "A": "쉬는 시간에 반 친구들이랑 같이 노는 게 재밌어서요."
        },
        {
            "Q": "커서 어떤 사람이 되고 싶어요?",
            "A": "아직 뭐가 되고 싶다는 생각을 해본 적은 없어요."
        },
        {
            "Q": "해보고 싶은 일이 없나요?",
            "A": "네. 없는데요."
        },
        {
            "Q": "집에서 주로 나를 돌봐주는 어른은 누구인가요?",
            "A": "아빠요."
        },
        {
            "Q": "배가 고픈데 먹을 게 없어서 굶은 적이 있나요?",
            "A": "아니요."
        },
        {
            "Q": "저녁에 나를 집에 혼자 두고 어른들이 나갔던 적 있나요?",
            "A": "아니요."
        },
        {
            "Q": "어디 아픈 곳이 있는데 어른들이 병원에 데려가지 않은 적이 있나요?",
            "A": "아니요."
        },
        {
            "Q": "빨래가 되어 있지 않아서 더럽고 냄새나는 옷을 입어야 한 적이 있나요?",
            "A": "아니요."
        },
        {
            "Q": "옷이나 신발 사이즈가 작은 걸 입거나 신고 다닌 적이 있어요?",
            "A": "네. 아빠는 그런 거 관심 없어요. 엄마가 오랜만에 와서 옷 사다 주면 그때 쫌 새로운 옷 입을 수 있어요."
        },
        {
            "Q": "부모님이나 선생님 때문에 슬프거나 화가 난 적이 있나요?",
            "A": "아빠가 일찍 들어오라고 할 때 슬퍼요."
        },
        {
            "Q": "주위 어른들 중 나를 때린 적이 있는 사람이 있나요?",
            "A": "아니요. 때리지는 않았어요. 없는 것 같아요."
        },
        {
            "Q": "내가 원하지 않는데도 누군가가 내 몸을 만지거나 보여달라고 한 적 있나요?",
            "A": "아니요. 그런 적은 없어요. 아빠가 그런 사람 있으면 바로 소리 지르고 도망가라 했어요."
        },
        {
            "Q": "집에서 어른들끼리 소리 지르면서 싸우는 걸 듣거나 본 적이 있나요?",
            "A": "아니요."
        },
        {
            "Q": "집에서 어른들이 술을 자주 마시나요?",
            "A": "네. 아빠 거의 하루에 소주 세 병씩 드시는 것 같아요."
        },
        {
            "Q": "아빠가 술을 마시고 집에서 무섭게 행동할 때가 많나요?",
            "A": "아뇨. 그냥 혼자 조용히 마시거나 노래 불러요."
        },
        {
            "Q": "친구들이 나를 자주 놀리거나 괴롭힌다고 느낀 적이 있나요?",
            "A": "아니요. 저 친구 엄청 많아요."
        },
        {
            "Q": "어떨 때 마음이 복잡하거나 힘든가요?",
            "A": "친구들 다 같이 놀기로 했는데, 저 먼저 집에 가야 할 때요."
        },
        {
            "Q": "안 좋은 기억 때문에 괴로워서 죽고 싶다는 생각을 한 적 있나요?",
            "A": "아니요."
        },
        {
            "Q": "잠잘 때 주로 어떤 꿈을 꾸나요?",
            "A": "공룡 나오는 꿈을 자주 꿔요."
        },
        {
            "Q": "그 꿈을 꿨을 때 기분이 어떤가요?",
            "A": "엄청 신나요."
        },
        {
            "Q": "부모님의 허락 없이 또는 말도 없이 집에 오랫동안 나와 있었던 적이 있나요?",
            "A": "아니요. 그러면 진짜 아빠한테 엄청 혼나요."
        }
    ]
}