{
    "info": {
        "위기단계": "학대의심"
    },
    "kids_ment": [
        {
            "Q": "최근에 건강한가요? 아니면 아픈 곳이 있어요?",
            "A": "없는 것 같아요."
        },
        {
            "Q": "최근에 다쳤던 적이 있나요?",
            "A": "네."
        },
        {
            "Q": "어디를 다쳤나요?",
            "A": "손목을 다쳤어요."
        },
        {
            "Q": "언제 다쳤나요?",
            "A": "어제요."
        },
        {
            "Q": "어쩌다가 다친 거예요?",
            "A": "배구하다가 공을 잘못 쳤어요."
        },
        {
            "Q": "뭘 할 때 즐거워요?",
            "A": "요즘은 자전거 타는 게 제일 재밌어요."
        },
        {
            "Q": "어떤 점에서 킥보드 타는 게 재미있나요?",
            "A": "자전거 타면 기분이 좋아져요."
        },
        {
            "Q": "최근 일주일 동안 짜증이나 화가 난 적이 있나요?",
            "A": "네."
        },
        {
            "Q": "무엇 때문에 짜증이나 화가 났어요?",
            "A": "학원 선생님이 어제 집중 안 한다고 저를 엄청 세게 때렸어요."
        },
        {
            "Q": "그런 일이 자주 일어나나요?",
            "A": "어쩌다가 한 번씩이요."
        },
        {
            "Q": "평소에 짜증이나 화가 났을 때, 어떻게 하면 마음이 풀려요?",
            "A": "공원에서 신나게 자전거 타면 기분이 괜찮아져요."
        },
        {
            "Q": "몇 시에 자고, 몇 시에 일어나나요?",
            "A": "열 시에 자고 일곱 시쯤에 일어나요."
        },
        {
            "Q": "아침에 일어났을 때, 몸 상태는 어때요?",
            "A": "나쁘진 않아요."
        },
        {
            "Q": "평소에 잠들기 힘들거나, 잠자는 중간에 자주 깨나요?",
            "A": "아니요."
        },
        {
            "Q": "아버지는 어떤 표정을 자주 짓나요?",
            "A": "저한테는 자주 웃어주고 잘하세요. 형들한테는 화도 자주 내고 엄하세요."
        },
        {
            "Q": "아빠가 웃으시면 기분이 어때요?",
            "A": "저도 기분이 좋아요."
        },
        {
            "Q": "아빠와 사이는 어때요?",
            "A": "좋아요. 제가 어디 가고 싶다고 하면 다 데려가 주세요."
        },
        {
            "Q": "어머니는 어떤 표정을 자주 짓나요?",
            "A": "엄마도 형들한테는 무표정? 저한테는 잘 웃어주세요."
        },
        {
            "Q": "엄마가 웃으시면 기분이 어때요?",
            "A": "좋아요. 저도 웃게 돼요."
        },
        {
            "Q": "엄마랑 사이는 어때요?",
            "A": "좋아요. 제가 책 읽어달라고 하면 다 읽어주세요."
        },
        {
            "Q": "형제자매가 있나요?",
            "A": "네. 형 두 명이요."
        },
        {
            "Q": "사이가 어때요?",
            "A": "나쁘지 않아요. 큰형 저를 별로 신경 쓰지 않아요. 말도 잘 안 해요. 둘째 형이랑은 자주 싸워요."
        },
        {
            "Q": "둘째 형이랑은 왜 자주 싸워요?",
            "A": "제가 얄밉대요. 둘째 형이 독서실 안 가고 피시방 가면 제가 엄마한테 이르거든요."
        },
        {
            "Q": "평소에 부모님이 형들과 나를 차별하는 것 같아요?",
            "A": "음/ 네. 부모님은 제가 하고 싶은 거는 다 하게 해 주시는데요. 형들이 뭐 하고 싶다고 하는 것은 안 된다고 하시거든요."
        },
        {
            "Q": "그렇게 부모님이 차별할 때 기분이 어때요?",
            "A": "형들 눈치도 보이고, 조금 미안할 때도 있어요."
        },
        {
            "Q": "친구들이랑 뭐 하고 놀아요?",
            "A": "그냥 오락실 가서 철권도 하고 그래요."
        },
        {
            "Q": "주로 몇 명이 놀아요?",
            "A": "다섯 명 정도 되는 것 같아요."
        },
        {
            "Q": "담임 선생님을 좋아하나요, 싫어하나요?",
            "A": "별로 안 좋아해요."
        },
        {
            "Q": "담임 선생님이 어떤 부분에서 안 좋아요?",
            "A": "가끔씩 욱해서 화를 내실 때가 많아요."
        },
        {
            "Q": "요즘 제일 걱정되는 게 뭐예요?",
            "A": "음/ 갑자기 말하려니까 생각이 안 나요. 없나 봐요."
        },
        {
            "Q": "요즘 행복한 것 같아요?",
            "A": "네."
        },
        {
            "Q": "어떤 점에서 행복했어요?",
            "A": "얼마 전에 아빠가 게임기도 사주고 캠핑도 같이 가서 좋았어요."
        },
        {
            "Q": "커서 어떤 사람이 되고 싶어요?",
            "A": "수영선수가 되고 싶어요."
        },
        {
            "Q": "왜 되고 싶나요?",
            "A": "저 수영 잘하거든요. 국가대표 할 거예요."
        },
        {
            "Q": "집에서 주로 나를 돌봐주는 어른은 누구인가요?",
            "A": "엄마요."
        },
        {
            "Q": "배가 고픈데 먹을 게 없어서 굶은 적이 있나요?",
            "A": "아니요."
        },
        {
            "Q": "저녁에 나를 집에 혼자 두고 어른들이 나갔던 적 있나요?",
            "A": "아니요. 부모님 없으면 형들이라도 있어요."
        },
        {
            "Q": "어디 아픈 곳이 있는데 어른들이 병원에 데려가지 않은 적이 있나요?",
            "A": "아니요."
        },
        {
            "Q": "부모님이나 선생님 때문에 슬프거나 화가 난 적이 있나요?",
            "A": "아니요. 다들 저한테 잘해주시는 편이세요."
        },
        {
            "Q": "주위 어른들 중 나를 때린 적이 있는 사람이 있나요?",
            "A": "네."
        },
        {
            "Q": "최근에 나를 때린 어른은 누구인가요?",
            "A": "담임 선생님이요."
        },
        {
            "Q": "담임 선생님이 나를 때리시는 이유는 뭐라고 생각해요?",
            "A": "모르겠어요. 미술수업시간에 그림 다 그려서 제출하니까, 이렇게 그리지 말라고 했잖아라고 소리 지르면서 종아리를 발로 찼어요."
        },
        {
            "Q": "평소 담임 선생님이 자주 때리시나요?",
            "A": "가끔씩 종아리를 발로 치세요. 일주일에 한 번 정도인 것 같아요."
        },
        {
            "Q": "담임선생님에게 맞아서 얼마나 다쳤나요?",
            "A": "멍이 든 적 있어요."
        },
        {
            "Q": "이렇게 다친 것 때문에 병원에 가서 치료를 받은 적이 있나요?",
            "A": "아니요. 그렇지는 않아요."
        },
        {
            "Q": "내가 원하지 않는데도 누군가가 내 몸을 만지거나 보여달라고 한 적 있나요?",
            "A": "아니요. 그러면 안 돼요, 싫어요, 하지 마세요 하라고 배웠어요."
        },
        {
            "Q": "집에서 어른들끼리 소리 지르면서 싸우는 걸 듣거나 본 적이 있나요?",
            "A": "아니요. 한 번도 못 봤어요."
        },
        {
            "Q": "친구들이 나를 자주 놀리거나 괴롭힌다고 느낀 적이 있나요?",
            "A": "아니요. 제 주변에 친구들 괴롭히는 얘는 없어요."
        },
        {
            "Q": "어떨 때 마음이 복잡하거나 힘든가요?",
            "A": "별로 안 힘들어요. 행복한 일만 있어요."
        },
        {
            "Q": "잠잘 때 주로 어떤 꿈을 꾸나요?",
            "A": "새가 돼서 날아다니는 꿈을 꿔요."
        },
        {
            "Q": "그 꿈을 꿨을 때 기분이 어떤가요?",
            "A": "상쾌하고 잠에서 깨기 싫어요."
        },
        {
            "Q": "부모님의 허락 없이 또는 말도 없이 집에 오랫동안 나와 있었던 적이 있나요?",
            "A": "아니요. 형이 가출했다가 엄청 혼나서 저는 엄두도 못 내요."
        }
    ]
}