{
    "info": {
        "위기단계": "정상군"
    },
    "kids_ment": [
        {
            "Q": "우리 친구 몸은 어때? 어디 아픈 곳 있어?",
            "A": "아니요."
        },
        {
            "Q": "그럼 다친 곳은 있을까?",
            "A": "없어요."
        },
        {
            "Q": "우리 친구는 뭘 할 때가 가장 즐거워?",
            "A": "유튜브 볼 때 제일 즐거운 것 같아요. 시간이 엄청 빨리 가요."
        },
        {
            "Q": "최근 일주일 동안 짜증이나 화가 난 적이 있을까?",
            "A": "없어요."
        },
        {
            "Q": "평소에 짜증이나 화가 났을 때, 어떻게 하면 마음이 풀려?",
            "A": "엄마한테 말하면 풀리는 것 같아요. 엄마가 위로해 주거든요."
        },
        {
            "Q": "평소 몇 시에 자고, 몇 시에 일어나는 편이야?",
            "A": "열 시쯤에 엄마가 자라고 하는데, 몰폰 한다고 진짜 자는 건 새벽 열두 시에서 열두 시 반인 것 같고 일어나는 건 일곱 시예요."
        },
        {
            "Q": "아침에 일어났을 때, 몸 상태는 어때?",
            "A": "매일 피곤해요."
        },
        {
            "Q": "평소에 잠들기 힘들다거나, 잠자는 중간에 자주 깨는 편이야?",
            "A": "그건 아니에요."
        },
        {
            "Q": "평상시에 어머니 아버지는 어떤 표정을 자주 짓는 것 같아?",
            "A": "엄마 아빠 다 즐거운 표정이요."
        },
        {
            "Q": "왜 그런 표정을 자주 짓는 것 같아?",
            "A": "즐거우니까요."
        },
        {
            "Q": "부모님이 우리 친구를 어떻게 대하셔?",
            "A": "잘 대해주시는데요. 잘 챙겨주시고."
        },
        {
            "Q": "우리 친구는 형제자매는 몇 명이야?",
            "A": "저밖에 없어요."
        },
        {
            "Q": "친구들이랑은 주로 뭐 하면서 놀아?",
            "A": "친구들이랑 놀이터에서 놀거나 축구해요."
        },
        {
            "Q": "담임 선생님은 어때? 좋아 아니면 싫어?",
            "A": "좋아요."
        },
        {
            "Q": "담임 선생님의 어떤 부분이 좋아?",
            "A": "수업이 엄청 재밌어요."
        },
        {
            "Q": "요즈음 우리 친구 고민은 뭐야?",
            "A": "없는 것 같아요."
        },
        {
            "Q": "요즈음 행복하다고 느껴?",
            "A": "네."
        },
        {
            "Q": "어떤 점에서 행복한 것 같아?",
            "A": "친구들이랑 노는 것도 재밌고 유튜브 보는 것도 재밌고 주말에 엄마 아빠랑 놀러 가는 것도 좋아요."
        },
        {
            "Q": "우리 친구는 커서 어떤 사람이 되고 싶어?",
            "A": "전 유튜버가 되고 싶어요."
        },
        {
            "Q": "왜 유튜버가 되고 싶어?",
            "A": "보는 것도 재밌는데 직접 동영상 만들고 그러면 더 재밌을 것 같아요."
        },
        {
            "Q": "주로 친구를 돌봐주는 어른은 누구야?",
            "A": "엄마요."
        },
        {
            "Q": "배가 고픈데 집에 먹을 게 없어서 굶은 적 있어?",
            "A": "아니요."
        },
        {
            "Q": "저녁에 친구를 집에 혼자 두고 어른들이 나갔던 적 있어?",
            "A": "그런 적 없어요."
        },
        {
            "Q": "친구를 항상 돌봐주는 사람이 갑자기 말도 없이 집을 나가서 안 들어온 적 있어?",
            "A": "없어요."
        },
        {
            "Q": "우리 친구가 어디 아픈 곳이 있는데 부모님이 병원에 데려가지 않은 적은?",
            "A": "없어요."
        },
        {
            "Q": "빨래가 안 되어 있어서 더럽고 냄새나는 옷을 입어야 한 적은 있어?",
            "A": "아니요."
        },
        {
            "Q": "옷이나 신발 사이즈가 작은 걸 입거나 신고 다닌 적은 있어?",
            "A": "없어요."
        },
        {
            "Q": "하루에 인터넷이나 휴대폰을 가지고 노는 시간은 몇 시간 정도야?",
            "A": "서너 시간 하는 것 같아요. 근데 엄마가 많이 하면 뭐라 해서 몰래 해야 돼요."
        },
        {
            "Q": "피시방도 가?",
            "A": "아니요."
        },
        {
            "Q": "부모님이 운동회나 참관 수업 같은 학교에 오는 행사에 잘 오셔?",
            "A": "네."
        },
        {
            "Q": "부모님이나 선생님 때문에 슬프거나 화난 적 있었어?",
            "A": "없는 것 같아요."
        },
        {
            "Q": "마음이 힘들 때, 가족에게 친구 마음을 이야기해?",
            "A": "네."
        },
        {
            "Q": "주위 어른들 중 우리 친구를 때린 적이 있는 사람이 있어?",
            "A": "아니요."
        },
        {
            "Q": "우리 친구가 원하지 않는데도 누군가가 친구 몸을 만지거나 보여달라고 한 적 있었을까?",
            "A": "아니요."
        },
        {
            "Q": "집에서 어른들끼리 소리 지르면서 싸우는 걸 듣거나 본 적이 있어?",
            "A": "없어요."
        },
        {
            "Q": "친구들이 자주 놀리거나 괴롭힌다고 느낀 적이 있어?",
            "A": "아니요."
        },
        {
            "Q": "우리 친구는 어떨 때 마음이 복잡하거나 힘들어?",
            "A": "없는 것 같아요. 모르겠어요."
        },
        {
            "Q": "잠잘 때 주로 어떤 꿈을 꾸는 것 같아?",
            "A": "재밌는 꿈을 꾸는 것 같아요. 일어나면 기분이 좋아요."
        },
        {
            "Q": "부모님 허락이나 말도 없이 집에 오랫동안 나와 있었던 적이 있어?",
            "A": "없어요."
        }
    ]
}