{
    "info": {
        "위기단계": "응급"
    },
    "kids_ment": [
        {
            "Q": "우리 친구 몸은 어때? 어디 아픈 곳 있어?",
            "A": "저 볼이요."
        },
        {
            "Q": "왜 볼이 아파?",
            "A": "아빠가 저 볼 때려서요. 입에서 피 났어요."
        },
        {
            "Q": "치료는 어떻게 했어?",
            "A": "엄마가 약 발라줬어요."
        },
        {
            "Q": "우리 친구는 뭘 할 때가 가장 즐거워?",
            "A": "친구들이랑 놀 때요."
        },
        {
            "Q": "친구들이랑 뭐 하고 놀 때가 즐거워?",
            "A": "게임하는 것도 재밌고 축구하고 얘기도 하면 재밌어요."
        },
        {
            "Q": "최근 일주일 동안 짜증이나 화가 난 적이 있을까?",
            "A": "없는 것 같아요."
        },
        {
            "Q": "평소에 짜증이나 화가 났을 때, 어떻게 하면 마음이 풀려?",
            "A": "폰 하거나 친구들이랑 놀면 풀려요."
        },
        {
            "Q": "평소 몇 시에 자고, 몇 시에 일어나는 편이야?",
            "A": "열한 시쯤에 자서 일곱 시에 일어나요."
        },
        {
            "Q": "아침에 일어났을 때, 몸 상태는 어때?",
            "A": "매일 잠 오는 것 같아요."
        },
        {
            "Q": "평소에 잠들기 힘들다거나, 잠자는 중간에 자주 깨는 편이야?",
            "A": "자주 깨요."
        },
        {
            "Q": "평상시에 어머니 아버지는 어떤 표정을 자주 짓는 것 같아?",
            "A": "엄마는 힘든 표정이고 아빠는 같이 안 사는데 볼 때마다 화난 표정이에요."
        },
        {
            "Q": "왜 아빠가 그런 표정을 자주 짓는 것 같아?",
            "A": "엄마한테 새로운 남자 생겼냐고 계속 화내요."
        },
        {
            "Q": "우리 친구는 형제자매는 몇 명이야?",
            "A": "저밖에 없어요."
        },
        {
            "Q": "친구들이랑은 주로 뭐 하면서 놀아?",
            "A": "게임도 하고 축구도 하고 탕후루도 먹으러 가요."
        },
        {
            "Q": "담임 선생님은 어때? 좋아 아니면 싫어?",
            "A": "좋아요."
        },
        {
            "Q": "담임 선생님의 어떤 부분이 좋아?",
            "A": "그냥 좋아요. 잘 챙겨주세요."
        },
        {
            "Q": "요즘 우리 친구 고민은 뭐야?",
            "A": "엄마랑 아빠랑 그만 싸웠으면 좋겠어요."
        },
        {
            "Q": "그 고민 때문에 생활이 불편하거나 힘들어?",
            "A": "아빠가 일주일에 한두 번씩 집에 오면 막 화내고 물건 부수고 그래서 무서워요."
        },
        {
            "Q": "요즘 행복하다고 느껴?",
            "A": "아니요."
        },
        {
            "Q": "어떤 점에서 행복하지 않은 것 같아?",
            "A": "엄마 아빠가 싸우고 이제는 같이 안 사니까요. 사이가 좋아져서 같이 살았으면 좋겠는데 안 될 것 같아요."
        },
        {
            "Q": "지금의 행복을 일에서 십으로 나타내면 몇 점이야?",
            "A": "삼 점인 것 같아요."
        },
        {
            "Q": "우리 친구는 커서 어떤 사람이 되고 싶어?",
            "A": "전 축구선수가 되고 싶어요."
        },
        {
            "Q": "왜 축구선수가 되고 싶어?",
            "A": "저도 손흥민 선수처럼 엄청 멋진 선수가 돼서 월드컵에 나가고 싶어요."
        },
        {
            "Q": "주로 친구를 돌봐주는 어른은 누구야?",
            "A": "엄마요."
        },
        {
            "Q": "배가 고픈데 집에 먹을 게 없어서 굶은 적 있어?",
            "A": "아니요."
        },
        {
            "Q": "저녁에 친구를 집에 혼자 두고 어른들이 나갔던 적 있어?",
            "A": "그런 적은 없어요."
        },
        {
            "Q": "친구를 항상 돌봐주는 사람이 갑자기 말도 없이 집을 나가서 안 들어온 적 있어?",
            "A": "없어요."
        },
        {
            "Q": "우리 친구가 어디 아픈 곳이 있는데 부모님이 병원에 데려가지 않은 적은?",
            "A": "없어요."
        },
        {
            "Q": "빨래가 안 되어 있어서 더럽고 냄새나는 옷을 입어야 한 적은 있어?",
            "A": "아니요."
        },
        {
            "Q": "옷이나 신발 사이즈가 작은 걸 입거나 신고 다닌 적은 있어?",
            "A": "아니요."
        },
        {
            "Q": "하루에 인터넷이나 휴대폰을 가지고 노는 시간은 몇 시간 정도야?",
            "A": "한 시간 정도 하는 것 같아요."
        },
        {
            "Q": "피시방도 가?",
            "A": "안 가봤어요."
        },
        {
            "Q": "부모님이 운동회나 참관 수업 같은 학교에 오는 행사에 잘 오셔?",
            "A": "엄마가 오거나 엄마 못 오면 아빠가 오는 것 같아요."
        },
        {
            "Q": "부모님이나 선생님 때문에 슬프거나 화난 적 있었어?",
            "A": "네. 아빠 때문에 슬펐어요."
        },
        {
            "Q": "아빠의 어떤 말이나 행동이 친구를 슬프게 만든 거야?",
            "A": "아빠가 저 뺨 때리고 엄마 남자 생겼냐고 그 남자랑 잤냐고 막 화내고 물건 부수고 그래서 슬프고 무섭고 그랬어요."
        },
        {
            "Q": "어른들이 친구를 어디에 가두고 못 나오게 한 적 있어?",
            "A": "아니요."
        },
        {
            "Q": "부모님이 다른 사람들 앞에서 혼내실 때가 있어?",
            "A": "없어요."
        },
        {
            "Q": "어른들이 우리 친구를 다른 아이들과 비교하는 편이야?",
            "A": "아니요."
        },
        {
            "Q": "어른들이 친구를 집에서 쫓아내거나 버리겠다고 말한 적 있어?",
            "A": "없어요."
        },
        {
            "Q": "우리 친구가 뭘 하려고 할 때, 무조건 안 된다고 하거나 하기 싫은데 무조건 하라고 할 때가 있어?",
            "A": "없어요."
        },
        {
            "Q": "마음이 힘들 때, 가족에게 친구 마음을 이야기해?",
            "A": "네. 엄마한테요."
        },
        {
            "Q": "주위 어른들 중 우리 친구를 때린 적이 있는 사람이 있어?",
            "A": "아빠가 며칠 전에 집에 와서 제 뺨 때렸어요."
        },
        {
            "Q": "아빠가 친구를 때리는 이유는 뭐라고 생각해?",
            "A": "잘 모르겠어요. 엄마한테 화나서 저한테도 그러는 것 같아요."
        },
        {
            "Q": "아빠한테 어느 부위를 무엇으로 맞았어?",
            "A": "손으로 뺨 때렸어요."
        },
        {
            "Q": "평소에 아빠가 자주 때리셔?",
            "A": "이번이 처음이었어요. 그래서 너무 무서웠어요."
        },
        {
            "Q": "아빠한테 맞아서 얼마나 다쳤어?",
            "A": "입에서 피가 났어요."
        },
        {
            "Q": "이렇게 다친 것 때문에, 병원에 가서 치료를 받은 적 있어?",
            "A": "병원에 간 적은 없어요. 약 바르니까 괜찮아졌어요."
        },
        {
            "Q": "우리 친구가 원하지 않는데도 누군가가 친구 몸을 만지거나 보여달라고 한 적 있었을까?",
            "A": "없어요."
        },
        {
            "Q": "집에서 어른들끼리 소리 지르면서 싸우는 걸 듣거나 본 적이 있어?",
            "A": "네. 엄마랑 아빠가 같이 살 때는 매일 싸웠어요."
        },
        {
            "Q": "그때 어른들이 술을 마신 상태였어?",
            "A": "그건 아니에요."
        },
        {
            "Q": "어른들이 술 마시고 집에서 무섭게 행동할 때가 많아?",
            "A": "없는 것 같아요."
        },
        {
            "Q": "그렇게 싸울 때 친구한테 안 좋은 소리도 해?",
            "A": "걸리적거린다고 저리 가라고 하고 그랬어요."
        },
        {
            "Q": "그 상황에서 우리 친구가 다친 적 있어?",
            "A": "아빠가 물건 던져서 부서진 게 저한테 날아와서 맞은 적 있어요. 그때 멍들었어요."
        },
        {
            "Q": "이런 일로 집에 나와 있었어야 한 적 있어?",
            "A": "아니요. 그런 적은 없어요."
        },
        {
            "Q": "이런 일 때문에, 집에 경찰이나 다른 사람이 온 적 있어?",
            "A": "한 번도 없는 것 같아요."
        },
        {
            "Q": "친구들이 자주 놀리거나 괴롭힌다고 느낀 적이 있어?",
            "A": "아니요."
        },
        {
            "Q": "우리 친구는 어떨 때 마음이 복잡하거나 힘들어?",
            "A": "엄마랑 아빠가 싸울 때요."
        },
        {
            "Q": "이런 상황 때문에 괴로워서 죽고 싶다는 생각을 한 적 있어?",
            "A": "아니요."
        },
        {
            "Q": "잠잘 때 주로 어떤 꿈을 꾸는 것 같아?",
            "A": "아빠가 저 때리고 집에 물건들 부수고 그러는 꿈이요."
        },
        {
            "Q": "잠들기 힘든 이유가 집에서의 일 때문에 그런 것 같아?",
            "A": "네."
        },
        {
            "Q": "생각하고 싶지 않은데 그 일이 떠오른 적 있어?",
            "A": "지금은 매일 떠올라요."
        },
        {
            "Q": "그런 싫은 기억이 떠오를 때 어떻게 해?",
            "A": "그냥 다른 거 하면서 생각 안 하려고 해요."
        },
        {
            "Q": "꿈을 꾸고 일어나면 몸 상태가 어때?",
            "A": "막 가슴이 빠르게 뛰어요."
        },
        {
            "Q": "부모님 허락이나 말도 없이 집에 오랫동안 나와 있었던 적이 있어?",
            "A": "없어요."
        }
    ]
}