{
    "info": {
        "위기단계": "상담필요"
    },
    "kids_ment": [
        {
            "Q": "최근에 내 몸이 건강하다고 느끼나요?",
            "A": "머리가 자주 아파요."
        },
        {
            "Q": "머리가 어떻게 아파요?",
            "A": "왼쪽만 누가 막 누르는 것처럼 아파요."
        },
        {
            "Q": "언제부터 아팠어요?",
            "A": "이번에는 이틀 전부터요."
        },
        {
            "Q": "한번 아프기 시작하면 얼마나 오랫동안 아파요?",
            "A": "약 먹어도 잘 없어지질 않아서 3일은 아파요."
        },
        {
            "Q": "최근에 다쳤던 적이 있나요?",
            "A": "없어요."
        },
        {
            "Q": "뭘 할 때 즐거워요?",
            "A": "지금은 재미있는 거 없어요."
        },
        {
            "Q": "이전에도 즐겁다고 느낀 적이 없나요?",
            "A": "그건 아닌데 지금은 그래요."
        },
        {
            "Q": "즐겁다고 느끼지 못한 것이 언제부터예요?",
            "A": "세 달 전부터 그런 것 같아요."
        },
        {
            "Q": "최근 일주일 동안 짜증이나 화가 난 적이 있나요?",
            "A": "감정이 막 그렇게 격해지지도 않아요."
        },
        {
            "Q": "그럼, 짜증이나 화가 나면 어떻게 풀어요?",
            "A": "원래는 메타버스 가서 친구도 만나고 꾸미기도 하고 그랬는데 지금은 안 해요."
        },
        {
            "Q": "몇 시에 자고, 몇 시에 일어나요?",
            "A": "열 시 반에 자고, 일곱 시면 일어나요."
        },
        {
            "Q": "아침에 일어나면, 몸 상태가 어때요?",
            "A": "개운하지 않고 그냥 축 처져요."
        },
        {
            "Q": "잠들기 어렵거나 잠자는 중간에 자주 깨나요?",
            "A": "네."
        },
        {
            "Q": "아빠는 친구를 볼 때 어떤 표정이에요?",
            "A": "찡그리는 표정이요."
        },
        {
            "Q": "왜 찡그리는 것 같아요?",
            "A": "저를 한심하게 생각하는 것 같아요."
        },
        {
            "Q": "왜 그렇게 생각해요?",
            "A": "제가 바보같이 행동해서요."
        },
        {
            "Q": "그런 아빠를 보면 어떤 기분이 들어요?",
            "A": "속상해요."
        },
        {
            "Q": "엄마는 어떤 표정으로 친구를 봐요?",
            "A": "엄마는 약간 슬픈 표정인 것 같아요."
        },
        {
            "Q": "왜 그렇게 느껴요?",
            "A": "그냥 느낌이 그래요."
        },
        {
            "Q": "그런 엄마를 보면 친구는 기분이 어때요?",
            "A": "힘이 빠져요."
        },
        {
            "Q": "형제자매가 있나요?",
            "A": "네. 있어요."
        },
        {
            "Q": "누구누구 있어요?",
            "A": "언니랑 오빠 있어요."
        },
        {
            "Q": "언니랑은 사이가 어때요?",
            "A": "언니랑은 사이좋아요. 언니가 저 잘 챙겨줘요."
        },
        {
            "Q": "오빠랑은 사이가 어때요?",
            "A": "오빠는 저한테 관심이 좀 없고 저도 오빠랑은 어색해요."
        },
        {
            "Q": "부모님이 언니나 오빠랑 친구를 차별하는 것 같아요?",
            "A": "그런 느낌은 못 받았어요."
        },
        {
            "Q": "친구들이랑 뭐 하고 놀아요?",
            "A": "원래 메타버스에서 수다 떨고 막 돌아다녔는데 지금은 안 해서 친구랑 못 놀아요."
        },
        {
            "Q": "왜 친구랑 못 놀아요?",
            "A": "엄마가 괜히 애들이랑 몰려다니지 말고 쓸데없는 말 하지 말라고 했어요."
        },
        {
            "Q": "담임 선생님을 좋아하나요, 싫어하나요?",
            "A": "담임 선생님 괜찮아요."
        },
        {
            "Q": "어떤 점이 괜찮아요?",
            "A": "고민 상담 잘 들어주세요."
        },
        {
            "Q": "요즘 제일 걱정되는 게 뭐예요?",
            "A": "사진이요."
        },
        {
            "Q": "어떤 사진이요?",
            "A": "제 몸 사진이요. 다 지웠다고는 했는데 그래도 혹시 몰라서요."
        },
        {
            "Q": "이런 걱정 때문에 어느 정도로 힘든가요?",
            "A": "매일 밤 생각나요. 누가 이야기하면 제 얘기하는 것 같아요."
        },
        {
            "Q": "요즘 행복한 것 같아요?",
            "A": "아니요."
        },
        {
            "Q": "왜 불행하다고 느껴요?",
            "A": "매일매일 불안하니까요."
        },
        {
            "Q": "커서 어떤 사람이 되고 싶어요?",
            "A": "필라테스 학원 차리고 싶어요."
        },
        {
            "Q": "왜 그게 하고 싶어요?",
            "A": "몸매도 예쁘게 해 주고 시간도 자유롭게 쓸 수 있을 것 같아요."
        },
        {
            "Q": "집에서 주로 나를 돌봐주는 어른은 누구인가요?",
            "A": "엄마요."
        },
        {
            "Q": "배가 고픈데 먹을 게 없어서 굶은 적이 있나요?",
            "A": "그런 적 없어요."
        },
        {
            "Q": "부모님이나 선생님 때문에 슬프거나 화가 난 적이 있나요?",
            "A": "아니요."
        },
        {
            "Q": "주위 어른들 중 나를 때린 적이 있는 사람이 있나요?",
            "A": "없어요."
        },
        {
            "Q": "내가 원하지 않는데도 누군가가 내 몸을 만지거나 보여달라고 한 적 있어요?",
            "A": "네."
        },
        {
            "Q": "누가 어떻게 해달라고 했어요?",
            "A": "메타버스에서 만난 친구인데 여잔 줄 알고 말이 잘 통해서 이런저런 이야기 하다가 가슴이 나왔다고 하니까, 사진 찍어 보내보라고 해서 아무 생각 없이 보냈는데 남자였어요."
        },
        {
            "Q": "그 사람이 부끄럽고 창피한 것을 시킨 적이 있나요? 어떤 걸 시켰나요?",
            "A": "이번에는 브라 다 벗고 찍으라고 하고 안 하면 이전에 보낸 사진 인터넷에 뿌린다고 했어요."
        },
        {
            "Q": "누가 소중한 부위를 아프게 한 적이 있나요?",
            "A": "아니요."
        },
        {
            "Q": "친구의 신체 부위를 사진이나 영상을 찍어서 보내주면 돈을 준다고 한 적이 있거나 보내서 돈을 받은 적이 있나요?",
            "A": "아니요. 돈 얘기는 없고 계속 사진으로 협박하면서 다른 거 요구했어요."
        },
        {
            "Q": "내 신체 사진이나 영상이 퍼져서 인터넷에 올라오거나 다른 사람이 본 적 있나요?",
            "A": "두 번째 사진 보내고 무서워서 부모님한테 말하고 경찰에 신고해서 경찰관이 다 지웠다고 했어요."
        },
        {
            "Q": "내가 싫다는 데도 계속해서 연락하거나 따라다니는 사람이 있나요? 누가 얼마나 자주 그러나요?",
            "A": "경찰에 신고하기 전에 그 사람이 계속 연락했었어요. 하루에도 여러 번이요."
        },
        {
            "Q": "집에서 어른들끼리 소리 지르면서 싸우는 걸 듣거나 본 적이 있나요?",
            "A": "아니요."
        },
        {
            "Q": "친구들이 나를 자주 놀리거나 괴롭힌다고 느낀 적이 있나요?",
            "A": "애들이 괴롭히거나 놀리지 않아요."
        },
        {
            "Q": "어떨 때 마음이 복잡하거나 힘든가요?",
            "A": "사진 생각하면 힘들어요."
        },
        {
            "Q": "안 좋은 기억 때문에 괴로워서 죽고 싶다는 생각을 한 적 있나요?",
            "A": "그런 생각은 안 해봤어요."
        },
        {
            "Q": "잠잘 때 주로 어떤 꿈을 꾸나요?",
            "A": "손이 나타나서 제 옷을 벗기려고 해요."
        },
        {
            "Q": "이전 경험 때문에 잠들기 힘들거나 자주 깨는 걸까요?",
            "A": "그런 것 같아요."
        },
        {
            "Q": "생각하고 싶지 않은 데도 자꾸 그 기억이 떠오른 적이 있나요? 얼마나 자주 그래요?",
            "A": "요즘에는 일주일에 서너 번은 생각나요."
        },
        {
            "Q": "이런 싫은 기억이 떠오를 때 어떻게 하나요?",
            "A": "상담 선생님이 안전지대 생각하라고 해서 연습하고 있는데 잘 안 돼요."
        },
        {
            "Q": "꿈을 꾸고 일어나면 몸 상태가 어떤가요?",
            "A": "도망 다녀서 그런가, 몸이 힘들어요."
        },
        {
            "Q": "가출해 본 적 있어요?",
            "A": "가출한 적 없어요."
        }
    ]
}