{
    "info": {
        "위기단계": "학대의심"
    },
    "kids_ment": [
        {
            "Q": "최근에 건강은 어때? 아픈 곳 있어?",
            "A": "괜찮아요."
        },
        {
            "Q": "최근에 다친 곳 있어?",
            "A": "입 안에 상처 났어요."
        },
        {
            "Q": "어쩌다 다쳤어?",
            "A": "새엄마가 누나보고 제 볼 때리라고 했어요."
        },
        {
            "Q": "얼마나 다쳤어?",
            "A": "새엄마가 50대 때리라고 해서 볼도 엄청 빨개졌고 다음 날 멍들었고요. 입 안에 터져서 피 났어요."
        },
        {
            "Q": "언제 다쳤어?",
            "A": "저번 주요."
        },
        {
            "Q": "요즘 뭘 할 때 즐거워?",
            "A": "유튜브 볼 때요."
        },
        {
            "Q": "어떤 점이 즐거워?",
            "A": "마인크래프트 영상이 재밌어요."
        },
        {
            "Q": "최근 일주일 동안 짜증이나 화가 난 적 있어?",
            "A": "네. 화가 많이 나요. 특히 새엄마한테요."
        },
        {
            "Q": "그렇게 화가 났을 때 어떻게 해야 기분이 풀려?",
            "A": "새엄마를 안 보는 동안 풀리는 것 같아요."
        },
        {
            "Q": "몇 시부터 몇 시까지 자?",
            "A": "열한 시부터 자고요. 여덟 시에 일어나요."
        },
        {
            "Q": "일어나면 컨디션이 어때?",
            "A": "피곤해요."
        },
        {
            "Q": "잠들기 힘들거나 자다 중간에 깨는 경우 있어?",
            "A": "네. 집이 시끄러워서 잠자기 어려운 것 같아요."
        },
        {
            "Q": "아빠랑 사이가 어때?",
            "A": "아빠는 저희한테 관심이 없어요."
        },
        {
            "Q": "왜 그러시는 것 같아?",
            "A": "일이 바쁘대요."
        },
        {
            "Q": "그럴 때 기분은 어때?",
            "A": "속상해요."
        },
        {
            "Q": "새엄마랑 사이가 어때?",
            "A": "새엄마는 무섭기도 하고 저희들을 싫어해요."
        },
        {
            "Q": "왜 그러시는 것 같아?",
            "A": "모르겠어요."
        },
        {
            "Q": "그럴 때 기분이 어때?",
            "A": "새엄마가 싫어요."
        },
        {
            "Q": "형제자매가 있어?",
            "A": "누나 한 명 있어요."
        },
        {
            "Q": "누나랑 사이가 어때?",
            "A": "좋아요."
        },
        {
            "Q": "부모님이 나랑 누나 중에 누구를 더 좋아하는 것 같아?",
            "A": "둘 다 싫어하는 것 같아요."
        },
        {
            "Q": "친구들과 뭐 하고 놀아?",
            "A": "킥보드도 타고 자전거도 타요."
        },
        {
            "Q": "몇 명이 같이 놀아?",
            "A": "두 명이요."
        },
        {
            "Q": "담임 선생님은 어때? 좋아 아니면 싫어?",
            "A": "착해서 좋아요."
        },
        {
            "Q": "요즘 제일 큰 걱정은 뭐야?",
            "A": "새엄마가 무서워요."
        },
        {
            "Q": "그런 걱정 때문에 일상생활이 힘들어?",
            "A": "네, 처음에는 착한 줄 알았는데, 아빠 없을 때 저랑 누나한테 욕하거나 때려요."
        },
        {
            "Q": "일주일에 몇 번이나 힘들어?",
            "A": "매일 힘들어요."
        },
        {
            "Q": "요즘 행복한 것 같아?",
            "A": "아니요."
        },
        {
            "Q": "왜 행복하지 않아?",
            "A": "새엄마가 저를 너무 괴롭게 해요."
        },
        {
            "Q": "커서 어떤 사람이 되고 싶어?",
            "A": "경찰이 되고 싶어요."
        },
        {
            "Q": "이유가 뭐야?",
            "A": "나쁜 사람들을 잡아가서 세상을 살기 좋게 만들어 줄 거예요."
        },
        {
            "Q": "집에서 주로 나를 돌봐주는 어른은 누구야?",
            "A": "새엄마요."
        },
        {
            "Q": "배가 고픈데 먹을 게 없어서 굶은 적 있어?",
            "A": "네. 새엄마가 밖에 나가거나 해서 저랑 누나랑 만들어 먹어요."
        },
        {
            "Q": "어른들이 갑자기 말도 없이 집 나가서 안 들어온 적 있어?",
            "A": "아니요."
        },
        {
            "Q": "어디 아픈 곳이 있는데 어른들이 병원에 데려가지 않은 적 있어?",
            "A": "새엄마가 때려서 상처 난 것 병원에 안 데려가려고 했어요."
        },
        {
            "Q": "빨래 안 한 더럽고 냄새나는 옷을 입은 적 있어?",
            "A": "네."
        },
        {
            "Q": "작은 옷이나 신발을 입거나 신고 다닌 적 있어?",
            "A": "네."
        },
        {
            "Q": "인터넷이나 휴대폰을 가지고 노는 시간은 하루에 몇 시간 정도야?",
            "A": "두 시간이요."
        },
        {
            "Q": "부모님이 운동회나 참관수업, 학부모 상담에 잘 오셔?",
            "A": "안 와요."
        },
        {
            "Q": "부모님이나 선생님 때문에 슬프거나 화가 난 적 있어?",
            "A": "네. 새엄마가 저를 힘들게 해요. 저번 주에 누나랑 저한테 서로 얼굴 50대씩 때리라고 하고 안 때리면 자기가 때릴 거라고 했어요."
        },
        {
            "Q": "어른들이 나를 어디에 가두고 못 나오게 한 적 있어?",
            "A": "아니요."
        },
        {
            "Q": "남들 앞에서 혼나거나 다른 아이들과 비교당할 때 있어?",
            "A": "아니요."
        },
        {
            "Q": "어른들이 나를 집에서 쫓아내겠다고 하거나 진짜 쫓아낸 적 있어?",
            "A": "네. 새엄마가 저랑 누나를 혼낼 때마다 집에서 쫓아낼 거라고 협박했어요."
        },
        {
            "Q": "내가 무엇을 하려고 할 때 무조건 안 된다고 하거나, 하기 싫은데 무조건 하라고 할 때 있어?",
            "A": "네."
        },
        {
            "Q": "마음이 힘들 때 가족에게 내 마음을 이야기해?",
            "A": "누나한테 이야기해요."
        },
        {
            "Q": "주위 어른들 중 나를 때린 적 있는 사람이 있어?",
            "A": "네. 새엄마가요."
        },
        {
            "Q": "평소에 자주 때리셔?",
            "A": "네."
        },
        {
            "Q": "얼마나 다쳤어?",
            "A": "멍이 많이 들고요. 손톱에 긁혀서 피난 적 있어요."
        },
        {
            "Q": "이렇게 다친 것 때문에 병원 가서 치료받은 적 있어?",
            "A": "아니요. 못 가게 했어요."
        },
        {
            "Q": "내가 원하지 않는데 누군가가 내 몸을 만지거나 보여달라고 한 적 있어?",
            "A": "아니요."
        },
        {
            "Q": "집에서 어른들끼리 소리 지르면서 싸우는 걸 듣거나 본 적이 있어?",
            "A": "아니요."
        },
        {
            "Q": "친구들이 나를 자주 놀리거나 괴롭힌다고 느낀 적 있어?",
            "A": "아니요."
        },
        {
            "Q": "스스로 해치고 싶다거나 죽고 싶다고 생각한 적 있어?",
            "A": "아니요."
        },
        {
            "Q": "잠잘 때 주로 어떤 꿈을 꿔?",
            "A": "꿈 안 꿔요."
        },
        {
            "Q": "부모님 허락 없이 집에서 오랫동안 나와 있었던 적 있어?",
            "A": "아니요."
        }
    ]
}