{
    "info": {
        "위기단계": "상담필요"
    },
    "kids_ment": [
        {
            "Q": "최근에 건강한가요, 아니면 아픈 곳이 있나요?",
            "A": "자주 배가 아프고 소화가 잘 안 돼요."
        },
        {
            "Q": "언제부터 아팠나요?",
            "A": "일주일 전에 이틀 동안 배가 아팠어요. 설사도 했어요."
        },
        {
            "Q": "왜 아팠나요?",
            "A": "자주 아파서 양호실 갔는데, 제가 매운 거 좋아하고, 빵 좋아하고 한 번에 너무 많이 먹어서 그런 것 같다고 양호 선생님이 말해줬어요. 엄마랑 병원 가보래요."
        },
        {
            "Q": "최근에 다쳤던 적이 있었나요?",
            "A": "줄넘기하다가 넘어져서 무릎이 까졌어요."
        },
        {
            "Q": "뭘 할 때가 즐겁나요?",
            "A": "게임하고 맛있는 거 먹을 때요."
        },
        {
            "Q": "어떤 점이 즐거운가요?",
            "A": "행복해요."
        },
        {
            "Q": "최근 일주일 동안 짜증이나 화가 난 적이 있나요?",
            "A": "제가 학교 끝나고 왔는데 누나가 제가 나중에 먹으려고 남겨둔 케이크 먹었어요."
        },
        {
            "Q": "그런 일이 자주 일어나나요?",
            "A": "자꾸 제 간식 먹어요."
        },
        {
            "Q": "평소에 짜증이나 화가 났을 때, 어떻게 하면 마음이 풀려요?",
            "A": "일기 써요."
        },
        {
            "Q": "몇 시에 자고, 몇 시에 일어나나요?",
            "A": "열두 시에 자고 일곱 시에 일어나요."
        },
        {
            "Q": "아침에 일어났을 때, 몸 상태는 어때요?",
            "A": "더 자고 싶어요. 졸려요."
        },
        {
            "Q": "평소에 잠이 들기 힘들거나, 잠자는 중간에 자주 깨나요?",
            "A": "아니요. 잘 자요."
        },
        {
            "Q": "평상시에 아버지는 어떤 표정을 자주 짓나요?",
            "A": "아빠 푸 닮아서 푸근해요."
        },
        {
            "Q": "아빠는 친구를 볼 때 왜 그런 표정을 짓는 것 같아요?",
            "A": "여유가 있어서요."
        },
        {
            "Q": "그 표정을 지을 때, 내 기분은 어때요?",
            "A": "좋아요."
        },
        {
            "Q": "평상시에 어머니는 어떤 표정을 자주 짓나요?",
            "A": "엄마는 사랑스러워요."
        },
        {
            "Q": "엄마는 친구를 볼 때 왜 그런 표정을 짓는 것 같아요?",
            "A": "좋은 사람이라서요."
        },
        {
            "Q": "그 표정을 지을 때, 내 기분은 어때요?",
            "A": "행복해요."
        },
        {
            "Q": "형제자매는 몇 명이에요?",
            "A": "누나가 한 명 있어요."
        },
        {
            "Q": "사이가 어때요?",
            "A": "먹을 거 먹을 때는 짜증 나기도 하지만, 그래도 친해요."
        },
        {
            "Q": "평소에 부모님이 누나와 나를 차별하는 것 같아요?",
            "A": "아니요."
        },
        {
            "Q": "친구들이랑 주로 뭐 하고 놀아요?",
            "A": "게임 해요."
        },
        {
            "Q": "주로 몇 명이서 놀아요?",
            "A": "네 명이요."
        },
        {
            "Q": "담임 선생님을 좋아하나요, 싫어하나요?",
            "A": "담임 선생님 간식 많이 줘서 좋아요."
        },
        {
            "Q": "요즘 가장 큰 걱정거리는 무엇인가요?",
            "A": "살이 찌고 있어서, 다이어트하는데 잘 안 빠져요."
        },
        {
            "Q": "걱정거리 때문에 생활이 불편하거나 힘든가요?",
            "A": "엄마가 요새 피자랑 치킨 2주에 한 번만 시켜줘요."
        },
        {
            "Q": "요즘 행복하다고 느끼나요?",
            "A": "네. 다이어트 빼면 친구들도 가족도 다 즐거워요."
        },
        {
            "Q": "커서 어떤 사람이 되고 싶은지, 꿈이 무엇인지 이야기해 줄래요?",
            "A": "요리사나 푸드스타일리스트가 되고 싶어요. 보기 좋은 게 맛도 좋으니까요."
        },
        {
            "Q": "집에서 주로 나를 돌봐주는 어른은 누구인가요?",
            "A": "엄마랑 아빠요."
        },
        {
            "Q": "배가 고픈데 먹을 게 없어서 굶은 적이 있나요?",
            "A": "아니요. 먹을 거 많고, 없으면 제가 요리해요. 요리 재밌어요."
        },
        {
            "Q": "저녁에 나를 집에 혼자 두고 어른들이 나갔던 적 있나요?",
            "A": "아니요."
        },
        {
            "Q": "인터넷이나 휴대폰을 가지고 노는 시간은 하루에 몇 시간 정도인가요?",
            "A": "한 시간이요."
        },
        {
            "Q": "어른들이 운동회나 참관 수업 또는 학부모 상담 같은 학교 행사에 잘 오시나요?",
            "A": "네."
        },
        {
            "Q": "부모님이나 선생님 때문에 슬프거나 화가 난 적이 있나요?",
            "A": "아니요. 없어요."
        },
        {
            "Q": "다른 사람들 앞에서도 혼날 때 있나요?",
            "A": "아니요."
        },
        {
            "Q": "어른들이 나를 다른 아이들과 비교하나요?",
            "A": "아니요. 안 그래요."
        },
        {
            "Q": "내가 무엇을 하려고 할 때, 무조건 안 된다고 하거나, 하기 싫은데도 무조건 하라고 할 때가 있나요?",
            "A": "운동은 꼭 하래요."
        },
        {
            "Q": "마음이 힘들 때, 누구에게 내 마음을 이야기하나요?",
            "A": "힘들다가도 잘 잊어버려서 이야기 안 해요."
        },
        {
            "Q": "주위 어른들 중 나를 때린 적이 있는 사람이 있나요?",
            "A": "아니요."
        },
        {
            "Q": "내가 원하지 않는데도 누군가가 내 몸을 만지거나 보여달라고 한 적 있어요?",
            "A": "아니요."
        },
        {
            "Q": "어른들끼리 소리 지르면서 싸우는 걸 듣거나 본 적이 있나요?",
            "A": "아니요."
        },
        {
            "Q": "친구들이 나를 자주 놀리거나 괴롭힌다고 느낀 적이 있나요?",
            "A": "아니요."
        },
        {
            "Q": "어떨 때 마음이 복잡하거나 힘든가요?",
            "A": "딱히 없어요."
        },
        {
            "Q": "괴로워서 죽고 싶다는 생각을 한 적 있나요?",
            "A": "아니요."
        },
        {
            "Q": "잠잘 때 주로 어떤 꿈을 꾸나요?",
            "A": "요리왕이 되는 꿈이요."
        },
        {
            "Q": "부모님의 허락 없이 또는 말도 없이 집에서 오랫동안 나와 있었던 적이 있나요?",
            "A": "아니요."
        }
    ]
}