{
    "info": {
        "위기단계": "관찰필요"
    },
    "kids_ment": [
        {
            "Q": "최근에 아픈 적이 있었니?",
            "A": "아픈 적 없어요."
        },
        {
            "Q": "최근에 다쳤던 적이 있었니?",
            "A": "다친 적도 없어요."
        },
        {
            "Q": "뭐 할 때 즐거워?",
            "A": "자동차 나오는 책을 볼 때 즐거워요."
        },
        {
            "Q": "책 볼 때 어떤 부분이 즐거워?",
            "A": "제가 각 나라의 자동차에 관심이 많아서요 자동차 그림 보면 좋아요."
        },
        {
            "Q": "최근 일주일 동안 짜증이나 화가 난 적이 있었니?",
            "A": "네. 있어요."
        },
        {
            "Q": "무엇 때문에 짜증이나 화가 났어?",
            "A": "애들이 사차원이라고 빈둥대면서 놀려요."
        },
        {
            "Q": "평소에 짜증이나 화가 났을 때 어떻게 하면 마음이 풀려?",
            "A": "매일 사차원이라고 놀려서 마음이 잘 안 풀려요."
        },
        {
            "Q": "몇 시에 자고 몇 시에 일어나니?",
            "A": "열두 시에 자서 일곱 시에 일어나요."
        },
        {
            "Q": "아침에 일어났을 때 몸 상태는 어때?",
            "A": "조금 졸려요."
        },
        {
            "Q": "평소에 잠이 들기 힘들거나, 잠자는 중간에 자주 깨니?",
            "A": "잠은 잘 자는데 잠이 조금 부족한 것 같아요."
        },
        {
            "Q": "평소에 아버지는 어떤 표정을 지으셔?",
            "A": "편안한 표정이요."
        },
        {
            "Q": "아버지가 왜 편안한 표정을 짓는 것 같아?",
            "A": "제가 공부도 잘하고 걱정거리가 없어서요."
        },
        {
            "Q": "평소에 엄마는 어떤 표정을 지으셔?",
            "A": "엄마도 편안한 표정이요."
        },
        {
            "Q": "엄마하고는 사이가 어때?",
            "A": "좋아요. 엄마는 제가 해달라고 하는 거 다 해주세요."
        },
        {
            "Q": "형제자매는 몇 명이야?",
            "A": "외동이에요."
        },
        {
            "Q": "친구들은 몇 명이고 주로 뭐 하고 놀아?",
            "A": "친한 친구 두 명 정도이고 퍼즐게임 조립하고 놀아요."
        },
        {
            "Q": "담임선생님을 좋아해, 싫어해?",
            "A": "선생님 싫어요."
        },
        {
            "Q": "어떤 부분에서 선생님이 싫어?",
            "A": "선생님이 질문하면 답은 안 하고 제 이야기만 한다고 자주 혼내요."
        },
        {
            "Q": "요즘 가장 걱정되는 것이 무엇이야?",
            "A": "걱정되는 것 없어요."
        },
        {
            "Q": "요즘 행복하다고 느끼니?",
            "A": "네. 행복해요."
        },
        {
            "Q": "무엇 때문에 행복하게 느껴?",
            "A": "제가 하고 싶어 하는 것은 웬만하면 부모님이 다 들어주셔서요."
        },
        {
            "Q": "앞으로 커서 어떤 사람이 되고 싶어?",
            "A": "자동차 디자이너가 되고 싶어요."
        },
        {
            "Q": "왜 자동차 디자이너가 되고 싶어",
            "A": "자동차에 관심도 많고 멋지게 제가 자동차를 만들고 싶어서요."
        },
        {
            "Q": "집에서 주로 나를 돌봐주는 어른은 누구야?",
            "A": "엄마요."
        },
        {
            "Q": "배가 고픈데 먹을 게 없어서 굶은 적이 있니?",
            "A": "아니요. 없어요."
        },
        {
            "Q": "빨래가 되어 있지 않아서 더럽고 냄새나는 옷을 입어야 한 적이 있니?",
            "A": "아니요. 없어요."
        },
        {
            "Q": "옷이나 신발 사이즈가 작은 걸 입거나 신고 다닌 적이 있니?",
            "A": "아니요. 없어요."
        },
        {
            "Q": "어른들이 운동회나 참관 수업 또는 학부모 상담 같은 학교 행사에 잘 오시니?",
            "A": "네. 잘 오세요."
        },
        {
            "Q": "부모님이나 선생님 때문에 슬프거나 화가 난 적이 있었니?",
            "A": "아니요. 없어요."
        },
        {
            "Q": "주위 어른들 중 나를 때린 적이 있는 사람이 있니?",
            "A": "아니요. 없어요."
        },
        {
            "Q": "내가 원하지 않는데도 누군가가 내 몸을 만지거나 보여달라고 한 적 있어?",
            "A": "아니요. 없어요."
        },
        {
            "Q": "집에서 어른들끼리 소리 지르면서 싸우는 걸 듣거나 본 적이 있니?",
            "A": "아니요. 없어요."
        },
        {
            "Q": "친구들이 나를 자주 놀리거나 괴롭힌다고 느낀 적이 있니?",
            "A": "네. 있어요."
        },
        {
            "Q": "어떻게 놀리거나 괴롭혀?",
            "A": "사차원이라고 놀려요."
        },
        {
            "Q": "친구가 괴롭히거나 놀릴 때 어떤 기분이 들어?",
            "A": "짜증 나고 복수하고 싶어요."
        },
        {
            "Q": "얼마나 자주 이런 일이 일어나?",
            "A": "일주일에 두세 번요."
        },
        {
            "Q": "이렇게 괴롭힘을 당한 기간이 어떻게 돼?",
            "A": "학교 다니면서부터요."
        },
        {
            "Q": "이 아이들 때문에 학교를 가지 않은 적도 있니?",
            "A": "아니요. 빠진 적은 없어요."
        },
        {
            "Q": "어떨 때 마음이 복잡하고 힘들어?",
            "A": "친구들이 사차원이라고 놀릴 때 조금 힘들어요."
        },
        {
            "Q": "힘들어서 죽고 싶다는 생각을 한 적 있니?",
            "A": "아니요. 없어요."
        },
        {
            "Q": "부모님의 허락 없이 또는 말도 없이 집에 오랫동안 나와 있었던 적이 있니?",
            "A": "아니요. 없어요."
        }
    ]
}