{
    "info": {
        "위기단계": "정상군"
    },
    "kids_ment": [
        {
            "Q": "친구는 최근에 건강해요? 아니면 아픈 곳이 있어요?",
            "A": "저는 안 아파요. 건강해요."
        },
        {
            "Q": "친구는 최근에 다쳤던 적이 있었어요?",
            "A": "네. 있어요."
        },
        {
            "Q": "어디를 다쳤어요?",
            "A": "무릎이 까졌어요."
        },
        {
            "Q": "언제 다쳤어요?",
            "A": "저번 주에 체육 수행평가한다고 100미터 달리다가 넘어져서 다쳤어요."
        },
        {
            "Q": "친구는 뭘 할 때가 즐거워요?",
            "A": "저는 친구들이랑 야구하는 게 제일 즐거워요."
        },
        {
            "Q": "친구들이랑 야구하는 게 어떤 점이 즐거워요?",
            "A": "야구는 혼자 못해서 친구들이랑 해야 재밌어요."
        },
        {
            "Q": "친구는 최근 일주일 동안 짜증이나 화가 난 적이 있어요?",
            "A": "아니요. 짜증 난 적 없어요."
        },
        {
            "Q": "친구는 몇 시에 자고, 몇 시에 일어나요?",
            "A": "여섯 시간 정도는 자는 것 같아요."
        },
        {
            "Q": "아침에 일어났을 때, 몸 상태는 어때요?",
            "A": "그냥 더 자고 싶어요."
        },
        {
            "Q": "평소에 잠이 들기 힘들거나, 잠자는 중간에 자주 깨요?",
            "A": "아니요. 그렇지 않아요."
        },
        {
            "Q": "아버지는 평소에 어떤 표정을 자주 보여요?",
            "A": "아빠 엄청 잘 웃어요."
        },
        {
            "Q": "그 표정을 짓는 이유가 뭐인 것 같아요?",
            "A": "저랑 야구하는 거 재밌어서요."
        },
        {
            "Q": "아빠가 그렇게 표정을 지으면, 친구 기분이 어때요?",
            "A": "좋아요."
        },
        {
            "Q": "어머니는 평소에 어떤 표정을 자주 보여요?",
            "A": "엄마도 엄청 잘 웃어요."
        },
        {
            "Q": "그 표정을 짓는 이유가 뭐인 것 같아요?",
            "A": "엄마는 저랑 아빠랑 있는 거 엄청 좋은 거 같아요."
        },
        {
            "Q": "엄마가 그렇게 표정을 지으면, 친구는 기분이 어때요?",
            "A": "저도 좋아요."
        },
        {
            "Q": "친구는 형제자매가 있어요?",
            "A": "아니요."
        },
        {
            "Q": "친구들이랑 주로 뭐 하고 놀아요?",
            "A": "야구하면서 놀아요."
        },
        {
            "Q": "주로 몇 명이 놀아요?",
            "A": "맨날 다른데, 야구하면 여덟 명은 같이 하는 것 같아요."
        },
        {
            "Q": "친구는 담임 선생님을 좋아해요?",
            "A": "네. 담임 선생님 좋아해요."
        },
        {
            "Q": "담임 선생님이 어떤 부분에서 좋아요?",
            "A": "엄청 재밌어서 좋아요."
        },
        {
            "Q": "친구는 요즘 가장 큰 걱정거리가 뭐예요?",
            "A": "저는 그런 거 없어요."
        },
        {
            "Q": "친구는 요즘 행복하다고 느껴요?",
            "A": "네. 저 행복해요."
        },
        {
            "Q": "어떤 점에서 행복해요?",
            "A": "아빠랑 엄마랑 다음 주에 야구 보러 가기로 해서 너무 행복해요."
        },
        {
            "Q": "친구는 커서 어떤 사람이 되고 싶어요?",
            "A": "저는 야구 선수가 되고 싶어요."
        },
        {
            "Q": "야구 선수가 되고 싶은 이유가 있어요?",
            "A": "제가 야구 엄청 좋아해서 저도 유명한 야구 선수가 되고 싶어요."
        },
        {
            "Q": "집에서 주로 친구를 돌봐주는 어른은 누구예요?",
            "A": "엄마요."
        },
        {
            "Q": "배가 고픈데 먹을 게 없어서 굶은 적이 있어요?",
            "A": "아니요. 그런 적 없어요."
        },
        {
            "Q": "저녁에 친구를 집에 혼자 두고 나가거나, 갑자기 말도 없이 집을 나가서 안 들어온 적이 있어요?",
            "A": "아니요. 혼자 있는 거 무서워서 싫어해요."
        },
        {
            "Q": "어디 아픈 곳이 있는데 어른들이 병원에 데려가지 않은 적이 있어요?",
            "A": "아니요. 병원에 바로 가요."
        },
        {
            "Q": "빨래가 안 되거나, 옷이나 신발 사이즈가 작은 걸 입거나 신고 다닌 적 있어요?",
            "A": "아니요. 없어요."
        },
        {
            "Q": "인터넷이나 휴대폰을 가지고 노는 시간은 하루에 몇 시간 정도 해요?",
            "A": "저 핸드폰이 아직 없어요."
        },
        {
            "Q": "어른들이 학교에 참석해야 하는 행사에 잘 오세요?",
            "A": "네. 엄마가 항상 오세요."
        },
        {
            "Q": "부모님이나 선생님 때문에 슬프거나 화가 난 적이 있어요?",
            "A": "아니요. 없어요."
        },
        {
            "Q": "주위 어른들 중에 친구를 때린 적이 있는 사람이 있어요?",
            "A": "아니요. 저 때린 사람 없어요."
        },
        {
            "Q": "친구가 원하지 않는데도 누가 몸을 만지거나 보여달라고 한 적 있어요?",
            "A": "아니요. 그런 적 한 번도 없어요."
        },
        {
            "Q": "집에서 어른들끼리 소리 지르면서 싸우는 걸 듣거나 본 적이 있어요?",
            "A": "아니요. 싸우는 거 본 적 없어요."
        },
        {
            "Q": "친구들이 자주 놀리거나 괴롭힌다고 느낀 적 있어요?",
            "A": "아니요. 친구들이랑 잘 놀았어요."
        },
        {
            "Q": "친구는 어떨 때 마음이 복잡하거나 힘들어요?",
            "A": "그런 적 없어요."
        },
        {
            "Q": "친구는 잘 때 주로 어떤 꿈을 꿔요?",
            "A": "꿈 기억이 잘 안 나요."
        },
        {
            "Q": "부모님의 허락 없이 또는 말도 없이 집에 오랫동안 나와 있었던 적이 있어요?",
            "A": "아니요. 그런 적 없어요."
        }
    ]
}