{
    "info": {
        "위기단계": "정상군"
    },
    "kids_ment": [
        {
            "Q": "최근에 아픈 곳은 없을까?",
            "A": "네, 아픈 데는 없어요."
        },
        {
            "Q": "최근에 다쳤던 적은 있을까?",
            "A": "친구들이랑 장난치다가 의자에 팔 박았어요."
        },
        {
            "Q": "우리 친구는 뭐 할 때가 즐거울까?",
            "A": "그냥 놀 때가 제일 즐겁죠."
        },
        {
            "Q": "최근 일주일 동안 짜증이나 화가 난 적이 있을까?",
            "A": "네, 월 수 금은 영어학원 가는 날인데 가기 싫어서 짜증 났어요."
        },
        {
            "Q": "왜 가기 싫은 거야?",
            "A": "학교 끝나고 또 공부해야 되잖아요."
        },
        {
            "Q": "평소에 짜증 나거나 화날 때 어떻게 하면 마음이 풀려?",
            "A": "그냥 놀러 가요."
        },
        {
            "Q": "우리 친구는 몇 시에 자고, 몇 시에 일어나?",
            "A": "제가 아마 열한 시쯤 자서 일곱 시에 일어날걸요."
        },
        {
            "Q": "일어났을 때 친구 몸 상태는 어떤 것 같아?",
            "A": "개운해요."
        },
        {
            "Q": "평소에 잠들기 힘들다거나 중간에 자주 깨는 건 없을까?",
            "A": "네."
        },
        {
            "Q": "평소에 아버지는 어떤 표정을 자주 짓는 것 같아?",
            "A": "저희 아빠는 장난치는 것 좋아해서 매일 재밌는 표정이요."
        },
        {
            "Q": "그 표정을 볼 때 친구 기분은 어때?",
            "A": "재밌어요."
        },
        {
            "Q": "평소에 어머니는 어떤 표정을 자주 짓는 것 같아?",
            "A": "엄마는 다 들어주는 천사라서 착한 표정이요."
        },
        {
            "Q": "그 표정을 볼 때 친구는 기분이 어때?",
            "A": "편해요."
        },
        {
            "Q": "우리 친구는 형제나 자매가 있을까?",
            "A": "네, 언니 한 명 있어요."
        },
        {
            "Q": "언니랑 사이가 어때?",
            "A": "사이가 나쁘지도 좋지도 않은 것 같아요, 자주 싸우거든요."
        },
        {
            "Q": "부모님이 언니와 친구를 차별하는 거 없을까?",
            "A": "네, 없어요."
        },
        {
            "Q": "친구들이랑 주로 뭐 하고 놀아?",
            "A": "그냥 이것저것 많이 해요."
        },
        {
            "Q": "주로 몇 명이랑 놀까?",
            "A": ""
        },
        {
            "Q": "담임 선생님은 어때? 좋은 것 같아?",
            "A": "선생님은 애들이랑 같이 장난치는 건데 저한테만 뭐라 해서 좀 짜증 나요."
        },
        {
            "Q": "요즘 가장 큰 걱정은 뭐야?",
            "A": "걱정은 딱히 없어요."
        },
        {
            "Q": "요즘 행복하다고 느낄까?",
            "A": "네, 행복해요. 내일이 되는 게 행복한 것 같아요. 매일매일 재밌어요."
        },
        {
            "Q": "우리 친구는 커서 어떤 사람이 되고 싶어?",
            "A": "저는 놀이방 선생님 하고 싶어요. 맨날 놀이방에 있을 수 있으니까요."
        },
        {
            "Q": "집에서 주로 친구를 돌봐주는 어른은 누구야?",
            "A": "엄마요."
        },
        {
            "Q": "배가 고픈데 먹을 게 없어서 굶은 적이 있을까?",
            "A": "아니요."
        },
        {
            "Q": "저녁에 친구를 혼자 두고 어른들이 나간다거나 나가서 안 들어온 적이 있을까?",
            "A": "아니요."
        },
        {
            "Q": "어디 아픈 곳이 있는데 어른들이 병원에 안 데려간 적 있을까?",
            "A": "아니요."
        },
        {
            "Q": "더러운 옷이나 작은 신발과 옷을 착용해야 한 적 있을까?",
            "A": "아니요, 그런 적 없어요."
        },
        {
            "Q": "인터넷이나 휴대폰을 가지고 노는 시간은 하루에 몇 시간 정도일까?",
            "A": "한 세 시간 정도 될 것 같아요."
        },
        {
            "Q": "피시방 같은 곳은 얼마나 자주 가?",
            "A": "예전에 한번 친구 따라서 간 적 있는데 그 뒤로는 안 갔어요."
        },
        {
            "Q": "어른들이 참여해야 하는 학교행사가 있을 때 어른들이 잘 오셔?",
            "A": "네."
        },
        {
            "Q": "부모님이나 선생님 때문에 슬프거나 화가 난 적이 있어?",
            "A": "그런 적은 없는 것 같아요."
        },
        {
            "Q": "주위 어른들 중에 친구를 때린 적이 있는 사람이 있을까?",
            "A": "아니요."
        },
        {
            "Q": "내가 원하지 않았는데도 누군가가 내 몸을 만지거나 보여달라고 한 적 있을까?",
            "A": "아니요, 없어요."
        },
        {
            "Q": "집에서 어른들끼리 소리 지르면서 싸우는 걸 듣거나 본 적이 있을까?",
            "A": "아니요, 아빠가 져줘서 안 싸워요."
        },
        {
            "Q": "친구들이 나를 자주 놀리거나 괴롭힌다고 느낀 적이 있어?",
            "A": "아니요, 잘 놀아요."
        },
        {
            "Q": "어떨 때 마음이 복잡하거나 힘들어?",
            "A": "학원 가기 싫을 때일걸요."
        },
        {
            "Q": "잠잘 때 주로 어떤 꿈을 꿔?",
            "A": "그냥 매일매일 다른 꿈 꿔서 재밌어요. 영화 같아요."
        },
        {
            "Q": "우리 친구는 가출해 본 적이 있다거나, 주변에 가출해 본 친구가 있을까?",
            "A": "없어요."
        }
    ]
}