{
    "info": {
        "위기단계": "정상군"
    },
    "kids_ment": [
        {
            "Q": "최근에 몸이 아프거나 다친 곳은 없어?",
            "A": "네. 없어요."
        },
        {
            "Q": "최근에 몸이 아프거나 다친 곳은 없어?",
            "A": "네. 없어요."
        },
        {
            "Q": "어떤 걸 할 때가 즐거워?",
            "A": "친구들이랑 인생 네 컷 찍고 놀 때요."
        },
        {
            "Q": "어떤 점이 즐거운 것 같아?",
            "A": "사진 찍는 거 재밌어요."
        },
        {
            "Q": "최근 일주일 동안 짜증이나 화가 난 적 있어?",
            "A": "아니요. 그런 적 없는 것 같아요."
        },
        {
            "Q": "평소에 몇 시에 자고 몇 시에 일어나?",
            "A": "열 시에 자서 일곱 시에 일어나요."
        },
        {
            "Q": "아침에 일어났을 때 피곤하거나 몸이 무겁진 않아?",
            "A": "피곤한 것 같아요."
        },
        {
            "Q": "잠들기 힘들거나 자다가 중간에 깨진 않아?",
            "A": "그렇진 않아요."
        },
        {
            "Q": "한 달에 몇 번 정도 그러는 것 같아?",
            "A": "네 번 정도요."
        },
        {
            "Q": "같이 사는 가족은 누구누구야?",
            "A": "엄마랑 아빠요."
        },
        {
            "Q": "부모님이 가장 많이 짓는 표정은 어떤 거야?",
            "A": "웃는 표정이요."
        },
        {
            "Q": "어떨 때 그런 표정을 지으시는 것 같아?",
            "A": "저랑 얘기할 때랑 놀 때랑 밥 먹을 때요."
        },
        {
            "Q": "그 표정을 보면 기분이 어때?",
            "A": "저도 기분 좋아요."
        },
        {
            "Q": "같이 사는 가족은 누구누구야?",
            "A": "엄마랑 아빠요."
        },
        {
            "Q": "부모님이 가장 많이 짓는 표정은 어떤 거야?",
            "A": "웃는 표정이요."
        },
        {
            "Q": "어떨 때 그런 표정을 지으시는 것 같아?",
            "A": "저랑 얘기할 때랑 놀 때랑 밥 먹을 때요."
        },
        {
            "Q": "그 표정을 보면 기분이 어때?",
            "A": "저도 기분 좋아요."
        },
        {
            "Q": "친구들이랑 주로 뭐 하고 놀아?",
            "A": "인생 네 컷도 찍고 동전노래방도 가고 탕후루도 먹어요."
        },
        {
            "Q": "친구들이랑 놀면 기분이 어때?",
            "A": "재밌어요."
        },
        {
            "Q": "담임 선생님은 좋아, 싫어?",
            "A": "좋은 것 같아요."
        },
        {
            "Q": "어떤 점 때문에 그렇게 생각하는 것 같아?",
            "A": "그냥요."
        },
        {
            "Q": "담임 선생님이 다른 아이들이랑 차별하시는 것 같아?",
            "A": "아니요. 그런 거 안 해요."
        },
        {
            "Q": "요즘 걱정하는 게 있어?",
            "A": "네."
        },
        {
            "Q": "어떤 게 걱정이야?",
            "A": "비가 너무 많이 내려서 이번 주에 엄마랑 아빠랑 푸바오 보러 가기로 했는데 못 갈까 봐요."
        },
        {
            "Q": "그 걱정 때문에 힘들거나 불편하다고 느끼는 것 같아?",
            "A": "아니요. 그렇진 않아요."
        },
        {
            "Q": "요즘 행복한 것 같아?",
            "A": "네."
        },
        {
            "Q": "어떤 점이 행복한 거 같아?",
            "A": "엄마도 좋고 아빠도 좋고 친구들도 좋아서요."
        },
        {
            "Q": "나중에 어떤 사람이 되고 싶어?",
            "A": "의사요."
        },
        {
            "Q": "그렇게 되고 싶다고 생각한 이유는 뭐야?",
            "A": "엄마가 의사하면 좋겠다고 해서요."
        },
        {
            "Q": "친구도 의사가 되고 싶어?",
            "A": "엄마가 의사 하라고 해서 다른 건 생각 안 해봤어요."
        },
        {
            "Q": "다른 일을 해보고 싶진 않아?",
            "A": "다른 재밌는 일 있으면 그것도 괜찮을 것 같아요."
        },
        {
            "Q": "주로 집에서 돌봐주는 사람은 누구야?",
            "A": "엄마요."
        },
        {
            "Q": "배가 고픈데 밥을 챙겨주지 않아서 굶은 적이 있어?",
            "A": "아니요."
        },
        {
            "Q": "빨래가 안 돼서 냄새나고 불쾌한 옷을 입은 적 있어?",
            "A": "아니요."
        },
        {
            "Q": "크기가 맞지 않는 옷을 입거나 신발을 신은 적 있어?",
            "A": "아니요."
        },
        {
            "Q": "아플 때 어른들이 병원에 데려가지 않은 적 있어?",
            "A": "아니요."
        },
        {
            "Q": "운동회나 수업 참관 같은 학교행사에 잘 오시는 편이야?",
            "A": "네. 엄마가 항상 오세요."
        },
        {
            "Q": "인터넷이나 휴대폰을 하루에 몇 시간 정도 하는 것 같아?",
            "A": "세 시간이요."
        },
        {
            "Q": "인터넷이나 휴대폰을 많이 한다고 어른들이 뭐라고 하진 않아?",
            "A": "엄마가 뭐라고 해요."
        },
        {
            "Q": "피시방 같은 곳을 자주 가는 편이야?",
            "A": "아니요."
        },
        {
            "Q": "부모님이나 선생님이나 주위 어른들 때문에 화나거나 슬픈 적 있어?",
            "A": "네."
        },
        {
            "Q": "누구 때문에 그렇게 느꼈어?",
            "A": "엄마한테 짜증 내고 신경질 부려서 엄마가 슬퍼했는데 그거 볼 때 슬펐어요."
        },
        {
            "Q": "어른들이 방이나 다른 곳에 가두고 못 나오게 한 적 있어?",
            "A": "아니요."
        },
        {
            "Q": "다른 사람 앞에서 혼난 적 있어?",
            "A": "아니요."
        },
        {
            "Q": "어른들이 다른 아이들이랑 비교할 때 있어?",
            "A": "아니요."
        },
        {
            "Q": "어른들이 집에서 쫓아낸다고 하거나 버리겠다고 하거나 진짜 쫓아낸 적 있어?",
            "A": "그런 적 없어요."
        },
        {
            "Q": "뭔가 하려고 할 때 무조건 안 된다고 하거나, 하기 싫은데도 무조건 하라고 한 적 있어?",
            "A": "안 그래요."
        },
        {
            "Q": "마음이 힘들 때 누구에게 말해?",
            "A": "엄마랑 아빠요."
        },
        {
            "Q": "주위 어른들 중에 몸을 아프게 하거나 때린 사람이 있어?",
            "A": "없어요."
        },
        {
            "Q": "누군가 원하지 않는데도 몸을 만지거나 보여달라고 한 적 있어?",
            "A": "아니요."
        },
        {
            "Q": "집에서 어른들이 소리 지르면서 싸우는 걸 듣거나 본 적 있어?",
            "A": "그런 적 없어요."
        },
        {
            "Q": "어른들이 술을 마시고 친구에게 무섭게 행동하거나 말할 때가 있어?",
            "A": "아니요."
        },
        {
            "Q": "친구들이 자주 놀리거나 괴롭히거나 따돌린다고 느낀 적 있어?",
            "A": "안 그래요."
        },
        {
            "Q": "어떨 때 마음이 복잡하거나 힘들어?",
            "A": "그럴 때가 별로 없는 것 같아요."
        },
        {
            "Q": "잠잘 때 어떤 꿈을 꾸는 편이야?",
            "A": "재밌는 꿈이요."
        },
        {
            "Q": "생각하기 싫은데도 자꾸 그 기억이 떠오른 적 있어?",
            "A": "아니요."
        },
        {
            "Q": "가출을 해보거나 아는 사람들 중에 가출 한 사람이 있어?",
            "A": "아니요."
        }
    ]
}