{
    "info": {
        "위기단계": "응급"
    },
    "kids_ment": [
        {
            "Q": "최근 건강은 어떤 것 같아? 아픈 곳은 없어?",
            "A": "네, 건강해요."
        },
        {
            "Q": "다친 곳은 없어?",
            "A": "다친 곳 있어요."
        },
        {
            "Q": "어디를 다쳤어?",
            "A": "뺨이요."
        },
        {
            "Q": "어쩌다 다친 거야?",
            "A": "엄마가 때려서요."
        },
        {
            "Q": "병원에 가서 치료할 정도로 다쳤어?",
            "A": "아니요."
        },
        {
            "Q": "어떤 걸 할 때가 즐거워?",
            "A": "안 즐거워요."
        },
        {
            "Q": "언제부터 즐겁지 않다고 느낀 것 같아?",
            "A": "모르겠어요."
        },
        {
            "Q": "왜 즐겁다고 느끼지 못하는 것 같아?",
            "A": "엄마 때문에요."
        },
        {
            "Q": "최근 일주일 동안 짜증이나 화가 난 적 있어?",
            "A": "네. 짜증 난 적 있어요."
        },
        {
            "Q": "뭐 때문에 그렇게 느낀 것 같아?",
            "A": "그냥 짜증이 자꾸 나요."
        },
        {
            "Q": "평소에 그런 기분이 들면 어떻게 해?",
            "A": "일기장에 적어요."
        },
        {
            "Q": "평소에 몇 시에 자고 몇 시에 일어나?",
            "A": "열한 시에 자서 일곱 시에 일어나요."
        },
        {
            "Q": "아침에 일어났을 때 피곤하거나 몸이 무겁진 않아?",
            "A": "피곤한 것 같아요."
        },
        {
            "Q": "잠들기 힘들거나 자다가 중간에 깨진 않아?",
            "A": "잠들기 힘들어요."
        },
        {
            "Q": "한 달에 몇 번 정도 그러는 것 같아?",
            "A": "세 번 정도요."
        },
        {
            "Q": "같이 사는 가족은 누구누구야?",
            "A": "엄마랑 둘이 살아요."
        },
        {
            "Q": "평소 엄마의 표정은 어때?",
            "A": "무서워요."
        },
        {
            "Q": "그 표정을 보면 기분이 어때?",
            "A": "어떻게 해야 할지 모르겠어요."
        },
        {
            "Q": "친구들이랑 주로 뭐 하고 놀아?",
            "A": "그냥 얘기하고 놀아요."
        },
        {
            "Q": "친구들이랑 놀면 기분이 어때?",
            "A": "그냥 그래요."
        },
        {
            "Q": "담임 선생님은 좋아, 싫어?",
            "A": "좋아요."
        },
        {
            "Q": "어떤 점 때문에 그렇게 생각하는 것 같아?",
            "A": "선생님이 잘 해줘서요."
        },
        {
            "Q": "담임 선생님이 다른 아이들이랑 차별하는 것 같아?",
            "A": "아니요."
        },
        {
            "Q": "요즘 걱정하는 게 있어?",
            "A": "네."
        },
        {
            "Q": "어떤 게 걱정이야?",
            "A": "엄마 때문에 걱정돼요."
        },
        {
            "Q": "그 걱정 때문에 한 달에 몇 번 정도 힘들거나 불편하다고 느끼는 것 같아?",
            "A": "매일매일이요."
        },
        {
            "Q": "요즘 행복한 것 같아?",
            "A": "아니요."
        },
        {
            "Q": "어떤 것 때문에 행복하지 않은 것 같아?",
            "A": "엄마 때문에요."
        },
        {
            "Q": "언제부터 행복하지 않았던 것 같아?",
            "A": "모르겠어요."
        },
        {
            "Q": "나중에 어떤 사람이 되고 싶어?",
            "A": "되고 싶은 사람 없어요."
        },
        {
            "Q": "하고 싶은 일이 없어?",
            "A": "네. 뭐해야 할지도 모르겠고 제가 왜 사는지도 모르겠어요."
        },
        {
            "Q": "주로 집에서 돌봐주는 사람은 누구야?",
            "A": "엄마요."
        },
        {
            "Q": "배가 고픈데 밥을 챙겨주지 않아서 굶은 적이 있어?",
            "A": "아니요."
        },
        {
            "Q": "빨래가 안 돼서 냄새나고 불쾌한 옷을 입은 적 있어?",
            "A": "아니요."
        },
        {
            "Q": "크기가 맞지 않는 옷을 입거나 신발을 신은 적 있어?",
            "A": "아니요."
        },
        {
            "Q": "아플 때 어른들이 병원에 데려가지 않은 적 있어?",
            "A": "아니요."
        },
        {
            "Q": "운동회나 수업 참관 같은 학교행사에 잘 오시는 편이야?",
            "A": "그런 거 같아요."
        },
        {
            "Q": "다섯 번 중에 몇 번 정도 오시는 것 같아?",
            "A": "세 번 정도요."
        },
        {
            "Q": "인터넷이나 휴대폰을 하루에 몇 시간 정도 하는 것 같아?",
            "A": "한 시간이요."
        },
        {
            "Q": "피시방 같은 곳을 자주 가는 편이야?",
            "A": "아니요."
        },
        {
            "Q": "부모님이나 선생님이나 주위 어른들 때문에 화나거나 슬픈 적 있어?",
            "A": "네."
        },
        {
            "Q": "누구 때문에 그렇게 느꼈어?",
            "A": "엄마요."
        },
        {
            "Q": "어떤 말이나 행동 때문에 그렇게 느꼈어?",
            "A": "엄마가 말 안 들으면 <욕설> 이라고 욕해서요."
        },
        {
            "Q": "어른들이 방이나 다른 곳에 가두고 못 나오게 한 적 있어?",
            "A": "아니요."
        },
        {
            "Q": "다른 사람 앞에서 혼난 적 있어?",
            "A": "아니요."
        },
        {
            "Q": "어른들이 다른 아이들이랑 비교할 때 있어?",
            "A": "네. 비교해요."
        },
        {
            "Q": "한 달에 몇 번 정도 그런 일이 있어?",
            "A": "세 번 넘게요."
        },
        {
            "Q": "어른들이 집에서 쫓아낸다고 하거나 버리겠다고 하거나 진짜 쫓아낸 적 있어?",
            "A": "네."
        },
        {
            "Q": "뭔가 하려고 할 때 무조건 안 된다고 하거나, 하기 싫은데도 무조건 하라고 한 적 있어?",
            "A": "네."
        },
        {
            "Q": "마음이 힘들 때 누구에게 말해?",
            "A": "아무한테도 말 안 해요. 일기장에 그냥 적어요."
        },
        {
            "Q": "주위 어른들 중에 몸을 아프게 하거나 때린 사람이 있어?",
            "A": "네."
        },
        {
            "Q": "누가 그랬어?",
            "A": "엄마요."
        },
        {
            "Q": "어디를 어떻게 아프게 했어?",
            "A": "제 머리카락 잡고 뺨을 계속 때렸어요."
        },
        {
            "Q": "얼마나 다쳤어?",
            "A": "엄마 손톱에 긁혀서 뺨에 피도 나고 멍도 좀 들었어요."
        },
        {
            "Q": "뭐 때문에 때린 것 같아?",
            "A": "엄마한테 허락 안 맡고 배고파서 밥 맘대로 먹어서요."
        },
        {
            "Q": "그렇게 한 게 이번이 처음이야?",
            "A": "아니요."
        },
        {
            "Q": "최근에도 그랬어?",
            "A": "네."
        },
        {
            "Q": "한 달에 몇 번 정도 그러는 것 같아?",
            "A": "네다섯 번이요."
        },
        {
            "Q": "그런 일 때문에 치료하러 병원에 간 적 있어?",
            "A": "아니요."
        },
        {
            "Q": "누군가 원하지 않는데도 몸을 만지거나 보여달라고 한 적 있어?",
            "A": "없어요."
        },
        {
            "Q": "집에서 어른들이 소리 지르면서 싸우는 걸 듣거나 본 적 있어?",
            "A": "없어요."
        },
        {
            "Q": "어른들이 술을 마시고 친구에게 무섭게 행동하거나 말할 때가 있어?",
            "A": "네. 엄마가 술 먹으면 때리고 욕해요."
        },
        {
            "Q": "친구들이 자주 놀리거나 괴롭히거나 따돌린다고 느낀 적 있어?",
            "A": "아니요."
        },
        {
            "Q": "어떨 때 마음이 복잡하거나 힘들어?",
            "A": "엄마가 욕하고 때릴 때요."
        },
        {
            "Q": "그런 것 때문에 괴로워서 죽고 싶다고 생각한 적 있어?",
            "A": "네."
        },
        {
            "Q": "일주일에 몇 번 정도 그런 생각을 하는 것 같아?",
            "A": "두 번이요."
        },
        {
            "Q": "자살 시도를 한 적 있어?",
            "A": "아니요."
        },
        {
            "Q": "잠잘 때 어떤 꿈을 꾸는 편이야?",
            "A": "엄마가 제 뺨이랑 팔이랑 때리면서 욕하는 꿈이요."
        },
        {
            "Q": "그 꿈이 실제로 있었던 일 같아?",
            "A": "네."
        },
        {
            "Q": "그렇게 꿈을 꾸고 일어나면 몸 상태는 어때?",
            "A": "심장이 뛰고 땀이 나 있어요."
        },
        {
            "Q": "생각하기 싫은데도 자꾸 그 기억이 떠오른 적 있어?",
            "A": "네."
        },
        {
            "Q": "일주일에 몇 번 정도 떠오르는 것 같아?",
            "A": "한 번이요."
        },
        {
            "Q": "그런 기억이 떠오르면 어떻게 해?",
            "A": "아무것도 못 해요."
        },
        {
            "Q": "가출을 해보거나 아는 사람들 중에 가출 한 사람이 있어?",
            "A": "없어요."
        }
    ]
}