{
    "info": {
        "위기단계": "학대의심"
    },
    "kids_ment": [
        {
            "Q": "최근에 건강한가요? 아니면 아픈 곳이 있어요?",
            "A": "온몸이 아파요."
        },
        {
            "Q": "몸이 어떻게 아파요?",
            "A": "멍든 곳도 아프고 멍 안 든 곳도 누가 꽉 잡고 있는 것처럼 아파요."
        },
        {
            "Q": "언제부터 아팠어요?",
            "A": "어제요."
        },
        {
            "Q": "그전에도 그렇게 아픈 적 있어요?",
            "A": "네."
        },
        {
            "Q": "한 번 아프면 얼마나 오래 아파요?",
            "A": "일주일 이상 계속 아팠던 것 같아요."
        },
        {
            "Q": "최근에 다쳤던 적이 있나요?",
            "A": "네."
        },
        {
            "Q": "어디를 어떻게 다쳤나요?",
            "A": "새아빠가 얼굴이랑 몸 막 때렸어요. 그래서 앞니도 삐뚤어졌어요."
        },
        {
            "Q": "언제 다쳤어요?",
            "A": "어제요."
        },
        {
            "Q": "뭘 할 때 즐거워요?",
            "A": "모르겠어요."
        },
        {
            "Q": "이전에도 즐겁다고 느낀 적이 없나요?",
            "A": "네."
        },
        {
            "Q": "즐겁다고 느끼지 못한 것이 언제부터예요?",
            "A": "몰라요."
        },
        {
            "Q": "최근 일주일 동안 짜증이나 화가 난 적이 있나요?",
            "A": "아니요."
        },
        {
            "Q": "짜증이나 화가 나면 어떻게 할 때 마음이 풀려요?",
            "A": "그런 거 없는 것 같아요."
        },
        {
            "Q": "몇 시에 자고 몇 시에 일어나요?",
            "A": "아홉 시쯤 자고 여덟 시에 일어나요."
        },
        {
            "Q": "아침에 일어났을 때 몸 상태는 어때요?",
            "A": "그냥 그래요."
        },
        {
            "Q": "잠자기 어렵거나 잠자는 중간에 자주 깨나요?",
            "A": "네. 중간에 자주 깨요."
        },
        {
            "Q": "아빠가 좋아요, 싫어요?",
            "A": "아빠 무서워요."
        },
        {
            "Q": "왜 무서워요?",
            "A": "아빠 화나면 무서워져요."
        },
        {
            "Q": "그런 아빠를 보면 친구의 기분은 어때요?",
            "A": "무서워서 도망가고 싶어요."
        },
        {
            "Q": "형제자매가 있나요?",
            "A": "네."
        },
        {
            "Q": "누구 있어요?",
            "A": "형 한 명 있어요."
        },
        {
            "Q": "형이랑 사이좋아요?",
            "A": "새아빠 아들이라서 아직은 서먹해요."
        },
        {
            "Q": "아빠가 형이랑 친구를 차별하는 것 같아요?",
            "A": "아니요. 때리는 건 똑같아요."
        },
        {
            "Q": "친구들이랑 뭐 하고 놀아요?",
            "A": "핸드폰 게임하거나 이야기해요."
        },
        {
            "Q": "주로 몇 명이서 놀아요?",
            "A": "한 명이요."
        },
        {
            "Q": "담임선생님을 좋아하나요, 싫어하나요?",
            "A": "좋아해요."
        },
        {
            "Q": "어떤 점이 좋아요?",
            "A": "재미있는 이야기 많이 해주세요."
        },
        {
            "Q": "요즘 제일 걱정되는 게 뭐예요?",
            "A": "새아빠요."
        },
        {
            "Q": "어떤 점에서 걱정이 돼요?",
            "A": "술 먹고 들어올까 봐요."
        },
        {
            "Q": "술 먹고 들어오면 어떻게 하는데요?",
            "A": "화내면서 이유 없이 우리를 때려요."
        },
        {
            "Q": "이런 걱정을 일주일에 몇 번이나 해요?",
            "A": "매일 집에 갈 때마다 해요."
        },
        {
            "Q": "요즘 행복한 것 같아요?",
            "A": "아니요."
        },
        {
            "Q": "왜 행복하지 않아요?",
            "A": "뭐가 행복한 건지 모르겠어요. 근데 지금 행복하지 않은 건 맞는 거 같아요."
        },
        {
            "Q": "이전에 행복했던 기억이 있을까요?",
            "A": "아니요."
        },
        {
            "Q": "커서 어떤 사람이 되고 싶어요?",
            "A": "의사 되고 싶어요."
        },
        {
            "Q": "의사가 왜 되고 싶어요?",
            "A": "아픈 사람들 고쳐주고 싶어요. 아픈 사람 없었으면 좋겠어요."
        },
        {
            "Q": "집에서 주로 나를 돌봐주는 어른은 누구인가요?",
            "A": "새아빠요."
        },
        {
            "Q": "배가 고픈데 먹을 게 없어서 굶은 적이 있나요?",
            "A": "네."
        },
        {
            "Q": "저녁에 나를 집에 혼자 두고 어른들이 나갔던 적 있나요?",
            "A": "네. 형이랑 둘이서만 잘 때도 많아요."
        },
        {
            "Q": "어디 아픈 곳이 있는데 어른들이 병원에 데려가지 않은 적이 있나요?",
            "A": "네. 이번에도 옆집 아저씨가 저 보고 병원 데려갔어요."
        },
        {
            "Q": "더럽고 냄새나는 옷을 입어야 한 적이 있거나 작은 옷이나 신발을 입거나 신고 다닌 적 있나요?",
            "A": "아니요."
        },
        {
            "Q": "인터넷이나 휴대폰을 가지고 노는 시간은 하루에 몇 시간 정도인가요?",
            "A": "휴대폰 없어요. 컴퓨터도 없어요."
        },
        {
            "Q": "어른들이 운동회나 참관 수업 또는 학부모 상담 같은 학교 행사에 잘 오시나요?",
            "A": "아니요."
        },
        {
            "Q": "부모님이나 선생님 때문에 슬프거나 화가 난 적이 있나요?",
            "A": "네."
        },
        {
            "Q": "누구의 무슨 말이나 행동이 슬프거나 화나게 했어요?",
            "A": "새아빠가 죽여버린다고 하면서 막 때릴 때요."
        },
        {
            "Q": "주위 어른들 중 나를 때린 적이 있는 사람이 있나요?",
            "A": "네."
        },
        {
            "Q": "누가 때렸어요?",
            "A": "새아빠가요."
        },
        {
            "Q": "새아빠가 최근에도 친구를 때렸어요?",
            "A": "네. 어제 또 때렸어요."
        },
        {
            "Q": "새아빠가 때리는 이유가 뭐라고 생각해요?",
            "A": "몰라요. 그냥 술 먹고 와서 바로 때려서."
        },
        {
            "Q": "새아빠한테 어느 부위를 무엇으로 맞았어요?",
            "A": "손이랑 발로 얼굴이랑 온몸을 맞았어요."
        },
        {
            "Q": "새아빠가 자주 때리시나요?",
            "A": "술 먹으면 때리는데 술을 자주 먹지는 않아요."
        },
        {
            "Q": "한 달에 몇 번 정도 때려요?",
            "A": "한 달에 한 번이요."
        },
        {
            "Q": "새아빠한테 맞아서 얼마나 다쳤어요?",
            "A": "온몸이 멍들고 입술 다 터지고 앞니도 흔들려요."
        },
        {
            "Q": "이렇게 다친 것 때문에, 병원에 가서 치료를 받은 적이 있나요?",
            "A": "네. 옆집 아저씨가 보시고 데려갔어요."
        },
        {
            "Q": "병원에 입원한 적도 있나요?",
            "A": "아니요."
        },
        {
            "Q": "내가 원하지 않는데도 누군가가 내 몸을 만지거나 보여달라고 한 적 있어요?",
            "A": "아니요."
        },
        {
            "Q": "집에서 어른들끼리 소리 지르면서 싸우는 걸 듣거나 본 적이 있나요?",
            "A": "새아빠만 있어서 그런 건 없어요."
        },
        {
            "Q": "친구들이 나를 자주 놀리거나 괴롭힌다고 느낀 적이 있나요?",
            "A": "아니요."
        },
        {
            "Q": "어떨 때 마음이 복잡하거나 힘든가요?",
            "A": "새아빠가 술 먹고 오면 힘들어요."
        },
        {
            "Q": "안 좋은 기억 때문에 괴로워서 죽고 싶다는 생각을 한 적 있나요?",
            "A": "아니요."
        },
        {
            "Q": "잠잘 때 주로 어떤 꿈을 꾸나요?",
            "A": "기분 나쁜 꿈이요."
        },
        {
            "Q": "꿈 내용이 어때요?",
            "A": "저만 다른 공간에 있고 제가 아무리 소리쳐도 아무도 듣지를 못해요."
        },
        {
            "Q": "안 좋은 기억 때문에 그런 꿈을 꾸는 걸까요?",
            "A": "모르겠어요."
        },
        {
            "Q": "생각하고 싶지 않은 데도 자꾸 그 기억이 떠오른 적이 있나요?",
            "A": "네."
        },
        {
            "Q": "얼마나 자주 그래요?",
            "A": "일주일에 한 번? 두 번? 정도요."
        },
        {
            "Q": "이런 싫은 기억이 떠오를 때 어떻게 해요?",
            "A": "몰라요."
        },
        {
            "Q": "꿈을 꾸고 일어나면 몸 상태가 어때요?",
            "A": "숨이 차요."
        },
        {
            "Q": "가출 해 본 적 있어요?",
            "A": "아니요."
        }
    ]
}