{
    "info": {
        "위기단계": "관찰필요"
    },
    "kids_ment": [
        {
            "Q": "최근에 건강한가요, 아니면 아픈 곳이 있나요?",
            "A": "없어요. 아프지 않아요."
        },
        {
            "Q": "최근에 다쳤던 적이 있었나요, 없었나요?",
            "A": "다친 적 없어요."
        },
        {
            "Q": "무엇을 할 때 즐겁나요?",
            "A": "유튜브 볼 때 제일 즐거워요."
        },
        {
            "Q": "어떤 점에서 유튜브 볼 때 가장 즐거워요?",
            "A": "릴스 보고 따라 하는 거 재밌어요."
        },
        {
            "Q": "최근 일주일 동안 짜증이나 화가 난 적이 있나요?",
            "A": "아니요. 없어요."
        },
        {
            "Q": "몇 시에 자서, 몇 시에 일어나나요?",
            "A": "밤 열 시에 자서, 학교 갈 때 일어나요. 깨워주세요, 아빠가."
        },
        {
            "Q": "자고 일어나면 몸 상태는 어때요?",
            "A": "좋지만 괜찮아요."
        },
        {
            "Q": "평소에 잠에 들기 힘들다거나 자는 도중에 자주 깨나요?",
            "A": "아니요. 잘 자요."
        },
        {
            "Q": "평상시에 아버지는 어떤 표정을 짓나요?",
            "A": "잘 웃어주고, 얘기도 잘 들어주세요."
        },
        {
            "Q": "그런 아버지의 표정을 보면 어떤 기분이 들어요?",
            "A": "저도 좋아요."
        },
        {
            "Q": "평상시에 새어머니는 어떤 표정을 짓나요?",
            "A": "아빠보다 더 잘 대해주시려 하는데 좀 무서워요."
        },
        {
            "Q": "어떤 점에서 무섭다고 느껴졌어요?",
            "A": "아직 안 친하고, 잘 모르고, 처음 보는 어른이니까요."
        },
        {
            "Q": "형제자매는 몇 명인가요?",
            "A": "없어요. 저 혼자에요."
        },
        {
            "Q": "친구들이랑 주로 뭐 하고 놀아요?",
            "A": "메신저로 얘기하고, 같이 카페도 가요."
        },
        {
            "Q": "보통 몇 명이랑 같이 놀아요?",
            "A": "세 명이요."
        },
        {
            "Q": "담임선생님을 좋아하나요, 싫어하나요?",
            "A": "좋아요."
        },
        {
            "Q": "어떤 점에서 담임 선생님이 좋아요?",
            "A": "수업도 재밌고, 애들이랑도 잘 대해주시고 좋아요."
        },
        {
            "Q": "요즘 가장 큰 걱정거리는 무엇인가요?",
            "A": "새엄마요."
        },
        {
            "Q": "어떤 점에서 새어머니가 걱정이 되어요?",
            "A": "이제 앞으로 같이 살 텐데 잘 살 수 있을까 해서요."
        },
        {
            "Q": "요즘 행복하다고 느끼나요?",
            "A": "네. 그럭저럭요. 나쁘진 않아요."
        },
        {
            "Q": "커서 어떤 사람이 되고 싶은지, 꿈이 무엇인지 이야기해 줄래요?",
            "A": "유튜버요."
        },
        {
            "Q": "어떤 점에서 유튜버가 되고 싶어요?",
            "A": "하고 싶은 거 하면서 돈도 많이 버니까요."
        },
        {
            "Q": "집에서 주로 나를 돌봐주는 어른은 누구인가요?",
            "A": "아빠요."
        },
        {
            "Q": "배가 고픈 데 먹을 게 없어서 굶은 적이 있나요?",
            "A": "아니요."
        },
        {
            "Q": "어디가 아픈 데 어른들이 병원에 데려가지 않은 적이 있나요?",
            "A": "아니요. 아프다고 하면 병원에 자주 데려가 주세요."
        },
        {
            "Q": "평소에 휴대폰이나 인터넷을 하는 시간은 얼마나 돼요?",
            "A": "숙제만 다 하면 마음껏 할 수 있어요."
        },
        {
            "Q": "부모님이나 선생님 때문에 슬프거나 화가 난 적이 있나요?",
            "A": "예전에 엄마 아빠 이혼했을 땐 그랬는데 지금은 괜찮아요."
        },
        {
            "Q": "주위 어른들 중 나를 때린 적이 있는 사람이 있나요?",
            "A": "아니요."
        },
        {
            "Q": "내가 원하지 않는데도 누군가가 내 몸을 만지거나 보여달라고 한 적이 있어요?",
            "A": "아니요. 그런 적 없어요."
        },
        {
            "Q": "집에서 어른들끼리 소리 지르면서 싸우는 걸 듣거나 본 적이 있나요?",
            "A": "없어요. 그런 적."
        },
        {
            "Q": "친구들이 나를 자주 놀리거나 괴롭힌다고 느낀 적이 있나요?",
            "A": "아니요. 친구들이랑 잘 놀아요."
        },
        {
            "Q": "어떨 때 마음이 복잡하거나 힘든가요?",
            "A": "요즘은 그런 적 없었던 거 같아요."
        },
        {
            "Q": "잠잘 때 주로 어떤 꿈을 꾸나요?",
            "A": "꿈 잘 안 꿔요."
        },
        {
            "Q": "부모님의 허락 없이 또는 말도 없이 집에 오랫동안 나와 있었던 적이 있나요?",
            "A": "아니요. 없어요."
        }
    ]
}