{
    "info": {
        "위기단계": "응급"
    },
    "kids_ment": [
        {
            "Q": "최근에 건강한가요, 아니면 아픈 곳이 있나요?",
            "A": "건강해요. 아프지 않아요."
        },
        {
            "Q": "최근에 다쳤던 적이 있었나요, 없었나요?",
            "A": "없어요. 다친 적은."
        },
        {
            "Q": "무엇을 할 때 즐겁나요?",
            "A": "별로 즐겁지 않아요."
        },
        {
            "Q": "어떤 이유에서 즐겁지 않아요.",
            "A": "돈이 없어서요. 저 가난해요. 엄청."
        },
        {
            "Q": "언제부터 그런 점 때문에 즐겁지 않았던 거 같아요?",
            "A": "나는 진짜 가난한 애였구나라고 알고 나서부터요."
        },
        {
            "Q": "그렇게 알게 된 게 언제였던 거 같아요?",
            "A": "작년 크리스마스 때요."
        },
        {
            "Q": "최근 일주일 동안 짜증이나 화가 난 적이 있나요?",
            "A": "네."
        },
        {
            "Q": "어떤 일 때문에 짜증이나 화가 났어요?",
            "A": "가난하다고 친구들도 안 놀아주고, 가난한 냄새난다고 해서요."
        },
        {
            "Q": "그런 일이 자주 있었나요?",
            "A": "네. 맨날 저랑 놀면 가고 싶은데 마음대로 못 간다고 놀기 싫대요."
        },
        {
            "Q": "몇 시에 자서, 몇 시에 일어나나요?",
            "A": "밤 열 시 때 할아버지 자는 시간에 같이 자서 할아버지가 깨워줘요."
        },
        {
            "Q": "자고 일어나면 몸 상태는 어때요?",
            "A": "할아버지랑 같이 자서 피곤하긴 한데 그래도 괜찮아요."
        },
        {
            "Q": "평상시에 할아버지는 어떤 표정을 짓나요?",
            "A": "표정 잘 없는 거 같아요. 무뚝뚝하고."
        },
        {
            "Q": "그런 할아버지 표정을 보면 기분이 어때요?",
            "A": "딱히 아무 생각 없어요. 할아버지 원래 그래서."
        },
        {
            "Q": "형제자매는 몇 명인가요?",
            "A": "저 혼자예요."
        },
        {
            "Q": "친구들이랑 주로 뭐 하고 놀아요?",
            "A": "친구들이 안 놀아줘서 혼자 놀아요."
        },
        {
            "Q": "혼자 놀면 뭐 하고 놀아요, 주로?",
            "A": "핸드폰 게임 하거나 유튜브 봐요."
        },
        {
            "Q": "담임선생님을 좋아하나요, 싫어하나요?",
            "A": "좋아요."
        },
        {
            "Q": "어떤 점에서 담임선생님이 좋아요?",
            "A": "나라 지원받을 수 있는 거 많이 알아봐 주세요."
        },
        {
            "Q": "요즘 가장 큰 걱정거리는 무엇인가요?",
            "A": "돈 없는 거요."
        },
        {
            "Q": "어떤 점에서 돈 없는 게 가장 큰 걱정거리인지 이야기해 줄래요?",
            "A": "돈 없으면 먹는 거 입는 거 다 못 하고 친구도 못 사귀잖아요."
        },
        {
            "Q": "그런 걱정 때문에 생활이 얼마나 힘들거나 불편한가요?",
            "A": "모든 게요. 엄마 아빠는 왜 저만 두고 죽었을까요."
        },
        {
            "Q": "요즘 행복하다고 느끼나요?",
            "A": "아니요."
        },
        {
            "Q": "가장 마지막으로 행복하다고 느낀 때가 언제였던 거 같아요?",
            "A": "기억 안 나요. 계속 가난했었는데 진짜 행복했었을까요."
        },
        {
            "Q": "커서 어떤 사람이 되고 싶은지, 꿈이 무엇인지 이야기해 줄래요?",
            "A": "돈만 많이 벌면 뭐든 되고 싶어요."
        },
        {
            "Q": "닮고 싶은 사람이나 해보고 싶은 일이 있을까요?",
            "A": "딱히 없어요. 그냥 돈만 많이 벌면 돼요, 저는."
        },
        {
            "Q": "집에서 주로 나를 돌봐주는 어른은 누구인가요?",
            "A": "할아버지요."
        },
        {
            "Q": "배가 고픈 데 먹을 게 없어서 굶은 적이 있나요?",
            "A": "굶지는 않는데, 먹을 게 적어서 배고파요."
        },
        {
            "Q": "어디가 아픈 데 할아버지가 병원에 데려가지 않은 적이 있나요?",
            "A": "아니요."
        },
        {
            "Q": "냄새나는 옷을 입어야 했던 적이 있나요?",
            "A": "저는 냄새 안 난다고 생각하는데, 애들은 냄새난대요."
        },
        {
            "Q": "그런 적이 몇 번이었던 거 같아요?",
            "A": "세본 건 아니라 모르겠는데, 가끔 그래요."
        },
        {
            "Q": "부모님이나 선생님 때문에 슬프거나 화가 난 적이 있나요?",
            "A": "그냥 왜 엄마 아빠는 빨리 죽었나 생각했을 때요."
        },
        {
            "Q": "얼마나 자주 그런 생각 때문에 슬프거나 화가 났어요?",
            "A": "자주 그래요."
        },
        {
            "Q": "주위 어른들 중 나를 때린 적이 있는 사람이 있나요?",
            "A": "없어요."
        },
        {
            "Q": "내가 원하지 않는데도 누군가가 내 몸을 만지거나 보여달라고 한 적이 있어요?",
            "A": "아니요. 없어요."
        },
        {
            "Q": "집에서 어른들끼리 소리 지르면서 싸우는 걸 듣거나 본 적이 있나요?",
            "A": "아니요. 할아버지뿐이에요."
        },
        {
            "Q": "친구들이 나를 자주 놀리거나 괴롭힌다고 느낀 적이 있나요?",
            "A": "네."
        },
        {
            "Q": "친구들이 어떨 때 놀리고 괴롭힌다고 느꼈어요?",
            "A": "가난한 애라고, 가난한 냄새난다고 하면서 저랑 말도 잘 안 하려 해서요."
        },
        {
            "Q": "그런 일이 자주 있었나요?",
            "A": "네. 맨날 그래요, 거의."
        },
        {
            "Q": "어떨 때 마음이 복잡하거나 힘든가요?",
            "A": "가난해서 하고 싶은 거 못 할 때요."
        },
        {
            "Q": "혹시 그런 점 때문에 괴로워서 죽고 싶다는 생각을 한 적 있나요?",
            "A": "아니요. 할아버지 때문에 죽을 순 없어요."
        },
        {
            "Q": "잠잘 때 주로 어떤 꿈을 꾸나요?",
            "A": "꿈은 잘 안 꿔요."
        },
        {
            "Q": "부모님의 허락 없이 또는 말도 없이 집에 오랫동안 나와 있었던 적이 있나요?",
            "A": "아니요. 없어요."
        }
    ]
}