{
    "info": {
        "위기단계": "응급"
    },
    "kids_ment": [
        {
            "Q": "몸은 건강하니 아니면 아픈 곳이 있니?",
            "A": "몸은 아픈 데는 없어요."
        },
        {
            "Q": "어디 다친 데는 없니?",
            "A": "네. 다친 곳은 없어요."
        },
        {
            "Q": "최근에 기분 좋은 일 있었니?",
            "A": "요즘 기분 좋은 일은 없었어요."
        },
        {
            "Q": "왜 기분이 안 좋아?",
            "A": "요즘 학교에서 따돌림 당해서 하루 종일 우울해요."
        },
        {
            "Q": "최근에 화가 나거나 짜증 난 적은 없었니?",
            "A": "체육 시간에 피구를 하는데 애들이 저한테만 일부러 공을 세게 던져서 맞았어요."
        },
        {
            "Q": "그럴 때는 어떻게 하면 기분이 풀려?",
            "A": "너무 아프고 화나서 울었어요."
        },
        {
            "Q": "친구는 몇 시에 자고 몇 시에 일어나?",
            "A": "열두 시에 자고 일곱 시에 일어나요."
        },
        {
            "Q": "잠이 들기 힘들거나 중간에 깨지는 않아?",
            "A": "잠이 들기 힘들어요."
        },
        {
            "Q": "왜 잠이 들기 힘들어?",
            "A": "다음 날 학교 갈 생각 하면 잠이 안 와요."
        },
        {
            "Q": "아침에 일어나면 몸 상태는 어때?",
            "A": "아침에 항상 컨디션이 안 좋아요."
        },
        {
            "Q": "아버지랑은 사이가 어때?",
            "A": "아빠는 무뚝뚝한 편이라서 말을 편하게는 못해요."
        },
        {
            "Q": "어머니랑은 사이가 어때?",
            "A": "엄마한테는 얘기를 많이 해요. 엄마가 잘 들어줘요."
        },
        {
            "Q": "우리 친구 형제자매는 몇 명이에요?",
            "A": "저는 외동이에요."
        },
        {
            "Q": "친구들이랑은 잘 지내?",
            "A": "원래 잘 지냈었는데 몇 달 전부터 저를 왕따 시켜요."
        },
        {
            "Q": "왜 왕따를 시키는 거야?",
            "A": "원래 다섯 명 친구들이랑 같이 놀았는데요, 그중에 한 친구가 다른 네 명한테 제가 험담을 하고 다닌다고 말한 거예요. 그래서 제가 왕따가 됐어요."
        },
        {
            "Q": "담임 선생님은 잘 대해줘?",
            "A": "선생님은 잘해주시는데 제가 어려워하는 편이에요."
        },
        {
            "Q": "요즘 걱정거리가 있니?",
            "A": "학교 가는 게 너무 무서워요."
        },
        {
            "Q": "걱정거리 때문에 일상생활이 많이 불편하고 힘드니?",
            "A": "네. 매일 잠도 못 자고 걱정해요."
        },
        {
            "Q": "요즘 행복하다고 느껴?",
            "A": "아니요. 너무 우울해요."
        },
        {
            "Q": "왜 우울해?",
            "A": "학교에서 애들이 안 놀아 주고 혼자 밥 먹고 그래서 창피해요."
        },
        {
            "Q": "커서 어떤 사람이 되고 싶어?",
            "A": "잘 모르겠어요."
        },
        {
            "Q": "왜 모르겠어?",
            "A": "되고 싶은 게 없는 것 같아요."
        },
        {
            "Q": "왜 없어?",
            "A": "제가 잘할 수 있는 일이 없는 것 같아요."
        },
        {
            "Q": "집에서 주로 나를 돌봐주는 어른은 누구야?",
            "A": "엄마요."
        },
        {
            "Q": "배가 고픈데 먹을 게 없어서 굶은 적이 있어?",
            "A": "아니요."
        },
        {
            "Q": "저녁에 친구를 집에 혼자 두고 어른들이 나갔던 적이 있어?",
            "A": "아니요."
        },
        {
            "Q": "어디 아픈 곳이 있는데 어른들이 병원에 데려가지 않은 적이 있니?",
            "A": "아니요."
        },
        {
            "Q": "누가 기분 나쁘게 하거나 슬프게 한 적이 있어?",
            "A": "네. 친구들이 제가 말을 걸어도 대답을 안 하고 없는 사람 취급했어요."
        },
        {
            "Q": "주위 어른들 중 나를 때린 적이 있는 사람이 있어?",
            "A": "아니요."
        },
        {
            "Q": "내가 원하지 않는데도 누군가가 내 몸을 만지거나 보여달라고 한 적 있어?",
            "A": "아니요. 없었어요."
        },
        {
            "Q": "집에서 무서운 일이 있었어?",
            "A": "아니요, 집에서 그런 일은 없었어요."
        },
        {
            "Q": "학교에서 누군가가 너를 괴롭혀?",
            "A": "친구들이 저를 따돌려요."
        },
        {
            "Q": "어떻게 따돌려?",
            "A": "밥 먹을 때도 저랑 같이 안 먹고, 말을 걸어도 대답을 안 해줘요."
        },
        {
            "Q": "친구가 괴롭힐 때 어떤 기분이 들어?",
            "A": "좀 창피하고 슬프고 집에 가고 싶어요."
        },
        {
            "Q": "따돌림을 당한 기간이 어떻게 돼?",
            "A": "한 두세 달 정도 된 것 같아요."
        },
        {
            "Q": "따돌림 때문에, 병원에 간 적도 있어?",
            "A": "네. 요즘 2주에 한 번씩 병원에 가요."
        },
        {
            "Q": "이 아이들 때문에 학교에 가지 않은 적도 있어?",
            "A": "네. 초반에 이런 일이 있었을 때 한 일주일 정도 안 갔어요."
        },
        {
            "Q": "너무 힘들어서 스스로를 다치게 한 적이 있어?",
            "A": "아니요. 그렇지는 않아요."
        },
        {
            "Q": "무서운 일이나 기억하고 싶지 않은 일이 있었어?",
            "A": "아니요. 없었어요."
        },
        {
            "Q": "집을 나간 적이 있어?",
            "A": "아니요."
        }
    ]
}