{
    "info": {
        "위기단계": "학대의심"
    },
    "kids_ment": [
        {
            "Q": "최근에 건강한가요? 아니면 아픈 곳이 있어요?",
            "A": "배가 아파요."
        },
        {
            "Q": "어떻게 아픈가요?",
            "A": "뭐가 찌르는 것처럼 아파요."
        },
        {
            "Q": "언제부터 아팠나요?",
            "A": "엄청 오래됐어요. 3개월은 넘었어요."
        },
        {
            "Q": "왜 아팠나요?",
            "A": "잘 모르겠어요. 아빠가 저한테 화를 낸 다음 날에 조금 그래요."
        },
        {
            "Q": "이전에도 해당 부위가 자주 아팠나요?",
            "A": "네. 거의 매일이요."
        },
        {
            "Q": "최근에 다쳤던 적이 있나요?",
            "A": "아니요. 저는 그렇게 다칠 일이 없어요."
        },
        {
            "Q": "뭘 할 때 즐거워요?",
            "A": "피시방 가거나 책 읽어요."
        },
        {
            "Q": "왜 피시방 가거나 책 읽어가는 게 즐거워요?",
            "A": "음/ 그냥 재밌어요."
        },
        {
            "Q": "최근 일주일 동안 짜증이나 화가 난 적이 있나요?",
            "A": "네."
        },
        {
            "Q": "언제 그랬나요?",
            "A": "그냥 남자애들이 저를 건드릴 때마다 짜증 나요."
        },
        {
            "Q": "그렇게 화가 날 때 어떻게 하나요?",
            "A": "그냥 때려요."
        },
        {
            "Q": "몇 시에 자고, 몇 시에 일어나나요?",
            "A": "열 시에 자고 여덟 시에 일어나요."
        },
        {
            "Q": "아침에 일어났을 때, 몸 상태는 어때요?",
            "A": "좋은 것 같아요."
        },
        {
            "Q": "평소에 잠들기 힘들거나, 잠자는 중간에 자주 깨나요?",
            "A": "아니요. 잠은 잘 자요."
        },
        {
            "Q": "아버지는 어떤 표정을 자주 짓나요?",
            "A": "찡그리고 화내요."
        },
        {
            "Q": "아빠가 그런 표정을 지으면 기분이 어때요?",
            "A": "무서워요. 아빠 너무 싫어요."
        },
        {
            "Q": "형제자매가 있나요?",
            "A": "아니요. 없어요. 근데 저는 없는 게 좋아요."
        },
        {
            "Q": "친구들이랑 뭐 하고 놀아요?",
            "A": "저 친구 없어요."
        },
        {
            "Q": "왜 친구가 없어요?",
            "A": "걔네는 너무 유치해서 놀기 싫어요. 혼자가 편해요."
        },
        {
            "Q": "담임선생님을 좋아하나요, 싫어하나요?",
            "A": "너무 싫어요."
        },
        {
            "Q": "담임 선생님이 어떤 부분에서 안 좋아요?",
            "A": "남자애들이 저 건드리고 그러는 거 일렀는데 그냥 저랑 친해지고 싶어서 그러는 거니까 넘기래요."
        },
        {
            "Q": "요즘 제일 걱정되는 게 뭐에요?",
            "A": "아빠가 오늘 또 때리면 어떡하지? 그런 걱정을 해요."
        },
        {
            "Q": "그런 걱정 때문에 생활이 불편하거나 힘든가요?",
            "A": "네. 집 나가고 싶어요, 진짜."
        },
        {
            "Q": "요즘 행복한 것 같아요?",
            "A": "아니요. 너무 불행해요."
        },
        {
            "Q": "어떤 점에서 불행하다고 생각했어요?",
            "A": "아빠 때문에요. 다른 아빠들은 안 때린대요. 저는 다들 저처럼 맞는 줄 알았어요."
        },
        {
            "Q": "커서 어떤 일을 하고 싶어요?",
            "A": "일이요? 그냥 노숙하고 다른 사람들이 돈 번 거 훔쳐서 살려고요."
        },
        {
            "Q": "집에서 주로 나를 돌봐주는 어른은 누구인가요?",
            "A": "아빠요."
        },
        {
            "Q": "배가 고픈데 먹을 게 없어서 굶은 적이 있나요?",
            "A": "아니요."
        },
        {
            "Q": "저녁에 나를 집에 혼자 두고 어른들이 나갔던 적 있나요?",
            "A": "아니요."
        },
        {
            "Q": "어디 아픈 곳이 있는데 어른들이 병원에 데려가지 않은 적이 있나요?",
            "A": "아니요."
        },
        {
            "Q": "더럽고 냄새나는 옷을 입어야 한 적이 있나요?",
            "A": "아니요. 그런 적은 없어요. 청소 아줌마 있어요."
        },
        {
            "Q": "인터넷이나 휴대폰을 가지고 노는 시간은 하루에 몇 시간 정도인가요?",
            "A": "한 시간 정도요."
        },
        {
            "Q": "어른들이 운동회나 참관 수업 같은 학교 행사에 잘 오시나요?",
            "A": "네."
        },
        {
            "Q": "부모님이나 선생님 때문에 슬프거나 화가 난 적이 있나요?",
            "A": "몰라요. 없는 거 같아요."
        },
        {
            "Q": "주위 어른들 중 나를 때린 적이 있는 사람이 있나요?",
            "A": "음, 아빠가 저 자주 때려요."
        },
        {
            "Q": "아빠가 왜 때리셨나요?",
            "A": "제일 최근에는 집에서 시끄럽게 게임한다고 때렸어요."
        },
        {
            "Q": "어디를 어떻게 때렸나요?",
            "A": "골프채로 저를 때렸어요. 특히 배를 엄청 때렸어요."
        },
        {
            "Q": "병원에는 갔나요?",
            "A": "의사 선생님이 저 갈비뼈에 금 갔대요. 당분간 조심하래요."
        },
        {
            "Q": "아빠가 나를 때리는 일이 자주 있어요?",
            "A": "맨날 그러는데요?"
        },
        {
            "Q": "내가 원하지 않는데도 누군가가 내 몸을 만지거나 보여달라고 한 적 있나요?",
            "A": "아니요. 그런 적은 아직 없어요."
        },
        {
            "Q": "집에서 어른들끼리 소리 지르면서 싸우는 걸 듣거나 본 적이 있나요?",
            "A": "아니요. 그냥 아빠가 전화로 친구들이랑 싸우는 건 많이 들었어요."
        },
        {
            "Q": "친구들이 나를 자주 놀리거나 괴롭힌다고 느낀 적이 있나요?",
            "A": "아니요. 그러면 제가 가만 안 두죠."
        },
        {
            "Q": "어떨 때 마음이 복잡하거나 힘든가요?",
            "A": "별로 안 힘들어요. 익숙해요. 그냥 맞는 것도 익숙하고."
        },
        {
            "Q": "잠잘 때 주로 어떤 꿈을 꾸나요?",
            "A": "엄청 다양한데 잘 기억이 안 나요."
        },
        {
            "Q": "부모님의 허락 없이 또는 말도 없이 집에 오랫동안 나와 있었던 적이 있나요?",
            "A": "아니요."
        },
        {
            "Q": "주변에 가출을 해봤던 친구가 있나요?",
            "A": "네. 있어요."
        },
        {
            "Q": "친구도 가출하고 싶다는 생각을 한 적이 있어요?",
            "A": "네. 완전히요. 그런데 저 집 나갔다가 잡히면 아빠한테 죽기 직전까지 맞을 수도 있어요."
        }
    ]
}