{
    "info": {
        "위기단계": "정상군"
    },
    "kids_ment": [
        {
            "Q": "최근에 건강한가요, 아니면 아픈 곳이 있나요?",
            "A": "아뇨. 없어요."
        },
        {
            "Q": "최근에 다쳤던 적이 있었나요, 없었나요?",
            "A": "다친 적 없어요."
        },
        {
            "Q": "무엇을 할 때 즐겁나요?",
            "A": "친구들이랑 놀 때요."
        },
        {
            "Q": "친구들이랑 평소 뭐 하고 놀아요?",
            "A": "메신저로 대화도 많이 하고요. 같이 카페도 가요."
        },
        {
            "Q": "최근 일주일 동안 짜증이나 화가 난 적이 있나요?",
            "A": "아니요. 기분 안 좋은 일은 없었어요."
        },
        {
            "Q": "몇 시에 자서, 몇 시에 일어나나요?",
            "A": "밤 열 시에 자서, 학교 갈 때 되면 알람 듣고 일어나요."
        },
        {
            "Q": "자고 일어나면, 몸 상태는 어때요?",
            "A": "졸릴 땐 졸린데, 잘 자면 괜찮아요."
        },
        {
            "Q": "평소에 잠에 들기 힘들거나, 자는 도중에 자주 깨나요?",
            "A": "아니요. 잠들면 잘 자요."
        },
        {
            "Q": "평상시에 아버지는 어떤 표정을 짓나요?",
            "A": "잘 웃고 잘 대해주세요."
        },
        {
            "Q": "그런 아버지의 표정을 보면 어떤 기분이 들어요?",
            "A": "저도 좋죠."
        },
        {
            "Q": "평상시에 어머니는 어떤 표정을 짓나요?",
            "A": "엄마도 똑같아요, 아빠랑."
        },
        {
            "Q": "그런 어머니의 표정을 보면 어떤 기분이 들어요?",
            "A": "저도 좋아요. 엄마랑 얘기 많이 해요."
        },
        {
            "Q": "어머니랑 더 친한가요?",
            "A": "네. 아빠는 바빠서."
        },
        {
            "Q": "형제자매는 몇 명인가요?",
            "A": "한 명이요. 오빠 있어요."
        },
        {
            "Q": "오빠랑은 사이가 어때요?",
            "A": "좋아요. 가끔 투닥거려도요."
        },
        {
            "Q": "혹시 부모님이 오빠랑 차별한다고 느낀 적이 있을까요?",
            "A": "아니요. 딱히 그런 적은 없어요."
        },
        {
            "Q": "친구들이랑 주로 뭐 하고 놀아요?",
            "A": "메신저로 대화도 많이 하고, 카페도 가고요."
        },
        {
            "Q": "평소같이 노는 친구들은 몇 명이에요?",
            "A": "네 명이요."
        },
        {
            "Q": "담임선생님을 좋아하나요, 싫어하나요?",
            "A": "좋아요."
        },
        {
            "Q": "어떤 점에서 담임선생님이 좋아요?",
            "A": "친절하고 저나 애들한테도 잘해주세요."
        },
        {
            "Q": "요즘 가장 큰 걱정거리는 무엇인가요?",
            "A": "없어요, 딱히."
        },
        {
            "Q": "요즘 행복하다고 느끼나요?",
            "A": "네. 애들이랑도 재밌고 엄마 아빠랑도 잘 지내요."
        },
        {
            "Q": "커서 어떤 사람이 되고 싶은지, 꿈이 무엇인지 이야기해 줄래요?",
            "A": "과학자요."
        },
        {
            "Q": "어떤 이유에서 과학자가 되고 싶어요?",
            "A": "저는 우주 가보고 싶어요. 그래서 우주과학자 되고 싶어요."
        },
        {
            "Q": "집에서 주로 나를 돌봐주는 어른은 누구인가요?",
            "A": "엄마요."
        },
        {
            "Q": "배가 고픈 데 집에 먹을 게 없어서 굶은 적이 있나요?",
            "A": "아니요."
        },
        {
            "Q": "어디가 아픈 데 어른들이 병원에 데려가지 않은 적이 있나요?",
            "A": "아니요."
        },
        {
            "Q": "핸드폰이나 인터넷 사용 시간은 평소에 얼마나 돼요?",
            "A": "숙제나 해야 할 거만 다 하면 맘대로 할 수 있어요."
        },
        {
            "Q": "부모님이나 선생님 때문에 슬프거나 화가 난 적이 있나요?",
            "A": "아니요. 없어요."
        },
        {
            "Q": "주위 어른들 중 나를 때린 적이 있는 사람이 있나요?",
            "A": "아니요. 없어요."
        },
        {
            "Q": "내가 원하지 않는데도 누군가가 내 몸을 만지거나 보여달라고 한 적이 \n있어요?",
            "A": "아니요. 없어요. 그런 사람은."
        },
        {
            "Q": "집에서 어른들끼리 소리 지르면서 싸우는 걸 듣거나 본 적이 있나요?",
            "A": "아니요. 제 앞에서는 안 그러시는 거 같아요."
        },
        {
            "Q": "친구들이 나를 자주 놀리거나 괴롭힌다고 느낀 적이 있나요?",
            "A": "아니요. 저 친구들이랑 잘 지내요."
        },
        {
            "Q": "어떨 때 마음이 복잡하거나 힘든가요?",
            "A": "딱히 그런 적 없었던 거 같아요."
        },
        {
            "Q": "잠잘 때 주로 어떤 꿈을 꾸나요?",
            "A": "꿈은 잘 안 꿔요."
        },
        {
            "Q": "부모님의 허락 없이 또는 말도 없이 집에 오랫동안 나와 있었던 적이 \n있나요?",
            "A": "아니요."
        }
    ]
}