{
    "info": {
        "위기단계": "응급"
    },
    "kids_ment": [
        {
            "Q": "최근에 건강한가요, 아니면 아픈 곳이 있나요?",
            "A": "아니요. 없어요."
        },
        {
            "Q": "최근에 다쳤던 적이 있었나요, 없었나요?",
            "A": "발가락에 금이 갔어요."
        },
        {
            "Q": "왜 다쳤나요?",
            "A": "그냥 다쳤어요."
        },
        {
            "Q": "뭘 할 때가 즐겁나요?",
            "A": "동물원이 좋아요."
        },
        {
            "Q": "동물원이 어떤 점에서 즐거운가요?",
            "A": "동물이 너무 귀여워요."
        },
        {
            "Q": "최근 일주일 동안 짜증이나 화가 난 적이 있나요?",
            "A": "제가 수학 숙제를 하다가 어려운 문제를 만났거든요. 그런데 아무리 생각해도 답이 안 나와서 짜증이 났어요."
        },
        {
            "Q": "그런 일이 자주 일어나나요?",
            "A": "아니요. 원래는 안 그랬어요. 그런데 학원선생님한테 혼난 이후에는 수학 문제가 안 풀리면 너무 화가 나요."
        },
        {
            "Q": "평소에 짜증이나 화가 났을 때, 어떻게 하면 마음이 풀려요?",
            "A": "게임을 하거나 종이 찢어요."
        },
        {
            "Q": "몇 시에 자고, 몇 시에 일어나나요?",
            "A": "열시 시에 자고 일곱 시에 일어나요."
        },
        {
            "Q": "아침에 일어났을 때, 몸 상태는 어때요?",
            "A": "졸려요."
        },
        {
            "Q": "평소에 잠이 들기 힘들거나, 잠자는 중간에 자주 깨나요?",
            "A": "중간에 깨요."
        },
        {
            "Q": "깨는 이유가 뭘까요?",
            "A": "그냥 너무 무서워요. 악몽 꿔요."
        },
        {
            "Q": "평상시에 아버지는 어떤 표정을 자주 짓나요?",
            "A": "아빠는 잠만보 닮았어요. 매일 웃고 있어요."
        },
        {
            "Q": "왜 웃는 표정을 짓는 것 같아요?",
            "A": "즐거워서요."
        },
        {
            "Q": "그 표정을 지을 때, 내 기분은 어때요?",
            "A": "행복해요."
        },
        {
            "Q": "평상시에 어머니는 어떤 표정을 자주 짓나요?",
            "A": "엄마는 멋져요. 일할 때는 표정이 없지만 저를 볼 때는 잘 웃어주세요."
        },
        {
            "Q": "왜 그런 표정을 짓는 것 같아요?",
            "A": "저를 너무 좋아해서요."
        },
        {
            "Q": "그 표정을 지을 때, 내 기분은 어때요?",
            "A": "좋아요."
        },
        {
            "Q": "형제자매는 몇 명이에요?",
            "A": "저 혼자요."
        },
        {
            "Q": "친구들이랑 주로 뭐 하고 놀아요?",
            "A": "포켓몬 게임도 하고 배드민턴도 해요."
        },
        {
            "Q": "주로 몇 명이 놀아요?",
            "A": "네 명이요."
        },
        {
            "Q": "담임선생님을 좋아하나요, 싫어하나요?",
            "A": "착하고 잘 챙겨줘서 좋아요."
        },
        {
            "Q": "요즘 가장 큰 걱정거리는 무엇인가요?",
            "A": "학원이 너무 가기 싫어요."
        },
        {
            "Q": "걱정거리 때문에 생활이 불편하거나 힘든가요?",
            "A": "일주일에 네 번은 학원을 가요. 갈 때마다 너무 가기 싫어요."
        },
        {
            "Q": "요즘 행복하다고 느끼나요?",
            "A": "네. 학원 빼고는 행복해요. 그리고 다음 주 제 생일이라서 생일선물이 너무 기대돼요."
        },
        {
            "Q": "커서 어떤 사람이 되고 싶은지, 꿈이 무엇인지 이야기해 줄래요?",
            "A": "의사 선생님이요. 이번에 병원에서 봤는데 안 아프게 치료해 줬어요."
        },
        {
            "Q": "집에서 나를 주로 돌봐주는 어른은 누구인가요?",
            "A": "엄마요."
        },
        {
            "Q": "배가 고픈데 먹을 게 없어서 굶은 적이 있나요?",
            "A": "아니요. 그런 적 없어요."
        },
        {
            "Q": "저녁에 나를 집에 혼자 두고 어른들이 나갔던 적 있나요?",
            "A": "아니요."
        },
        {
            "Q": "어디 아픈 곳이 있는데 어른들이 병원에 데려가지 않은 적이 있나요?",
            "A": "아니요. 없어요."
        },
        {
            "Q": "인터넷이나 휴대폰을 가지고 노는 시간은 하루에 몇 시간 정도인가요?",
            "A": "두 시간 정도요."
        },
        {
            "Q": "부모님이나 선생님 때문에 슬프거나 화가 난 적이 있나요?",
            "A": "학원 선생님 때문에 울었던 적이 있어요."
        },
        {
            "Q": "부모님이나 선생님의 어떤 말이나 행동이 나를 슬프게 하나요?",
            "A": "수학 문제 못 풀었다고 친구들 앞에 세워두고 있다가 제 바지를 잡아당겨서 바지가 내려갔어요. 너무 창피해서 울었어요."
        },
        {
            "Q": "어른들이 나를 어디에 가두고 못 나오게 한 적이 있나요?",
            "A": "아니요."
        },
        {
            "Q": "다른 사람들 앞에서도 혼날 때가 있나요?",
            "A": "학원에서 수학 문제 못 풀었을 때도 한문 못 외웠을 때도 친구들이 있는데 혼났어요."
        },
        {
            "Q": "얼마나 자주 다른 사람들 앞에서 혼나나요?",
            "A": "일주일에 한 번 정도는 그래요."
        },
        {
            "Q": "어른들이 나를 다른 아이들과 비교하나요?",
            "A": "아니요."
        },
        {
            "Q": "어른들이 나를 집에서 쫓아내거나 버리겠다고 말하거나 진짜 쫓아낸 적이 있나요?",
            "A": "아니요."
        },
        {
            "Q": "내가 무엇을 하려고 할 때, 무조건 안 된다고 하거나, 하기 싫은데도 무조건 하라고 할 때가 있나요?",
            "A": ""
        },
        {
            "Q": "주위 어른들 중 나를 때린 적이 있는 사람이 있나요?",
            "A": "학원 선생님이 한자 못 외웠다고 시험 못 봤다고 막대기로 발바닥 많이 때렸어요. 그래서 발가락 다쳤어요. 엄마한테는 넘어졌다고 했어요. 또 등도 손으로 때렸어요."
        },
        {
            "Q": "자주 때리시나요?",
            "A": "학원 다닌 지 얼마 안 돼서 처음이요."
        },
        {
            "Q": "맞아서 얼마나 다쳤나요?",
            "A": "발가락에 금이 가서 병원에서 깁스했어요."
        },
        {
            "Q": "내가 원하지 않는데도 누군가가 내 몸을 만지거나 보여달라고 한 적 있어요?",
            "A": "아니요."
        },
        {
            "Q": "집에서 어른들끼리 소리 지르면서 싸우는 걸 듣거나 본 적이 있나요?",
            "A": "아니요."
        },
        {
            "Q": "친구들이 나를 자주 놀리거나 괴롭힌다고 느낀 적이 있나요?",
            "A": "아니요."
        },
        {
            "Q": "어떨 때 마음이 복잡하거나 힘든가요?",
            "A": "학원 차 볼 때요."
        },
        {
            "Q": "안 좋은 기억 때문에 괴로워서 죽고 싶다는 생각을 한 적 있나요?",
            "A": "아니요."
        },
        {
            "Q": "잠잘 때 주로 어떤 꿈을 꾸나요?",
            "A": "수학 부호가 막 저를 괴롭히고, 나중에는 학원 선생님이 막대기를 들고 있어요. 너무 무서워요."
        },
        {
            "Q": "잠자는 중간에 자주 깼던 이유가 무섭거나 끔찍하거나 힘들었던 경험 때문인 건가요? 어떤 기억 때문에 그런 것 같나요?",
            "A": "네. 학원선생님한테 혼난 뒤에 그래요."
        },
        {
            "Q": "생각하고 싶지 않은 데도 자꾸 괴롭힘이 떠오른 적이 있나요? 얼마나 자주 그런가요?",
            "A": "수학이랑 한문 공부할 때마다 그래요. 일주일에 세 번은 그래요."
        },
        {
            "Q": "이런 싫은 기억이 떠오를 때 어떻게 하나요?",
            "A": "그냥 눈을 감고, 생각이 안 나길 빌어요."
        },
        {
            "Q": "꿈을 꾸고 일어나면 몸 상태가 어떤가요?",
            "A": "심장이 엄청나게 빨리 뛰어요."
        },
        {
            "Q": "부모님의 허락 없이 또는 말도 없이 집에 오랫동안 나와 있었던 적이 \n있나요?",
            "A": "아니요."
        }
    ]
}