{
    "info": {
        "위기단계": "학대의심"
    },
    "kids_ment": [
        {
            "Q": "몸은 건강하니 아니면 아픈 곳이 있니?",
            "A": "네. 건강해요."
        },
        {
            "Q": "어디 다친 데는 없니?",
            "A": "볼이 너무 아파요."
        },
        {
            "Q": "볼이 왜 아파?",
            "A": "선생님이 볼을 꼬집었어요."
        },
        {
            "Q": "왜 꼬집었어?",
            "A": "숙제를 안 해와서요."
        },
        {
            "Q": "최근에 기분 좋은 일 있었니?",
            "A": "기분 좋은 일은 없는 것 같아요."
        },
        {
            "Q": "왜 기분 좋은 일이 없어?",
            "A": "요즘은 기분이 안 좋은 것 같아요."
        },
        {
            "Q": "언제부터 기분이 안 좋았어?",
            "A": "한 달 정도 된 것 같아요."
        },
        {
            "Q": "최근에 화가 나거나 짜증 난 적은 없었니?",
            "A": "네. 수업 시간에 친구한테 물어볼 게 있어서 잠깐 물어봤는데, 선생님이 장난친다고 책상 밑으로 들어가라고 해서 발로 밟았어요."
        },
        {
            "Q": "그때 어떤 기분이 들었어?",
            "A": "너무 아프고 무섭고 화났어요."
        },
        {
            "Q": "친구는 몇 시에 자고 몇 시에 일어나?",
            "A": "열한 시에 자고 일곱 시에 일어나요."
        },
        {
            "Q": "잠이 들기 힘들거나 중간중간 깨지는 않아?",
            "A": "선생님한테 맞았던 기억 땜에 화가 나서 밤에 잠이 안 와요."
        },
        {
            "Q": "그럴 때가 자주 있니?",
            "A": "네. 요즘 자주 그래요."
        },
        {
            "Q": "아침에 일어나면 몸 상태는 어때?",
            "A": "괜찮아요."
        },
        {
            "Q": "아버지랑은 사이가 어때?",
            "A": "아빠는 잔소리가 많아서 싫어요."
        },
        {
            "Q": "어머니랑은 사이가 어때?",
            "A": "엄마랑 사이는 좋아요."
        },
        {
            "Q": "우리 친구 형제자매는 몇 명이에요?",
            "A": "혼자예요."
        },
        {
            "Q": "친구들이랑은 잘 지내?",
            "A": "네. 친구들이랑 잘 지내요."
        },
        {
            "Q": "담임 선생님은 잘 대해줘?",
            "A": "선생님은 너무 무서워요."
        },
        {
            "Q": "왜 무서워?",
            "A": "교과서를 안 가져오거나 문제 틀리거나 하면 싸다구를 때려요."
        },
        {
            "Q": "요즘 걱정거리가 있니?",
            "A": "선생님이 너무 무서워서 빨리 학년 올라가고 싶어요."
        },
        {
            "Q": "걱정거리 때문에 일상생활이 많이 불편하고 힘드니?",
            "A": "네. 매일 아침 학교 가기가 싫어요."
        },
        {
            "Q": "요즘 행복하다고 느껴?",
            "A": "아니요. 행복하지 않은 것 같아요."
        },
        {
            "Q": "왜 행복하지 않아?",
            "A": "매일 학교 가야 해서요."
        },
        {
            "Q": "커서 어떤 사람이 되고 싶어?",
            "A": "저는 재택근무 하는 회사원이 되고 싶어요."
        },
        {
            "Q": "그 꿈을 선택한 이유가 뭐야?",
            "A": "매일 일하러 가고 싶지 않아서요."
        },
        {
            "Q": "집에서 주로 나를 돌봐주는 어른은 누구야?",
            "A": "엄마요."
        },
        {
            "Q": "배가 고픈데 먹을 게 없어서 굶은 적이 있어?",
            "A": "아니요."
        },
        {
            "Q": "저녁에 친구를 집에 혼자 두고 어른들이 나갔던 적이 있어?",
            "A": "아니요."
        },
        {
            "Q": "어디 아픈 곳이 있는데 어른들이 병원에 데려가지 않은 적이 있니?",
            "A": "아니요."
        },
        {
            "Q": "누가 기분 나쁘게 하거나 슬프게 한 적이 있어?",
            "A": "아니요."
        },
        {
            "Q": "주위 어른들 중 나를 때린 적이 있는 사람이 있어?",
            "A": "네. 학교 선생님이요."
        },
        {
            "Q": "어떻게 때렸어?",
            "A": "손으로 볼을 꼬집고 발로 온몸을 밟았어요."
        },
        {
            "Q": "왜 맞은 거야?",
            "A": "교과서를 안 갖고 와서 맞고, 옆 친구랑 얘기했다고 맞았어요."
        },
        {
            "Q": "얼마나 다쳤어?",
            "A": "엉덩이에 멍이 들었어요."
        },
        {
            "Q": "내가 원하지 않는데도 누군가가 내 몸을 만지거나 보여달라고 한 적이 있어?",
            "A": "아니요. 없었어요."
        },
        {
            "Q": "집에서 무서운 일 있었어?",
            "A": "아니요, 집에서 그런 일은 없었어요."
        },
        {
            "Q": "학교에서 누군가가 너를 괴롭혀?",
            "A": "아니요."
        },
        {
            "Q": "너무 힘들어서 스스로를 다치게 한 적이 있어?",
            "A": "아니요. 없어요."
        },
        {
            "Q": "무서운 일이나 기억하고 싶지 않은 일이 있었어?",
            "A": "아니요. 없었어요."
        },
        {
            "Q": "집을 나간 적이 있어?",
            "A": "아니요."
        }
    ]
}