{
    "info": {
        "위기단계": "상담필요"
    },
    "kids_ment": [
        {
            "Q": "최근 건강은 어떤 것 같아? 아픈 곳은 없어?",
            "A": "아픈 곳은 없어요."
        },
        {
            "Q": "최근에 다친 곳 있어?",
            "A": "네. 다쳤어요."
        },
        {
            "Q": "어디를 다쳤어?",
            "A": "머리랑 손목이랑 손가락이요."
        },
        {
            "Q": "어쩌다 다친 거야?",
            "A": "새엄마가 때렸어요."
        },
        {
            "Q": "병원에 가서 치료할 정도로 다쳤어?",
            "A": "그 정도는 아닌데 그냥 멍들었어요."
        },
        {
            "Q": "어떤 걸 할 때가 즐거워?",
            "A": "친구들이랑 놀 때요."
        },
        {
            "Q": "어떤 점이 즐거운 것 같아?",
            "A": "친구들이랑 놀면 재밌어서요."
        },
        {
            "Q": "최근 일주일 동안 짜증이나 화가 난 적 있어?",
            "A": "네. 짜증 난 적 있어요."
        },
        {
            "Q": "뭐 때문에 그렇게 느낀 것 같아?",
            "A": "새엄마 딸이 자기 괴롭힌 거 새엄마한테 말해서요."
        },
        {
            "Q": "평소에 짜증이나 화가 나면 어떻게 해?",
            "A": "친구들한테 얘기해요."
        },
        {
            "Q": "그렇게 하면 기분이 괜찮아지는 것 같아?",
            "A": "네. 그런 것 같아요."
        },
        {
            "Q": "평소에 몇 시에 자고 몇 시에 일어나?",
            "A": "열 시에 자서 일곱 시에 일어나요."
        },
        {
            "Q": "아침에 일어났을 때 피곤하거나 몸이 무겁진 않아?",
            "A": "그렇진 않아요."
        },
        {
            "Q": "잠들기 힘들거나 자다가 중간에 깨진 않아?",
            "A": "네. 안 그래요."
        },
        {
            "Q": "같이 사는 가족은 누구누구야?",
            "A": "새엄마랑 아빠랑 새엄마 딸이요."
        },
        {
            "Q": "부모님이 평소에 어떤 표정을 자주 짓는 것 같아?",
            "A": "새엄마는 짜증 내는 표정이 제일 많고, 아빠는 무표정이 제일 많아요."
        },
        {
            "Q": "어떨 때 그런 표정을 지으시는 것 같아?",
            "A": "새엄마는 저 볼 때는 항상 그러고요, 아빠도 똑같이 항상 그래요."
        },
        {
            "Q": "그 표정을 보면 기분이 어때?",
            "A": "둘 다 기분 나빠요."
        },
        {
            "Q": "아빠는 친구한테 관심이 있는 것 같아?",
            "A": "관심 없는 것 같아요."
        },
        {
            "Q": "같이 사는 가족은 누구누구야?",
            "A": "새엄마랑 아빠랑 새엄마 딸이요."
        },
        {
            "Q": "부모님이 평소에 어떤 표정을 자주 짓는 것 같아?",
            "A": "새엄마는 짜증 내는 표정이 제일 많고, 아빠는 무표정이 제일 많아요."
        },
        {
            "Q": "어떨 때 그런 표정을 지으시는 것 같아?",
            "A": "새엄마는 저 볼 때는 항상 그러고요, 아빠도 똑같이 항상 그래요."
        },
        {
            "Q": "그 표정을 보면 기분이 어때?",
            "A": "둘 다 기분 나빠요."
        },
        {
            "Q": "새엄마 딸이랑은 사이가 어때?",
            "A": "별로 안 좋아요."
        },
        {
            "Q": "어떤 점 때문에 그렇게 느껴?",
            "A": "저는 걔랑 새엄마랑 다 싫어요."
        },
        {
            "Q": "새엄마 딸이랑 우리 친구를 부모님이 차별하는 것 같아?",
            "A": "아빠는 안 하는 것 같은데, 새엄마는 걔한테 더 잘해줘요."
        },
        {
            "Q": "친구들이랑 주로 뭐 하고 놀아?",
            "A": "얘기도 하고 슬라임도 가지고 놀아요."
        },
        {
            "Q": "친구들이랑 놀면 기분이 어때?",
            "A": "좋아요."
        },
        {
            "Q": "담임선생님은 좋아, 싫어?",
            "A": "좋은 것 같아요."
        },
        {
            "Q": "어떤 점 때문에 그렇게 생각하는 것 같아?",
            "A": "선생님 예뻐서요."
        },
        {
            "Q": "담임선생님이 다른 아이들이랑 차별하는 것 같아?",
            "A": "아니요. 안 그래요."
        },
        {
            "Q": "요즘 가장 큰 걱정은 뭐야?",
            "A": "집에 가기 싫은 거요."
        },
        {
            "Q": "왜 그게 걱정인 것 같아?",
            "A": "집에 가면 새엄마랑 새엄마 딸이랑 있는데, 둘이 있는 거 보면 짜증 나고 싫고, 새엄마는 저보고 뭐라 할 거 같아서 걱정돼요."
        },
        {
            "Q": "그 걱정 때문에 일주일에 몇 번 정도 힘들거나 불편하다고 느끼는 것 같아?",
            "A": "집 갈 때 마다요."
        },
        {
            "Q": "요즘 행복한 것 같아, 불행한 것 같아?",
            "A": "불행한 것 같아요."
        },
        {
            "Q": "어떤 점 때문에 불행한 것 같아?",
            "A": "새엄마랑 새엄마 딸이 우리 집에서 살아서요."
        },
        {
            "Q": "언제부터 행복하지 않았던 것 같아?",
            "A": "그 둘이 우리 집에서 살기 시작하고 나서부터요."
        },
        {
            "Q": "나중에 어떤 사람이 되고 싶어?",
            "A": "몰라요."
        },
        {
            "Q": "하고 싶은 일이 없어?",
            "A": "네. 생각 안 해봤어요."
        },
        {
            "Q": "주로 집에서 돌봐주는 사람은 누구야?",
            "A": "새엄마요."
        },
        {
            "Q": "배가 고픈데 밥을 챙겨주지 않아서 굶은 적 있어?",
            "A": "아니요. 그런 적은 없어요."
        },
        {
            "Q": "빨래가 안 돼서 냄새나고 불쾌한 옷을 입은 적 있어?",
            "A": "아니요."
        },
        {
            "Q": "크기가 맞지 않는 옷을 입거나 신발을 신은 적 있어?",
            "A": "없어요."
        },
        {
            "Q": "아플 때 어른들이 병원에 데려가지 않은 적 있어?",
            "A": "많이 아프다고 하면 데려가 줘요."
        },
        {
            "Q": "운동회나 수업 참관 같은 학교행사에 잘 오시는 편이야?",
            "A": "새엄마가 오긴 하는데 저한테 먼저 안 오고 새엄마 딸한테 갔다가 저한테 와요."
        },
        {
            "Q": "다섯 번 중에 몇 번 정도 오시는 것 같아?",
            "A": "오기는 다 와요."
        },
        {
            "Q": "인터넷이나 휴대폰을 하루에 몇 시간 정도 하는 것 같아?",
            "A": "세 시간이요."
        },
        {
            "Q": "인터넷이나 휴대폰을 많이 한다고 어른들이 뭐라고 하진 않아?",
            "A": "뭐라고 해서 몰래 숨어서 해요."
        },
        {
            "Q": "피시방 같은 곳은 일주일에 몇 번 정도 가는 편이야?",
            "A": "안 가요."
        },
        {
            "Q": "부모님이나 선생님 때문에 기분이 안 좋아진 적이 있어?",
            "A": "네."
        },
        {
            "Q": "누구 때문에 그렇게 느꼈어?",
            "A": "새엄마요."
        },
        {
            "Q": "어떤 말이나 행동 때문에 그렇게 느꼈어?",
            "A": "새엄마가 맨날 저보고 새엄마 딸이랑 잘 지내라고 하고 친하게 지내라고 하고 그래서 짜증 났어요."
        },
        {
            "Q": "어른들이 방이나 다른 곳에 가두고 못 나오게 한 적 있어?",
            "A": "그런 적은 없어요."
        },
        {
            "Q": "다른 사람 앞에서 혼난 적 있어?",
            "A": "새엄마가 새엄마 딸 앞에서 혼낸 적 있어요."
        },
        {
            "Q": "일주일에 몇 번 정도 그런 일이 있어?",
            "A": "두세 번이요."
        },
        {
            "Q": "어른들이 다른 아이들이랑 비교할 때 있어?",
            "A": "네."
        },
        {
            "Q": "일주일에 몇 번 정도 그런 일이 있어?",
            "A": "한 번 정도요."
        },
        {
            "Q": "어른들이 집에서 쫓아낸다고 하거나 버리겠다고 하거나 진짜 쫓아낸 적 있어?",
            "A": "그런 적은 없어요."
        },
        {
            "Q": "뭔가 하려고 할 때 무조건 안 된다고 하거나, 하기 싫은데도 무조건 하라고 한 적 있어?",
            "A": "맨날 새엄마가 좀 친하게 지내라고 하는 거요 진짜 하기 싫어요."
        },
        {
            "Q": "마음이 힘들 때 누구에게 말해?",
            "A": "친구들한테 말해요."
        },
        {
            "Q": "주위 어른이나 가족들 중에 누가 때려서 맞은 적 있어?",
            "A": "네."
        },
        {
            "Q": "누가 그랬어?",
            "A": "새엄마요."
        },
        {
            "Q": "어디를 어떻게 아프게 했어?",
            "A": "세숫대야랑 양치 컵으로 제 머리랑 손목이랑 손가락을 막 엄청 많이 때렸어요."
        },
        {
            "Q": "얼마나 아프게 했어?",
            "A": "손목 쪽에는 멍 조금 들었고 머리랑 손가락은 그냥 아프고 말았어요."
        },
        {
            "Q": "뭐 때문에 아프게 한 것 같아?",
            "A": "제가 새엄마 딸 그냥 좀 괴롭혔는데 그거 때문인 것 같아요."
        },
        {
            "Q": "그렇게 한 게 이번이 처음이야?",
            "A": "맞은 건 이번이 처음이에요."
        },
        {
            "Q": "최근에도 그랬어?",
            "A": "이게 이틀 전이에요."
        },
        {
            "Q": "누군가 원하지 않는데도 몸을 만지거나 보여달라고 한 적 있어?",
            "A": "아니요."
        },
        {
            "Q": "가족들끼리 소리 지르면서 싸우는 걸 듣거나 본 적 있어?",
            "A": "아니요."
        },
        {
            "Q": "어른들이 술을 마시고 친구에게 무섭게 행동하거나 말할 때가 있어?",
            "A": "안 그래요."
        },
        {
            "Q": "어른이 아닌 주변 사람들이 자주 놀리거나 괴롭힌다고 느낀 적 있어?",
            "A": "아니요."
        },
        {
            "Q": "어떨 때 마음이 복잡하거나 힘들어?",
            "A": "우리 엄마 생각날 때요."
        },
        {
            "Q": "그런 것 때문에 괴로워서 죽고 싶다고 생각한 적 있어?",
            "A": "아니요. 그런 생각은 한 적 없어요."
        },
        {
            "Q": "잠잘 때 어떤 꿈을 꾸는 편이야?",
            "A": "꿈을 잘 안 꿔요."
        },
        {
            "Q": "생각하기 싫은 기억이 자꾸 떠오른 적 있어?",
            "A": "아니요."
        },
        {
            "Q": "가출을 해보거나 아는 사람들 중에 가출 한 사람이 있어?",
            "A": "없어요."
        }
    ]
}