{
    "info": {
        "위기단계": "응급"
    },
    "kids_ment": [
        {
            "Q": "최근에 건강한가요? 아니면 아픈 곳이 있어요?",
            "A": "저요? 아픈 데는 없는 것 같아요."
        },
        {
            "Q": "최근에 다쳤던 적이 있나요?",
            "A": "네."
        },
        {
            "Q": "어디를 다쳤나요?",
            "A": "팔이요."
        },
        {
            "Q": "언제 다쳤나요?",
            "A": "어제요."
        },
        {
            "Q": "어쩌다가 다친 거예요? 왜 다쳤나요?",
            "A": "제가 긁은 거예요. 제 몸이 더럽게 느껴져서 제 자신이 너무 싫어요."
        },
        {
            "Q": "뭘 할 때 즐거워요?",
            "A": "즐겁지 않아요."
        },
        {
            "Q": "즐겁다고 느끼지 못한 것이 언제부터인가요?",
            "A": "저번 달부터 성악 선생님이 저를 막 괴롭히고 나서부터요."
        },
        {
            "Q": "최근 일주일 동안 짜증이나 화가 난 적이 있나요?",
            "A": "네."
        },
        {
            "Q": "무엇 때문에 짜증이나 화가 났나요?",
            "A": "그냥 스스로한테 화가 나요. 성악 선생님이 저를 만지려고 할 때 도망갈 걸 하는 생각이요."
        },
        {
            "Q": "그런 일이 자주 일어나나요?",
            "A": "네."
        },
        {
            "Q": "평소에 짜증이나 화가 났을 때, 어떻게 하면 마음이 풀려요?",
            "A": "뭘 해도 안 풀려요. 그냥 죽고 싶어요."
        },
        {
            "Q": "몇 시에 자고, 몇 시에 일어나나요?",
            "A": "열 시에 자고 여덟 시에 일어나요."
        },
        {
            "Q": "아침에 일어났을 때, 몸 상태는 어때요?",
            "A": "나쁘지 않은 것 같아요."
        },
        {
            "Q": "평소에 잠들기 힘들거나, 잠자는 중간에 자주 깨나요?",
            "A": "그렇지는 않아요. 그냥 꿈이 기분 나쁘긴 해요."
        },
        {
            "Q": "아버지는 어떤 표정을 자주 짓나요?",
            "A": "거의 항상 웃으시는 것 같아요."
        },
        {
            "Q": "왜 그런 표정을 짓는 것 같아요?",
            "A": "요즘 일이 잘 된다고 하셨는데, 그래서 그런 것 같아요."
        },
        {
            "Q": "그 표정을 지을 때, 내 기분은 어때요?",
            "A": "좋아요."
        },
        {
            "Q": "어머니는 어떤 표정을 자주 짓나요?",
            "A": "엄마도 거의 웃으시는 것 같아요."
        },
        {
            "Q": "왜 그런 표정을 짓는 것 같아요?",
            "A": "제가 밥을 잘 먹으면 웃어요."
        },
        {
            "Q": "그 표정을 지을 때, 내 기분은 어때요?",
            "A": "좋아요."
        },
        {
            "Q": "형제자매는 몇 명이에요?",
            "A": "없어요."
        },
        {
            "Q": "친구들이랑 주로 뭐 하고 놀아요?",
            "A": "그냥 이것저것 해요. 축구도 하고 농구도 하고."
        },
        {
            "Q": "주로 몇 명이 놀아요?",
            "A": "네 명이요."
        },
        {
            "Q": "담임선생님을 좋아하나요, 싫어하나요?",
            "A": "좋아해요."
        },
        {
            "Q": "담임 선생님이 어떤 부분에서 좋아요?",
            "A": "그냥 이것저것 먹을 것도 많이 주시고 칭찬도 많이 해주세요."
        },
        {
            "Q": "요즘 제일 걱정되는 게 뭐에요?",
            "A": "그냥 제 자신이 걱정돼요."
        },
        {
            "Q": "무엇 때문에 걱정이 되나요?",
            "A": "맨날 죽고 싶다는 생각만 해요. 그리고 제가 너무 더러운 사람이 된 거 같아요."
        },
        {
            "Q": "걱정거리 때문에 생활이 불편하거나 힘든가요?",
            "A": "네. 너무 힘들어요, 하루 종일 그 생각 뿐이에요."
        },
        {
            "Q": "요즘에, 행복한 것 같아요. 아니면 불행한 것 같아요?",
            "A": "불행해요."
        },
        {
            "Q": "왜 불행하다고 느끼나요?",
            "A": "왜 하필 저한테만 이런 일이 생겼는지 모르겠어요. 다른 친구들도 있었는데."
        },
        {
            "Q": "커서 어떤 사람이 되고 싶어요?",
            "A": "그게 무슨 의미가 있어요."
        },
        {
            "Q": "해보고 싶은 일이 없나요?",
            "A": "네. 내일이라도 죽고 싶은데요."
        },
        {
            "Q": "집에서 주로 나를 돌봐주는 어른은 누구인가요?",
            "A": "엄마요."
        },
        {
            "Q": "배가 고픈데 먹을 게 없어서 굶은 적이 있나요?",
            "A": "아니요."
        },
        {
            "Q": "저녁에 나를 집에 혼자 두고 어른들이 나갔던 적 있나요?",
            "A": "아니요."
        },
        {
            "Q": "가족 중에 나를 항상 돌봐주는 사람이 갑자기 말도 없이 집을 나가서 안 들어온 적이 있나요?",
            "A": "그렇지는 않아요."
        },
        {
            "Q": "어디 아픈 곳이 있는데 어른들이 병원에 데려가지 않은 적이 있나요?",
            "A": "아니요."
        },
        {
            "Q": "빨래가 되어 있지 않아서 더럽고 냄새나는 옷을 입어야 한 적이 있나요?",
            "A": "아니요."
        },
        {
            "Q": "옷이나 신발 사이즈가 작은 걸 입거나 신고 다닌 적이 있나요?",
            "A": "아니요."
        },
        {
            "Q": "인터넷이나 휴대폰을 가지고 노는 시간은 하루에 몇 시간 정도인가요?",
            "A": "휴대폰 없어요."
        },
        {
            "Q": "피시방 같은 곳을 얼마나 자주 가나요?",
            "A": "일주일에 두세 번은 가요."
        },
        {
            "Q": "어른들이 운동회나 참관 수업 또는 학부모 상담 같은 학교 행사에 잘 오시나요?",
            "A": "네. 거의 다 오셨어요."
        },
        {
            "Q": "부모님이나 선생님 때문에 기분이 안 좋아진 적이 있나요?",
            "A": "네. 선생님이 절 만지고, 자기를 만지라고 할 때요."
        },
        {
            "Q": "주위 어른이나 가족들 중 나를 때렸던 사람이 있었어요?",
            "A": "아니요."
        },
        {
            "Q": "내가 원하지 않는데도 누군가가 내 몸을 만지거나 보여달라고 한 적 있나요?",
            "A": "네."
        },
        {
            "Q": "누가 그랬나요? 이런 일이 자주 있었나요?",
            "A": "성악 선생님이요. 저번달부터요. 제가 일주일에 두 번 학원 가는데 그때마다 그랬어요."
        },
        {
            "Q": "누가 너에게 성적으로 부끄럽고 창피한 것을 시킨 적이 있나요? 어떤 걸 시켰나요?",
            "A": "자기 거를 만져달라고 하고, 제 입에 넣었어요."
        },
        {
            "Q": "누가 성적으로 소중한 부위를 아프게 한 적이 있나요? 어떤 걸로 아프게 했나요?",
            "A": "네. 제 성기를 선생님이 손으로 만졌어요."
        },
        {
            "Q": "성기 부분에 상처가 나거나 다쳐서 병원에 간 적이 있나요?",
            "A": "아니요."
        },
        {
            "Q": "누가 성적인 목적으로 내 몸을 사진 찍거나 동영상을 찍은 적이 있나요?",
            "A": "아니요."
        },
        {
            "Q": "성적인 목적으로 인터넷이나 휴대폰을 통해 나의 신체 부위를 사진이나 영상으로 찍어서 보내달라고 요청한 사람이 있나요?",
            "A": "아니요."
        },
        {
            "Q": "나의 신체 부위를 사진이나 영상을 찍어서 보내주면 돈을 준다고 한 적이 있거나, 그런 걸 보내서 돈을 받은 적이 있나요?",
            "A": "아니요."
        },
        {
            "Q": "내 신체 사진이나 영상이 퍼져서 인터넷에 올라오거나 다른 사람이 본 적이 있나요?",
            "A": "아니요."
        },
        {
            "Q": "내가 싫다는 데도 계속해서 연락하거나 따라다니는 사람이 있나요?",
            "A": "아니요."
        },
        {
            "Q": "가족들끼리 소리를 지르면서 싸우는 걸 듣거나 본 적이 있었어요?",
            "A": "아니요."
        },
        {
            "Q": "어른이 아닌, 주변 사람들이 나를 자주 놀리거나 괴롭힌다고 느낀 적이 있었어요?",
            "A": "아니요."
        },
        {
            "Q": "어떨 때 마음이 복잡하거나 힘든가요?",
            "A": "성악 학원에 가야 할 때 힘들어요."
        },
        {
            "Q": "안 좋은 기억 때문에 괴로워서 스스로 해치거나 죽고 싶다는 생각을 한 적 있어요?",
            "A": "네. 죽고 싶어요. 저는 너무 더러워서 죽어야 돼요."
        },
        {
            "Q": "얼마나 자주 이런 생각이 들었나요?",
            "A": "매일이요."
        },
        {
            "Q": "자살 시도는 언제 했나요?",
            "A": "시도를 하진 않았어요. 팔을 긁어서 피가 나면 그래도 참아져요."
        },
        {
            "Q": "잠잘 때 주로 어떤 꿈을 꾸나요?",
            "A": "어떤 호랑이가 쫓아와서 저를 못 움직이게 잡고 잡아먹히기 직전에 깨요."
        },
        {
            "Q": "그 꿈을 꿨을 때 기분이 어떤가요?",
            "A": "무서워요."
        },
        {
            "Q": "잠이 들기 힘들고, 잠자는 중간에 자주 깼던 이유가 무섭거나 끔찍하거나 힘들었던 경험 때문인 건가요?",
            "A": "성악 선생님이 계속 생각나서 그런 것 같아요."
        },
        {
            "Q": "꿈을 꾸고 일어나면 몸 상태가 어떤가요?",
            "A": "땀이 엄청 많이 나요."
        },
        {
            "Q": "생각하고 싶지 않은 데도 자꾸 그 기억이 떠오른 적이 있나요? 얼마나 자주 그런가요?",
            "A": "네. 이틀에 한 번은 그러는 것 같아요."
        },
        {
            "Q": "이런 싫은 기억이 떠오를 때 어떻게 하나요?",
            "A": "팔을 엄청 세게 긁어서 피나게 해요."
        },
        {
            "Q": "부모님의 허락 없이 또는 말도 없이 집에 오랫동안 나와 있었던 적이 있나요?",
            "A": "아니요."
        },
        {
            "Q": "친한 친구 중 가출한 친구가 있나요?",
            "A": "아니요."
        }
    ]
}