{
    "info": {
        "위기단계": "정상군"
    },
    "kids_ment": [
        {
            "Q": "최근에 건강한가요? 아니면 아픈 곳이 있어요?",
            "A": "음/ 에어컨 많이 쐐서 기침 좀 했었는데 지금은 괜찮아요."
        },
        {
            "Q": "최근에 다쳤던 적이 있나요?",
            "A": "네."
        },
        {
            "Q": "어디를 다쳤나요?",
            "A": "손가락이요."
        },
        {
            "Q": "언제 다쳤나요?",
            "A": "미술 시간에요."
        },
        {
            "Q": "어쩌다가 다친 거예요? 왜 다쳤나요?",
            "A": "칼로 종이 자르다가 베였어요. 근데 심하진 않아요."
        },
        {
            "Q": "뭘 할 때 즐거워요?",
            "A": "체육 시간에 피구할 때요."
        },
        {
            "Q": "체육 시간에 피구할 때 어떤 점이 즐거운가요?",
            "A": "그냥 공 맞춰서 아웃시키는 게 재밌어요."
        },
        {
            "Q": "최근 일주일 동안 짜증이나 화가 난 적이 있나요?",
            "A": "네."
        },
        {
            "Q": "무엇 때문에 짜증이나 화가 났나요?",
            "A": "엄마가 제 애착 인형 더럽다고 버렸어요."
        },
        {
            "Q": "그런 일이 자주 일어나나요?",
            "A": "아니요. 그렇지는 않아요."
        },
        {
            "Q": "평소에 짜증이나 화가 났을 때, 어떻게 하면 마음이 풀려요?",
            "A": "울고 맛있는 거 먹어요."
        },
        {
            "Q": "몇 시에 자고, 몇 시에 일어나나요?",
            "A": "열 시에 자고 여덟 시에 일어나요."
        },
        {
            "Q": "아침에 일어났을 때, 몸 상태는 어때요?",
            "A": "좋아요."
        },
        {
            "Q": "평소에 잠들기 힘들거나, 잠자는 중간에 자주 깨나요?",
            "A": "아니요. 저 엄청 잘자는 편이에요."
        },
        {
            "Q": "아버지는 어떤 표정을 자주 짓나요?",
            "A": "웃는 표정이요."
        },
        {
            "Q": "왜 그런 표정을 짓는 것 같아요?",
            "A": "아빠가 저를 좋아해서요."
        },
        {
            "Q": "그 표정을 지을 때, 내 기분은 어때요?",
            "A": "저도 행복해요."
        },
        {
            "Q": "어머니는 어떤 표정을 자주 짓나요?",
            "A": "웃는 표정? 가끔씩 제가 숙제 안 하면 화내고요."
        },
        {
            "Q": "왜 그런 표정을 짓는 것 같아요?",
            "A": "제가 해야 할 일을 안 해서요."
        },
        {
            "Q": "그 표정을 지을 때, 내 기분은 어때요?",
            "A": "서운해요."
        },
        {
            "Q": "형제자매는 몇 명이에요?",
            "A": "없어요."
        },
        {
            "Q": "친구들이랑 주로 뭐 하고 놀아요?",
            "A": "피구하거나 축구해요."
        },
        {
            "Q": "주로 몇 명이 놀아요?",
            "A": "다섯 명이요."
        },
        {
            "Q": "담임선생님을 좋아하나요, 싫어하나요?",
            "A": "전 싫어해요."
        },
        {
            "Q": "담임 선생님이 어떤 부분에서 안 좋아요?",
            "A": "음 그냥, 별로 저희한테 관심이 없는 것 같아요. 잘 웃지도 않으시고."
        },
        {
            "Q": "요즘 제일 걱정되는 게 뭐에요?",
            "A": "제가 너무 못생긴 거 같아요."
        },
        {
            "Q": "무엇 때문에 그게 걱정이 되나요?",
            "A": "제 친구들은 다 예쁘거든요. 비교될 것 같아요. 다 저만 못생겼다고 생각할 것 같아요."
        },
        {
            "Q": "걱정거리 때문에 생활이 불편하거나 힘든가요?",
            "A": "네. 가끔요."
        },
        {
            "Q": "요즘에, 행복한 것 같아요. 아니면 불행한 것 같아요?",
            "A": "행복한 것 같아요."
        },
        {
            "Q": "어떤 점에서 행복했어요?",
            "A": "친구들이랑 노는 게 너무 재밌어요."
        },
        {
            "Q": "커서 어떤 사람이 되고 싶나요?",
            "A": "저는 야구선수가 되고 싶어요."
        },
        {
            "Q": "왜 되고 싶나요?",
            "A": "제가 공을 조금 잘 던지거든요. 잘할 수 있을 것 같아요."
        },
        {
            "Q": "집에서 주로 나를 돌봐주는 어른은 누구인가요?",
            "A": "엄마요."
        },
        {
            "Q": "배가 고픈데 먹을 게 없어서 굶은 적이 있나요?",
            "A": "아니요. 그런 적은 없어요. 집에 먹을 거 많아요."
        },
        {
            "Q": "저녁에 나를 집에 혼자 두고 어른들이 나갔던 적 있나요?",
            "A": "가끔 잠깐씩 마트 다녀오실 때 있어요."
        },
        {
            "Q": "가족 중에 나를 항상 돌봐주는 사람이 갑자기 말도 없이 집을 나가서 안 들어온 적이 있나요?",
            "A": "아니요. 전화로 미리 말해줘요."
        },
        {
            "Q": "어디 아픈 곳이 있는데 어른들이 병원에 데려가지 않은 적이 있나요?",
            "A": "아니요."
        },
        {
            "Q": "빨래가 되어 있지 않아서 더럽고 냄새나는 옷을 입어야 한 적이 있나요?",
            "A": "아니요."
        },
        {
            "Q": "옷이나 신발 사이즈가 작은 걸 입거나 신고 다닌 적이 있나요?",
            "A": "아니요."
        },
        {
            "Q": "인터넷이나 휴대폰을 가지고 노는 시간은 하루에 몇 시간 정도인가요?",
            "A": "한 시간 정도요."
        },
        {
            "Q": "피시방 같은 곳을 얼마나 자주 가나요?",
            "A": "한 번도 안 가봤어요."
        },
        {
            "Q": "어른들이 운동회나 참관 수업 또는 학부모 상담 같은 학교 행사에 잘 오시나요?",
            "A": "엄마는 거의 매번 오시고 아빠는 가끔이요."
        },
        {
            "Q": "부모님이나 선생님 때문에 기분이 안 좋아진 적이 있나요?",
            "A": "네."
        },
        {
            "Q": "부모님이나 선생님의 어떤 말이나 행동이 내 기분을 안 좋게 하나요?",
            "A": "음/ 엄마가 공부하라 할 때 싫어요."
        },
        {
            "Q": "어른들이 나를 어디에 가두고 못 나오게 한 적이 있나요?",
            "A": "아니요."
        },
        {
            "Q": "다른 사람들 앞에서도 혼날 때 있나요? 얼마나 자주 그러나요?",
            "A": "아니요."
        },
        {
            "Q": "어른들이 나를 다른 아이들과 비교하나요?",
            "A": "아니요."
        },
        {
            "Q": "어른들이 나를 집에서 쫓아내거나 버리겠다고 말하거나 진짜 쫓아낸 적이 있나요?",
            "A": "아니요."
        },
        {
            "Q": "내가 무엇을 하려고 할 때, 무조건 안 된다고 하거나, 하기 싫은데도 무조건 하라고 할 때가 있나요?",
            "A": "숙제하기 싫은데 숙제하라고 해요."
        },
        {
            "Q": "마음이 힘들 때, 가족에게 내 마음을 이야기하나요?",
            "A": "네."
        },
        {
            "Q": "주위 어른이나 가족들 중 나를 때렸던 사람이 있었어요?",
            "A": "아니요."
        },
        {
            "Q": "내가 원하지 않는데도 누군가가 내 몸을 만지거나 보여달라고 한 적 있나요?",
            "A": "아니요."
        },
        {
            "Q": "가족들끼리 소리를 지르면서 싸우는 걸 듣거나 본 적이 있었어요?",
            "A": "아니요. 그런 적은 한 번도 없어요."
        },
        {
            "Q": "어른이 아닌, 주변 사람들이 나를 자주 놀리거나 괴롭힌다고 느낀 적이 있었어요?",
            "A": "아니요. 그런 적은 한 번도 없어요."
        },
        {
            "Q": "어떨 때 마음이 복잡하거나 힘든가요?",
            "A": "숙제가 밀렸을 때 힘들어요."
        },
        {
            "Q": "안 좋은 기억 때문에 괴로워서 스스로 해치거나 죽고 싶다는 생각을 한 적 있나요?",
            "A": "아니요."
        },
        {
            "Q": "잠잘 때 주로 어떤 꿈을 꾸나요?",
            "A": "주로 야구선수가 돼서 경기하는 꿈이요."
        },
        {
            "Q": "생각하고 싶지 않은 데도 자꾸 그 기억이 떠오른 적이 있나요?",
            "A": "아니요. 그런 적 없어요."
        },
        {
            "Q": "부모님의 허락 없이 또는 말도 없이 집에 오랫동안 나와 있었던 적이 있나요?",
            "A": "아니요."
        },
        {
            "Q": "친한 친구 중 가출한 친구가 있나요?",
            "A": "네, 제 짝꿍이 저번에 가출해 봤다고 했어요."
        }
    ]
}