{
    "info": {
        "위기단계": "정상군"
    },
    "kids_ment": [
        {
            "Q": "최근에 건강한가요? 아니면 아픈 곳이 있어요?",
            "A": "어제 소리를 너무 많이 질러서 저녁에 목 아팠는데 지금은 괜찮아요."
        },
        {
            "Q": "이전에도 해당 부위가 자주 아팠나요?",
            "A": "아니요. 처음이에요."
        },
        {
            "Q": "최근에 다쳤던 적이 있나요?",
            "A": "네."
        },
        {
            "Q": "어디를 다쳤나요?",
            "A": "무릎에 피났어요."
        },
        {
            "Q": "어쩌다가 다친 거예요? 왜 다쳤나요?",
            "A": "축구하면서 공 뺏으려고 태클 걸다가 넘어졌어요."
        },
        {
            "Q": "뭘 할 때 즐거워요?",
            "A": "음악 시간에 노래 부를 때 재밌어요."
        },
        {
            "Q": "음악 시간에 노래 부를 때 어떤 점이 즐거운가요?",
            "A": "그냥 신나요."
        },
        {
            "Q": "최근 일주일 동안 짜증이나 화가 난 적이 있나요?",
            "A": "아니요."
        },
        {
            "Q": "평소에 짜증이나 화가 났을 때, 어떻게 하면 마음이 풀려요?",
            "A": "노래 부르거나 춤춰요."
        },
        {
            "Q": "몇 시에 자고, 몇 시에 일어나나요?",
            "A": "열 시에 자고 여덟 시에 일어나요."
        },
        {
            "Q": "아침에 일어났을 때, 몸 상태는 어때요?",
            "A": "괜찮은 것 같아요."
        },
        {
            "Q": "평소에 잠들기 힘들거나, 잠자는 중간에 자주 깨나요?",
            "A": "아니요. 저 잘 자요."
        },
        {
            "Q": "어머니는 어떤 표정을 자주 짓나요?",
            "A": "엄마는 자주 웃고 그래요."
        },
        {
            "Q": "왜 그런 표정을 짓는 것 같아요?",
            "A": "제가 웃으면 엄마도 기분이 좋대요."
        },
        {
            "Q": "그 표정을 지을 때, 내 기분은 어때요?",
            "A": "저도 좋아요."
        },
        {
            "Q": "형제자매는 몇 명이에요?",
            "A": "없어요."
        },
        {
            "Q": "친구들이랑 주로 뭐 하고 놀아요?",
            "A": "요즘은 운동장에서 땅따먹기해요."
        },
        {
            "Q": "주로 몇 명이 놀아요?",
            "A": "여섯 명이요."
        },
        {
            "Q": "담임선생님을 좋아하나요, 싫어하나요?",
            "A": "좋아해요."
        },
        {
            "Q": "담임 선생님이 어떤 부분에서 좋아요?",
            "A": "노래를 엄청 잘 부르세요."
        },
        {
            "Q": "요즘 제일 걱정되는 게 뭐에요?",
            "A": "음/ 부르고 싶은 노래가 있는데 음이 너무 높아서 안 올라가요."
        },
        {
            "Q": "무엇 때문에 걱정이 되나요?",
            "A": "잘 부르고 싶은데 안돼서 속상해요."
        },
        {
            "Q": "걱정거리 때문에 생활이 불편하거나 힘든가요?",
            "A": "그렇지는 않아요."
        },
        {
            "Q": "요즘에, 행복한 것 같아요. 아니면 불행한 것 같아요?",
            "A": "행복해요."
        },
        {
            "Q": "어떤 점에서 행복했어요?",
            "A": "담임쌤이 제가 우리 반에서 노래를 제일 잘 부른대요."
        },
        {
            "Q": "커서 어떤 사람이 되고 싶어요?",
            "A": "저는 가수가 될 거예요."
        },
        {
            "Q": "왜 되고 싶나요?",
            "A": "그냥 좋을 것 같아요. 저는 노래 잘 부르니까 잘할 수 있을 것 같아요."
        },
        {
            "Q": "집에서 주로 나를 돌봐주는 어른은 누구인가요?",
            "A": "엄마요."
        },
        {
            "Q": "배가 고픈데 먹을 게 없어서 굶은 적이 있나요?",
            "A": "아니요."
        },
        {
            "Q": "저녁에 나를 집에 혼자 두고 어른들이 나갔던 적 있나요? 얼마나 자주 이런 일이 있나요?",
            "A": "네. 엄마가 가끔 일 나갈 때 있어요. 한 달에 한 번 정도요."
        },
        {
            "Q": "가족 중에 나를 항상 돌봐주는 사람이 갑자기 말도 없이 집을 나가서 안 들어온 적이 있나요?",
            "A": "아니요."
        },
        {
            "Q": "부모님이나 선생님 때문에 기분이 안 좋아진 적이 있나요?",
            "A": "아니요. 그렇지는 않아요, 저는 엄마랑 선생님 다 좋아요."
        },
        {
            "Q": "주위 어른이나 가족들 중 나를 때렸던 사람이 있었어요? 누가 그랬어요?",
            "A": "아니요. 그런 적 없어요."
        },
        {
            "Q": "내가 원하지 않는데도 누군가가 내 몸을 만지거나 보여달라고 한 적 있나요?",
            "A": "아니요."
        },
        {
            "Q": "가족들끼리 소리를 지르면서 싸우는 걸 듣거나 본 적이 있었어요?",
            "A": "아니요. 집에 엄마밖에 없어요."
        },
        {
            "Q": "어른이 아닌, 주변 사람들이 나를 자주 놀리거나 괴롭힌다고 느낀 적이 있었어요?",
            "A": "아니요. 저 인기 많아요."
        },
        {
            "Q": "어떨 때 마음이 복잡하거나 힘든가요?",
            "A": "그런 적이 없어요."
        },
        {
            "Q": "잠잘 때 주로 어떤 꿈을 꾸나요?",
            "A": "음/ 슈퍼맨이 돼서 날아다니는 꿈을 꿔요."
        },
        {
            "Q": "생각하고 싶지 않은 데도 자꾸 그 기억이 떠오른 적이 있나요?",
            "A": "아니요."
        },
        {
            "Q": "부모님의 허락 없이 또는 말도 없이 집에 오랫동안 나와 있었던 적이 있나요?",
            "A": "아니요."
        },
        {
            "Q": "친한 친구 중 가출한 친구가 있나요?",
            "A": "친한 친구 중에는 없어요."
        }
    ]
}