{
    "info": {
        "위기단계": "상담필요"
    },
    "kids_ment": [
        {
            "Q": "우리 친구 몸은 어때? 어디 아픈 곳 있어?",
            "A": "없어요."
        },
        {
            "Q": "다친 곳은 있어?",
            "A": "다친 곳도 없어요."
        },
        {
            "Q": "우리 친구는 뭘 할 때가 가장 즐거워?",
            "A": "없는 것 같아요."
        },
        {
            "Q": "왜 즐거운 일이 없는 것 같아?",
            "A": "저랑 제일 친한 친구가 곧 전학 가거든요."
        },
        {
            "Q": "즐거움을 느끼지 못한 게 언제부터인 것 같아?",
            "A": "일주일 좀 넘은 것 같아요."
        },
        {
            "Q": "최근 일주일 동안 짜증이나 화가 난 적이 있을까?",
            "A": "없어요."
        },
        {
            "Q": "평소에 짜증이나 화가 났을 때, 어떻게 하면 마음이 풀려?",
            "A": "친구들이랑 놀거나 슬라임 만지고 놀다 보면 괜찮아지는 것 같아요."
        },
        {
            "Q": "평소 몇 시에 자고, 몇 시에 일어나는 편이야?",
            "A": "열한 시에 자서 여섯 시쯤에 일어나요."
        },
        {
            "Q": "아침에 일어났을 때, 몸 상태는 어때?",
            "A": "괜찮은 것 같아요."
        },
        {
            "Q": "평소에 잠들기 힘들다거나, 잠자는 중간에 자주 깨는 편이야?",
            "A": "아니요."
        },
        {
            "Q": "평상시에 어머니/아버지는 어떤 표정을 자주 짓는 것 같아?",
            "A": "엄마 아빠는 원래 밝은 표정인데 요즘은 걱정이 많은 표정이에요."
        },
        {
            "Q": "왜 그런 표정을 자주 짓는 것 같아?",
            "A": "가장 친한 친구가 전학 가는 거 알고 제가 힘들어하니까 그런 것 같아요."
        },
        {
            "Q": "우리 친구는 형제자매는 몇 명이야?",
            "A": "외동이에요."
        },
        {
            "Q": "친구들이랑은 주로 뭐하면서 놀아?",
            "A": "슬라임도 만지고 놀고 그냥 수다 떨고 그러는 것 같아요."
        },
        {
            "Q": "담임선생님은 어때? 좋아 아니면 싫어?",
            "A": "좋아요."
        },
        {
            "Q": "담임선생님의 어떤 부분이 좋아?",
            "A": "친절하고 저희들을 잘 챙겨주세요."
        },
        {
            "Q": "요즘 우리 친구 고민은 뭐야?",
            "A": "친구가 전학 가면 이제 많이 못 보니까 그게 걱정이에요. 아예 다른 지역으로 간다고 하더라고요."
        },
        {
            "Q": "그 고민 때문에 생활이 불편하거나 힘들어?",
            "A": "학교도 같이 가고 밥도 같이 먹고 놀았는데 이제 못하니까 힘든 것 같아요."
        },
        {
            "Q": "이렇게 힘든 게 일주일에 얼마 정도야?",
            "A": "요즘은 전학 가는 거 생각할 때마다 매일 힘들어요."
        },
        {
            "Q": "요즘에 행복한 것 같아 아니면 불행한 것 같아?",
            "A": "불행한 것 같아요."
        },
        {
            "Q": "어떤 점에서 불행한 것 같아?",
            "A": "친구가 전학 가니까요."
        },
        {
            "Q": "지금의 행복을 1에서 10으로 나타내면 몇 점이야?",
            "A": "3점인 것 같아요."
        },
        {
            "Q": "우리 친구는 커서 어떤 사람이 되고 싶어?",
            "A": "전 요리사가 되고 싶어요."
        },
        {
            "Q": "왜 요리사가 되고 싶어?",
            "A": "맛있는 거 먹으면 기분이 좋고 만드는 것도 재밌어요."
        },
        {
            "Q": "주로 친구를 돌봐주는 어른은 누구야?",
            "A": "엄마가 돌봐주세요."
        },
        {
            "Q": "배가 고픈데 집에 먹을 게 없어서 굶은 적 있어?",
            "A": "없어요."
        },
        {
            "Q": "저녁에 친구를 집에 혼자 두고 어른들이 나갔던 적 있어?",
            "A": "아니요."
        },
        {
            "Q": "친구를 항상 돌봐주는 사람이 갑자기 말도 없이 집을 나가서 안 들어온 적 있어?",
            "A": "없어요."
        },
        {
            "Q": "우리 친구가 어디 아픈 곳이 있는데 부모님이 병원에 데려가지 않은 적은?",
            "A": "없어요."
        },
        {
            "Q": "빨래가 안 되어 있어서 더럽고 냄새나는 옷을 입어야 한 적은 있어?",
            "A": "아니요."
        },
        {
            "Q": "옷이나 신발 사이즈가 작은 걸 입거나 신고 다닌 적은 있어?",
            "A": "없어요."
        },
        {
            "Q": "하루에 인터넷이나 휴대폰을 가지고 노는 시간은 몇 시간 정도야?",
            "A": "한 시간은 하는 것 같아요."
        },
        {
            "Q": "피시방도 가봤어?",
            "A": "한 번도 안 가본 것 같아요."
        },
        {
            "Q": "부모님이 운동회나 참관 수업 같은 학교에 오는 행사에 잘 오셔?",
            "A": "엄마가 주로 오세요."
        },
        {
            "Q": "부모님이나 선생님 때문에 기분이 안 좋아진 적 있어?",
            "A": "없어요."
        },
        {
            "Q": "마음이 힘들 때, 가족에게 친구 마음을 이야기해?",
            "A": "네."
        },
        {
            "Q": "주위 어른이나 가족들 중, 우리 친구를 때린 적이 있는 사람이 있어?",
            "A": "없어요."
        },
        {
            "Q": "우리 친구가 원하지 않는데도 누군가가 친구 몸을 만지거나 보여달라고 한 적 있었어?",
            "A": "아니요."
        },
        {
            "Q": "가족들끼리 소리 지르면서 싸우는 걸 듣거나 본 적이 있어?",
            "A": "아니요."
        },
        {
            "Q": "어른이 아닌, 주변 사람들이 우리 친구를 자주 놀리거나 괴롭힌다고 느낀 적이 있어?",
            "A": "없어요."
        },
        {
            "Q": "우리 친구는 어떨 때 마음이 복잡하거나 힘들어?",
            "A": "친구가 곧 전학 가니까 그거 생각하면 힘든 것 같아요."
        },
        {
            "Q": "그 생각 때문에 힘들어서 죽고 싶다는 생각을 한 적 있어?",
            "A": "그건 아니에요."
        },
        {
            "Q": "잠잘 때 주로 어떤 꿈을 꾸는 것 같아?",
            "A": "꿈을 안 꾸는 것 같아요."
        },
        {
            "Q": "부모님 허락이나 말도 없이 집에 오랫동안 나와 있었던 적이 있어?",
            "A": "없어요."
        }
    ]
}