{
    "info": {
        "위기단계": "응급"
    },
    "kids_ment": [
        {
            "Q": "우리 친구 몸은 어때? 어디 아픈 곳 있어?",
            "A": "없어요."
        },
        {
            "Q": "다친 곳은 있을까?",
            "A": "없어요."
        },
        {
            "Q": "우리 친구는 뭘 할 때가 가장 즐거워?",
            "A": "없어요."
        },
        {
            "Q": "왜 즐거운 일이 없는 것 같아?",
            "A": "몰라요."
        },
        {
            "Q": "즐거움을 느끼지 못한 게 언제부터인 것 같아?",
            "A": "1년 넘은 것 같아요."
        },
        {
            "Q": "최근 일주일 동안 짜증이나 화가 난 적이 있을까?",
            "A": "같은 반 애가 괴롭혀서 화났었어요."
        },
        {
            "Q": "괴롭혀서 어떻게 했어?",
            "A": "선생님한테 말해서 선생님이 혼내셨어요."
        },
        {
            "Q": "평소에 짜증이나 화가 났을 때, 어떻게 하면 마음이 풀려?",
            "A": "자거나 그냥 책 읽으면 괜찮아요."
        },
        {
            "Q": "평소 몇 시에 자고, 몇 시에 일어나는 편이야?",
            "A": "열두 시에 자서 여섯 시에 일어나요."
        },
        {
            "Q": "아침에 일어났을 때, 몸 상태는 어때?",
            "A": "피곤해요."
        },
        {
            "Q": "평소에 잠들기 힘들다거나, 잠자는 중간에 자주 깨는 편이야?",
            "A": "자주 깨요."
        },
        {
            "Q": "평상시에 어머니, 아버지는 어떤 표정을 자주 짓는 것 같아?",
            "A": "둘 다 걱정하는 표정이요."
        },
        {
            "Q": "왜 그런 표정을 자주 짓는 것 같아?",
            "A": "제가 학폭 당하니까 그러는 것 같아요."
        },
        {
            "Q": "부모님이 우리 친구를 어떻게 대하셔?",
            "A": "예전에도 잘 챙겨줬는데 이런 일 있고는 더 챙겨주려고 하는 것 같아요."
        },
        {
            "Q": "우리 친구는 형제자매는 몇 명이야?",
            "A": "저뿐이에요."
        },
        {
            "Q": "친구들이랑은 놀아?",
            "A": "다른 친구들이랑은 축구나 게임하고 놀아요."
        },
        {
            "Q": "담임선생님은 어때? 좋아 아니면 싫어?",
            "A": "좋아요."
        },
        {
            "Q": "담임선생님의 어떤 부분이 좋아?",
            "A": "저 학폭 당하니까 계속 저 챙겨주고 그러세요."
        },
        {
            "Q": "요즘 우리 친구 고민은 뭐야?",
            "A": "학교 가기가 싫어요."
        },
        {
            "Q": "그 고민 때문에 생활이 불편하거나 힘들어?",
            "A": "학교 가면 걔가 괴롭히니까 매일 등교하는 게 힘든 것 같아요."
        },
        {
            "Q": "요즘에 행복한 것 같아 아니면 불행한 것 같아?",
            "A": "불행한 것 같아요."
        },
        {
            "Q": "어떤 점에서 불행한 것 같아?",
            "A": "괴롭힘당해서요."
        },
        {
            "Q": "지금의 행복을 1에서 10으로 나타내면 몇 점이야?",
            "A": "1점인 것 같아요."
        },
        {
            "Q": "우리 친구는 커서 어떤 사람이 되고 싶어?",
            "A": "모르겠어요."
        },
        {
            "Q": "되고 싶은 직업이 없어?",
            "A": "네. 하고 싶은 거 없어요."
        },
        {
            "Q": "주로 친구를 돌봐주는 어른은 누구야?",
            "A": "엄마요."
        },
        {
            "Q": "배가 고픈데 집에 먹을 게 없어서 굶은 적 있어?",
            "A": "아니요."
        },
        {
            "Q": "저녁에 친구를 집에 혼자 두고 어른들이 나갔던 적 있어?",
            "A": "아니요."
        },
        {
            "Q": "친구를 항상 돌봐주는 사람이 갑자기 말도 없이 집을 나가서 안 들어온 적 있어?",
            "A": "없어요."
        },
        {
            "Q": "우리 친구가 어디 아픈 곳이 있는데 부모님이 병원에 데려가지 않은 적은?",
            "A": "없어요."
        },
        {
            "Q": "빨래가 안 되어 있어서 더럽고 냄새나는 옷을 입어야 한 적은 있어?",
            "A": "아니요."
        },
        {
            "Q": "옷이나 신발 사이즈가 작은 걸 입거나 신고 다닌 적은 있어?",
            "A": "없어요."
        },
        {
            "Q": "하루에 인터넷이나 휴대폰을 가지고 노는 시간은 몇 시간 정도야?",
            "A": "한 시간이요."
        },
        {
            "Q": "피시방도 가봤어?",
            "A": "예전에는 갔는데 작년부터는 안 가요."
        },
        {
            "Q": "부모님이 운동회나 참관 수업 같은 학교에 오는 행사에 잘 오셔?",
            "A": "엄마가 와요."
        },
        {
            "Q": "부모님이나 선생님 때문에 기분이 안 좋아진 적 있어?",
            "A": "없어요."
        },
        {
            "Q": "마음이 힘들 때, 가족에게 친구 마음을 이야기해?",
            "A": "이번 들어서 자주 하는 것 같아요."
        },
        {
            "Q": "주위 어른이나 가족들 중, 우리 친구를 때린 적이 있는 사람이 있어?",
            "A": "그건 없어요."
        },
        {
            "Q": "우리 친구가 원하지 않는데도 누군가가 친구 몸을 만지거나 보여달라고 한 적 있었어?",
            "A": "아니요."
        },
        {
            "Q": "가족들끼리 소리 지르면서 싸우는 걸 듣거나 본 적이 있어?",
            "A": "없어요."
        },
        {
            "Q": "어른이 아닌, 주변 사람들이 우리 친구를 자주 놀리거나 괴롭힌다고 느낀 적이 있어?",
            "A": "네."
        },
        {
            "Q": "어떻게 괴롭히거나 놀리는 거야?",
            "A": "밀치기도 하고 다른 애들 앞에서 놀리고 전에는 제 안경 뺏어서 안 돌려주니까 제가 걔를 밀쳤거든요. 그랬더니 걔가 저 때려서 코피 났었어요."
        },
        {
            "Q": "친구가 괴롭히거나 놀릴 때 어떤 기분이야?",
            "A": "죽고 싶어요."
        },
        {
            "Q": "얼마나 자주 이런 일이 있었어?",
            "A": "맨날 그러는 것 같은데요."
        },
        {
            "Q": "이렇게 괴롭힘을 당한 기간이 얼마나 돼?",
            "A": "1년 넘었어요."
        },
        {
            "Q": "이 괴롭힘 때문에 다쳐서 양호실이나 병원에 간 적도 있어?",
            "A": "그때 안경 뺏어서 제가 밀치니까 때린 날 코피 나서 양호실에서 지혈 받았어요."
        },
        {
            "Q": "그 아이 때문에 학교를 가지 않은 적도 있어?",
            "A": "학교에 가지 않은 적은 없어요."
        },
        {
            "Q": "우리 친구는 어떨 때 마음이 복잡하거나 힘들어?",
            "A": "학교 가서 걔 볼 때마다 힘들어요."
        },
        {
            "Q": "그 상황 때문에 힘들어서 죽고 싶다는 생각을 한 적 있어?",
            "A": "네. 죽으면 안 힘들 것 같아서 생각했는데 진짜로는 무서워서 못 했어요."
        },
        {
            "Q": "잠잘 때 주로 어떤 꿈을 꾸는 것 같아?",
            "A": "괴롭힘당하는 꿈이요."
        },
        {
            "Q": "자주 깨는 이유가 학교에서의 일 때문에 그런 것 같아?",
            "A": "네."
        },
        {
            "Q": "생각하고 싶지 않은 데도 자꾸 그 기억이 떠오른 적 있어?",
            "A": "학교에 있으면 맨날 떠올라요."
        },
        {
            "Q": "이런 싫은 기억이 떠오를 때 어떻게 해?",
            "A": "다른 생각 하려고 해요."
        },
        {
            "Q": "꿈을 꾸고 일어나면 몸 상태가 어때?",
            "A": "식은땀이 엄청나요."
        },
        {
            "Q": "부모님 허락이나 말도 없이 집에 오랫동안 나와 있었던 적이 있어?",
            "A": "없어요."
        }
    ]
}