{
    "info": {
        "위기단계": "학대의심"
    },
    "kids_ment": [
        {
            "Q": "요즘 건강은 어때? 아픈 곳 있어?",
            "A": "장염 걸렸어요."
        },
        {
            "Q": "언제 걸렸어?",
            "A": "어제요."
        },
        {
            "Q": "장염 걸린 것 이번이 처음이야?",
            "A": "네."
        },
        {
            "Q": "나으려면 얼마나 걸려?",
            "A": "언니 말로는 일주일은 약 먹어야 된대요."
        },
        {
            "Q": "최근 다친 곳 있어?",
            "A": "요리하다가 칼에 베였어요."
        },
        {
            "Q": "언제 다쳤어?",
            "A": "저번 주요."
        },
        {
            "Q": "얼마나 다쳤어?",
            "A": "엄지손가락 베어서 피가 줄줄 났어요. 씻고 소독하고 밴드 붙여 놔서 지금은 괜찮아요."
        },
        {
            "Q": "뭘 할 때 즐거워?",
            "A": "티브이랑 영화 볼 때요."
        },
        {
            "Q": "어떤 점이 즐거워?",
            "A": "잠도 잘 오고 재밌어요."
        },
        {
            "Q": "최근 일주일 동안 짜증이나 화가 난 적 있어?",
            "A": "네. 짜증 났어요."
        },
        {
            "Q": "왜 짜증이 났어?",
            "A": "배고픈데 먹을 게 없어서요."
        },
        {
            "Q": "평소에 짜증이 나면 어떻게 해야 기분이 풀려?",
            "A": "책 읽어요."
        },
        {
            "Q": "몇 시에 자고, 몇 시에 일어나?",
            "A": "열한 시에 자고, 일곱 시에 일어나요."
        },
        {
            "Q": "아침에 일어났을 때, 피곤하거나 몸이 무겁진 않아?",
            "A": "네."
        },
        {
            "Q": "잠들기 힘들거나, 자다 깨는 경우 있어?",
            "A": "아니요."
        },
        {
            "Q": "평소에 아버지 표정은 어때?",
            "A": "아빠 볼 일이 별로 없어서 모르겠네요."
        },
        {
            "Q": "왜 볼 일이 별로 없어?",
            "A": "집에 잘 안 들어와요."
        },
        {
            "Q": "그럼, 아버지를 보면 기분이 어때?",
            "A": "기분 나빠요."
        },
        {
            "Q": "형제자매가 있어?",
            "A": "네. 언니 한 명 있어요."
        },
        {
            "Q": "언니랑 사이가 어때?",
            "A": "좋아요. 잘 챙겨줘요."
        },
        {
            "Q": "아버지가 언니랑 나 중에 누구를 더 좋아하는 것 같아?",
            "A": "몰라요. 알 바에요?"
        },
        {
            "Q": "친구들과 뭐 하고 놀아?",
            "A": "말랑이 가지고 놀아요."
        },
        {
            "Q": "몇 명이 같이 놀아?",
            "A": "두 명이요."
        },
        {
            "Q": "담임선생님은 어때? 좋아 싫어?",
            "A": "좋아요. 착해요."
        },
        {
            "Q": "요즘 가장 걱정하는 게 뭐야?",
            "A": "아빠가 집에 너무 안 들어와서 불편해요. 밥도 못 먹어요."
        },
        {
            "Q": "그 걱정이 일주일에 몇 번이나 들어?",
            "A": "매일요."
        },
        {
            "Q": "요즘 행복한 것 같아, 불행한 것 같아?",
            "A": "불행한 것 같아요."
        },
        {
            "Q": "어떤 점 때문에 불행해?",
            "A": "아빠가 집에 잘 안 들어온다고 친구들한테 말하기도 창피하고요. 아픈데 연락도 안 받아요."
        },
        {
            "Q": "커서 어떤 사람이 되고 싶어?",
            "A": "검사요."
        },
        {
            "Q": "이유가 뭐야?",
            "A": "나쁜 사람들을 잡아서 감옥으로 보내고 싶어요."
        },
        {
            "Q": "집에서 주로 돌봐주는 어른이 누구야?",
            "A": "아빠요."
        },
        {
            "Q": "배가 고픈데 밥을 챙겨주지 않아서 굶은 적 있어?",
            "A": "네. 많아요. 요즘 맨날 집에 안 들어와서 언니랑 저가 해 먹어요."
        },
        {
            "Q": "아빠가 집 나가서 안 들어온 게 며칠이나 됐어?",
            "A": "일주일은 넘었고요. 가끔 새벽에 와서 2만 원씩 놓고 가는 것 같아요."
        },
        {
            "Q": "빨래가 안 돼서 냄새나고 불쾌한 옷을 입은 적 있어?",
            "A": "네. 일주일 정도 그랬어요. 지금은 언니랑 제가 직접 빨래하고 있어요."
        },
        {
            "Q": "사이즈가 작은 옷을 입거나 신발을 신은 적 있어?",
            "A": "아니요."
        },
        {
            "Q": "아플 때 어른들이 병원에 데려가지 않은 적 있어?",
            "A": "네. 아빠한테 장염이라고 전화하고 문자도 했는데 안 받아요."
        },
        {
            "Q": "운동회나 수업 참관 같은 학교행사에 잘 오시는 편이야?",
            "A": "아니요."
        },
        {
            "Q": "인터넷이나 휴대폰을 하루에 몇 시간 정도 하는 것 같아?",
            "A": "한 시간이요."
        },
        {
            "Q": "부모님이나 선생님이 한 말이나 행동 때문에 기분이 안 좋아진 적 있어?",
            "A": "아니요."
        },
        {
            "Q": "주위 어른이나 가족들 중 나를 때린 적이 있는 사람이 있어?",
            "A": "아니요."
        },
        {
            "Q": "내가 원하지 않는데 누군가가 내 몸을 만지거나 보여 달라고 한 적 있어?",
            "A": "아니요."
        },
        {
            "Q": "가족들끼리 소리 지르면서 싸우는 걸 듣거나 본 적이 있어?",
            "A": "아니요."
        },
        {
            "Q": "어른이 아닌 주변 사람들이 나를 자주 놀리거나 괴롭힌다고 느낀 적 있어?",
            "A": "아니요."
        },
        {
            "Q": "스스로 해치고 싶다거나 죽고 싶다는 생각한 적 있어?",
            "A": "아니요."
        },
        {
            "Q": "잠잘 때 주로 어떤 꿈을 꿔?",
            "A": "꿈 안 꿔요."
        },
        {
            "Q": "부모님 허락 없이 오랫동안 집에서 나와 있었던 적 있어?",
            "A": "아니요."
        }
    ]
}