{
    "info": {
        "위기단계": "상담필요"
    },
    "kids_ment": [
        {
            "Q": "최근에 건강한가요, 아니면 아픈 곳이 있나요?",
            "A": "없어요."
        },
        {
            "Q": "최근에 다쳤던 적이 있었나요, 없었나요?",
            "A": "있어요."
        },
        {
            "Q": "어디를 다쳤나요?",
            "A": "손을 다쳤어요."
        },
        {
            "Q": "왜 다쳤나요?",
            "A": "방문을 닫다가 다쳤어요."
        },
        {
            "Q": "뭘 할 때가 즐겁나요?",
            "A": "가족이랑 같이 요리할 때 재밌어요."
        },
        {
            "Q": "가족이랑 요리할 때 어떤 점이 즐거운가요?",
            "A": "함께해서 좋고요, 요리 만들어 먹는 재미가 있어요."
        },
        {
            "Q": "최근 일주일 동안 짜증이나 화가 난 적이 있나요?",
            "A": "없어요."
        },
        {
            "Q": "몇 시에 자고, 몇 시에 일어나나요?",
            "A": "밤 열한 시에 자고, 아침 일곱 시에 일어나요."
        },
        {
            "Q": "아침에 일어났을 때, 몸 상태는 어때요?",
            "A": "괜찮아요."
        },
        {
            "Q": "평소에 잠이 들기 힘들거나, 잠자는 중간에 자주 깨나요?",
            "A": "아니요."
        },
        {
            "Q": "평상시에 아버지는 어떤 표정을 자주 짓나요?",
            "A": "아빠는 웃는 표정이에요."
        },
        {
            "Q": "왜 그런 표정을 짓는 것 같아요?",
            "A": "아빠는 사는 게 재밌어 보이세요."
        },
        {
            "Q": "그 표정을 지을 때, 내 기분은 어때요?",
            "A": "저도 기분 좋아요."
        },
        {
            "Q": "평상시에 어머니는 어떤 표정을 자주 짓나요?",
            "A": "엄마는 무표정이에요."
        },
        {
            "Q": "왜 그런 표정을 짓는 것 같아요?",
            "A": "엄마는 크게 즐겁지도 슬프지도 않은 것 같아 보여요."
        },
        {
            "Q": "그 표정을 지을 때, 내 기분은 어때요?",
            "A": "아무 생각 없어요."
        },
        {
            "Q": "형제자매는 몇 명이에요?",
            "A": "한 명이에요."
        },
        {
            "Q": "형제자매는 누구누구가 있어요?",
            "A": "언니 있어요."
        },
        {
            "Q": "언니와 사이가 어때요?",
            "A": "좋아요."
        },
        {
            "Q": "평소에 부모님이 언니와 나를 차별하는 것 같아요?",
            "A": "아니요."
        },
        {
            "Q": "친구들이랑 주로 뭐 하고 놀아요?",
            "A": "게임하고 유튜브 하며 놀아요."
        },
        {
            "Q": "주로 몇 명이 놀아요?",
            "A": "서너 명이서 놀아요."
        },
        {
            "Q": "담임선생님을 좋아하나요, 싫어하나요?",
            "A": "좋아해요."
        },
        {
            "Q": "담임 선생님이 어떤 부분에서 좋아요?",
            "A": "저를 챙겨주세요. 비 오는 날 우산도 챙겨주셨어요."
        },
        {
            "Q": "요즘 가장 큰 걱정거리는 무엇인가요?",
            "A": "학교 숙제가 좀 부담스럽게 느껴져요."
        },
        {
            "Q": "무엇 때문에 그런 걱정이 되나요?",
            "A": "학원도 가는데, 숙제도 해야 하니까요."
        },
        {
            "Q": "걱정거리 때문에 생활이 불편하거나 힘든가요?",
            "A": "그렇지는 않아요."
        },
        {
            "Q": "요즘 행복하다고 느끼나요?",
            "A": "네."
        },
        {
            "Q": "어떤 점에서 행복했어요?",
            "A": "가족과 에버랜드 갔어요."
        },
        {
            "Q": "커서 어떤 사람이 되고 싶은지, 꿈이 무엇인지 이야기해 줄래요?",
            "A": "그림 그리는 사람이 되고 싶어요."
        },
        {
            "Q": "왜 그 직업이 되고 싶나요?",
            "A": "저는 그림 그리는 걸 좋아해요."
        },
        {
            "Q": "집에서 주로 나를 돌봐주는 어른은 누구인가요?",
            "A": "엄마예요."
        },
        {
            "Q": "배가 고픈데 먹을 게 없어서 굶은 적 있나요? 왜 그랬나요?",
            "A": "없어요."
        },
        {
            "Q": "저녁에 나를 집에 혼자 두고 어른들이 나갔던 적 있나요? 얼마나 자주 이런 일이 있나요?",
            "A": "잠깐 이야기하고 나가셨고요, 한 번 그랬어요."
        },
        {
            "Q": "가족 중에 나를 항상 돌봐주는 사람이 갑자기 말도 없이 집을 나가서 안 들어온 적이 있나요?",
            "A": "없어요."
        },
        {
            "Q": "어디 아픈 곳이 있는데 어른들이 병원에 데려가지 않은 적이 있나요? 몇 번이나 있나요?",
            "A": "없어요."
        },
        {
            "Q": "옷이나 신발 사이즈가 작은 걸 입거나 신고 다닌 적이 있나요? 기간은 어느 정도인가요?",
            "A": "좀 큰 티셔츠를 입은 적 있는데, 제가 몸이 금방 자라서 옷이 적당해졌어요. 한두 달 그랬어요."
        },
        {
            "Q": "부모님이나 선생님 때문에 슬프거나 화가 난 적이 있나요?",
            "A": "있어요."
        },
        {
            "Q": "부모님이나 선생님의 어떤 말이나 행동이 나를 슬프게 하나요?",
            "A": "선생님이 전학생에게 제가 나쁜 애니까 놀지 말라고 하셨어요. 그래서 좀 충격받았고, 기분이 우울해졌어요."
        },
        {
            "Q": "어른들이 나를 어디에 가두고 못 나오게 한 적 있나요?",
            "A": "없어요."
        },
        {
            "Q": "다른 사람들 앞에서도 혼날 때 있나요? 얼마나 자주 그러나요?",
            "A": "한두 번 그런 적은 있어요."
        },
        {
            "Q": "어른들이 나를 다른 아이들과 비교하나요? 얼마나 자주 그런가요?",
            "A": "가끔 그러시긴 해요."
        },
        {
            "Q": "어른들이 나를 집에서 쫓아내거나 버리겠다고 말하거나 진짜 쫓아낸 적이 있나요?",
            "A": "없어요."
        },
        {
            "Q": "주위 어른들 중 나를 때린 적 있는 사람이 있나요?",
            "A": "네, 있어요."
        },
        {
            "Q": "최근에 나를 때린 어른은 누구인가요? 누가 그랬어요?",
            "A": "선생님이에요."
        },
        {
            "Q": "선생님이 나를 때리시는 이유가 뭐라고 생각해요?",
            "A": "도서관에서 대여한 책에 씹고 있던 껌을 묻혔다는 이유로 그러셨어요."
        },
        {
            "Q": "선생님에게 어느 부위를 무엇으로 맞았나요?",
            "A": "저의 머리를 손으로 누르고 어깨를 두 번 치면서 발로 엉덩이를 3회 때리셨어요."
        },
        {
            "Q": "평소 선생님이 자주 때리시나요?",
            "A": "올 초부터 세 번 그러셨어요."
        },
        {
            "Q": "선생님에게 맞아서 얼마나 다쳤나요?",
            "A": "엉덩이에 멍이 들었었어요."
        },
        {
            "Q": "내가 원하지 않는데도 누군가가 내 몸을 만지거나 보여달라고 한 적 있어요?",
            "A": "없어요."
        },
        {
            "Q": "누가 나에게 부끄럽고 창피한 것을 시킨 적이 있나요? 어떤 걸 시켰나요?",
            "A": "없어요."
        },
        {
            "Q": "누가 소중한 부위를 아프게 한 적이 있나요? 어떤 걸로 아프게 했나요?",
            "A": "없어요."
        },
        {
            "Q": "소중한 부위에 상처가 나거나 다쳐서 병원에 간 적이 있나요?",
            "A": "없어요."
        },
        {
            "Q": "누가 내 몸을 사진 찍거나 동영상을 찍은 적이 있나요?",
            "A": "없어요."
        },
        {
            "Q": "집에서 어른들끼리 소리 지르면서 싸우는 걸 듣거나 본 적이 있나요? 있다면 얼마나 자주 있나요?",
            "A": "있어요."
        },
        {
            "Q": "누가 어떻게 싸웠었나요?",
            "A": "엄마랑 아빠랑 말다툼하셨어요."
        },
        {
            "Q": "그때 어른들이 술을 마신 상태였나요?",
            "A": "아니요."
        },
        {
            "Q": "친구들이 나를 자주 놀리거나 괴롭힌다고 느낀 적이 있나요?",
            "A": "없어요."
        },
        {
            "Q": "어떨 때 마음이 복잡하거나 힘든가요?",
            "A": "선생님에게 혼났을 때 좀 힘들긴 했어요."
        },
        {
            "Q": "안 좋은 기억 때문에 괴로워서 죽고 싶다는 생각을 한 적 있나요?",
            "A": "그렇지는 않아요."
        },
        {
            "Q": "잠잘 때 주로 어떤 꿈을 꾸나요?",
            "A": "제가 슈퍼히어로가 되어 악당을 물리치는 꿈을 자주 꾸는 편이에요."
        },
        {
            "Q": "꿈을 꾸고 나면 몸 상태가 어떤가요?",
            "A": "괜찮아요."
        },
        {
            "Q": "부모님의 허락 없이 또는 말도 없이 집에 오랫동안 나와 있었던 적이 있나요?",
            "A": "없어요."
        }
    ]
}