{
    "info": {
        "위기단계": "학대의심"
    },
    "kids_ment": [
        {
            "Q": "최근에 건강한가요, 아니면 아픈 곳이 있나요?",
            "A": "없었어요."
        },
        {
            "Q": "최근에 다쳤던 적이 있었나요, 없었나요?",
            "A": "없었어요."
        },
        {
            "Q": "무엇을 할 때 즐겁나요?",
            "A": "즐겁지 않아요."
        },
        {
            "Q": "어떤 이유에서 즐겁지 않은 것 같아요?",
            "A": "맨날맨날 손을 씻어야 해서요."
        },
        {
            "Q": "언제부터 손을 계속 씻어야 한다고 생각했어요?",
            "A": "몇 달 됐어요. 정확히는 몰라요 기억하기 싫어요."
        },
        {
            "Q": "그럼, 손을 계속 씻어야 하는 이유가 있을까요?",
            "A": "어떤 아저씨 때문에요. 손에 이상한 느낌 자꾸 나서 씻어야 해요."
        },
        {
            "Q": "최근 일주일 동안 짜증이나 화가 난 적이 있나요?",
            "A": "네."
        },
        {
            "Q": "언제 짜증이나 화가 난 적이 있어요?",
            "A": "사람들이 손에 몸에 닿을 거 같으면 짜증 나서 소리치고 싶어요."
        },
        {
            "Q": "언제부터 사람들이랑 닿으면 짜증 나고 소리치고 싶었어요?",
            "A": "이것도 몰라요. 기억 안 나요. 기억하기 싫어요."
        },
        {
            "Q": "몇 시에 자서, 몇 시에 일어나나요?",
            "A": "밤 열 시? 정확히 몰라요. 졸리면 자는데 아침에 깨워주세요."
        },
        {
            "Q": "자고 일어나면 몸 상태는 어때요?",
            "A": "맨날 자다 자주 깨서 졸리고 피곤해요."
        },
        {
            "Q": "평상시에도 자는 도중에 자주 깨는 편인가요?",
            "A": "네. 근데요, 원래는 안 그랬어요."
        },
        {
            "Q": "언제부터 자다가 자주 깨고 그랬던 거 같아요?",
            "A": "몰라요. 이것도 기억 안 나요. 기억하기 싫어요."
        },
        {
            "Q": "평상시에 할아버지는 어떤 표정을 짓나요?",
            "A": "무뚝뚝하시지만 좋아요."
        },
        {
            "Q": "그런 할아버지의 모습을 보면 어떤 기분이에요?",
            "A": "저도 할아버지 좋아요. 잘 챙겨주시고."
        },
        {
            "Q": "친구들이랑 주로 뭐 하고 놀아요?",
            "A": "원래는 잘 놀았는데, 밖에 잘 안 나가서 이제."
        },
        {
            "Q": "친구들이랑 놀면 보통 몇 명이랑 놀았어요?",
            "A": "세 명이요."
        },
        {
            "Q": "언제부터 친구들이랑 잘 안 놀게 되었어요?",
            "A": "몰라요. 몇 달 되었나. 기억하기 싫어요."
        },
        {
            "Q": "담임선생님을 좋아하나요, 싫어하나요?",
            "A": "선생님 좋아요."
        },
        {
            "Q": "어떤 점에서 담임 선생님이 좋아요?",
            "A": "잘 챙겨주시고. 저번에도 저 도와주셨어요."
        },
        {
            "Q": "어떤 일을 선생님이 도와주셨어요?",
            "A": "어떤 아저씨가 제 손을 자기 고추에, 몰라요. 기억하기 싫어요."
        },
        {
            "Q": "요즘 가장 큰 걱정거리는 무엇인가요?",
            "A": "밖에 나가고 싶은데 사람들이랑 부딪힐까 봐 못 나가겠어요."
        },
        {
            "Q": "그런 걱정이 생활하는데 많이 불편하거나 힘든가요?",
            "A": "네. 학교도 겨우 갔다 와서 그래서. 사람들 다 피해 다니고."
        },
        {
            "Q": "요즘 행복하다고 느끼나요?",
            "A": "아니요."
        },
        {
            "Q": "어떤 점에서 행복하지 않은 거 같아요?",
            "A": "평생 더러운 손을 가지고 살아야 해서요."
        },
        {
            "Q": "커서 어떤 사람이 되고 싶은지, 꿈이 무엇인지 이야기해 줄래요?",
            "A": "그런 거 없어요."
        },
        {
            "Q": "닮고 싶은 사람이나 해보고 싶은 일이 있을까요?",
            "A": "아니요, 없어요. 이렇게 더러운 손으로 무엇을 할 수 있겠어요."
        },
        {
            "Q": "집에서 주로 나를 돌봐주는 어른은 누구인가요?",
            "A": "할아버지요."
        },
        {
            "Q": "배가 고픈 데 먹을 게 없어서 굶은 적 있나요?",
            "A": "아니요."
        },
        {
            "Q": "어디가 아픈데 어른들이 병원에 데려가지 않은 적이 있나요?",
            "A": "아니요."
        },
        {
            "Q": "핸드폰이나 인터넷 사용 시간은 평소에 얼마나 되나요?",
            "A": "제 마음대로 할 수 있어요."
        },
        {
            "Q": "할아버지나 선생님 때문에 슬프거나 화가 난 적이 있나요?",
            "A": "있어요."
        },
        {
            "Q": "누구 때문에 슬프거나 화가 났었나요?",
            "A": "할아버지요."
        },
        {
            "Q": "어떤 이유에서 할아버지 때문에 슬프거나 화가 났어요?",
            "A": "저한테 있었던 일 아시고 할아버지가 화내고 슬퍼하셔서 저도 그랬어요."
        },
        {
            "Q": "아까 말한 그 아저씨 관련된 일인가요?",
            "A": "네."
        },
        {
            "Q": "주위 어른들 중 나를 때린 적 있는 사람이 있나요?",
            "A": "없어요."
        },
        {
            "Q": "내가 원하지 않는데도 누군가가 내 몸을 만지거나 보여달라고 한 적이 있어요?",
            "A": "아니요."
        },
        {
            "Q": "아까 말한 그 아저씨 일은 어떤 일이었는지 말해줄 수 있을까요?",
            "A": "동네 아저씨가 저 부르더니 덥다고 시원한 거 마시고 가래서 따라갔어요."
        },
        {
            "Q": "그다음에 그 아저씨가 어떻게 하던가요?",
            "A": "자기 집에서 물 주더니 제 손 잡고 자기 바지 속에 넣고 이거 만지라 했어요."
        },
        {
            "Q": "아저씨가 그렇게 강요할 때 어떻게 했어요?",
            "A": "저는 싫다고 집에 갈 거라고 했는데, 손 빼려는데 못 빼게 해서 소리 질렀더니 집 밖으로 데려다주고 도망쳤어요."
        },
        {
            "Q": "그때부터 손이 더럽다고 느껴졌나요?",
            "A": "네. 계속 느낌 나요. 더러워요, 이상해."
        },
        {
            "Q": "집에서 어른들끼리 소리 지르면서 싸우는 걸 듣거나 본 적이 있나요?",
            "A": "아니요. 없어요."
        },
        {
            "Q": "친구들이 나를 자주 놀리거나 괴롭힌다고 느낀 적이 있나요?",
            "A": "아니요. 그렇지 않아요."
        },
        {
            "Q": "어떨 때 마음이 복잡하거나 힘든가요?",
            "A": "할아버지 걱정이요."
        },
        {
            "Q": "할아버지 걱정이 너무 괴로워서 죽고 싶다는 생각을 한 적 있나요?",
            "A": "아니요. 할아버지랑 오래 살 거예요."
        },
        {
            "Q": "잠잘 때 주로 어떤 꿈을 꾸나요?",
            "A": "꿈 잘 안 꾸어요."
        },
        {
            "Q": "부모님의 허락 없이 또는 말도 없이 집에 오랫동안 나와 있었던 적이 있나요?",
            "A": "아니요. 없어요."
        }
    ]
}